# This file uses centimeters as units for non-parametric coordinates.

mtllib Balloon.mtl
g default
v 11.689564 -0.683011 -0.010411
v 11.684779 -0.683011 -0.019802
v 11.677326 -0.683011 -0.027256
v 11.667934 -0.683011 -0.032041
v 11.657524 -0.683011 -0.033690
v 11.647113 -0.683011 -0.032041
v 11.637721 -0.683011 -0.027256
v 11.630268 -0.683011 -0.019802
v 11.625483 -0.683011 -0.010411
v 11.623834 -0.683011 0.000000
v 11.625483 -0.683011 0.010411
v 11.630268 -0.683011 0.019802
v 11.637721 -0.683011 0.027256
v 11.647113 -0.683011 0.032041
v 11.657524 -0.683011 0.033690
v 11.667934 -0.683011 0.032041
v 11.677326 -0.683011 0.027256
v 11.684779 -0.683011 0.019802
v 11.689564 -0.683011 0.010411
v 11.691213 -0.683011 0.000000
v 11.689564 8.331502 -0.010411
v 11.684779 8.331502 -0.019802
v 11.677326 8.331502 -0.027256
v 11.667934 8.331502 -0.032041
v 11.657524 8.331502 -0.033690
v 11.647113 8.331502 -0.032041
v 11.637721 8.331502 -0.027256
v 11.630268 8.331502 -0.019802
v 11.625483 8.331502 -0.010411
v 11.623834 8.331502 0.000000
v 11.625483 8.331502 0.010411
v 11.630268 8.331502 0.019802
v 11.637721 8.331502 0.027256
v 11.647113 8.331502 0.032041
v 11.657524 8.331502 0.033690
v 11.667934 8.331502 0.032041
v 11.677326 8.331502 0.027256
v 11.684779 8.331502 0.019802
v 11.689564 8.331502 0.010411
v 11.691213 8.331502 0.000000
v 11.657524 -0.683011 0.000000
v 11.657524 8.331502 0.000000
vt 0.648603 0.107966
vt 0.626409 0.064408
vt 0.591842 0.029841
vt 0.548284 0.007647
vt 0.500000 -0.000000
vt 0.451716 0.007647
vt 0.408159 0.029841
vt 0.373591 0.064409
vt 0.351397 0.107966
vt 0.343750 0.156250
vt 0.351397 0.204534
vt 0.373591 0.248091
vt 0.408159 0.282659
vt 0.451716 0.304853
vt 0.500000 0.312500
vt 0.548284 0.304853
vt 0.591841 0.282659
vt 0.626409 0.248091
vt 0.648603 0.204534
vt 0.656250 0.156250
vt 0.375000 0.312500
vt 0.387500 0.312500
vt 0.400000 0.312500
vt 0.412500 0.312500
vt 0.425000 0.312500
vt 0.437500 0.312500
vt 0.450000 0.312500
vt 0.462500 0.312500
vt 0.475000 0.312500
vt 0.487500 0.312500
vt 0.500000 0.312500
vt 0.512500 0.312500
vt 0.525000 0.312500
vt 0.537500 0.312500
vt 0.550000 0.312500
vt 0.562500 0.312500
vt 0.575000 0.312500
vt 0.587500 0.312500
vt 0.600000 0.312500
vt 0.612500 0.312500
vt 0.625000 0.312500
vt 0.375000 0.687500
vt 0.387500 0.687500
vt 0.400000 0.687500
vt 0.412500 0.687500
vt 0.425000 0.687500
vt 0.437500 0.687500
vt 0.450000 0.687500
vt 0.462500 0.687500
vt 0.475000 0.687500
vt 0.487500 0.687500
vt 0.500000 0.687500
vt 0.512500 0.687500
vt 0.525000 0.687500
vt 0.537500 0.687500
vt 0.550000 0.687500
vt 0.562500 0.687500
vt 0.575000 0.687500
vt 0.587500 0.687500
vt 0.600000 0.687500
vt 0.612500 0.687500
vt 0.625000 0.687500
vt 0.648603 0.795466
vt 0.626409 0.751908
vt 0.591842 0.717341
vt 0.548284 0.695147
vt 0.500000 0.687500
vt 0.451716 0.695147
vt 0.408159 0.717341
vt 0.373591 0.751909
vt 0.351397 0.795466
vt 0.343750 0.843750
vt 0.351397 0.892034
vt 0.373591 0.935591
vt 0.408159 0.970159
vt 0.451716 0.992353
vt 0.500000 1.000000
vt 0.548284 0.992353
vt 0.591841 0.970159
vt 0.626409 0.935591
vt 0.648603 0.892034
vt 0.656250 0.843750
vt 0.500000 0.156250
vt 0.500000 0.843750
vn 0.951057 0.000000 -0.309016
vn 0.809017 0.000000 -0.587785
vn 0.809017 0.000000 -0.587785
vn 0.951057 0.000000 -0.309016
vn 0.587785 0.000000 -0.809017
vn 0.587785 0.000000 -0.809017
vn 0.309017 0.000000 -0.951057
vn 0.309017 0.000000 -0.951057
vn -0.000000 0.000000 -1.000000
vn -0.000000 0.000000 -1.000000
vn -0.309017 0.000000 -0.951056
vn -0.309017 0.000000 -0.951056
vn -0.587785 0.000000 -0.809017
vn -0.587785 0.000000 -0.809017
vn -0.809017 0.000000 -0.587785
vn -0.809017 0.000000 -0.587785
vn -0.951057 0.000000 -0.309017
vn -0.951057 0.000000 -0.309017
vn -1.000000 0.000000 0.000000
vn -1.000000 0.000000 0.000000
vn -0.951056 0.000000 0.309017
vn -0.951056 0.000000 0.309017
vn -0.809017 0.000000 0.587785
vn -0.809017 0.000000 0.587785
vn -0.587785 0.000000 0.809017
vn -0.587785 0.000000 0.809017
vn -0.309017 0.000000 0.951057
vn -0.309017 0.000000 0.951057
vn 0.000000 0.000000 1.000000
vn 0.000000 0.000000 1.000000
vn 0.309017 0.000000 0.951056
vn 0.309017 0.000000 0.951056
vn 0.587785 0.000000 0.809017
vn 0.587785 0.000000 0.809017
vn 0.809017 0.000000 0.587785
vn 0.809017 0.000000 0.587785
vn 0.951056 0.000000 0.309017
vn 0.951056 0.000000 0.309017
vn 1.000000 0.000000 0.000001
vn 1.000000 0.000000 0.000001
vn 0.000000 -1.000000 0.000000
vn 0.000000 -1.000000 0.000000
vn 0.000000 -1.000000 0.000000
vn 0.000000 -1.000000 0.000000
vn 0.000000 -1.000000 0.000000
vn 0.000000 -1.000000 0.000000
vn 0.000000 -1.000000 0.000000
vn 0.000000 -1.000000 0.000000
vn 0.000000 -1.000000 0.000000
vn 0.000000 -1.000000 0.000000
vn 0.000000 -1.000000 0.000000
vn 0.000000 -1.000000 0.000000
vn 0.000000 -1.000000 0.000000
vn 0.000000 -1.000000 0.000000
vn 0.000000 -1.000000 0.000000
vn 0.000000 -1.000000 0.000000
vn 0.000000 -1.000000 0.000000
vn 0.000000 -1.000000 0.000000
vn 0.000000 -1.000000 0.000000
vn 0.000000 -1.000000 0.000000
vn 0.000000 -1.000000 0.000000
vn 0.000000 1.000000 0.000000
vn 0.000000 1.000000 0.000000
vn 0.000000 1.000000 0.000000
vn 0.000000 1.000000 0.000000
vn 0.000000 1.000000 0.000000
vn 0.000000 1.000000 0.000000
vn 0.000000 1.000000 0.000000
vn 0.000000 1.000000 0.000000
vn 0.000000 1.000000 0.000000
vn 0.000000 1.000000 0.000000
vn 0.000000 1.000000 0.000000
vn 0.000000 1.000000 0.000000
vn 0.000000 1.000000 0.000000
vn 0.000000 1.000000 0.000000
vn 0.000000 1.000000 0.000000
vn 0.000000 1.000000 0.000000
vn 0.000000 1.000000 0.000000
vn 0.000000 1.000000 0.000000
vn 0.000000 1.000000 0.000000
vn 0.000000 1.000000 0.000000
vn 0.000000 1.000000 0.000000
s 1
g pCylinder18
usemtl initialShadingGroup
f 1/21/1 2/22/2 22/43/3 21/42/4
f 2/22/2 3/23/5 23/44/6 22/43/3
f 3/23/5 4/24/7 24/45/8 23/44/6
f 4/24/7 5/25/9 25/46/10 24/45/8
f 5/25/9 6/26/11 26/47/12 25/46/10
f 6/26/11 7/27/13 27/48/14 26/47/12
f 7/27/13 8/28/15 28/49/16 27/48/14
f 8/28/15 9/29/17 29/50/18 28/49/16
f 9/29/17 10/30/19 30/51/20 29/50/18
f 10/30/19 11/31/21 31/52/22 30/51/20
f 11/31/21 12/32/23 32/53/24 31/52/22
f 12/32/23 13/33/25 33/54/26 32/53/24
f 13/33/25 14/34/27 34/55/28 33/54/26
f 14/34/27 15/35/29 35/56/30 34/55/28
f 15/35/29 16/36/31 36/57/32 35/56/30
f 16/36/31 17/37/33 37/58/34 36/57/32
f 17/37/33 18/38/35 38/59/36 37/58/34
f 18/38/35 19/39/37 39/60/38 38/59/36
f 19/39/37 20/40/39 40/61/40 39/60/38
f 20/40/39 1/41/1 21/62/4 40/61/40
s 2
f 2/2/41 1/1/42 41/83/43
f 3/3/44 2/2/41 41/83/43
f 4/4/45 3/3/44 41/83/43
f 5/5/46 4/4/45 41/83/43
f 6/6/47 5/5/46 41/83/43
f 7/7/48 6/6/47 41/83/43
f 8/8/49 7/7/48 41/83/43
f 9/9/50 8/8/49 41/83/43
f 10/10/51 9/9/50 41/83/43
f 11/11/52 10/10/51 41/83/43
f 12/12/53 11/11/52 41/83/43
f 13/13/54 12/12/53 41/83/43
f 14/14/55 13/13/54 41/83/43
f 15/15/56 14/14/55 41/83/43
f 16/16/57 15/15/56 41/83/43
f 17/17/58 16/16/57 41/83/43
f 18/18/59 17/17/58 41/83/43
f 19/19/60 18/18/59 41/83/43
f 20/20/61 19/19/60 41/83/43
f 1/1/42 20/20/61 41/83/43
s 3
f 21/81/62 22/80/63 42/84/64
f 22/80/63 23/79/65 42/84/64
f 23/79/65 24/78/66 42/84/64
f 24/78/66 25/77/67 42/84/64
f 25/77/67 26/76/68 42/84/64
f 26/76/68 27/75/69 42/84/64
f 27/75/69 28/74/70 42/84/64
f 28/74/70 29/73/71 42/84/64
f 29/73/71 30/72/72 42/84/64
f 30/72/72 31/71/73 42/84/64
f 31/71/73 32/70/74 42/84/64
f 32/70/74 33/69/75 42/84/64
f 33/69/75 34/68/76 42/84/64
f 34/68/76 35/67/77 42/84/64
f 35/67/77 36/66/78 42/84/64
f 36/66/78 37/65/79 42/84/64
f 37/65/79 38/64/80 42/84/64
f 38/64/80 39/63/81 42/84/64
f 39/63/81 40/82/82 42/84/64
f 40/82/82 21/81/62 42/84/64
g default
v 11.354675 12.151453 -0.091210
v 11.396600 12.151453 -0.173493
v 11.461899 12.151453 -0.238792
v 11.544181 12.151453 -0.280717
v 11.635392 12.151453 -0.295163
v 11.726602 12.151453 -0.280717
v 11.808884 12.151453 -0.238792
v 11.874184 12.151453 -0.173493
v 11.916108 12.151453 -0.091210
v 11.930555 12.151453 -0.000000
v 11.916108 12.151453 0.091210
v 11.874184 12.151453 0.173493
v 11.808884 12.151453 0.238792
v 11.726602 12.151453 0.280717
v 11.635392 12.151453 0.295163
v 11.544181 12.151453 0.280717
v 11.461899 12.151453 0.238792
v 11.396600 12.151453 0.173492
v 11.354675 12.151453 0.091210
v 11.340229 12.151453 -0.000000
v 11.091141 12.083111 -0.176838
v 11.172424 12.083111 -0.336365
v 11.299026 12.083111 -0.462967
v 11.458554 12.083111 -0.544250
v 11.635392 12.083111 -0.572259
v 11.812229 12.083111 -0.544250
v 11.971757 12.083111 -0.462967
v 12.098359 12.083111 -0.336365
v 12.179642 12.083111 -0.176838
v 12.207650 12.083111 -0.000000
v 12.179642 12.083111 0.176838
v 12.098359 12.083111 0.336365
v 11.971757 12.083111 0.462967
v 11.812229 12.083111 0.544250
v 11.635392 12.083111 0.572259
v 11.458554 12.083111 0.544250
v 11.299027 12.083111 0.462967
v 11.172425 12.083111 0.336365
v 11.091142 12.083111 0.176838
v 11.063133 12.083111 -0.000000
v 10.832577 11.969185 -0.260850
v 10.952477 11.969185 -0.496167
v 11.139225 11.969185 -0.682915
v 11.374541 11.969185 -0.802814
v 11.635392 11.969185 -0.844129
v 11.896242 11.969185 -0.802814
v 12.131558 11.969185 -0.682915
v 12.318306 11.969185 -0.496166
v 12.438206 11.969185 -0.260850
v 12.479520 11.969185 -0.000000
v 12.438206 11.969185 0.260850
v 12.318306 11.969185 0.496166
v 12.131558 11.969185 0.682914
v 11.896242 11.969185 0.802814
v 11.635392 11.969185 0.844129
v 11.374542 11.969185 0.802814
v 11.139225 11.969185 0.682914
v 10.952477 11.969185 0.496166
v 10.832578 11.969185 0.260850
v 10.791263 11.969185 -0.000000
v 10.590562 11.808896 -0.339486
v 10.746606 11.808896 -0.645740
v 10.989651 11.808896 -0.888785
v 11.295906 11.808896 -1.044829
v 11.635392 11.808896 -1.098599
v 11.974877 11.808896 -1.044829
v 12.281132 11.808896 -0.888785
v 12.524176 11.808896 -0.645740
v 12.680221 11.808896 -0.339486
v 12.733990 11.808896 -0.000000
v 12.680221 11.808896 0.339486
v 12.524176 11.808896 0.645740
v 12.281131 11.808896 0.888785
v 11.974877 11.808896 1.044829
v 11.635392 11.808896 1.098598
v 11.295906 11.808896 1.044829
v 10.989652 11.808896 0.888785
v 10.746607 11.808896 0.645740
v 10.590563 11.808896 0.339486
v 10.536793 11.808896 -0.000000
v 10.377457 11.584754 -0.408728
v 10.565329 11.584754 -0.777446
v 10.857945 11.584754 -1.070063
v 11.226664 11.584754 -1.257934
v 11.635392 11.584754 -1.322670
v 12.044119 11.584754 -1.257934
v 12.412838 11.584754 -1.070063
v 12.705454 11.584754 -0.777446
v 12.893326 11.584754 -0.408728
v 12.958062 11.584754 -0.000000
v 12.893326 11.584754 0.408727
v 12.705454 11.584754 0.777446
v 12.412838 11.584754 1.070062
v 12.044119 11.584754 1.257934
v 11.635392 11.584754 1.322670
v 11.226664 11.584754 1.257934
v 10.857946 11.584754 1.070062
v 10.565329 11.584754 0.777446
v 10.377458 11.584754 0.408727
v 10.312722 11.584754 -0.000000
v 10.213129 11.275445 -0.462121
v 10.425543 11.275446 -0.879006
v 10.756385 11.275446 -1.209848
v 11.173271 11.275446 -1.422262
v 11.635392 11.275446 -1.495455
v 12.097513 11.275446 -1.422262
v 12.514398 11.275446 -1.209848
v 12.845240 11.275446 -0.879006
v 13.057654 11.275446 -0.462121
v 13.130846 11.275446 -0.000000
v 13.057653 11.275446 0.462121
v 12.845240 11.275446 0.879006
v 12.514398 11.275446 1.209848
v 12.097512 11.275446 1.422261
v 11.635392 11.275446 1.495454
v 11.173271 11.275446 1.422261
v 10.756386 11.275446 1.209848
v 10.425544 11.275446 0.879006
v 10.213130 11.275446 0.462121
v 10.139937 11.275446 -0.000000
v 10.119737 10.872042 -0.492466
v 10.346099 10.872042 -0.936726
v 10.698665 10.872042 -1.289293
v 11.142926 10.872042 -1.515655
v 11.635392 10.872042 -1.593654
v 12.127858 10.872042 -1.515655
v 12.572118 10.872042 -1.289293
v 12.924684 10.872042 -0.936726
v 13.151046 10.872042 -0.492466
v 13.229045 10.872042 -0.000000
v 13.151046 10.872042 0.492466
v 12.924684 10.872042 0.936726
v 12.572117 10.872042 1.289292
v 12.127857 10.872042 1.515654
v 11.635392 10.872042 1.593653
v 11.142926 10.872042 1.515654
v 10.698666 10.872042 1.289292
v 10.346099 10.872042 0.936726
v 10.119738 10.872042 0.492466
v 10.041739 10.872042 -0.000000
v 10.118411 10.383322 -0.492897
v 10.344971 10.383322 -0.937545
v 10.697846 10.383322 -1.290420
v 11.142495 10.383322 -1.516980
v 11.635392 10.383322 -1.595047
v 12.128288 10.383322 -1.516980
v 12.572936 10.383322 -1.290420
v 12.925812 10.383322 -0.937545
v 13.152371 10.383322 -0.492897
v 13.230438 10.383322 -0.000000
v 13.152371 10.383322 0.492897
v 12.925812 10.383322 0.937545
v 12.572936 10.383322 1.290420
v 12.128288 10.383322 1.516979
v 11.635392 10.383322 1.595047
v 11.142495 10.383322 1.516979
v 10.697847 10.383322 1.290420
v 10.344972 10.383322 0.937545
v 10.118412 10.383322 0.492896
v 10.040345 10.383322 -0.000000
v 10.231699 9.848180 -0.456087
v 10.441339 9.848180 -0.867530
v 10.767862 9.848180 -1.194052
v 11.179304 9.848180 -1.403693
v 11.635392 9.848180 -1.475929
v 12.091479 9.848180 -1.403692
v 12.502921 9.848180 -1.194052
v 12.829443 9.848180 -0.867530
v 13.039084 9.848180 -0.456087
v 13.111321 9.848180 -0.000000
v 13.039084 9.848180 0.456087
v 12.829443 9.848180 0.867529
v 12.502921 9.848180 1.194052
v 12.091479 9.848180 1.403692
v 11.635392 9.848180 1.475929
v 11.179305 9.848180 1.403692
v 10.767862 9.848180 1.194052
v 10.441340 9.848180 0.867529
v 10.231700 9.848180 0.456087
v 10.159463 9.848180 -0.000000
v 10.450723 9.346200 -0.384922
v 10.627653 9.346200 -0.732165
v 10.903227 9.346200 -1.007739
v 11.250470 9.346200 -1.184668
v 11.635392 9.346200 -1.245634
v 12.020313 9.346200 -1.184668
v 12.367557 9.346200 -1.007739
v 12.643130 9.346200 -0.732165
v 12.820059 9.346200 -0.384922
v 12.881025 9.346200 -0.000000
v 12.820059 9.346200 0.384922
v 12.643130 9.346200 0.732165
v 12.367556 9.346200 1.007738
v 12.020313 9.346200 1.184668
v 11.635392 9.346200 1.245633
v 11.250470 9.346200 1.184668
v 10.903227 9.346200 1.007738
v 10.627653 9.346200 0.732165
v 10.450724 9.346200 0.384922
v 10.389759 9.346200 -0.000000
v 10.697920 8.931350 -0.304603
v 10.837931 8.931350 -0.579389
v 11.056003 8.931350 -0.797461
v 11.330789 8.931350 -0.937471
v 11.635392 8.931350 -0.985715
v 11.939994 8.931350 -0.937471
v 12.214781 8.931350 -0.797461
v 12.432852 8.931350 -0.579389
v 12.572863 8.931350 -0.304603
v 12.621107 8.931350 -0.000000
v 12.572863 8.931350 0.304603
v 12.432852 8.931350 0.579389
v 12.214780 8.931350 0.797460
v 11.939994 8.931350 0.937471
v 11.635392 8.931350 0.985715
v 11.330789 8.931350 0.937471
v 11.056003 8.931350 0.797460
v 10.837932 8.931350 0.579389
v 10.697921 8.931350 0.304603
v 10.649677 8.931350 -0.000000
v 10.927093 8.619990 -0.230140
v 11.032877 8.619990 -0.437752
v 11.197640 8.619990 -0.602514
v 11.405252 8.619990 -0.708298
v 11.635392 8.619990 -0.744749
v 11.865532 8.619990 -0.708298
v 12.073144 8.619990 -0.602514
v 12.237906 8.619990 -0.437752
v 12.343690 8.619990 -0.230140
v 12.380140 8.619990 -0.000000
v 12.343690 8.619990 0.230140
v 12.237906 8.619990 0.437752
v 12.073143 8.619990 0.602514
v 11.865531 8.619990 0.708298
v 11.635392 8.619990 0.744748
v 11.405252 8.619990 0.708298
v 11.197640 8.619990 0.602514
v 11.032878 8.619990 0.437752
v 10.927094 8.619990 0.230140
v 10.890643 8.619990 -0.000000
v 11.116763 8.403913 -0.168512
v 11.194220 8.403913 -0.320530
v 11.314862 8.403913 -0.441172
v 11.466879 8.403913 -0.518628
v 11.635392 8.403913 -0.545318
v 11.803904 8.403913 -0.518628
v 11.955922 8.403913 -0.441172
v 12.076563 8.403913 -0.320530
v 12.154020 8.403913 -0.168512
v 12.180709 8.403913 -0.000000
v 12.154020 8.403913 0.168512
v 12.076563 8.403913 0.320530
v 11.955921 8.403913 0.441172
v 11.803904 8.403913 0.518628
v 11.635392 8.403913 0.545317
v 11.466879 8.403913 0.518628
v 11.314862 8.403913 0.441172
v 11.194220 8.403913 0.320530
v 11.116763 8.403913 0.168512
v 11.090074 8.403913 -0.000000
v 11.262977 8.262683 -0.121005
v 11.318597 8.262683 -0.230165
v 11.405227 8.262683 -0.316795
v 11.514387 8.262683 -0.372414
v 11.635392 8.262683 -0.391579
v 11.756396 8.262683 -0.372414
v 11.865556 8.262683 -0.316795
v 11.952187 8.262683 -0.230165
v 12.007806 8.262683 -0.121004
v 12.026971 8.262683 -0.000000
v 12.007806 8.262683 0.121004
v 11.952187 8.262683 0.230164
v 11.865556 8.262683 0.316795
v 11.756396 8.262683 0.372414
v 11.635392 8.262683 0.391579
v 11.514387 8.262683 0.372414
v 11.405227 8.262683 0.316795
v 11.318597 8.262683 0.230164
v 11.262977 8.262683 0.121004
v 11.243812 8.262683 -0.000000
v 11.371693 8.174918 -0.085681
v 11.411076 8.174918 -0.162975
v 11.472417 8.174918 -0.224315
v 11.549711 8.174918 -0.263698
v 11.635392 8.174918 -0.277269
v 11.721072 8.174918 -0.263698
v 11.798366 8.174918 -0.224315
v 11.859707 8.174918 -0.162975
v 11.899090 8.174918 -0.085681
v 11.912660 8.174918 -0.000000
v 11.899090 8.174918 0.085681
v 11.859707 8.174918 0.162975
v 11.798366 8.174918 0.224315
v 11.721072 8.174918 0.263698
v 11.635392 8.174918 0.277269
v 11.549711 8.174918 0.263698
v 11.472417 8.174918 0.224315
v 11.411076 8.174918 0.162975
v 11.371693 8.174918 0.085681
v 11.358123 8.174918 -0.000000
v 11.452044 8.123387 -0.059573
v 11.479427 8.123387 -0.113315
v 11.522076 8.123387 -0.155965
v 11.575818 8.123387 -0.183348
v 11.635392 8.123387 -0.192783
v 11.694965 8.123387 -0.183348
v 11.748707 8.123387 -0.155965
v 11.791356 8.123387 -0.113315
v 11.818739 8.123387 -0.059573
v 11.828174 8.123387 -0.000000
v 11.818739 8.123387 0.059573
v 11.791356 8.123387 0.113315
v 11.748707 8.123387 0.155965
v 11.694965 8.123387 0.183347
v 11.635392 8.123387 0.192783
v 11.575818 8.123387 0.183347
v 11.522076 8.123387 0.155965
v 11.479427 8.123387 0.113315
v 11.452044 8.123387 0.059573
v 11.442609 8.123387 -0.000000
v 11.512286 8.094815 -0.039999
v 11.530672 8.094815 -0.076083
v 11.559309 8.094815 -0.104719
v 11.595392 8.094815 -0.123106
v 11.635392 8.094815 -0.129441
v 11.675391 8.094815 -0.123106
v 11.711475 8.094815 -0.104719
v 11.740111 8.094815 -0.076083
v 11.758497 8.094815 -0.039999
v 11.764832 8.094815 -0.000000
v 11.758497 8.094815 0.039999
v 11.740111 8.094815 0.076083
v 11.711475 8.094815 0.104719
v 11.675391 8.094815 0.123105
v 11.635392 8.094815 0.129441
v 11.595392 8.094815 0.123105
v 11.559309 8.094815 0.104719
v 11.530672 8.094815 0.076083
v 11.512286 8.094815 0.039999
v 11.505951 8.094815 -0.000000
v 11.559035 8.079543 -0.024810
v 11.570439 8.079543 -0.047191
v 11.588200 8.079543 -0.064953
v 11.610582 8.079543 -0.076357
v 11.635392 8.079543 -0.080286
v 11.660202 8.079543 -0.076357
v 11.682583 8.079543 -0.064953
v 11.700345 8.079543 -0.047191
v 11.711749 8.079543 -0.024810
v 11.715678 8.079543 -0.000000
v 11.711749 8.079543 0.024810
v 11.700345 8.079543 0.047191
v 11.682583 8.079543 0.064953
v 11.660202 8.079543 0.076357
v 11.635392 8.079543 0.080286
v 11.610582 8.079543 0.076357
v 11.588200 8.079543 0.064953
v 11.570439 8.079543 0.047191
v 11.559035 8.079543 0.024810
v 11.555105 8.079543 -0.000000
v 11.597479 8.071279 -0.012319
v 11.603141 8.071280 -0.023432
v 11.611960 8.071280 -0.032251
v 11.623073 8.071280 -0.037913
v 11.635392 8.071280 -0.039864
v 11.647710 8.071280 -0.037913
v 11.658823 8.071280 -0.032251
v 11.667642 8.071280 -0.023432
v 11.673304 8.071280 -0.012319
v 11.675256 8.071280 -0.000000
v 11.673304 8.071280 0.012319
v 11.667642 8.071280 0.023431
v 11.658823 8.071280 0.032251
v 11.647710 8.071280 0.037913
v 11.635392 8.071280 0.039864
v 11.623073 8.071280 0.037913
v 11.611960 8.071280 0.032251
v 11.603141 8.071280 0.023431
v 11.597479 8.071280 0.012319
v 11.595528 8.071280 -0.000000
v 11.635392 12.178779 -0.000000
v 11.635392 8.067747 -0.000000
v 10.732752 9.126361 -0.655806
v 10.757180 8.931350 -0.447471
v 10.574275 9.126361 -0.344778
v 10.979586 9.126361 -0.902639
v 10.938439 8.931350 -0.696953
v 11.290614 9.126361 -1.061116
v 11.187920 8.931350 -0.878212
v 11.635392 9.126361 -1.115724
v 11.481204 8.931350 -0.973505
v 11.980169 9.126361 -1.061116
v 11.789580 8.931350 -0.973505
v 12.291197 9.126361 -0.902639
v 12.082863 8.931350 -0.878212
v 12.538031 9.126361 -0.655806
v 12.332344 8.931350 -0.696952
v 12.696508 9.126361 -0.344777
v 12.513603 8.931350 -0.447471
v 12.751115 9.126361 -0.000000
v 12.608896 8.931350 -0.154188
v 12.696508 9.126361 0.344777
v 12.608896 8.931350 0.154188
v 12.538031 9.126361 0.655806
v 12.513603 8.931350 0.447471
v 12.291197 9.126361 0.902639
v 12.332344 8.931350 0.696952
v 11.980169 9.126361 1.061116
v 12.082863 8.931350 0.878211
v 11.635392 9.126361 1.115723
v 11.789580 8.931350 0.973505
v 11.290614 9.126361 1.061116
v 11.481204 8.931350 0.973505
v 10.979586 9.126361 0.902639
v 11.187921 8.931350 0.878211
v 10.732753 9.126361 0.655805
v 10.938439 8.931350 0.696952
v 10.574276 9.126361 0.344777
v 10.757180 8.931350 0.447471
v 10.519669 9.126361 -0.000000
v 10.661887 8.931350 0.154188
v 10.661887 8.931350 -0.154188
v 10.938723 8.762963 -0.506159
v 10.971866 8.619990 -0.338083
v 10.816408 8.762963 -0.266104
v 11.129232 8.762963 -0.696669
v 11.108815 8.619990 -0.526576
v 11.369288 8.762963 -0.818984
v 11.297309 8.619990 -0.663525
v 11.635392 8.762963 -0.861130
v 11.518896 8.619990 -0.735523
v 11.901495 8.762963 -0.818984
v 11.751887 8.619990 -0.735523
v 12.141551 8.762963 -0.696669
v 11.973474 8.619990 -0.663525
v 12.332060 8.762963 -0.506159
v 12.161968 8.619990 -0.526576
v 12.454375 8.762963 -0.266104
v 12.298917 8.619990 -0.338083
v 12.496522 8.762963 -0.000000
v 12.370915 8.619990 -0.116495
v 12.454375 8.762963 0.266104
v 12.370915 8.619990 0.116495
v 12.332060 8.762963 0.506159
v 12.298917 8.619990 0.338083
v 12.141551 8.762963 0.696669
v 12.161968 8.619990 0.526576
v 11.901495 8.762963 0.818984
v 11.973474 8.619990 0.663525
v 11.635392 8.762963 0.861130
v 11.751887 8.619990 0.735523
v 11.369288 8.762963 0.818984
v 11.518896 8.619990 0.735523
v 11.129233 8.762963 0.696669
v 11.297309 8.619990 0.663525
v 10.938723 8.762963 0.506159
v 11.108816 8.619990 0.526576
v 10.816408 8.762963 0.266104
v 10.971867 8.619990 0.338082
v 10.774262 8.762963 -0.000000
v 10.899869 8.619990 0.116495
v 10.899868 8.619990 -0.116495
v 11.118145 8.501222 -0.375801
v 11.149547 8.403913 -0.247550
v 11.027332 8.501222 -0.197570
v 11.259590 8.501222 -0.517247
v 11.249823 8.403913 -0.385569
v 11.437821 8.501222 -0.608060
v 11.387842 8.403913 -0.485845
v 11.635392 8.501222 -0.639352
v 11.550092 8.403913 -0.538563
v 11.832962 8.501222 -0.608060
v 11.720692 8.403913 -0.538563
v 12.011193 8.501222 -0.517247
v 11.882942 8.403913 -0.485845
v 12.152638 8.501222 -0.375801
v 12.020960 8.403913 -0.385569
v 12.243451 8.501222 -0.197570
v 12.121236 8.403913 -0.247550
v 12.274743 8.501222 -0.000000
v 12.173954 8.403913 -0.085300
v 12.243451 8.501222 0.197570
v 12.173954 8.403913 0.085300
v 12.152638 8.501222 0.375801
v 12.121236 8.403913 0.247550
v 12.011193 8.501222 0.517246
v 12.020960 8.403913 0.385568
v 11.832962 8.501222 0.608060
v 11.882942 8.403913 0.485845
v 11.635392 8.501222 0.639351
v 11.720691 8.403913 0.538563
v 11.437821 8.501222 0.608060
v 11.550092 8.403913 0.538563
v 11.259590 8.501222 0.517246
v 11.387842 8.403913 0.485845
v 11.118145 8.501222 0.375801
v 11.249823 8.403913 0.385568
v 11.027332 8.501222 0.197570
v 11.149547 8.403913 0.247550
v 10.996040 8.501222 -0.000000
v 11.096829 8.403913 0.085300
v 11.096829 8.403913 -0.085300
v 11.260796 8.325316 -0.272160
v 11.286518 8.262683 -0.177760
v 11.195028 8.325316 -0.143083
v 11.363232 8.325316 -0.374596
v 11.358524 8.262683 -0.276868
v 11.492309 8.325316 -0.440364
v 11.457632 8.262683 -0.348873
v 11.635392 8.325316 -0.463026
v 11.574140 8.262683 -0.386729
v 11.778474 8.325316 -0.440364
v 11.696643 8.262683 -0.386729
v 11.907551 8.325316 -0.374596
v 11.813151 8.262683 -0.348873
v 12.009988 8.325316 -0.272160
v 11.912259 8.262683 -0.276868
v 12.075755 8.325316 -0.143083
v 11.984265 8.262683 -0.177760
v 12.098417 8.325316 -0.000000
v 12.022120 8.262683 -0.061252
v 12.075755 8.325316 0.143083
v 12.022120 8.262683 0.061252
v 12.009988 8.325316 0.272160
v 11.984265 8.262683 0.177759
v 11.907551 8.325316 0.374596
v 11.912259 8.262683 0.276867
v 11.778474 8.325316 0.440364
v 11.813151 8.262683 0.348873
v 11.635392 8.325316 0.463025
v 11.696643 8.262683 0.386729
v 11.492309 8.325316 0.440364
v 11.574140 8.262683 0.386729
v 11.363232 8.325316 0.374596
v 11.457632 8.262683 0.348873
v 11.260796 8.325316 0.272160
v 11.358524 8.262683 0.276867
v 11.195028 8.325316 0.143082
v 11.286518 8.262683 0.177759
v 11.172366 8.325316 -0.000000
v 11.248663 8.262683 0.061252
v 11.248663 8.262683 -0.061252
v 11.368348 8.213263 -0.194018
v 11.388362 8.174918 -0.125868
v 11.321464 8.213263 -0.102001
v 11.441373 8.213263 -0.267044
v 11.439348 8.174918 -0.196044
v 11.533390 8.213263 -0.313928
v 11.509524 8.174918 -0.247030
v 11.635392 8.213263 -0.330083
v 11.592021 8.174918 -0.273834
v 11.737393 8.213263 -0.313928
v 11.678763 8.174918 -0.273834
v 11.829410 8.213263 -0.267043
v 11.761260 8.174918 -0.247030
v 11.902435 8.213263 -0.194018
v 11.831435 8.174918 -0.196044
v 11.949320 8.213263 -0.102001
v 11.882421 8.174918 -0.125868
v 11.965475 8.213263 -0.000000
v 11.909226 8.174918 -0.043371
v 11.949320 8.213263 0.102001
v 11.909226 8.174918 0.043371
v 11.902435 8.213263 0.194018
v 11.882421 8.174918 0.125868
v 11.829410 8.213263 0.267043
v 11.831435 8.174918 0.196044
v 11.737393 8.213263 0.313928
v 11.761259 8.174918 0.247029
v 11.635392 8.213263 0.330083
v 11.678763 8.174918 0.273834
v 11.533391 8.213263 0.313928
v 11.592021 8.174918 0.273834
v 11.441373 8.213263 0.267043
v 11.509524 8.174918 0.247029
v 11.368348 8.213263 0.194018
v 11.439348 8.174918 0.196044
v 11.321464 8.213263 0.102001
v 11.388362 8.174918 0.125868
v 11.305308 8.213263 -0.000000
v 11.361558 8.174918 0.043371
v 11.361558 8.174918 -0.043371
v 11.447807 8.145512 -0.136288
v 11.463634 8.123387 -0.087515
v 11.414873 8.145512 -0.071651
v 11.499103 8.145512 -0.187584
v 11.499084 8.123387 -0.136308
v 11.563741 8.145512 -0.220518
v 11.547876 8.123387 -0.171758
v 11.635392 8.145512 -0.231866
v 11.605236 8.123387 -0.190395
v 11.707042 8.145512 -0.220518
v 11.665547 8.123387 -0.190395
v 11.771680 8.145512 -0.187584
v 11.722907 8.123387 -0.171758
v 11.822976 8.145512 -0.136288
v 11.771700 8.123387 -0.136308
v 11.855910 8.145512 -0.071651
v 11.807149 8.123387 -0.087515
v 11.867258 8.145512 -0.000000
v 11.825786 8.123387 -0.030156
v 11.855910 8.145512 0.071651
v 11.825786 8.123387 0.030155
v 11.822976 8.145512 0.136288
v 11.807149 8.123387 0.087515
v 11.771680 8.145512 0.187584
v 11.771700 8.123387 0.136308
v 11.707042 8.145512 0.220518
v 11.722907 8.123387 0.171758
v 11.635392 8.145512 0.231866
v 11.665547 8.123387 0.190395
v 11.563741 8.145512 0.220518
v 11.605236 8.123387 0.190395
v 11.499103 8.145512 0.187584
v 11.547877 8.123387 0.171758
v 11.447808 8.145512 0.136288
v 11.499084 8.123387 0.136308
v 11.414873 8.145512 0.071651
v 11.463634 8.123387 0.087515
v 11.403525 8.145512 -0.000000
v 11.444997 8.123387 0.030155
v 11.444997 8.123387 -0.030156
v 11.506820 8.106886 -0.093413
v 11.520068 8.094815 -0.058760
v 11.484246 8.106886 -0.049110
v 11.541978 8.106886 -0.128572
v 11.543871 8.094815 -0.091521
v 11.586281 8.106886 -0.151146
v 11.576631 8.094815 -0.115324
v 11.635392 8.106886 -0.158924
v 11.615144 8.094815 -0.127837
v 11.684502 8.106886 -0.151146
v 11.655639 8.094815 -0.127837
v 11.728805 8.106886 -0.128572
v 11.694152 8.094815 -0.115324
v 11.763964 8.106886 -0.093413
v 11.726913 8.094815 -0.091521
v 11.786537 8.106886 -0.049110
v 11.750715 8.094815 -0.058760
v 11.794316 8.106886 -0.000000
v 11.763229 8.094815 -0.020247
v 11.786537 8.106886 0.049110
v 11.763229 8.094815 0.020247
v 11.763964 8.106886 0.093413
v 11.750715 8.094815 0.058760
v 11.728805 8.106886 0.128572
v 11.726913 8.094815 0.091521
v 11.684502 8.106886 0.151146
v 11.694152 8.094815 0.115323
v 11.635392 8.106886 0.158924
v 11.655639 8.094815 0.127837
v 11.586282 8.106886 0.151146
v 11.615144 8.094815 0.127837
v 11.541978 8.106886 0.128572
v 11.576632 8.094815 0.115323
v 11.506820 8.106886 0.093413
v 11.543871 8.094815 0.091521
v 11.484246 8.106886 0.049110
v 11.520068 8.094815 0.058760
v 11.476468 8.106886 -0.000000
v 11.507554 8.094815 0.020247
v 11.507554 8.094815 -0.020247
v 11.551672 8.085979 -0.060826
v 11.563861 8.079543 -0.036447
v 11.536973 8.085979 -0.031978
v 11.574565 8.085979 -0.083720
v 11.578625 8.079543 -0.056767
v 11.603413 8.085979 -0.098419
v 11.598945 8.079543 -0.071530
v 11.635392 8.085979 -0.103484
v 11.622833 8.079543 -0.079292
v 11.667370 8.085979 -0.098419
v 11.647950 8.079543 -0.079292
v 11.696218 8.085979 -0.083720
v 11.671838 8.079543 -0.071530
v 11.719112 8.085979 -0.060826
v 11.692158 8.079543 -0.056767
v 11.733811 8.085979 -0.031978
v 11.706922 8.079543 -0.036447
v 11.738876 8.085979 -0.000000
v 11.714683 8.079543 -0.012559
v 11.733811 8.085979 0.031978
v 11.714683 8.079543 0.012559
v 11.719112 8.085979 0.060826
v 11.706922 8.079543 0.036446
v 11.696218 8.085979 0.083720
v 11.692158 8.079543 0.056767
v 11.667370 8.085979 0.098419
v 11.671838 8.079543 0.071530
v 11.635392 8.085979 0.103484
v 11.647950 8.079543 0.079292
v 11.603413 8.085979 0.098419
v 11.622833 8.079543 0.079292
v 11.574565 8.085979 0.083720
v 11.598945 8.079543 0.071530
v 11.551672 8.085979 0.060826
v 11.578625 8.079543 0.056767
v 11.536973 8.085979 0.031978
v 11.563862 8.079543 0.036446
v 11.531908 8.085979 -0.000000
v 11.556100 8.079543 0.012559
v 11.556100 8.079543 -0.012559
v 11.587594 8.074670 -0.034727
v 11.599145 8.071344 -0.018469
v 11.579203 8.074670 -0.018257
v 11.600665 8.074670 -0.047797
v 11.606626 8.071344 -0.028766
v 11.617135 8.074670 -0.056189
v 11.616923 8.071344 -0.036247
v 11.635392 8.074670 -0.059081
v 11.629028 8.071344 -0.040180
v 11.653649 8.074670 -0.056189
v 11.641755 8.071344 -0.040180
v 11.670118 8.074670 -0.047797
v 11.653860 8.071344 -0.036247
v 11.683189 8.074670 -0.034727
v 11.664157 8.071344 -0.028766
v 11.691580 8.074670 -0.018257
v 11.671638 8.071344 -0.018469
v 11.694472 8.074670 -0.000000
v 11.675571 8.071344 -0.006364
v 11.691580 8.074670 0.018257
v 11.675571 8.071344 0.006364
v 11.683189 8.074670 0.034727
v 11.671638 8.071344 0.018469
v 11.670118 8.074670 0.047797
v 11.664157 8.071344 0.028766
v 11.653649 8.074670 0.056189
v 11.653860 8.071344 0.036247
v 11.635392 8.074670 0.059080
v 11.641755 8.071344 0.040180
v 11.617135 8.074670 0.056189
v 11.629028 8.071344 0.040180
v 11.600665 8.074670 0.047797
v 11.616923 8.071344 0.036247
v 11.587595 8.074670 0.034727
v 11.606626 8.071344 0.028766
v 11.579203 8.074670 0.018257
v 11.599145 8.071344 0.018469
v 11.576311 8.074670 -0.000000
v 11.595212 8.071344 0.006364
v 11.595212 8.071344 -0.006364
v 11.474796 12.167264 -0.052181
v 11.498781 12.167264 -0.099253
v 11.536138 12.167264 -0.136611
v 11.583211 12.167264 -0.160595
v 11.635392 12.167264 -0.168860
v 11.687572 12.167264 -0.160595
v 11.734645 12.167264 -0.136611
v 11.772002 12.167264 -0.099253
v 11.795987 12.167264 -0.052181
v 11.804251 12.167264 -0.000000
v 11.795987 12.167264 0.052181
v 11.772002 12.167264 0.099253
v 11.734645 12.167264 0.136611
v 11.687572 12.167264 0.160595
v 11.635392 12.167264 0.168860
v 11.583211 12.167264 0.160595
v 11.536138 12.167264 0.136610
v 11.498781 12.167264 0.099253
v 11.474796 12.167264 0.052181
v 11.466532 12.167264 -0.000000
v 11.617080 8.069292 -0.013304
v 11.613865 8.069292 -0.006994
v 11.622088 8.069292 -0.018312
v 11.628397 8.069292 -0.021527
v 11.635392 8.069292 -0.022634
v 11.642386 8.069292 -0.021527
v 11.648696 8.069292 -0.018312
v 11.653703 8.069292 -0.013304
v 11.656918 8.069292 -0.006994
v 11.658026 8.069292 -0.000000
v 11.656918 8.069292 0.006994
v 11.653703 8.069292 0.013304
v 11.648696 8.069292 0.018311
v 11.642386 8.069292 0.021526
v 11.635392 8.069292 0.022634
v 11.628397 8.069292 0.021526
v 11.622088 8.069292 0.018311
v 11.617080 8.069292 0.013304
v 11.613865 8.069292 0.006994
v 11.612757 8.069292 -0.000000
v 11.366970 12.150973 -0.136768
v 11.286043 12.123214 -0.253816
v 11.125544 12.083111 -0.259780
v 11.224708 12.123214 -0.133439
v 11.422371 12.150973 -0.213020
v 11.381575 12.123214 -0.349348
v 11.230775 12.083111 -0.404617
v 11.498624 12.150973 -0.268421
v 11.501952 12.123214 -0.410684
v 11.375612 12.083111 -0.509847
v 11.588265 12.150973 -0.297547
v 11.635392 12.123214 -0.431818
v 11.545877 12.083111 -0.565170
v 11.682518 12.150973 -0.297547
v 11.768831 12.123214 -0.410684
v 11.724906 12.083111 -0.565170
v 11.772159 12.150973 -0.268421
v 11.889208 12.123214 -0.349348
v 11.895172 12.083111 -0.509847
v 11.848412 12.150973 -0.213020
v 11.984740 12.123214 -0.253816
v 12.040008 12.083111 -0.404617
v 11.903813 12.150973 -0.136767
v 12.046075 12.123214 -0.133439
v 12.145239 12.083111 -0.259780
v 11.932939 12.150973 -0.047127
v 12.067210 12.123214 -0.000000
v 12.200561 12.083111 -0.089514
v 11.932939 12.150973 0.047127
v 12.046075 12.123214 0.133439
v 12.200561 12.083111 0.089514
v 11.903813 12.150973 0.136767
v 11.984740 12.123214 0.253816
v 12.145239 12.083111 0.259780
v 11.848412 12.150973 0.213020
v 11.889208 12.123214 0.349348
v 12.040008 12.083111 0.404617
v 11.772159 12.150973 0.268421
v 11.768831 12.123214 0.410683
v 11.895172 12.083111 0.509847
v 11.682518 12.150973 0.297547
v 11.635392 12.123214 0.431818
v 11.724906 12.083111 0.565170
v 11.588265 12.150973 0.297547
v 11.501952 12.123214 0.410683
v 11.545878 12.083111 0.565170
v 11.498624 12.150973 0.268421
v 11.381575 12.123214 0.349348
v 11.375612 12.083111 0.509847
v 11.422371 12.150973 0.213020
v 11.286043 12.123214 0.253816
v 11.230775 12.083111 0.404617
v 11.366970 12.150973 0.136767
v 11.224708 12.123214 0.133439
v 11.125545 12.083111 0.259780
v 11.337844 12.150973 0.047127
v 11.203574 12.123214 -0.000000
v 11.070222 12.083111 0.089514
v 11.337844 12.150973 -0.047127
v 11.070222 12.083111 -0.089514
v 11.061056 12.031706 -0.417279
v 10.883325 11.969185 -0.383197
v 10.960219 12.031706 -0.219377
v 11.218112 12.031706 -0.574336
v 11.038548 11.969185 -0.596843
v 11.416015 12.031706 -0.675172
v 11.252194 11.969185 -0.752067
v 11.635392 12.031706 -0.709918
v 11.503351 11.969185 -0.833672
v 11.854768 12.031706 -0.675172
v 11.767432 11.969185 -0.833672
v 12.052671 12.031706 -0.574336
v 12.018589 11.969185 -0.752067
v 12.209727 12.031706 -0.417279
v 12.232235 11.969185 -0.596843
v 12.310564 12.031706 -0.219377
v 12.387458 11.969185 -0.383197
v 12.345309 12.031706 -0.000000
v 12.469064 11.969185 -0.132041
v 12.310564 12.031706 0.219377
v 12.469064 11.969185 0.132041
v 12.209727 12.031706 0.417279
v 12.387458 11.969185 0.383197
v 12.052671 12.031706 0.574336
v 12.232235 11.969185 0.596843
v 11.854768 12.031706 0.675172
v 12.018589 11.969185 0.752066
v 11.635392 12.031706 0.709918
v 11.767432 11.969185 0.833672
v 11.416015 12.031706 0.675172
v 11.503351 11.969185 0.833672
v 11.218112 12.031706 0.574336
v 11.252195 11.969185 0.752066
v 11.061056 12.031706 0.417279
v 11.038548 11.969185 0.596843
v 10.960220 12.031706 0.219377
v 10.883325 11.969185 0.383197
v 10.925474 12.031706 -0.000000
v 10.801720 11.969185 0.132041
v 10.801719 11.969185 -0.132041
v 10.847228 11.895733 -0.572634
v 10.656608 11.808896 -0.498715
v 10.708850 11.895733 -0.301052
v 11.062757 11.895733 -0.788163
v 10.858625 11.808896 -0.776767
v 11.334340 11.895733 -0.926541
v 11.136676 11.808896 -0.978784
v 11.635392 11.895733 -0.974223
v 11.463546 11.808896 -1.084990
v 11.936443 11.895733 -0.926541
v 11.807237 11.808896 -1.084990
v 12.208026 11.895733 -0.788163
v 12.134107 11.808896 -0.978783
v 12.423555 11.895733 -0.572634
v 12.412158 11.808896 -0.776767
v 12.561933 11.895733 -0.301051
v 12.614175 11.808896 -0.498715
v 12.609615 11.895733 -0.000000
v 12.720381 11.808896 -0.171845
v 12.561933 11.895733 0.301051
v 12.720381 11.808896 0.171845
v 12.423555 11.895733 0.572634
v 12.614175 11.808896 0.498715
v 12.208026 11.895733 0.788163
v 12.412158 11.808896 0.776767
v 11.936443 11.895733 0.926541
v 12.134107 11.808896 0.978783
v 11.635392 11.895733 0.974223
v 11.807237 11.808896 1.084989
v 11.334340 11.895733 0.926541
v 11.463546 11.808896 1.084989
v 11.062758 11.895733 0.788163
v 11.136677 11.808896 0.978783
v 10.847229 11.895733 0.572634
v 10.858625 11.808896 0.776767
v 10.708851 11.895733 0.301051
v 10.656609 11.808896 0.498715
v 10.661169 11.895733 -0.000000
v 10.550402 11.808896 0.171845
v 10.550402 11.808896 -0.171846
v 10.651908 11.706220 -0.714543
v 10.456974 11.584755 -0.600434
v 10.479237 11.706220 -0.375657
v 10.920849 11.706220 -0.983484
v 10.700194 11.584755 -0.935197
v 11.259734 11.706220 -1.156155
v 11.034958 11.584755 -1.178418
v 11.635392 11.706220 -1.215653
v 11.428496 11.584755 -1.306286
v 12.011049 11.706220 -1.156155
v 11.842287 11.584755 -1.306286
v 12.349934 11.706220 -0.983484
v 12.235825 11.584755 -1.178417
v 12.618875 11.706220 -0.714543
v 12.570589 11.584755 -0.935197
v 12.791546 11.706220 -0.375657
v 12.813809 11.584755 -0.600434
v 12.851044 11.706220 -0.000000
v 12.941677 11.584755 -0.206895
v 12.791546 11.706220 0.375657
v 12.941677 11.584755 0.206895
v 12.618875 11.706220 0.714542
v 12.813809 11.584755 0.600434
v 12.349934 11.706220 0.983483
v 12.570589 11.584755 0.935197
v 12.011049 11.706220 1.156154
v 12.235825 11.584755 1.178417
v 11.635392 11.706220 1.215652
v 11.842287 11.584755 1.306285
v 11.259734 11.706220 1.156154
v 11.428496 11.584755 1.306285
v 10.920849 11.706220 0.983483
v 11.034958 11.584755 1.178417
v 10.651908 11.706220 0.714542
v 10.700195 11.584755 0.935197
v 10.479238 11.706220 0.375657
v 10.456975 11.584755 0.600433
v 10.419739 11.706220 -0.000000
v 10.329106 11.584755 0.206895
v 10.329106 11.584755 -0.206895
v 10.489066 11.441546 -0.832854
v 10.303034 11.275446 -0.678870
v 10.287805 11.441546 -0.437857
v 10.802538 11.441546 -1.146325
v 10.578026 11.275446 -1.057365
v 11.197534 11.441546 -1.347586
v 10.956521 11.275446 -1.332358
v 11.635392 11.441546 -1.416936
v 11.401469 11.275446 -1.476930
v 12.073249 11.441546 -1.347586
v 11.869314 11.275446 -1.476930
v 12.468246 11.441546 -1.146325
v 12.314262 11.275446 -1.332358
v 12.781717 11.441546 -0.832854
v 12.692757 11.275446 -1.057365
v 12.982977 11.441546 -0.437857
v 12.967749 11.275446 -0.678870
v 13.052327 11.441546 -0.000000
v 13.112321 11.275446 -0.233923
v 12.982977 11.441546 0.437857
v 13.112321 11.275446 0.233923
v 12.781716 11.441546 0.832854
v 12.967749 11.275446 0.678870
v 12.468245 11.441546 1.146325
v 12.692756 11.275446 1.057365
v 12.073249 11.441546 1.347586
v 12.314262 11.275446 1.332357
v 11.635392 11.441546 1.416935
v 11.869314 11.275446 1.476929
v 11.197535 11.441546 1.347586
v 11.401469 11.275446 1.476929
v 10.802538 11.441546 1.146325
v 10.956522 11.275446 1.332357
v 10.489067 11.441546 0.832853
v 10.578027 11.275446 1.057365
v 10.287806 11.441546 0.437857
v 10.303034 11.275446 0.678870
v 10.218456 11.441546 -0.000000
v 10.158462 11.275446 0.233923
v 10.158462 11.275446 -0.233923
v 10.377181 11.085305 -0.914143
v 10.215545 10.872042 -0.723448
v 10.156277 11.085305 -0.480594
v 10.721248 11.085305 -1.258210
v 10.508595 10.872042 -1.126797
v 11.154798 11.085305 -1.479115
v 10.911943 10.872042 -1.419847
v 11.635392 11.085305 -1.555233
v 11.386108 10.872042 -1.573912
v 12.115985 11.085305 -1.479115
v 11.884675 10.872042 -1.573912
v 12.549535 11.085305 -1.258210
v 12.358840 10.872042 -1.419847
v 12.893602 11.085305 -0.914143
v 12.762188 10.872042 -1.126797
v 13.114506 11.085305 -0.480593
v 13.055238 10.872042 -0.723448
v 13.190625 11.085305 -0.000000
v 13.209304 10.872042 -0.249283
v 13.114506 11.085305 0.480593
v 13.209304 10.872042 0.249283
v 12.893601 11.085305 0.914143
v 13.055238 10.872042 0.723448
v 12.549535 11.085305 1.258210
v 12.762188 10.872042 1.126796
v 12.115985 11.085305 1.479114
v 12.358839 10.872042 1.419846
v 11.635392 11.085305 1.555233
v 11.884675 10.872042 1.573912
v 11.154798 11.085305 1.479114
v 11.386109 10.872042 1.573912
v 10.721249 11.085305 1.258210
v 10.911944 10.872042 1.419846
v 10.377182 11.085305 0.914143
v 10.508595 10.872042 1.126796
v 10.156277 11.085305 0.480593
v 10.215545 10.872042 0.723448
v 10.080159 11.085305 -0.000000
v 10.061480 10.872042 0.249283
v 10.061480 10.872042 -0.249283
v 10.334413 10.636570 -0.945216
v 10.214303 10.383322 -0.724081
v 10.105999 10.636570 -0.496930
v 10.690175 10.636570 -1.300979
v 10.507609 10.383322 -1.127782
v 11.138462 10.636570 -1.529392
v 10.911311 10.383322 -1.421089
v 11.635392 10.636570 -1.608098
v 11.385890 10.383322 -1.575289
v 12.132321 10.636570 -1.529392
v 11.884893 10.383322 -1.575288
v 12.580608 10.636570 -1.300979
v 12.359472 10.383322 -1.421088
v 12.936370 10.636570 -0.945216
v 12.763173 10.383322 -1.127782
v 13.164783 10.636570 -0.496929
v 13.056480 10.383322 -0.724081
v 13.243489 10.636570 -0.000000
v 13.210680 10.383322 -0.249501
v 13.164783 10.636570 0.496929
v 13.210680 10.383322 0.249501
v 12.936370 10.636570 0.945216
v 13.056480 10.383322 0.724080
v 12.580608 10.636570 1.300978
v 12.763173 10.383322 1.127782
v 12.132321 10.636570 1.529392
v 12.359472 10.383322 1.421088
v 11.635392 10.636570 1.608097
v 11.884893 10.383322 1.575288
v 11.138462 10.636570 1.529392
v 11.385891 10.383322 1.575288
v 10.690176 10.636570 1.300978
v 10.911311 10.383322 1.421088
v 10.334413 10.636570 0.945216
v 10.507610 10.383322 1.127782
v 10.106000 10.636570 0.496929
v 10.214304 10.383322 0.724080
v 10.027294 10.636570 -0.000000
v 10.060104 10.383322 0.249501
v 10.060103 10.383322 -0.249501
v 10.380622 10.116728 -0.911644
v 10.320429 9.848180 -0.670007
v 10.160321 10.116728 -0.479279
v 10.723748 10.116728 -1.254770
v 10.591832 9.848180 -1.043560
v 11.156112 10.116728 -1.475071
v 10.965385 9.848180 -1.314962
v 11.635392 10.116728 -1.550981
v 11.404523 9.848180 -1.457647
v 12.114671 10.116728 -1.475070
v 11.866260 9.848180 -1.457647
v 12.547035 10.116728 -1.254770
v 12.305398 9.848180 -1.314962
v 12.890161 10.116728 -0.911643
v 12.678951 9.848180 -1.043560
v 13.110462 10.116728 -0.479279
v 12.950353 9.848180 -0.670007
v 13.186372 10.116728 -0.000000
v 13.093038 9.848180 -0.230869
v 13.110462 10.116728 0.479279
v 13.093038 9.848180 0.230868
v 12.890161 10.116728 0.911643
v 12.950353 9.848180 0.670006
v 12.547035 10.116728 1.254769
v 12.678951 9.848180 1.043560
v 12.114671 10.116728 1.475070
v 12.305398 9.848180 1.314962
v 11.635392 10.116728 1.550980
v 11.866260 9.848180 1.457646
v 11.156112 10.116728 1.475070
v 11.404523 9.848180 1.457646
v 10.723749 10.116728 1.254769
v 10.965385 9.848180 1.314962
v 10.380623 10.116728 0.911643
v 10.591832 9.848180 1.043559
v 10.160322 10.116728 0.479279
v 10.320430 9.848180 0.670006
v 10.084412 10.116728 -0.000000
v 10.177746 9.848180 0.230868
v 10.177745 9.848180 -0.230869
v 10.527099 9.589072 -0.805222
v 10.525609 9.346200 -0.565462
v 10.332516 9.589072 -0.423330
v 10.830170 9.589072 -1.108293
v 10.754663 9.346200 -0.880728
v 11.212062 9.589072 -1.302876
v 11.069929 9.346200 -1.109783
v 11.635392 9.589072 -1.369925
v 11.440547 9.346200 -1.230204
v 12.058722 9.589072 -1.302876
v 11.830237 9.346200 -1.230203
v 12.440613 9.589072 -1.108292
v 12.200854 9.346200 -1.109783
v 12.743684 9.589072 -0.805221
v 12.516120 9.346200 -0.880728
v 12.938267 9.589072 -0.423330
v 12.745174 9.346200 -0.565462
v 13.005316 9.589072 -0.000000
v 12.865595 9.346200 -0.194845
v 12.938267 9.589072 0.423330
v 12.865595 9.346200 0.194845
v 12.743684 9.589072 0.805221
v 12.745174 9.346200 0.565462
v 12.440613 9.589072 1.108292
v 12.516120 9.346200 0.880728
v 12.058721 9.589072 1.302876
v 12.200854 9.346200 1.109782
v 11.635392 9.589072 1.369924
v 11.830237 9.346200 1.230203
v 11.212062 9.589072 1.302875
v 11.440547 9.346200 1.230203
v 10.830170 9.589072 1.108292
v 11.069930 9.346200 1.109782
v 10.527100 9.589072 0.805221
v 10.754664 9.346200 0.880728
v 10.332516 9.589072 0.423330
v 10.525610 9.346200 0.565462
v 10.265468 9.589072 -0.000000
v 10.405189 9.346200 0.194845
v 10.405188 9.346200 -0.194845
v 11.250668 12.123214 -0.196026
v 11.330073 12.123214 -0.305318
v 11.439365 12.123214 -0.384723
v 11.567846 12.123214 -0.426469
v 11.702938 12.123214 -0.426469
v 11.831418 12.123214 -0.384723
v 11.940710 12.123214 -0.305318
v 12.020115 12.123214 -0.196026
v 12.061861 12.123214 -0.067546
v 12.061861 12.123214 0.067546
v 12.020115 12.123214 0.196026
v 11.940710 12.123214 0.305318
v 11.831418 12.123214 0.384723
v 11.702938 12.123214 0.426469
v 11.567846 12.123214 0.426469
v 11.439365 12.123214 0.384723
v 11.330074 12.123214 0.305318
v 11.250668 12.123214 0.196026
v 11.208923 12.123214 0.067546
v 11.208923 12.123214 -0.067546
v 11.002898 12.031706 -0.322271
v 11.133442 12.031706 -0.501949
v 11.313120 12.031706 -0.632493
v 11.524344 12.031706 -0.701124
v 11.746439 12.031706 -0.701124
v 11.957663 12.031706 -0.632493
v 12.137341 12.031706 -0.501949
v 12.267885 12.031706 -0.322271
v 12.336516 12.031706 -0.111047
v 12.336516 12.031706 0.111047
v 12.267885 12.031706 0.322271
v 12.137341 12.031706 0.501949
v 11.957663 12.031706 0.632493
v 11.746439 12.031706 0.701124
v 11.524345 12.031706 0.701124
v 11.313120 12.031706 0.632493
v 11.133442 12.031706 0.501949
v 11.002899 12.031706 0.322271
v 10.934268 12.031706 0.111047
v 10.934268 12.031706 -0.111047
v 10.767419 11.895733 -0.442254
v 10.946564 11.895733 -0.688827
v 11.193137 11.895733 -0.867973
v 11.483001 11.895733 -0.962155
v 11.787782 11.895733 -0.962155
v 12.077646 11.895733 -0.867973
v 12.324218 11.895733 -0.688827
v 12.503364 11.895733 -0.442254
v 12.597546 11.895733 -0.152390
v 12.597546 11.895733 0.152390
v 12.503364 11.895733 0.442254
v 12.324218 11.895733 0.688827
v 12.077646 11.895733 0.867972
v 11.787782 11.895733 0.962155
v 11.483001 11.895733 0.962155
v 11.193138 11.895733 0.867972
v 10.946565 11.895733 0.688827
v 10.767419 11.895733 0.442254
v 10.673237 11.895733 0.152390
v 10.673237 11.895733 -0.152390
v 10.552320 11.706220 -0.551853
v 10.775861 11.706220 -0.859531
v 11.083539 11.706220 -1.083072
v 11.445236 11.706220 -1.200594
v 11.825547 11.706220 -1.200594
v 12.187244 11.706220 -1.083071
v 12.494922 11.706220 -0.859530
v 12.718463 11.706220 -0.551852
v 12.835985 11.706220 -0.190155
v 12.835985 11.706220 0.190155
v 12.718463 11.706220 0.551852
v 12.494922 11.706220 0.859530
v 12.187244 11.706220 1.083071
v 11.825547 11.706220 1.200594
v 11.445236 11.706220 1.200594
v 11.083539 11.706220 1.083071
v 10.775862 11.706220 0.859530
v 10.552321 11.706220 0.551852
v 10.434798 11.706220 0.190155
v 10.434798 11.706220 -0.190155
v 10.372989 11.441546 -0.643226
v 10.633543 11.441546 -1.001848
v 10.992166 11.441546 -1.262402
v 11.413751 11.441546 -1.399384
v 11.857032 11.441546 -1.399384
v 12.278618 11.441546 -1.262402
v 12.637239 11.441546 -1.001848
v 12.897793 11.441546 -0.643226
v 13.034775 11.441546 -0.221641
v 13.034775 11.441546 0.221641
v 12.897793 11.441546 0.643226
v 12.637239 11.441546 1.001848
v 12.278617 11.441546 1.262402
v 11.857032 11.441546 1.399383
v 11.413751 11.441546 1.399383
v 10.992166 11.441546 1.262402
v 10.633544 11.441546 1.001848
v 10.372990 11.441546 0.643226
v 10.236009 11.441546 0.221640
v 10.236008 11.441546 -0.221641
v 10.249775 11.085305 -0.706007
v 10.535760 11.085305 -1.099632
v 10.929385 11.085305 -1.385617
v 11.392118 11.085305 -1.535968
v 11.878665 11.085305 -1.535968
v 12.341398 11.085305 -1.385617
v 12.735023 11.085305 -1.099631
v 13.021008 11.085305 -0.706007
v 13.171359 11.085305 -0.243273
v 13.171359 11.085305 0.243273
v 13.021008 11.085305 0.706007
v 12.735023 11.085305 1.099631
v 12.341398 11.085305 1.385616
v 11.878665 11.085305 1.535967
v 11.392118 11.085305 1.535967
v 10.929385 11.085305 1.385616
v 10.535761 11.085305 1.099631
v 10.249776 11.085305 0.706007
v 10.099425 11.085305 0.243273
v 10.099424 11.085305 -0.243273
v 10.202675 10.636570 -0.730005
v 10.498382 10.636570 -1.137010
v 10.905386 10.636570 -1.432716
v 11.383849 10.636570 -1.588178
v 11.886934 10.636570 -1.588178
v 12.365397 10.636570 -1.432716
v 12.772401 10.636570 -1.137010
v 13.068107 10.636570 -0.730005
v 13.223569 10.636570 -0.251543
v 13.223569 10.636570 0.251543
v 13.068107 10.636570 0.730005
v 12.772401 10.636570 1.137009
v 12.365397 10.636570 1.432715
v 11.886934 10.636570 1.588177
v 11.383849 10.636570 1.588177
v 10.905387 10.636570 1.432715
v 10.498382 10.636570 1.137009
v 10.202676 10.636570 0.730005
v 10.047215 10.636570 0.251543
v 10.047214 10.636570 -0.251543
v 10.253563 10.116728 -0.704077
v 10.538767 10.116728 -1.096625
v 10.931315 10.116728 -1.381828
v 11.392783 10.116728 -1.531768
v 11.878000 10.116728 -1.531768
v 12.339468 10.116728 -1.381828
v 12.732016 10.116728 -1.096625
v 13.017219 10.116728 -0.704076
v 13.167159 10.116728 -0.242608
v 13.167159 10.116728 0.242608
v 13.017219 10.116728 0.704076
v 12.732016 10.116728 1.096624
v 12.339468 10.116728 1.381827
v 11.878000 10.116728 1.531767
v 11.392784 10.116728 1.531768
v 10.931315 10.116728 1.381827
v 10.538767 10.116728 1.096624
v 10.253564 10.116728 0.704076
v 10.103624 10.116728 0.242608
v 10.103624 10.116728 -0.242608
v 10.414873 9.589072 -0.621885
v 10.666783 9.589072 -0.968609
v 11.013506 9.589072 -1.220518
v 11.421105 9.589072 -1.352955
v 11.849679 9.589072 -1.352955
v 12.257277 9.589072 -1.220518
v 12.604000 9.589072 -0.968609
v 12.855910 9.589072 -0.621885
v 12.988346 9.589072 -0.214287
v 12.988346 9.589072 0.214287
v 12.855910 9.589072 0.621885
v 12.604000 9.589072 0.968608
v 12.257277 9.589072 1.220518
v 11.849679 9.589072 1.352954
v 11.421105 9.589072 1.352954
v 11.013507 9.589072 1.220518
v 10.666783 9.589072 0.968608
v 10.414874 9.589072 0.621885
v 10.282437 9.589072 0.214287
v 10.282437 9.589072 -0.214287
v 10.641351 9.126361 -0.506489
v 10.846516 9.126361 -0.788875
v 11.128903 9.126361 -0.994041
v 11.460867 9.126361 -1.101903
v 11.809916 9.126361 -1.101903
v 12.141881 9.126361 -0.994041
v 12.424267 9.126361 -0.788875
v 12.629432 9.126361 -0.506489
v 12.737294 9.126361 -0.174524
v 12.737294 9.126361 0.174524
v 12.629432 9.126361 0.506489
v 12.424267 9.126361 0.788875
v 12.141881 9.126361 0.994040
v 11.809916 9.126361 1.101902
v 11.460868 9.126361 1.101902
v 11.128903 9.126361 0.994040
v 10.846517 9.126361 0.788875
v 10.641351 9.126361 0.506489
v 10.533490 9.126361 0.174524
v 10.533489 9.126361 -0.174524
v 10.868178 8.762963 -0.390915
v 11.026527 8.762963 -0.608864
v 11.244477 8.762963 -0.767214
v 11.500692 8.762963 -0.850463
v 11.770092 8.762963 -0.850463
v 12.026306 8.762963 -0.767214
v 12.244256 8.762963 -0.608864
v 12.402605 8.762963 -0.390915
v 12.485855 8.762963 -0.134700
v 12.485855 8.762963 0.134700
v 12.402605 8.762963 0.390915
v 12.244256 8.762963 0.608864
v 12.026306 8.762963 0.767214
v 11.770092 8.762963 0.850463
v 11.500692 8.762963 0.850463
v 11.244477 8.762963 0.767214
v 11.026528 8.762963 0.608864
v 10.868178 8.762963 0.390915
v 10.784929 8.762963 0.134700
v 10.784929 8.762963 -0.134700
v 11.065769 8.501222 -0.290237
v 11.183336 8.501222 -0.452055
v 11.345154 8.501222 -0.569623
v 11.535383 8.501222 -0.631432
v 11.735401 8.501222 -0.631432
v 11.925629 8.501222 -0.569623
v 12.087447 8.501222 -0.452055
v 12.205015 8.501222 -0.290237
v 12.266823 8.501222 -0.100009
v 12.266823 8.501222 0.100009
v 12.205015 8.501222 0.290237
v 12.087447 8.501222 0.452055
v 11.925629 8.501222 0.569623
v 11.735401 8.501222 0.631432
v 11.535383 8.501222 0.631432
v 11.345155 8.501222 0.569623
v 11.183337 8.501222 0.452055
v 11.065769 8.501222 0.290237
v 11.003960 8.501222 0.100009
v 11.003960 8.501222 -0.100009
v 11.222864 8.325316 -0.210193
v 11.308008 8.325316 -0.327384
v 11.425199 8.325316 -0.412528
v 11.562964 8.325316 -0.457290
v 11.707819 8.325316 -0.457290
v 11.845585 8.325316 -0.412528
v 11.962775 8.325316 -0.327384
v 12.047919 8.325316 -0.210193
v 12.092681 8.325316 -0.072427
v 12.092681 8.325316 0.072427
v 12.047919 8.325316 0.210193
v 11.962775 8.325316 0.327384
v 11.845585 8.325316 0.412527
v 11.707819 8.325316 0.457290
v 11.562964 8.325316 0.457290
v 11.425199 8.325316 0.412527
v 11.308008 8.325316 0.327384
v 11.222864 8.325316 0.210193
v 11.178102 8.325316 0.072427
v 11.178102 8.325316 -0.072428
v 11.341307 8.213263 -0.149843
v 11.402005 8.213263 -0.233387
v 11.485548 8.213263 -0.294084
v 11.583759 8.213263 -0.325995
v 11.687024 8.213263 -0.325995
v 11.785235 8.213263 -0.294084
v 11.868778 8.213263 -0.233387
v 11.929476 8.213263 -0.149843
v 11.961386 8.213263 -0.051632
v 11.961386 8.213263 0.051632
v 11.929476 8.213263 0.149843
v 11.868778 8.213263 0.233386
v 11.785235 8.213263 0.294084
v 11.687024 8.213263 0.325994
v 11.583759 8.213263 0.325994
v 11.485549 8.213263 0.294084
v 11.402005 8.213263 0.233386
v 11.341308 8.213263 0.149843
v 11.309397 8.213263 0.051632
v 11.309397 8.213263 -0.051632
v 11.428813 8.145512 -0.105257
v 11.471449 8.145512 -0.163942
v 11.530134 8.145512 -0.206579
v 11.599123 8.145512 -0.228994
v 11.671661 8.145512 -0.228994
v 11.740649 8.145512 -0.206579
v 11.799334 8.145512 -0.163942
v 11.841970 8.145512 -0.105257
v 11.864386 8.145512 -0.036269
v 11.864386 8.145512 0.036269
v 11.841970 8.145512 0.105257
v 11.799334 8.145512 0.163942
v 11.740649 8.145512 0.206579
v 11.671661 8.145512 0.228994
v 11.599123 8.145512 0.228994
v 11.530134 8.145512 0.206579
v 11.471450 8.145512 0.163942
v 11.428813 8.145512 0.105257
v 11.406397 8.145512 0.036269
v 11.406397 8.145512 -0.036269
v 11.493800 8.106886 -0.072145
v 11.523024 8.106886 -0.112368
v 11.563247 8.106886 -0.141591
v 11.610532 8.106886 -0.156955
v 11.660251 8.106886 -0.156955
v 11.707536 8.106886 -0.141591
v 11.747759 8.106886 -0.112368
v 11.776983 8.106886 -0.072144
v 11.792347 8.106886 -0.024859
v 11.792347 8.106886 0.024859
v 11.776983 8.106886 0.072144
v 11.747759 8.106886 0.112368
v 11.707536 8.106886 0.141591
v 11.660251 8.106886 0.156955
v 11.610532 8.106886 0.156955
v 11.563247 8.106886 0.141591
v 11.523024 8.106886 0.112368
v 11.493800 8.106886 0.072144
v 11.478436 8.106886 0.024859
v 11.478436 8.106886 -0.024859
v 11.543194 8.085979 -0.046977
v 11.562223 8.085979 -0.073168
v 11.588415 8.085979 -0.092198
v 11.619204 8.085979 -0.102202
v 11.651579 8.085979 -0.102202
v 11.682369 8.085979 -0.092198
v 11.708560 8.085979 -0.073168
v 11.727589 8.085979 -0.046977
v 11.737594 8.085979 -0.016187
v 11.737594 8.085979 0.016187
v 11.727589 8.085979 0.046977
v 11.708560 8.085979 0.073168
v 11.682369 8.085979 0.092198
v 11.651579 8.085979 0.102202
v 11.619204 8.085979 0.102202
v 11.588415 8.085979 0.092198
v 11.562223 8.085979 0.073168
v 11.543194 8.085979 0.046977
v 11.533190 8.085979 0.016187
v 11.533190 8.085979 -0.016187
v 11.582755 8.074670 -0.026820
v 11.593619 8.074670 -0.041773
v 11.608572 8.074670 -0.052637
v 11.626150 8.074670 -0.058349
v 11.644633 8.074670 -0.058349
v 11.662212 8.074670 -0.052637
v 11.677165 8.074670 -0.041773
v 11.688029 8.074670 -0.026820
v 11.693740 8.074670 -0.009242
v 11.693740 8.074670 0.009241
v 11.688029 8.074670 0.026820
v 11.677165 8.074670 0.041773
v 11.662212 8.074670 0.052637
v 11.644633 8.074670 0.058349
v 11.626150 8.074670 0.058349
v 11.608572 8.074670 0.052637
v 11.593619 8.074670 0.041773
v 11.582755 8.074670 0.026820
v 11.577043 8.074670 0.009241
v 11.577043 8.074670 -0.009242
v 11.463151 12.165344 -0.087761
v 11.498701 12.165344 -0.136691
v 11.547631 12.165344 -0.172241
v 11.605151 12.165344 -0.190930
v 11.665632 12.165344 -0.190930
v 11.723153 12.165344 -0.172241
v 11.772082 12.165344 -0.136691
v 11.807632 12.165344 -0.087761
v 11.826322 12.165344 -0.030240
v 11.826322 12.165344 0.030240
v 11.807632 12.165344 0.087761
v 11.772082 12.165344 0.136691
v 11.723153 12.165344 0.172240
v 11.665632 12.165344 0.190930
v 11.605151 12.165344 0.190930
v 11.547631 12.165344 0.172240
v 11.498701 12.165344 0.136691
v 11.463151 12.165344 0.087761
v 11.444462 12.165344 0.030240
v 11.444462 12.165344 -0.030240
v 11.612304 8.069549 -0.011764
v 11.617069 8.069549 -0.018322
v 11.623628 8.069549 -0.023087
v 11.631338 8.069549 -0.025593
v 11.639445 8.069549 -0.025593
v 11.647155 8.069549 -0.023087
v 11.653714 8.069549 -0.018322
v 11.658479 8.069549 -0.011764
v 11.660984 8.069549 -0.004054
v 11.660984 8.069549 0.004053
v 11.658479 8.069549 0.011764
v 11.653714 8.069549 0.018322
v 11.647155 8.069549 0.023087
v 11.639445 8.069549 0.025593
v 11.631338 8.069549 0.025593
v 11.623628 8.069549 0.023087
v 11.617069 8.069549 0.018322
v 11.612304 8.069549 0.011764
v 11.609799 8.069549 0.004053
v 11.609799 8.069549 -0.004054
vt 0.000000 0.050000
vt 1.000000 0.050000
vt 0.050000 0.050000
vt 0.100000 0.050000
vt 0.150000 0.050000
vt 0.200000 0.050000
vt 0.250000 0.050000
vt 0.300000 0.050000
vt 0.350000 0.050000
vt 0.400000 0.050000
vt 0.450000 0.050000
vt 0.500000 0.050000
vt 0.550000 0.050000
vt 0.600000 0.050000
vt 0.650000 0.050000
vt 0.700000 0.050000
vt 0.750000 0.050000
vt 0.800000 0.050000
vt 0.850000 0.050000
vt 0.900000 0.050000
vt 0.950000 0.050000
vt 0.000000 0.100000
vt 1.000000 0.100000
vt 0.050000 0.100000
vt 0.100000 0.100000
vt 0.150000 0.100000
vt 0.200000 0.100000
vt 0.250000 0.100000
vt 0.300000 0.100000
vt 0.350000 0.100000
vt 0.400000 0.100000
vt 0.450000 0.100000
vt 0.500000 0.100000
vt 0.550000 0.100000
vt 0.600000 0.100000
vt 0.650000 0.100000
vt 0.700000 0.100000
vt 0.750000 0.100000
vt 0.800000 0.100000
vt 0.850000 0.100000
vt 0.900000 0.100000
vt 0.950000 0.100000
vt 0.000000 0.150000
vt 1.000000 0.150000
vt 0.050000 0.150000
vt 0.100000 0.150000
vt 0.150000 0.150000
vt 0.200000 0.150000
vt 0.250000 0.150000
vt 0.300000 0.150000
vt 0.350000 0.150000
vt 0.400000 0.150000
vt 0.450000 0.150000
vt 0.500000 0.150000
vt 0.550000 0.150000
vt 0.600000 0.150000
vt 0.650000 0.150000
vt 0.700000 0.150000
vt 0.750000 0.150000
vt 0.800000 0.150000
vt 0.850000 0.150000
vt 0.900000 0.150000
vt 0.950000 0.150000
vt 0.000000 0.200000
vt 1.000000 0.200000
vt 0.050000 0.200000
vt 0.100000 0.200000
vt 0.150000 0.200000
vt 0.200000 0.200000
vt 0.250000 0.200000
vt 0.300000 0.200000
vt 0.350000 0.200000
vt 0.400000 0.200000
vt 0.450000 0.200000
vt 0.500000 0.200000
vt 0.550000 0.200000
vt 0.600000 0.200000
vt 0.650000 0.200000
vt 0.700000 0.200000
vt 0.750000 0.200000
vt 0.800000 0.200000
vt 0.850000 0.200000
vt 0.900000 0.200000
vt 0.950000 0.200000
vt 0.000000 0.250000
vt 1.000000 0.250000
vt 0.050000 0.250000
vt 0.100000 0.250000
vt 0.150000 0.250000
vt 0.200000 0.250000
vt 0.250000 0.250000
vt 0.300000 0.250000
vt 0.350000 0.250000
vt 0.400000 0.250000
vt 0.450000 0.250000
vt 0.500000 0.250000
vt 0.550000 0.250000
vt 0.600000 0.250000
vt 0.650000 0.250000
vt 0.700000 0.250000
vt 0.750000 0.250000
vt 0.800000 0.250000
vt 0.850000 0.250000
vt 0.900000 0.250000
vt 0.950000 0.250000
vt 0.000000 0.300000
vt 1.000000 0.300000
vt 0.050000 0.300000
vt 0.100000 0.300000
vt 0.150000 0.300000
vt 0.200000 0.300000
vt 0.250000 0.300000
vt 0.300000 0.300000
vt 0.350000 0.300000
vt 0.400000 0.300000
vt 0.450000 0.300000
vt 0.500000 0.300000
vt 0.550000 0.300000
vt 0.600000 0.300000
vt 0.650000 0.300000
vt 0.700000 0.300000
vt 0.750000 0.300000
vt 0.800000 0.300000
vt 0.850000 0.300000
vt 0.900000 0.300000
vt 0.950000 0.300000
vt 0.000000 0.350000
vt 1.000000 0.350000
vt 0.050000 0.350000
vt 0.100000 0.350000
vt 0.150000 0.350000
vt 0.200000 0.350000
vt 0.250000 0.350000
vt 0.300000 0.350000
vt 0.350000 0.350000
vt 0.400000 0.350000
vt 0.450000 0.350000
vt 0.500000 0.350000
vt 0.550000 0.350000
vt 0.600000 0.350000
vt 0.650000 0.350000
vt 0.700000 0.350000
vt 0.750000 0.350000
vt 0.800000 0.350000
vt 0.850000 0.350000
vt 0.900000 0.350000
vt 0.950000 0.350000
vt 0.000000 0.400000
vt 1.000000 0.400000
vt 0.050000 0.400000
vt 0.100000 0.400000
vt 0.150000 0.400000
vt 0.200000 0.400000
vt 0.250000 0.400000
vt 0.300000 0.400000
vt 0.350000 0.400000
vt 0.400000 0.400000
vt 0.450000 0.400000
vt 0.500000 0.400000
vt 0.550000 0.400000
vt 0.600000 0.400000
vt 0.650000 0.400000
vt 0.700000 0.400000
vt 0.750000 0.400000
vt 0.800000 0.400000
vt 0.850000 0.400000
vt 0.900000 0.400000
vt 0.950000 0.400000
vt 0.000000 0.450000
vt 1.000000 0.450000
vt 0.050000 0.450000
vt 0.100000 0.450000
vt 0.150000 0.450000
vt 0.200000 0.450000
vt 0.250000 0.450000
vt 0.300000 0.450000
vt 0.350000 0.450000
vt 0.400000 0.450000
vt 0.450000 0.450000
vt 0.500000 0.450000
vt 0.550000 0.450000
vt 0.600000 0.450000
vt 0.650000 0.450000
vt 0.700000 0.450000
vt 0.750000 0.450000
vt 0.800000 0.450000
vt 0.850000 0.450000
vt 0.900000 0.450000
vt 0.950000 0.450000
vt 0.000000 0.500000
vt 1.000000 0.500000
vt 0.050000 0.500000
vt 0.100000 0.500000
vt 0.150000 0.500000
vt 0.200000 0.500000
vt 0.250000 0.500000
vt 0.300000 0.500000
vt 0.350000 0.500000
vt 0.400000 0.500000
vt 0.450000 0.500000
vt 0.500000 0.500000
vt 0.550000 0.500000
vt 0.600000 0.500000
vt 0.650000 0.500000
vt 0.700000 0.500000
vt 0.750000 0.500000
vt 0.800000 0.500000
vt 0.850000 0.500000
vt 0.900000 0.500000
vt 0.950000 0.500000
vt 0.000000 0.550000
vt 1.000000 0.550000
vt 0.050000 0.550000
vt 0.100000 0.550000
vt 0.150000 0.550000
vt 0.200000 0.550000
vt 0.250000 0.550000
vt 0.300000 0.550000
vt 0.350000 0.550000
vt 0.400000 0.550000
vt 0.450000 0.550000
vt 0.500000 0.550000
vt 0.550000 0.550000
vt 0.600000 0.550000
vt 0.650000 0.550000
vt 0.700000 0.550000
vt 0.750000 0.550000
vt 0.800000 0.550000
vt 0.850000 0.550000
vt 0.900000 0.550000
vt 0.950000 0.550000
vt 0.000000 0.600000
vt 1.000000 0.600000
vt 0.050000 0.600000
vt 0.100000 0.600000
vt 0.150000 0.600000
vt 0.200000 0.600000
vt 0.250000 0.600000
vt 0.300000 0.600000
vt 0.350000 0.600000
vt 0.400000 0.600000
vt 0.450000 0.600000
vt 0.500000 0.600000
vt 0.550000 0.600000
vt 0.600000 0.600000
vt 0.650000 0.600000
vt 0.700000 0.600000
vt 0.750000 0.600000
vt 0.800000 0.600000
vt 0.850000 0.600000
vt 0.900000 0.600000
vt 0.950000 0.600000
vt 0.000000 0.650000
vt 1.000000 0.650000
vt 0.050000 0.650000
vt 0.100000 0.650000
vt 0.150000 0.650000
vt 0.200000 0.650000
vt 0.250000 0.650000
vt 0.300000 0.650000
vt 0.350000 0.650000
vt 0.400000 0.650000
vt 0.450000 0.650000
vt 0.500000 0.650000
vt 0.550000 0.650000
vt 0.600000 0.650000
vt 0.650000 0.650000
vt 0.700000 0.650000
vt 0.750000 0.650000
vt 0.800000 0.650000
vt 0.850000 0.650000
vt 0.900000 0.650000
vt 0.950000 0.650000
vt 0.000000 0.700000
vt 1.000000 0.700000
vt 0.050000 0.700000
vt 0.100000 0.700000
vt 0.150000 0.700000
vt 0.200000 0.700000
vt 0.250000 0.700000
vt 0.300000 0.700000
vt 0.350000 0.700000
vt 0.400000 0.700000
vt 0.450000 0.700000
vt 0.500000 0.700000
vt 0.550000 0.700000
vt 0.600000 0.700000
vt 0.650000 0.700000
vt 0.700000 0.700000
vt 0.750000 0.700000
vt 0.800000 0.700000
vt 0.850000 0.700000
vt 0.900000 0.700000
vt 0.950000 0.700000
vt 0.000000 0.750000
vt 1.000000 0.750000
vt 0.050000 0.750000
vt 0.100000 0.750000
vt 0.150000 0.750000
vt 0.200000 0.750000
vt 0.250000 0.750000
vt 0.300000 0.750000
vt 0.350000 0.750000
vt 0.400000 0.750000
vt 0.450000 0.750000
vt 0.500000 0.750000
vt 0.550000 0.750000
vt 0.600000 0.750000
vt 0.650000 0.750000
vt 0.700000 0.750000
vt 0.750000 0.750000
vt 0.800000 0.750000
vt 0.850000 0.750000
vt 0.900000 0.750000
vt 0.950000 0.750000
vt 0.000000 0.800000
vt 1.000000 0.800000
vt 0.050000 0.800000
vt 0.100000 0.800000
vt 0.150000 0.800000
vt 0.200000 0.800000
vt 0.250000 0.800000
vt 0.300000 0.800000
vt 0.350000 0.800000
vt 0.400000 0.800000
vt 0.450000 0.800000
vt 0.500000 0.800000
vt 0.550000 0.800000
vt 0.600000 0.800000
vt 0.650000 0.800000
vt 0.700000 0.800000
vt 0.750000 0.800000
vt 0.800000 0.800000
vt 0.850000 0.800000
vt 0.900000 0.800000
vt 0.950000 0.800000
vt 0.000000 0.850000
vt 1.000000 0.850000
vt 0.050000 0.850000
vt 0.100000 0.850000
vt 0.150000 0.850000
vt 0.200000 0.850000
vt 0.250000 0.850000
vt 0.300000 0.850000
vt 0.350000 0.850000
vt 0.400000 0.850000
vt 0.450000 0.850000
vt 0.500000 0.850000
vt 0.550000 0.850000
vt 0.600000 0.850000
vt 0.650000 0.850000
vt 0.700000 0.850000
vt 0.750000 0.850000
vt 0.800000 0.850000
vt 0.850000 0.850000
vt 0.900000 0.850000
vt 0.950000 0.850000
vt 0.000000 0.900000
vt 1.000000 0.900000
vt 0.050000 0.900000
vt 0.100000 0.900000
vt 0.150000 0.900000
vt 0.200000 0.900000
vt 0.250000 0.900000
vt 0.300000 0.900000
vt 0.350000 0.900000
vt 0.400000 0.900000
vt 0.450000 0.900000
vt 0.500000 0.900000
vt 0.550000 0.900000
vt 0.600000 0.900000
vt 0.650000 0.900000
vt 0.700000 0.900000
vt 0.750000 0.900000
vt 0.800000 0.900000
vt 0.850000 0.900000
vt 0.900000 0.900000
vt 0.950000 0.900000
vt 0.000000 0.950000
vt 1.000000 0.950000
vt 0.050000 0.950000
vt 0.100000 0.950000
vt 0.150000 0.950000
vt 0.200000 0.950000
vt 0.250000 0.950000
vt 0.300000 0.950000
vt 0.350000 0.950000
vt 0.400000 0.950000
vt 0.450000 0.950000
vt 0.500000 0.950000
vt 0.550000 0.950000
vt 0.600000 0.950000
vt 0.650000 0.950000
vt 0.700000 0.950000
vt 0.750000 0.950000
vt 0.800000 0.950000
vt 0.850000 0.950000
vt 0.900000 0.950000
vt 0.950000 0.950000
vt 0.025000 0.000000
vt 0.975000 0.000000
vt 0.925000 0.000000
vt 0.875000 0.000000
vt 0.825000 0.000000
vt 0.775000 0.000000
vt 0.725000 0.000000
vt 0.675000 0.000000
vt 0.625000 0.000000
vt 0.575000 0.000000
vt 0.525000 0.000000
vt 0.475000 0.000000
vt 0.425000 0.000000
vt 0.375000 0.000000
vt 0.325000 0.000000
vt 0.275000 0.000000
vt 0.225000 0.000000
vt 0.175000 0.000000
vt 0.125000 0.000000
vt 0.075000 0.000000
vt 0.025000 1.000000
vt 0.075000 1.000000
vt 0.125000 1.000000
vt 0.175000 1.000000
vt 0.225000 1.000000
vt 0.275000 1.000000
vt 0.325000 1.000000
vt 0.375000 1.000000
vt 0.425000 1.000000
vt 0.475000 1.000000
vt 0.525000 1.000000
vt 0.575000 1.000000
vt 0.625000 1.000000
vt 0.675000 1.000000
vt 0.725000 1.000000
vt 0.775000 1.000000
vt 0.825000 1.000000
vt 0.875000 1.000000
vt 0.925000 1.000000
vt 0.975000 1.000000
vt 0.025000 0.075000
vt 0.075000 0.075000
vt 0.125000 0.075000
vt 0.175000 0.075000
vt 0.225000 0.075000
vt 0.275000 0.075000
vt 0.325000 0.075000
vt 0.375000 0.075000
vt 0.425000 0.075000
vt 0.475000 0.075000
vt 0.525000 0.075000
vt 0.575000 0.075000
vt 0.625000 0.075000
vt 0.675000 0.075000
vt 0.725000 0.075000
vt 0.775000 0.075000
vt 0.825000 0.075000
vt 0.875000 0.075000
vt 0.925000 0.075000
vt 0.975000 0.075000
vt 0.025000 0.125000
vt 0.075000 0.125000
vt 0.125000 0.125000
vt 0.175000 0.125000
vt 0.225000 0.125000
vt 0.275000 0.125000
vt 0.325000 0.125000
vt 0.375000 0.125000
vt 0.425000 0.125000
vt 0.475000 0.125000
vt 0.525000 0.125000
vt 0.575000 0.125000
vt 0.625000 0.125000
vt 0.675000 0.125000
vt 0.725000 0.125000
vt 0.775000 0.125000
vt 0.825000 0.125000
vt 0.875000 0.125000
vt 0.925000 0.125000
vt 0.975000 0.125000
vt 0.025000 0.175000
vt 0.075000 0.175000
vt 0.125000 0.175000
vt 0.175000 0.175000
vt 0.225000 0.175000
vt 0.275000 0.175000
vt 0.325000 0.175000
vt 0.375000 0.175000
vt 0.425000 0.175000
vt 0.475000 0.175000
vt 0.525000 0.175000
vt 0.575000 0.175000
vt 0.625000 0.175000
vt 0.675000 0.175000
vt 0.725000 0.175000
vt 0.775000 0.175000
vt 0.825000 0.175000
vt 0.875000 0.175000
vt 0.925000 0.175000
vt 0.975000 0.175000
vt 0.025000 0.225000
vt 0.075000 0.225000
vt 0.125000 0.225000
vt 0.175000 0.225000
vt 0.225000 0.225000
vt 0.275000 0.225000
vt 0.325000 0.225000
vt 0.375000 0.225000
vt 0.425000 0.225000
vt 0.475000 0.225000
vt 0.525000 0.225000
vt 0.575000 0.225000
vt 0.625000 0.225000
vt 0.675000 0.225000
vt 0.725000 0.225000
vt 0.775000 0.225000
vt 0.825000 0.225000
vt 0.875000 0.225000
vt 0.925000 0.225000
vt 0.975000 0.225000
vt 0.025000 0.275000
vt 0.075000 0.275000
vt 0.125000 0.275000
vt 0.175000 0.275000
vt 0.225000 0.275000
vt 0.275000 0.275000
vt 0.325000 0.275000
vt 0.375000 0.275000
vt 0.425000 0.275000
vt 0.475000 0.275000
vt 0.525000 0.275000
vt 0.575000 0.275000
vt 0.625000 0.275000
vt 0.675000 0.275000
vt 0.725000 0.275000
vt 0.775000 0.275000
vt 0.825000 0.275000
vt 0.875000 0.275000
vt 0.925000 0.275000
vt 0.975000 0.275000
vt 0.025000 0.325000
vt 0.075000 0.325000
vt 0.125000 0.325000
vt 0.175000 0.325000
vt 0.225000 0.325000
vt 0.275000 0.325000
vt 0.325000 0.325000
vt 0.375000 0.325000
vt 0.425000 0.325000
vt 0.475000 0.325000
vt 0.525000 0.325000
vt 0.575000 0.325000
vt 0.625000 0.325000
vt 0.675000 0.325000
vt 0.725000 0.325000
vt 0.775000 0.325000
vt 0.825000 0.325000
vt 0.875000 0.325000
vt 0.925000 0.325000
vt 0.975000 0.325000
vt 0.025000 0.375000
vt 0.075000 0.375000
vt 0.125000 0.375000
vt 0.175000 0.375000
vt 0.225000 0.375000
vt 0.275000 0.375000
vt 0.325000 0.375000
vt 0.375000 0.375000
vt 0.425000 0.375000
vt 0.475000 0.375000
vt 0.525000 0.375000
vt 0.575000 0.375000
vt 0.625000 0.375000
vt 0.675000 0.375000
vt 0.725000 0.375000
vt 0.775000 0.375000
vt 0.825000 0.375000
vt 0.875000 0.375000
vt 0.925000 0.375000
vt 0.975000 0.375000
vt 0.025000 0.425000
vt 0.075000 0.425000
vt 0.125000 0.425000
vt 0.175000 0.425000
vt 0.225000 0.425000
vt 0.275000 0.425000
vt 0.325000 0.425000
vt 0.375000 0.425000
vt 0.425000 0.425000
vt 0.475000 0.425000
vt 0.525000 0.425000
vt 0.575000 0.425000
vt 0.625000 0.425000
vt 0.675000 0.425000
vt 0.725000 0.425000
vt 0.775000 0.425000
vt 0.825000 0.425000
vt 0.875000 0.425000
vt 0.925000 0.425000
vt 0.975000 0.425000
vt 0.025000 0.475000
vt 0.075000 0.475000
vt 0.125000 0.475000
vt 0.175000 0.475000
vt 0.225000 0.475000
vt 0.275000 0.475000
vt 0.325000 0.475000
vt 0.375000 0.475000
vt 0.425000 0.475000
vt 0.475000 0.475000
vt 0.525000 0.475000
vt 0.575000 0.475000
vt 0.625000 0.475000
vt 0.675000 0.475000
vt 0.725000 0.475000
vt 0.775000 0.475000
vt 0.825000 0.475000
vt 0.875000 0.475000
vt 0.925000 0.475000
vt 0.975000 0.475000
vt 0.025000 0.525000
vt 0.075000 0.525000
vt 0.125000 0.525000
vt 0.175000 0.525000
vt 0.225000 0.525000
vt 0.275000 0.525000
vt 0.325000 0.525000
vt 0.375000 0.525000
vt 0.425000 0.525000
vt 0.475000 0.525000
vt 0.525000 0.525000
vt 0.575000 0.525000
vt 0.625000 0.525000
vt 0.675000 0.525000
vt 0.725000 0.525000
vt 0.775000 0.525000
vt 0.825000 0.525000
vt 0.875000 0.525000
vt 0.925000 0.525000
vt 0.975000 0.525000
vt 0.025000 0.575000
vt 0.075000 0.575000
vt 0.125000 0.575000
vt 0.175000 0.575000
vt 0.225000 0.575000
vt 0.275000 0.575000
vt 0.325000 0.575000
vt 0.375000 0.575000
vt 0.425000 0.575000
vt 0.475000 0.575000
vt 0.525000 0.575000
vt 0.575000 0.575000
vt 0.625000 0.575000
vt 0.675000 0.575000
vt 0.725000 0.575000
vt 0.775000 0.575000
vt 0.825000 0.575000
vt 0.875000 0.575000
vt 0.925000 0.575000
vt 0.975000 0.575000
vt 0.025000 0.625000
vt 0.075000 0.625000
vt 0.125000 0.625000
vt 0.175000 0.625000
vt 0.225000 0.625000
vt 0.275000 0.625000
vt 0.325000 0.625000
vt 0.375000 0.625000
vt 0.425000 0.625000
vt 0.475000 0.625000
vt 0.525000 0.625000
vt 0.575000 0.625000
vt 0.625000 0.625000
vt 0.675000 0.625000
vt 0.725000 0.625000
vt 0.775000 0.625000
vt 0.825000 0.625000
vt 0.875000 0.625000
vt 0.925000 0.625000
vt 0.975000 0.625000
vt 0.025000 0.675000
vt 0.075000 0.675000
vt 0.125000 0.675000
vt 0.175000 0.675000
vt 0.225000 0.675000
vt 0.275000 0.675000
vt 0.325000 0.675000
vt 0.375000 0.675000
vt 0.425000 0.675000
vt 0.475000 0.675000
vt 0.525000 0.675000
vt 0.575000 0.675000
vt 0.625000 0.675000
vt 0.675000 0.675000
vt 0.725000 0.675000
vt 0.775000 0.675000
vt 0.825000 0.675000
vt 0.875000 0.675000
vt 0.925000 0.675000
vt 0.975000 0.675000
vt 0.025000 0.725000
vt 0.075000 0.725000
vt 0.125000 0.725000
vt 0.175000 0.725000
vt 0.225000 0.725000
vt 0.275000 0.725000
vt 0.325000 0.725000
vt 0.375000 0.725000
vt 0.425000 0.725000
vt 0.475000 0.725000
vt 0.525000 0.725000
vt 0.575000 0.725000
vt 0.625000 0.725000
vt 0.675000 0.725000
vt 0.725000 0.725000
vt 0.775000 0.725000
vt 0.825000 0.725000
vt 0.875000 0.725000
vt 0.925000 0.725000
vt 0.975000 0.725000
vt 0.025000 0.775000
vt 0.075000 0.775000
vt 0.125000 0.775000
vt 0.175000 0.775000
vt 0.225000 0.775000
vt 0.275000 0.775000
vt 0.325000 0.775000
vt 0.375000 0.775000
vt 0.425000 0.775000
vt 0.475000 0.775000
vt 0.525000 0.775000
vt 0.575000 0.775000
vt 0.625000 0.775000
vt 0.675000 0.775000
vt 0.725000 0.775000
vt 0.775000 0.775000
vt 0.825000 0.775000
vt 0.875000 0.775000
vt 0.925000 0.775000
vt 0.975000 0.775000
vt 0.025000 0.825000
vt 0.075000 0.825000
vt 0.125000 0.825000
vt 0.175000 0.825000
vt 0.225000 0.825000
vt 0.275000 0.825000
vt 0.325000 0.825000
vt 0.375000 0.825000
vt 0.425000 0.825000
vt 0.475000 0.825000
vt 0.525000 0.825000
vt 0.575000 0.825000
vt 0.625000 0.825000
vt 0.675000 0.825000
vt 0.725000 0.825000
vt 0.775000 0.825000
vt 0.825000 0.825000
vt 0.875000 0.825000
vt 0.925000 0.825000
vt 0.975000 0.825000
vt 0.025000 0.875000
vt 0.075000 0.875000
vt 0.125000 0.875000
vt 0.175000 0.875000
vt 0.225000 0.875000
vt 0.275000 0.875000
vt 0.325000 0.875000
vt 0.375000 0.875000
vt 0.425000 0.875000
vt 0.475000 0.875000
vt 0.525000 0.875000
vt 0.575000 0.875000
vt 0.625000 0.875000
vt 0.675000 0.875000
vt 0.725000 0.875000
vt 0.775000 0.875000
vt 0.825000 0.875000
vt 0.875000 0.875000
vt 0.925000 0.875000
vt 0.975000 0.875000
vt 0.025000 0.925000
vt 0.075000 0.925000
vt 0.125000 0.925000
vt 0.175000 0.925000
vt 0.225000 0.925000
vt 0.275000 0.925000
vt 0.325000 0.925000
vt 0.375000 0.925000
vt 0.425000 0.925000
vt 0.475000 0.925000
vt 0.525000 0.925000
vt 0.575000 0.925000
vt 0.625000 0.925000
vt 0.675000 0.925000
vt 0.725000 0.925000
vt 0.775000 0.925000
vt 0.825000 0.925000
vt 0.875000 0.925000
vt 0.925000 0.925000
vt 0.975000 0.925000
vt 0.025000 0.033333
vt 0.075000 0.033333
vt 0.125000 0.033333
vt 0.175000 0.033333
vt 0.225000 0.033333
vt 0.275000 0.033333
vt 0.325000 0.033333
vt 0.375000 0.033333
vt 0.425000 0.033333
vt 0.475000 0.033333
vt 0.525000 0.033333
vt 0.575000 0.033333
vt 0.625000 0.033333
vt 0.675000 0.033333
vt 0.725000 0.033333
vt 0.775000 0.033333
vt 0.825000 0.033333
vt 0.875000 0.033333
vt 0.925000 0.033333
vt 0.975000 0.033333
vt 0.025000 0.966667
vt 0.075000 0.966667
vt 0.125000 0.966667
vt 0.175000 0.966667
vt 0.225000 0.966667
vt 0.275000 0.966667
vt 0.325000 0.966667
vt 0.375000 0.966667
vt 0.425000 0.966667
vt 0.475000 0.966667
vt 0.525000 0.966667
vt 0.575000 0.966667
vt 0.625000 0.966667
vt 0.675000 0.966667
vt 0.725000 0.966667
vt 0.775000 0.966667
vt 0.825000 0.966667
vt 0.875000 0.966667
vt 0.925000 0.966667
vt 0.975000 0.966667
vt 0.025000 0.052083
vt 0.050000 0.075000
vt 0.025000 0.100000
vt 0.000000 0.075000
vt 1.000000 0.075000
vt 0.075000 0.052083
vt 0.100000 0.075000
vt 0.075000 0.100000
vt 0.125000 0.052083
vt 0.150000 0.075000
vt 0.125000 0.100000
vt 0.175000 0.052083
vt 0.200000 0.075000
vt 0.175000 0.100000
vt 0.225000 0.052083
vt 0.250000 0.075000
vt 0.225000 0.100000
vt 0.275000 0.052083
vt 0.300000 0.075000
vt 0.275000 0.100000
vt 0.325000 0.052083
vt 0.350000 0.075000
vt 0.325000 0.100000
vt 0.375000 0.052083
vt 0.400000 0.075000
vt 0.375000 0.100000
vt 0.425000 0.052083
vt 0.450000 0.075000
vt 0.425000 0.100000
vt 0.475000 0.052083
vt 0.500000 0.075000
vt 0.475000 0.100000
vt 0.525000 0.052083
vt 0.550000 0.075000
vt 0.525000 0.100000
vt 0.575000 0.052083
vt 0.600000 0.075000
vt 0.575000 0.100000
vt 0.625000 0.052083
vt 0.650000 0.075000
vt 0.625000 0.100000
vt 0.675000 0.052083
vt 0.700000 0.075000
vt 0.675000 0.100000
vt 0.725000 0.052083
vt 0.750000 0.075000
vt 0.725000 0.100000
vt 0.775000 0.052083
vt 0.800000 0.075000
vt 0.775000 0.100000
vt 0.825000 0.052083
vt 0.850000 0.075000
vt 0.825000 0.100000
vt 0.875000 0.052083
vt 0.900000 0.075000
vt 0.875000 0.100000
vt 0.925000 0.052083
vt 0.950000 0.075000
vt 0.925000 0.100000
vt 0.975000 0.052083
vt 0.975000 0.100000
vt 0.050000 0.125000
vt 0.025000 0.150000
vt 0.000000 0.125000
vt 1.000000 0.125000
vt 0.100000 0.125000
vt 0.075000 0.150000
vt 0.150000 0.125000
vt 0.125000 0.150000
vt 0.200000 0.125000
vt 0.175000 0.150000
vt 0.250000 0.125000
vt 0.225000 0.150000
vt 0.300000 0.125000
vt 0.275000 0.150000
vt 0.350000 0.125000
vt 0.325000 0.150000
vt 0.400000 0.125000
vt 0.375000 0.150000
vt 0.450000 0.125000
vt 0.425000 0.150000
vt 0.500000 0.125000
vt 0.475000 0.150000
vt 0.550000 0.125000
vt 0.525000 0.150000
vt 0.600000 0.125000
vt 0.575000 0.150000
vt 0.650000 0.125000
vt 0.625000 0.150000
vt 0.700000 0.125000
vt 0.675000 0.150000
vt 0.750000 0.125000
vt 0.725000 0.150000
vt 0.800000 0.125000
vt 0.775000 0.150000
vt 0.850000 0.125000
vt 0.825000 0.150000
vt 0.900000 0.125000
vt 0.875000 0.150000
vt 0.950000 0.125000
vt 0.925000 0.150000
vt 0.975000 0.150000
vt 0.050000 0.175000
vt 0.025000 0.200000
vt 0.000000 0.175000
vt 1.000000 0.175000
vt 0.100000 0.175000
vt 0.075000 0.200000
vt 0.150000 0.175000
vt 0.125000 0.200000
vt 0.200000 0.175000
vt 0.175000 0.200000
vt 0.250000 0.175000
vt 0.225000 0.200000
vt 0.300000 0.175000
vt 0.275000 0.200000
vt 0.350000 0.175000
vt 0.325000 0.200000
vt 0.400000 0.175000
vt 0.375000 0.200000
vt 0.450000 0.175000
vt 0.425000 0.200000
vt 0.500000 0.175000
vt 0.475000 0.200000
vt 0.550000 0.175000
vt 0.525000 0.200000
vt 0.600000 0.175000
vt 0.575000 0.200000
vt 0.650000 0.175000
vt 0.625000 0.200000
vt 0.700000 0.175000
vt 0.675000 0.200000
vt 0.750000 0.175000
vt 0.725000 0.200000
vt 0.800000 0.175000
vt 0.775000 0.200000
vt 0.850000 0.175000
vt 0.825000 0.200000
vt 0.900000 0.175000
vt 0.875000 0.200000
vt 0.950000 0.175000
vt 0.925000 0.200000
vt 0.975000 0.200000
vt 0.050000 0.225000
vt 0.025000 0.250000
vt 0.000000 0.225000
vt 1.000000 0.225000
vt 0.100000 0.225000
vt 0.075000 0.250000
vt 0.150000 0.225000
vt 0.125000 0.250000
vt 0.200000 0.225000
vt 0.175000 0.250000
vt 0.250000 0.225000
vt 0.225000 0.250000
vt 0.300000 0.225000
vt 0.275000 0.250000
vt 0.350000 0.225000
vt 0.325000 0.250000
vt 0.400000 0.225000
vt 0.375000 0.250000
vt 0.450000 0.225000
vt 0.425000 0.250000
vt 0.500000 0.225000
vt 0.475000 0.250000
vt 0.550000 0.225000
vt 0.525000 0.250000
vt 0.600000 0.225000
vt 0.575000 0.250000
vt 0.650000 0.225000
vt 0.625000 0.250000
vt 0.700000 0.225000
vt 0.675000 0.250000
vt 0.750000 0.225000
vt 0.725000 0.250000
vt 0.800000 0.225000
vt 0.775000 0.250000
vt 0.850000 0.225000
vt 0.825000 0.250000
vt 0.900000 0.225000
vt 0.875000 0.250000
vt 0.950000 0.225000
vt 0.925000 0.250000
vt 0.975000 0.250000
vt 0.050000 0.275000
vt 0.025000 0.300000
vt 0.000000 0.275000
vt 1.000000 0.275000
vt 0.100000 0.275000
vt 0.075000 0.300000
vt 0.150000 0.275000
vt 0.125000 0.300000
vt 0.200000 0.275000
vt 0.175000 0.300000
vt 0.250000 0.275000
vt 0.225000 0.300000
vt 0.300000 0.275000
vt 0.275000 0.300000
vt 0.350000 0.275000
vt 0.325000 0.300000
vt 0.400000 0.275000
vt 0.375000 0.300000
vt 0.450000 0.275000
vt 0.425000 0.300000
vt 0.500000 0.275000
vt 0.475000 0.300000
vt 0.550000 0.275000
vt 0.525000 0.300000
vt 0.600000 0.275000
vt 0.575000 0.300000
vt 0.650000 0.275000
vt 0.625000 0.300000
vt 0.700000 0.275000
vt 0.675000 0.300000
vt 0.750000 0.275000
vt 0.725000 0.300000
vt 0.800000 0.275000
vt 0.775000 0.300000
vt 0.850000 0.275000
vt 0.825000 0.300000
vt 0.900000 0.275000
vt 0.875000 0.300000
vt 0.950000 0.275000
vt 0.925000 0.300000
vt 0.975000 0.300000
vt 0.050000 0.325000
vt 0.025000 0.350000
vt 0.000000 0.325000
vt 1.000000 0.325000
vt 0.100000 0.325000
vt 0.075000 0.350000
vt 0.150000 0.325000
vt 0.125000 0.350000
vt 0.200000 0.325000
vt 0.175000 0.350000
vt 0.250000 0.325000
vt 0.225000 0.350000
vt 0.300000 0.325000
vt 0.275000 0.350000
vt 0.350000 0.325000
vt 0.325000 0.350000
vt 0.400000 0.325000
vt 0.375000 0.350000
vt 0.450000 0.325000
vt 0.425000 0.350000
vt 0.500000 0.325000
vt 0.475000 0.350000
vt 0.550000 0.325000
vt 0.525000 0.350000
vt 0.600000 0.325000
vt 0.575000 0.350000
vt 0.650000 0.325000
vt 0.625000 0.350000
vt 0.700000 0.325000
vt 0.675000 0.350000
vt 0.750000 0.325000
vt 0.725000 0.350000
vt 0.800000 0.325000
vt 0.775000 0.350000
vt 0.850000 0.325000
vt 0.825000 0.350000
vt 0.900000 0.325000
vt 0.875000 0.350000
vt 0.950000 0.325000
vt 0.925000 0.350000
vt 0.975000 0.350000
vt 0.050000 0.375000
vt 0.025000 0.400000
vt 0.000000 0.375000
vt 1.000000 0.375000
vt 0.100000 0.375000
vt 0.075000 0.400000
vt 0.150000 0.375000
vt 0.125000 0.400000
vt 0.200000 0.375000
vt 0.175000 0.400000
vt 0.250000 0.375000
vt 0.225000 0.400000
vt 0.300000 0.375000
vt 0.275000 0.400000
vt 0.350000 0.375000
vt 0.325000 0.400000
vt 0.400000 0.375000
vt 0.375000 0.400000
vt 0.450000 0.375000
vt 0.425000 0.400000
vt 0.500000 0.375000
vt 0.475000 0.400000
vt 0.550000 0.375000
vt 0.525000 0.400000
vt 0.600000 0.375000
vt 0.575000 0.400000
vt 0.650000 0.375000
vt 0.625000 0.400000
vt 0.700000 0.375000
vt 0.675000 0.400000
vt 0.750000 0.375000
vt 0.725000 0.400000
vt 0.800000 0.375000
vt 0.775000 0.400000
vt 0.850000 0.375000
vt 0.825000 0.400000
vt 0.900000 0.375000
vt 0.875000 0.400000
vt 0.950000 0.375000
vt 0.925000 0.400000
vt 0.975000 0.400000
vt 0.050000 0.425000
vt 0.025000 0.450000
vt 0.000000 0.425000
vt 1.000000 0.425000
vt 0.100000 0.425000
vt 0.075000 0.450000
vt 0.150000 0.425000
vt 0.125000 0.450000
vt 0.200000 0.425000
vt 0.175000 0.450000
vt 0.250000 0.425000
vt 0.225000 0.450000
vt 0.300000 0.425000
vt 0.275000 0.450000
vt 0.350000 0.425000
vt 0.325000 0.450000
vt 0.400000 0.425000
vt 0.375000 0.450000
vt 0.450000 0.425000
vt 0.425000 0.450000
vt 0.500000 0.425000
vt 0.475000 0.450000
vt 0.550000 0.425000
vt 0.525000 0.450000
vt 0.600000 0.425000
vt 0.575000 0.450000
vt 0.650000 0.425000
vt 0.625000 0.450000
vt 0.700000 0.425000
vt 0.675000 0.450000
vt 0.750000 0.425000
vt 0.725000 0.450000
vt 0.800000 0.425000
vt 0.775000 0.450000
vt 0.850000 0.425000
vt 0.825000 0.450000
vt 0.900000 0.425000
vt 0.875000 0.450000
vt 0.950000 0.425000
vt 0.925000 0.450000
vt 0.975000 0.450000
vt 0.050000 0.475000
vt 0.025000 0.500000
vt 0.000000 0.475000
vt 1.000000 0.475000
vt 0.100000 0.475000
vt 0.075000 0.500000
vt 0.150000 0.475000
vt 0.125000 0.500000
vt 0.200000 0.475000
vt 0.175000 0.500000
vt 0.250000 0.475000
vt 0.225000 0.500000
vt 0.300000 0.475000
vt 0.275000 0.500000
vt 0.350000 0.475000
vt 0.325000 0.500000
vt 0.400000 0.475000
vt 0.375000 0.500000
vt 0.450000 0.475000
vt 0.425000 0.500000
vt 0.500000 0.475000
vt 0.475000 0.500000
vt 0.550000 0.475000
vt 0.525000 0.500000
vt 0.600000 0.475000
vt 0.575000 0.500000
vt 0.650000 0.475000
vt 0.625000 0.500000
vt 0.700000 0.475000
vt 0.675000 0.500000
vt 0.750000 0.475000
vt 0.725000 0.500000
vt 0.800000 0.475000
vt 0.775000 0.500000
vt 0.850000 0.475000
vt 0.825000 0.500000
vt 0.900000 0.475000
vt 0.875000 0.500000
vt 0.950000 0.475000
vt 0.925000 0.500000
vt 0.975000 0.500000
vt 0.050000 0.525000
vt 0.025000 0.550000
vt 0.000000 0.525000
vt 1.000000 0.525000
vt 0.100000 0.525000
vt 0.075000 0.550000
vt 0.150000 0.525000
vt 0.125000 0.550000
vt 0.200000 0.525000
vt 0.175000 0.550000
vt 0.250000 0.525000
vt 0.225000 0.550000
vt 0.300000 0.525000
vt 0.275000 0.550000
vt 0.350000 0.525000
vt 0.325000 0.550000
vt 0.400000 0.525000
vt 0.375000 0.550000
vt 0.450000 0.525000
vt 0.425000 0.550000
vt 0.500000 0.525000
vt 0.475000 0.550000
vt 0.550000 0.525000
vt 0.525000 0.550000
vt 0.600000 0.525000
vt 0.575000 0.550000
vt 0.650000 0.525000
vt 0.625000 0.550000
vt 0.700000 0.525000
vt 0.675000 0.550000
vt 0.750000 0.525000
vt 0.725000 0.550000
vt 0.800000 0.525000
vt 0.775000 0.550000
vt 0.850000 0.525000
vt 0.825000 0.550000
vt 0.900000 0.525000
vt 0.875000 0.550000
vt 0.950000 0.525000
vt 0.925000 0.550000
vt 0.975000 0.550000
vt 0.050000 0.575000
vt 0.025000 0.600000
vt 0.000000 0.575000
vt 1.000000 0.575000
vt 0.100000 0.575000
vt 0.075000 0.600000
vt 0.150000 0.575000
vt 0.125000 0.600000
vt 0.200000 0.575000
vt 0.175000 0.600000
vt 0.250000 0.575000
vt 0.225000 0.600000
vt 0.300000 0.575000
vt 0.275000 0.600000
vt 0.350000 0.575000
vt 0.325000 0.600000
vt 0.400000 0.575000
vt 0.375000 0.600000
vt 0.450000 0.575000
vt 0.425000 0.600000
vt 0.500000 0.575000
vt 0.475000 0.600000
vt 0.550000 0.575000
vt 0.525000 0.600000
vt 0.600000 0.575000
vt 0.575000 0.600000
vt 0.650000 0.575000
vt 0.625000 0.600000
vt 0.700000 0.575000
vt 0.675000 0.600000
vt 0.750000 0.575000
vt 0.725000 0.600000
vt 0.800000 0.575000
vt 0.775000 0.600000
vt 0.850000 0.575000
vt 0.825000 0.600000
vt 0.900000 0.575000
vt 0.875000 0.600000
vt 0.950000 0.575000
vt 0.925000 0.600000
vt 0.975000 0.600000
vt 0.050000 0.625000
vt 0.025000 0.650000
vt 0.000000 0.625000
vt 1.000000 0.625000
vt 0.100000 0.625000
vt 0.075000 0.650000
vt 0.150000 0.625000
vt 0.125000 0.650000
vt 0.200000 0.625000
vt 0.175000 0.650000
vt 0.250000 0.625000
vt 0.225000 0.650000
vt 0.300000 0.625000
vt 0.275000 0.650000
vt 0.350000 0.625000
vt 0.325000 0.650000
vt 0.400000 0.625000
vt 0.375000 0.650000
vt 0.450000 0.625000
vt 0.425000 0.650000
vt 0.500000 0.625000
vt 0.475000 0.650000
vt 0.550000 0.625000
vt 0.525000 0.650000
vt 0.600000 0.625000
vt 0.575000 0.650000
vt 0.650000 0.625000
vt 0.625000 0.650000
vt 0.700000 0.625000
vt 0.675000 0.650000
vt 0.750000 0.625000
vt 0.725000 0.650000
vt 0.800000 0.625000
vt 0.775000 0.650000
vt 0.850000 0.625000
vt 0.825000 0.650000
vt 0.900000 0.625000
vt 0.875000 0.650000
vt 0.950000 0.625000
vt 0.925000 0.650000
vt 0.975000 0.650000
vt 0.050000 0.675000
vt 0.025000 0.700000
vt 0.000000 0.675000
vt 1.000000 0.675000
vt 0.100000 0.675000
vt 0.075000 0.700000
vt 0.150000 0.675000
vt 0.125000 0.700000
vt 0.200000 0.675000
vt 0.175000 0.700000
vt 0.250000 0.675000
vt 0.225000 0.700000
vt 0.300000 0.675000
vt 0.275000 0.700000
vt 0.350000 0.675000
vt 0.325000 0.700000
vt 0.400000 0.675000
vt 0.375000 0.700000
vt 0.450000 0.675000
vt 0.425000 0.700000
vt 0.500000 0.675000
vt 0.475000 0.700000
vt 0.550000 0.675000
vt 0.525000 0.700000
vt 0.600000 0.675000
vt 0.575000 0.700000
vt 0.650000 0.675000
vt 0.625000 0.700000
vt 0.700000 0.675000
vt 0.675000 0.700000
vt 0.750000 0.675000
vt 0.725000 0.700000
vt 0.800000 0.675000
vt 0.775000 0.700000
vt 0.850000 0.675000
vt 0.825000 0.700000
vt 0.900000 0.675000
vt 0.875000 0.700000
vt 0.950000 0.675000
vt 0.925000 0.700000
vt 0.975000 0.700000
vt 0.050000 0.725000
vt 0.025000 0.750000
vt 0.000000 0.725000
vt 1.000000 0.725000
vt 0.100000 0.725000
vt 0.075000 0.750000
vt 0.150000 0.725000
vt 0.125000 0.750000
vt 0.200000 0.725000
vt 0.175000 0.750000
vt 0.250000 0.725000
vt 0.225000 0.750000
vt 0.300000 0.725000
vt 0.275000 0.750000
vt 0.350000 0.725000
vt 0.325000 0.750000
vt 0.400000 0.725000
vt 0.375000 0.750000
vt 0.450000 0.725000
vt 0.425000 0.750000
vt 0.500000 0.725000
vt 0.475000 0.750000
vt 0.550000 0.725000
vt 0.525000 0.750000
vt 0.600000 0.725000
vt 0.575000 0.750000
vt 0.650000 0.725000
vt 0.625000 0.750000
vt 0.700000 0.725000
vt 0.675000 0.750000
vt 0.750000 0.725000
vt 0.725000 0.750000
vt 0.800000 0.725000
vt 0.775000 0.750000
vt 0.850000 0.725000
vt 0.825000 0.750000
vt 0.900000 0.725000
vt 0.875000 0.750000
vt 0.950000 0.725000
vt 0.925000 0.750000
vt 0.975000 0.750000
vt 0.050000 0.775000
vt 0.025000 0.800000
vt 0.000000 0.775000
vt 1.000000 0.775000
vt 0.100000 0.775000
vt 0.075000 0.800000
vt 0.150000 0.775000
vt 0.125000 0.800000
vt 0.200000 0.775000
vt 0.175000 0.800000
vt 0.250000 0.775000
vt 0.225000 0.800000
vt 0.300000 0.775000
vt 0.275000 0.800000
vt 0.350000 0.775000
vt 0.325000 0.800000
vt 0.400000 0.775000
vt 0.375000 0.800000
vt 0.450000 0.775000
vt 0.425000 0.800000
vt 0.500000 0.775000
vt 0.475000 0.800000
vt 0.550000 0.775000
vt 0.525000 0.800000
vt 0.600000 0.775000
vt 0.575000 0.800000
vt 0.650000 0.775000
vt 0.625000 0.800000
vt 0.700000 0.775000
vt 0.675000 0.800000
vt 0.750000 0.775000
vt 0.725000 0.800000
vt 0.800000 0.775000
vt 0.775000 0.800000
vt 0.850000 0.775000
vt 0.825000 0.800000
vt 0.900000 0.775000
vt 0.875000 0.800000
vt 0.950000 0.775000
vt 0.925000 0.800000
vt 0.975000 0.800000
vt 0.050000 0.825000
vt 0.025000 0.850000
vt 0.000000 0.825000
vt 1.000000 0.825000
vt 0.100000 0.825000
vt 0.075000 0.850000
vt 0.150000 0.825000
vt 0.125000 0.850000
vt 0.200000 0.825000
vt 0.175000 0.850000
vt 0.250000 0.825000
vt 0.225000 0.850000
vt 0.300000 0.825000
vt 0.275000 0.850000
vt 0.350000 0.825000
vt 0.325000 0.850000
vt 0.400000 0.825000
vt 0.375000 0.850000
vt 0.450000 0.825000
vt 0.425000 0.850000
vt 0.500000 0.825000
vt 0.475000 0.850000
vt 0.550000 0.825000
vt 0.525000 0.850000
vt 0.600000 0.825000
vt 0.575000 0.850000
vt 0.650000 0.825000
vt 0.625000 0.850000
vt 0.700000 0.825000
vt 0.675000 0.850000
vt 0.750000 0.825000
vt 0.725000 0.850000
vt 0.800000 0.825000
vt 0.775000 0.850000
vt 0.850000 0.825000
vt 0.825000 0.850000
vt 0.900000 0.825000
vt 0.875000 0.850000
vt 0.950000 0.825000
vt 0.925000 0.850000
vt 0.975000 0.850000
vt 0.050000 0.875000
vt 0.025000 0.900000
vt 0.000000 0.875000
vt 1.000000 0.875000
vt 0.100000 0.875000
vt 0.075000 0.900000
vt 0.150000 0.875000
vt 0.125000 0.900000
vt 0.200000 0.875000
vt 0.175000 0.900000
vt 0.250000 0.875000
vt 0.225000 0.900000
vt 0.300000 0.875000
vt 0.275000 0.900000
vt 0.350000 0.875000
vt 0.325000 0.900000
vt 0.400000 0.875000
vt 0.375000 0.900000
vt 0.450000 0.875000
vt 0.425000 0.900000
vt 0.500000 0.875000
vt 0.475000 0.900000
vt 0.550000 0.875000
vt 0.525000 0.900000
vt 0.600000 0.875000
vt 0.575000 0.900000
vt 0.650000 0.875000
vt 0.625000 0.900000
vt 0.700000 0.875000
vt 0.675000 0.900000
vt 0.750000 0.875000
vt 0.725000 0.900000
vt 0.800000 0.875000
vt 0.775000 0.900000
vt 0.850000 0.875000
vt 0.825000 0.900000
vt 0.900000 0.875000
vt 0.875000 0.900000
vt 0.950000 0.875000
vt 0.925000 0.900000
vt 0.975000 0.900000
vt 0.050000 0.925000
vt 0.025000 0.947917
vt 0.000000 0.925000
vt 1.000000 0.925000
vt 0.100000 0.925000
vt 0.075000 0.947917
vt 0.150000 0.925000
vt 0.125000 0.947917
vt 0.200000 0.925000
vt 0.175000 0.947917
vt 0.250000 0.925000
vt 0.225000 0.947917
vt 0.300000 0.925000
vt 0.275000 0.947917
vt 0.350000 0.925000
vt 0.325000 0.947917
vt 0.400000 0.925000
vt 0.375000 0.947917
vt 0.450000 0.925000
vt 0.425000 0.947917
vt 0.500000 0.925000
vt 0.475000 0.947917
vt 0.550000 0.925000
vt 0.525000 0.947917
vt 0.600000 0.925000
vt 0.575000 0.947917
vt 0.650000 0.925000
vt 0.625000 0.947917
vt 0.700000 0.925000
vt 0.675000 0.947917
vt 0.750000 0.925000
vt 0.725000 0.947917
vt 0.800000 0.925000
vt 0.775000 0.947917
vt 0.850000 0.925000
vt 0.825000 0.947917
vt 0.900000 0.925000
vt 0.875000 0.947917
vt 0.950000 0.925000
vt 0.925000 0.947917
vt 0.975000 0.947917
vt 0.012500 0.025000
vt 0.987500 0.025000
vt 0.037500 0.025000
vt 0.062500 0.025000
vt 0.087500 0.025000
vt 0.112500 0.025000
vt 0.137500 0.025000
vt 0.162500 0.025000
vt 0.187500 0.025000
vt 0.212500 0.025000
vt 0.237500 0.025000
vt 0.262500 0.025000
vt 0.287500 0.025000
vt 0.312500 0.025000
vt 0.337500 0.025000
vt 0.362500 0.025000
vt 0.387500 0.025000
vt 0.412500 0.025000
vt 0.437500 0.025000
vt 0.462500 0.025000
vt 0.487500 0.025000
vt 0.512500 0.025000
vt 0.537500 0.025000
vt 0.562500 0.025000
vt 0.587500 0.025000
vt 0.612500 0.025000
vt 0.637500 0.025000
vt 0.662500 0.025000
vt 0.687500 0.025000
vt 0.712500 0.025000
vt 0.737500 0.025000
vt 0.762500 0.025000
vt 0.787500 0.025000
vt 0.812500 0.025000
vt 0.837500 0.025000
vt 0.862500 0.025000
vt 0.887500 0.025000
vt 0.912500 0.025000
vt 0.937500 0.025000
vt 0.962500 0.025000
vt 0.037500 0.975000
vt 0.062500 0.975000
vt 0.012500 0.975000
vt 0.987500 0.975000
vt 0.087500 0.975000
vt 0.112500 0.975000
vt 0.137500 0.975000
vt 0.162500 0.975000
vt 0.187500 0.975000
vt 0.212500 0.975000
vt 0.237500 0.975000
vt 0.262500 0.975000
vt 0.287500 0.975000
vt 0.312500 0.975000
vt 0.337500 0.975000
vt 0.362500 0.975000
vt 0.387500 0.975000
vt 0.412500 0.975000
vt 0.437500 0.975000
vt 0.462500 0.975000
vt 0.487500 0.975000
vt 0.512500 0.975000
vt 0.537500 0.975000
vt 0.562500 0.975000
vt 0.587500 0.975000
vt 0.612500 0.975000
vt 0.637500 0.975000
vt 0.662500 0.975000
vt 0.687500 0.975000
vt 0.712500 0.975000
vt 0.737500 0.975000
vt 0.762500 0.975000
vt 0.787500 0.975000
vt 0.812500 0.975000
vt 0.837500 0.975000
vt 0.862500 0.975000
vt 0.887500 0.975000
vt 0.912500 0.975000
vt 0.937500 0.975000
vt 0.962500 0.975000
vn -0.168203 0.984236 -0.054653
vn -0.161138 0.983511 -0.082105
vn -0.221007 0.968749 -0.112610
vn -0.236271 0.968650 -0.076769
vn -0.143082 0.984236 -0.103955
vn -0.200984 0.968650 -0.146024
vn -0.257989 0.947791 -0.187440
vn -0.284135 0.947791 -0.144774
vn -0.303284 0.947791 -0.098542
vn -0.127880 0.983511 -0.127880
vn -0.175393 0.968749 -0.175393
vn -0.103955 0.984236 -0.143082
vn -0.146024 0.968650 -0.200985
vn -0.187440 0.947791 -0.257989
vn -0.225491 0.947791 -0.225491
vn -0.082104 0.983511 -0.161138
vn -0.112609 0.968749 -0.221008
vn -0.054652 0.984236 -0.168203
vn -0.076769 0.968650 -0.236271
vn -0.098543 0.947791 -0.303284
vn -0.144774 0.947791 -0.284135
vn -0.028291 0.983511 -0.178623
vn -0.038802 0.968749 -0.244988
vn 0.000000 0.984236 -0.176859
vn 0.000000 0.968650 -0.248430
vn 0.000000 0.947791 -0.318891
vn -0.049886 0.947791 -0.314966
vn 0.028291 0.983511 -0.178623
vn 0.038802 0.968749 -0.244989
vn 0.054653 0.984236 -0.168203
vn 0.076769 0.968650 -0.236271
vn 0.098543 0.947791 -0.303284
vn 0.049886 0.947791 -0.314966
vn 0.082104 0.983511 -0.161138
vn 0.112609 0.968749 -0.221008
vn 0.103955 0.984236 -0.143081
vn 0.146024 0.968650 -0.200984
vn 0.187440 0.947791 -0.257989
vn 0.144774 0.947791 -0.284135
vn 0.127880 0.983511 -0.127880
vn 0.175393 0.968749 -0.175392
vn 0.143082 0.984236 -0.103955
vn 0.200985 0.968650 -0.146024
vn 0.257989 0.947791 -0.187440
vn 0.225491 0.947791 -0.225491
vn 0.161138 0.983511 -0.082103
vn 0.221008 0.968749 -0.112609
vn 0.168203 0.984236 -0.054653
vn 0.236271 0.968650 -0.076770
vn 0.303284 0.947791 -0.098543
vn 0.284135 0.947791 -0.144774
vn 0.178623 0.983511 -0.028293
vn 0.244989 0.968749 -0.038803
vn 0.176859 0.984236 -0.000001
vn 0.248431 0.968650 0.000000
vn 0.318892 0.947791 0.000000
vn 0.314966 0.947791 -0.049886
vn 0.178623 0.983511 0.028292
vn 0.244989 0.968749 0.038803
vn 0.168203 0.984236 0.054653
vn 0.236272 0.968650 0.076769
vn 0.303284 0.947791 0.098543
vn 0.314966 0.947791 0.049886
vn 0.161138 0.983511 0.082103
vn 0.221008 0.968749 0.112609
vn 0.143082 0.984236 0.103954
vn 0.200985 0.968650 0.146024
vn 0.257989 0.947791 0.187440
vn 0.284135 0.947791 0.144774
vn 0.127880 0.983511 0.127881
vn 0.175393 0.968749 0.175392
vn 0.103955 0.984236 0.143082
vn 0.146024 0.968650 0.200984
vn 0.187440 0.947791 0.257989
vn 0.225491 0.947791 0.225491
vn 0.082104 0.983511 0.161138
vn 0.112609 0.968749 0.221008
vn 0.054653 0.984236 0.168203
vn 0.076769 0.968650 0.236271
vn 0.098543 0.947791 0.303284
vn 0.144774 0.947791 0.284135
vn 0.028291 0.983511 0.178623
vn 0.038802 0.968749 0.244988
vn -0.000000 0.984236 0.176859
vn -0.000000 0.968650 0.248430
vn -0.000000 0.947791 0.318891
vn 0.049886 0.947791 0.314966
vn -0.028291 0.983511 0.178623
vn -0.038802 0.968749 0.244989
vn -0.054653 0.984236 0.168202
vn -0.076769 0.968650 0.236271
vn -0.098543 0.947791 0.303284
vn -0.049886 0.947791 0.314966
vn -0.082104 0.983511 0.161138
vn -0.112609 0.968749 0.221007
vn -0.103955 0.984236 0.143082
vn -0.146024 0.968650 0.200984
vn -0.187440 0.947791 0.257989
vn -0.144774 0.947791 0.284134
vn -0.127880 0.983511 0.127880
vn -0.175393 0.968749 0.175392
vn -0.143082 0.984236 0.103954
vn -0.200985 0.968650 0.146024
vn -0.257989 0.947791 0.187440
vn -0.225491 0.947791 0.225491
vn -0.161139 0.983511 0.082103
vn -0.221008 0.968749 0.112609
vn -0.168203 0.984236 0.054653
vn -0.236272 0.968650 0.076769
vn -0.303284 0.947791 0.098542
vn -0.284135 0.947791 0.144774
vn -0.178623 0.983511 0.028291
vn -0.244989 0.968749 0.038802
vn -0.176859 0.984236 -0.000001
vn -0.248431 0.968650 -0.000001
vn -0.318892 0.947791 0.000001
vn -0.314966 0.947791 0.049886
vn -0.178623 0.983511 -0.028292
vn -0.244989 0.968749 -0.038802
vn -0.314966 0.947791 -0.049884
vn -0.348930 0.920130 -0.177789
vn -0.372441 0.920132 -0.121013
vn -0.316817 0.920132 -0.230182
vn -0.373538 0.887026 -0.271391
vn -0.411402 0.887022 -0.209620
vn -0.439121 0.887026 -0.142678
vn -0.276912 0.920130 -0.276912
vn -0.230182 0.920132 -0.316817
vn -0.271391 0.887027 -0.373538
vn -0.326491 0.887022 -0.326491
vn -0.177789 0.920130 -0.348930
vn -0.121013 0.920132 -0.372441
vn -0.142679 0.887027 -0.439120
vn -0.209620 0.887022 -0.411402
vn -0.061262 0.920130 -0.386792
vn -0.000000 0.920132 -0.391608
vn -0.000000 0.887026 -0.461719
vn -0.072230 0.887022 -0.456043
vn 0.061262 0.920130 -0.386792
vn 0.121014 0.920132 -0.372442
vn 0.142679 0.887026 -0.439120
vn 0.072230 0.887022 -0.456043
vn 0.177789 0.920130 -0.348930
vn 0.230182 0.920132 -0.316817
vn 0.271392 0.887027 -0.373538
vn 0.209620 0.887022 -0.411402
vn 0.276912 0.920130 -0.276913
vn 0.316818 0.920132 -0.230181
vn 0.373538 0.887026 -0.271391
vn 0.326491 0.887022 -0.326491
vn 0.348930 0.920130 -0.177789
vn 0.372442 0.920132 -0.121013
vn 0.439121 0.887026 -0.142679
vn 0.411402 0.887022 -0.209620
vn 0.386792 0.920130 -0.061262
vn 0.391608 0.920132 -0.000000
vn 0.461718 0.887026 -0.000000
vn 0.456043 0.887022 -0.072230
vn 0.386792 0.920130 0.061262
vn 0.372441 0.920132 0.121014
vn 0.439121 0.887026 0.142679
vn 0.456043 0.887022 0.072230
vn 0.348930 0.920130 0.177789
vn 0.316818 0.920132 0.230181
vn 0.373538 0.887027 0.271391
vn 0.411402 0.887022 0.209620
vn 0.276912 0.920130 0.276912
vn 0.230181 0.920132 0.316818
vn 0.271391 0.887026 0.373538
vn 0.326491 0.887022 0.326490
vn 0.177789 0.920130 0.348930
vn 0.121013 0.920132 0.372441
vn 0.142679 0.887026 0.439121
vn 0.209620 0.887022 0.411403
vn 0.061262 0.920130 0.386792
vn -0.000000 0.920132 0.391608
vn 0.000000 0.887027 0.461718
vn 0.072230 0.887022 0.456043
vn -0.061262 0.920130 0.386792
vn -0.121014 0.920132 0.372441
vn -0.142679 0.887026 0.439121
vn -0.072230 0.887022 0.456043
vn -0.177789 0.920130 0.348930
vn -0.230182 0.920132 0.316818
vn -0.271392 0.887026 0.373538
vn -0.209620 0.887022 0.411403
vn -0.276912 0.920130 0.276913
vn -0.316818 0.920132 0.230182
vn -0.373538 0.887026 0.271392
vn -0.326491 0.887022 0.326490
vn -0.348930 0.920130 0.177789
vn -0.372442 0.920132 0.121014
vn -0.439121 0.887026 0.142679
vn -0.411403 0.887022 0.209620
vn -0.386792 0.920130 0.061262
vn -0.391608 0.920132 0.000001
vn -0.461719 0.887026 0.000001
vn -0.456043 0.887022 0.072230
vn -0.386792 0.920130 -0.061261
vn -0.456043 0.887022 -0.072229
vn -0.478760 0.843375 -0.243940
vn -0.511019 0.843380 -0.166039
vn -0.434698 0.843381 -0.315827
vn -0.502842 0.783377 -0.365337
vn -0.553810 0.783370 -0.282180
vn -0.591127 0.783377 -0.192068
vn -0.379946 0.843375 -0.379946
vn -0.315827 0.843381 -0.434698
vn -0.365336 0.783377 -0.502843
vn -0.439506 0.783370 -0.439506
vn -0.243940 0.843375 -0.478760
vn -0.166040 0.843381 -0.511018
vn -0.192069 0.783376 -0.591127
vn -0.282180 0.783370 -0.553810
vn -0.084056 0.843375 -0.530709
vn 0.000000 0.843381 -0.537316
vn 0.000000 0.783376 -0.621548
vn -0.097233 0.783370 -0.613903
vn 0.084056 0.843375 -0.530710
vn 0.166040 0.843381 -0.511019
vn 0.192069 0.783376 -0.591127
vn 0.097233 0.783370 -0.613903
vn 0.243941 0.843375 -0.478760
vn 0.315827 0.843381 -0.434698
vn 0.365337 0.783376 -0.502843
vn 0.282180 0.783370 -0.553810
vn 0.379946 0.843375 -0.379946
vn 0.434699 0.843380 -0.315826
vn 0.502843 0.783376 -0.365337
vn 0.439506 0.783370 -0.439506
vn 0.478761 0.843375 -0.243940
vn 0.511019 0.843380 -0.166040
vn 0.591127 0.783377 -0.192069
vn 0.553810 0.783370 -0.282180
vn 0.530710 0.843375 -0.084056
vn 0.537317 0.843380 -0.000000
vn 0.621548 0.783376 -0.000000
vn 0.613903 0.783370 -0.097233
vn 0.530710 0.843375 0.084056
vn 0.511019 0.843380 0.166040
vn 0.591127 0.783376 0.192069
vn 0.613903 0.783370 0.097232
vn 0.478760 0.843375 0.243941
vn 0.434698 0.843380 0.315827
vn 0.502843 0.783376 0.365337
vn 0.553810 0.783370 0.282181
vn 0.379946 0.843375 0.379946
vn 0.315827 0.843380 0.434698
vn 0.365336 0.783376 0.502843
vn 0.439506 0.783370 0.439507
vn 0.243941 0.843375 0.478760
vn 0.166040 0.843380 0.511019
vn 0.192069 0.783376 0.591127
vn 0.282180 0.783370 0.553810
vn 0.084056 0.843375 0.530710
vn 0.000000 0.843380 0.537317
vn 0.000000 0.783376 0.621548
vn 0.097233 0.783370 0.613904
vn -0.084056 0.843375 0.530710
vn -0.166040 0.843380 0.511019
vn -0.192069 0.783376 0.591127
vn -0.097233 0.783370 0.613903
vn -0.243941 0.843375 0.478760
vn -0.315827 0.843381 0.434698
vn -0.365337 0.783376 0.502843
vn -0.282181 0.783370 0.553810
vn -0.379947 0.843375 0.379946
vn -0.434699 0.843380 0.315827
vn -0.502843 0.783376 0.365337
vn -0.439506 0.783370 0.439507
vn -0.478760 0.843375 0.243940
vn -0.511019 0.843380 0.166040
vn -0.591127 0.783376 0.192069
vn -0.553810 0.783370 0.282180
vn -0.530710 0.843375 0.084056
vn -0.537317 0.843380 0.000001
vn -0.621548 0.783376 0.000001
vn -0.613904 0.783370 0.097233
vn -0.530710 0.843375 -0.084055
vn -0.613904 0.783370 -0.097232
vn -0.633432 0.703275 -0.322750
vn -0.676116 0.703283 -0.219683
vn -0.575139 0.703282 -0.417863
vn -0.646297 0.601508 -0.469562
vn -0.711801 0.601500 -0.362681
vn -0.759767 0.601508 -0.246863
vn -0.502695 0.703275 -0.502695
vn -0.417863 0.703282 -0.575139
vn -0.469562 0.601508 -0.646297
vn -0.564889 0.601500 -0.564889
vn -0.322750 0.703275 -0.633433
vn -0.219683 0.703282 -0.676116
vn -0.246863 0.601508 -0.759768
vn -0.362681 0.601500 -0.711801
vn -0.111212 0.703275 -0.702165
vn -0.000000 0.703282 -0.710911
vn -0.000000 0.601508 -0.798867
vn -0.124971 0.601499 -0.789038
vn 0.111212 0.703275 -0.702165
vn 0.219684 0.703282 -0.676116
vn 0.246864 0.601508 -0.759767
vn 0.124971 0.601500 -0.789038
vn 0.322750 0.703275 -0.633432
vn 0.417863 0.703282 -0.575139
vn 0.469562 0.601508 -0.646297
vn 0.362681 0.601500 -0.711801
vn 0.502695 0.703275 -0.502695
vn 0.575139 0.703283 -0.417863
vn 0.646297 0.601508 -0.469562
vn 0.564889 0.601500 -0.564888
vn 0.633432 0.703275 -0.322750
vn 0.676116 0.703283 -0.219683
vn 0.759768 0.601508 -0.246863
vn 0.711801 0.601499 -0.362681
vn 0.702165 0.703275 -0.111212
vn 0.710910 0.703283 -0.000000
vn 0.798867 0.601508 0.000000
vn 0.789038 0.601499 -0.124971
vn 0.702165 0.703275 0.111212
vn 0.676116 0.703283 0.219683
vn 0.759768 0.601508 0.246863
vn 0.789038 0.601499 0.124971
vn 0.633432 0.703275 0.322750
vn 0.575138 0.703283 0.417863
vn 0.646297 0.601508 0.469562
vn 0.711801 0.601500 0.362681
vn 0.502695 0.703275 0.502695
vn 0.417862 0.703282 0.575139
vn 0.469562 0.601508 0.646297
vn 0.564888 0.601500 0.564888
vn 0.322750 0.703275 0.633433
vn 0.219684 0.703282 0.676116
vn 0.246863 0.601508 0.759767
vn 0.362681 0.601500 0.711801
vn 0.111212 0.703275 0.702166
vn -0.000000 0.703282 0.710911
vn 0.000000 0.601508 0.798867
vn 0.124971 0.601499 0.789038
vn -0.111212 0.703275 0.702165
vn -0.219683 0.703282 0.676116
vn -0.246864 0.601508 0.759767
vn -0.124971 0.601500 0.789038
vn -0.322750 0.703275 0.633433
vn -0.417863 0.703282 0.575139
vn -0.469562 0.601508 0.646297
vn -0.362681 0.601499 0.711801
vn -0.502695 0.703275 0.502695
vn -0.575139 0.703282 0.417863
vn -0.646297 0.601508 0.469562
vn -0.564889 0.601500 0.564889
vn -0.633433 0.703275 0.322750
vn -0.676116 0.703282 0.219683
vn -0.759767 0.601508 0.246863
vn -0.711801 0.601500 0.362681
vn -0.702165 0.703275 0.111212
vn -0.710911 0.703282 0.000001
vn -0.798867 0.601508 0.000001
vn -0.789038 0.601500 0.124971
vn -0.702165 0.703275 -0.111211
vn -0.789038 0.601500 -0.124970
vn -0.779547 0.484293 -0.397199
vn -0.832080 0.484302 -0.270358
vn -0.707809 0.484302 -0.514254
vn -0.755006 0.359256 -0.548544
vn -0.831526 0.359246 -0.423683
vn -0.887564 0.359255 -0.288386
vn -0.618652 0.484293 -0.618652
vn -0.514254 0.484302 -0.707810
vn -0.548544 0.359256 -0.755006
vn -0.659902 0.359246 -0.659903
vn -0.397199 0.484292 -0.779547
vn -0.270359 0.484302 -0.832080
vn -0.288386 0.359256 -0.887563
vn -0.423683 0.359246 -0.831525
vn -0.136865 0.484292 -0.864135
vn -0.000000 0.484302 -0.874901
vn -0.000000 0.359256 -0.933239
vn -0.145991 0.359246 -0.921753
vn 0.136866 0.484292 -0.864135
vn 0.270359 0.484302 -0.832080
vn 0.288387 0.359256 -0.887563
vn 0.145991 0.359246 -0.921753
vn 0.397199 0.484293 -0.779547
vn 0.514254 0.484302 -0.707809
vn 0.548544 0.359256 -0.755006
vn 0.423684 0.359246 -0.831525
vn 0.618653 0.484292 -0.618652
vn 0.707810 0.484302 -0.514253
vn 0.755007 0.359256 -0.548544
vn 0.659903 0.359246 -0.659902
vn 0.779547 0.484292 -0.397199
vn 0.832080 0.484302 -0.270359
vn 0.887563 0.359256 -0.288387
vn 0.831525 0.359246 -0.423683
vn 0.864135 0.484292 -0.136865
vn 0.874901 0.484302 0.000000
vn 0.933239 0.359256 0.000000
vn 0.921753 0.359247 -0.145991
vn 0.864135 0.484292 0.136865
vn 0.832080 0.484302 0.270359
vn 0.887563 0.359256 0.288387
vn 0.921753 0.359247 0.145991
vn 0.779547 0.484292 0.397199
vn 0.707810 0.484302 0.514254
vn 0.755006 0.359256 0.548544
vn 0.831525 0.359246 0.423684
vn 0.618652 0.484292 0.618652
vn 0.514254 0.484302 0.707810
vn 0.548544 0.359255 0.755006
vn 0.659903 0.359246 0.659902
vn 0.397199 0.484292 0.779547
vn 0.270359 0.484302 0.832080
vn 0.288387 0.359256 0.887563
vn 0.423683 0.359246 0.831526
vn 0.136865 0.484292 0.864135
vn 0.000000 0.484302 0.874901
vn 0.000000 0.359256 0.933239
vn 0.145991 0.359246 0.921753
vn -0.136865 0.484292 0.864135
vn -0.270360 0.484302 0.832080
vn -0.288387 0.359256 0.887563
vn -0.145991 0.359246 0.921753
vn -0.397200 0.484292 0.779547
vn -0.514254 0.484302 0.707810
vn -0.548544 0.359256 0.755006
vn -0.423684 0.359246 0.831525
vn -0.618652 0.484292 0.618652
vn -0.707810 0.484302 0.514254
vn -0.755006 0.359256 0.548544
vn -0.659902 0.359246 0.659902
vn -0.779547 0.484292 0.397199
vn -0.832080 0.484302 0.270359
vn -0.887563 0.359256 0.288387
vn -0.831526 0.359246 0.423683
vn -0.864135 0.484293 0.136866
vn -0.874901 0.484303 0.000001
vn -0.933239 0.359255 0.000001
vn -0.921753 0.359246 0.145991
vn -0.864135 0.484292 -0.136864
vn -0.921754 0.359246 -0.145990
vn -0.866096 0.234805 -0.441298
vn -0.924466 0.234813 -0.300376
vn -0.786397 0.234813 -0.571352
vn -0.803539 0.116169 -0.583806
vn -0.884974 0.116165 -0.450917
vn -0.944618 0.116169 -0.306924
vn -0.687338 0.234805 -0.687338
vn -0.571351 0.234813 -0.786397
vn -0.583806 0.116169 -0.803540
vn -0.702319 0.116165 -0.702320
vn -0.441298 0.234805 -0.866096
vn -0.300377 0.234813 -0.924466
vn -0.306924 0.116169 -0.944618
vn -0.450917 0.116165 -0.884975
vn -0.152061 0.234805 -0.960075
vn -0.000000 0.234813 -0.972041
vn 0.000000 0.116169 -0.993230
vn -0.155375 0.116164 -0.981002
vn 0.152061 0.234805 -0.960075
vn 0.300378 0.234813 -0.924465
vn 0.306925 0.116169 -0.944617
vn 0.155376 0.116164 -0.981002
vn 0.441298 0.234805 -0.866096
vn 0.571351 0.234813 -0.786397
vn 0.583806 0.116169 -0.803539
vn 0.450917 0.116165 -0.884974
vn 0.687338 0.234805 -0.687338
vn 0.786398 0.234813 -0.571351
vn 0.803540 0.116169 -0.583805
vn 0.702320 0.116164 -0.702320
vn 0.866096 0.234804 -0.441298
vn 0.924466 0.234812 -0.300377
vn 0.944617 0.116169 -0.306925
vn 0.884974 0.116164 -0.450917
vn 0.960075 0.234805 -0.152061
vn 0.972041 0.234813 0.000000
vn 0.993230 0.116169 0.000000
vn 0.981002 0.116164 -0.155375
vn 0.960075 0.234805 0.152061
vn 0.924466 0.234813 0.300377
vn 0.944617 0.116169 0.306925
vn 0.981002 0.116164 0.155375
vn 0.866096 0.234805 0.441298
vn 0.786397 0.234813 0.571351
vn 0.803539 0.116169 0.583806
vn 0.884974 0.116165 0.450917
vn 0.687338 0.234805 0.687338
vn 0.571351 0.234812 0.786398
vn 0.583805 0.116169 0.803540
vn 0.702320 0.116164 0.702320
vn 0.441298 0.234805 0.866097
vn 0.300377 0.234812 0.924466
vn 0.306925 0.116169 0.944617
vn 0.450917 0.116164 0.884975
vn 0.152061 0.234804 0.960075
vn 0.000000 0.234812 0.972041
vn 0.000000 0.116169 0.993230
vn 0.155376 0.116164 0.981002
vn -0.152061 0.234804 0.960075
vn -0.300377 0.234812 0.924466
vn -0.306925 0.116169 0.944617
vn -0.155376 0.116164 0.981002
vn -0.441298 0.234804 0.866096
vn -0.571351 0.234813 0.786397
vn -0.583806 0.116169 0.803540
vn -0.450916 0.116164 0.884975
vn -0.687338 0.234805 0.687338
vn -0.786397 0.234813 0.571351
vn -0.803540 0.116169 0.583806
vn -0.702320 0.116164 0.702320
vn -0.866096 0.234805 0.441298
vn -0.924466 0.234812 0.300377
vn -0.944617 0.116169 0.306925
vn -0.884974 0.116164 0.450917
vn -0.960075 0.234804 0.152061
vn -0.972041 0.234812 0.000001
vn -0.993230 0.116169 0.000001
vn -0.981002 0.116165 0.155375
vn -0.960075 0.234805 -0.152059
vn -0.981002 0.116165 -0.155374
vn -0.891003 0.002826 -0.453989
vn -0.951053 0.002826 -0.309015
vn -0.809014 0.002826 -0.587783
vn -0.804248 -0.108414 -0.584321
vn -0.885755 -0.108409 -0.451315
vn -0.945451 -0.108414 -0.307195
vn -0.707104 0.002826 -0.707104
vn -0.587783 0.002826 -0.809014
vn -0.584321 -0.108413 -0.804249
vn -0.702939 -0.108409 -0.702939
vn -0.453988 0.002826 -0.891003
vn -0.309016 0.002825 -0.951053
vn -0.307195 -0.108414 -0.945451
vn -0.451315 -0.108409 -0.885755
vn -0.156434 0.002825 -0.987684
vn 0.000000 0.002825 -0.999996
vn 0.000000 -0.108414 -0.994106
vn -0.155512 -0.108409 -0.981867
vn 0.156434 0.002825 -0.987684
vn 0.309016 0.002825 -0.951053
vn 0.307196 -0.108414 -0.945451
vn 0.155512 -0.108409 -0.981867
vn 0.453989 0.002825 -0.891003
vn 0.587783 0.002825 -0.809014
vn 0.584321 -0.108414 -0.804248
vn 0.451315 -0.108409 -0.885755
vn 0.707104 0.002825 -0.707104
vn 0.809014 0.002825 -0.587783
vn 0.804249 -0.108414 -0.584320
vn 0.702940 -0.108409 -0.702939
vn 0.891003 0.002825 -0.453988
vn 0.951053 0.002826 -0.309016
vn 0.945451 -0.108414 -0.307195
vn 0.885755 -0.108409 -0.451315
vn 0.987684 0.002825 -0.156434
vn 0.999996 0.002825 0.000000
vn 0.994106 -0.108414 0.000000
vn 0.981867 -0.108409 -0.155512
vn 0.987684 0.002825 0.156434
vn 0.951053 0.002825 0.309016
vn 0.945451 -0.108414 0.307196
vn 0.981867 -0.108409 0.155512
vn 0.891003 0.002825 0.453989
vn 0.809014 0.002825 0.587783
vn 0.804249 -0.108414 0.584321
vn 0.885755 -0.108410 0.451315
vn 0.707104 0.002825 0.707104
vn 0.587783 0.002826 0.809014
vn 0.584321 -0.108414 0.804249
vn 0.702939 -0.108409 0.702939
vn 0.453988 0.002826 0.891003
vn 0.309016 0.002826 0.951053
vn 0.307196 -0.108414 0.945451
vn 0.451315 -0.108409 0.885755
vn 0.156434 0.002826 0.987684
vn 0.000000 0.002826 0.999996
vn -0.000000 -0.108414 0.994106
vn 0.155512 -0.108409 0.981867
vn -0.156434 0.002826 0.987684
vn -0.309016 0.002826 0.951053
vn -0.307196 -0.108413 0.945451
vn -0.155512 -0.108409 0.981867
vn -0.453988 0.002826 0.891003
vn -0.587783 0.002826 0.809014
vn -0.584321 -0.108414 0.804248
vn -0.451315 -0.108409 0.885755
vn -0.707104 0.002825 0.707104
vn -0.809014 0.002825 0.587783
vn -0.804249 -0.108414 0.584321
vn -0.702939 -0.108409 0.702939
vn -0.891003 0.002825 0.453989
vn -0.951053 0.002826 0.309016
vn -0.945451 -0.108414 0.307195
vn -0.885755 -0.108409 0.451315
vn -0.987684 0.002826 0.156434
vn -0.999996 0.002826 0.000001
vn -0.994106 -0.108414 0.000001
vn -0.981867 -0.108409 0.155512
vn -0.987685 0.002826 -0.156432
vn -0.981867 -0.108409 -0.155511
vn -0.870039 -0.215663 -0.443307
vn -0.928675 -0.215671 -0.301744
vn -0.789978 -0.215671 -0.573952
vn -0.765936 -0.321974 -0.556485
vn -0.843562 -0.321963 -0.429816
vn -0.900412 -0.321974 -0.292560
vn -0.690467 -0.215663 -0.690467
vn -0.573952 -0.215671 -0.789978
vn -0.556485 -0.321974 -0.765936
vn -0.669455 -0.321963 -0.669455
vn -0.443307 -0.215663 -0.870039
vn -0.301744 -0.215671 -0.928675
vn -0.292561 -0.321974 -0.900411
vn -0.429816 -0.321963 -0.843562
vn -0.152753 -0.215663 -0.964446
vn -0.000000 -0.215671 -0.976466
vn -0.000000 -0.321974 -0.946748
vn -0.148104 -0.321963 -0.935096
vn 0.152753 -0.215663 -0.964446
vn 0.301745 -0.215671 -0.928674
vn 0.292562 -0.321974 -0.900411
vn 0.148105 -0.321963 -0.935096
vn 0.443307 -0.215663 -0.870039
vn 0.573953 -0.215671 -0.789977
vn 0.556485 -0.321974 -0.765935
vn 0.429817 -0.321963 -0.843562
vn 0.690467 -0.215663 -0.690467
vn 0.789978 -0.215671 -0.573952
vn 0.765936 -0.321974 -0.556485
vn 0.669455 -0.321963 -0.669455
vn 0.870039 -0.215663 -0.443307
vn 0.928674 -0.215671 -0.301744
vn 0.900411 -0.321974 -0.292561
vn 0.843562 -0.321963 -0.429816
vn 0.964446 -0.215663 -0.152753
vn 0.976466 -0.215671 -0.000000
vn 0.946749 -0.321974 -0.000000
vn 0.935096 -0.321963 -0.148104
vn 0.964446 -0.215663 0.152753
vn 0.928674 -0.215672 0.301745
vn 0.900411 -0.321974 0.292561
vn 0.935096 -0.321963 0.148105
vn 0.870039 -0.215663 0.443307
vn 0.789978 -0.215671 0.573952
vn 0.765936 -0.321974 0.556485
vn 0.843562 -0.321963 0.429817
vn 0.690467 -0.215663 0.690467
vn 0.573952 -0.215671 0.789978
vn 0.556485 -0.321974 0.765936
vn 0.669455 -0.321963 0.669455
vn 0.443307 -0.215663 0.870039
vn 0.301744 -0.215671 0.928674
vn 0.292561 -0.321974 0.900411
vn 0.429817 -0.321963 0.843562
vn 0.152753 -0.215663 0.964446
vn 0.000000 -0.215672 0.976466
vn 0.000000 -0.321974 0.946748
vn 0.148104 -0.321963 0.935096
vn -0.152753 -0.215663 0.964446
vn -0.301745 -0.215671 0.928674
vn -0.292561 -0.321974 0.900411
vn -0.148104 -0.321963 0.935096
vn -0.443307 -0.215663 0.870039
vn -0.573952 -0.215671 0.789978
vn -0.556485 -0.321974 0.765936
vn -0.429816 -0.321963 0.843563
vn -0.690467 -0.215663 0.690467
vn -0.789978 -0.215671 0.573952
vn -0.765936 -0.321974 0.556485
vn -0.669455 -0.321963 0.669455
vn -0.870039 -0.215663 0.443307
vn -0.928674 -0.215671 0.301744
vn -0.900411 -0.321974 0.292561
vn -0.843562 -0.321963 0.429816
vn -0.964446 -0.215663 0.152753
vn -0.976466 -0.215671 0.000001
vn -0.946748 -0.321974 0.000001
vn -0.935096 -0.321963 0.148105
vn -0.964446 -0.215663 -0.152751
vn -0.935096 -0.321963 -0.148103
vn -0.810842 -0.414543 -0.413145
vn -0.865483 -0.414559 -0.281211
vn -0.736223 -0.414560 -0.534898
vn -0.709945 -0.479502 -0.515806
vn -0.781905 -0.479481 -0.398400
vn -0.834592 -0.479501 -0.271174
vn -0.643488 -0.414543 -0.643488
vn -0.534898 -0.414560 -0.736223
vn -0.515806 -0.479502 -0.709946
vn -0.620523 -0.479481 -0.620523
vn -0.413145 -0.414543 -0.810842
vn -0.281212 -0.414560 -0.865483
vn -0.271174 -0.479501 -0.834591
vn -0.398400 -0.479481 -0.781905
vn -0.142360 -0.414543 -0.898826
vn -0.000000 -0.414559 -0.910022
vn 0.000000 -0.479501 -0.877541
vn -0.137279 -0.479481 -0.866748
vn 0.142360 -0.414543 -0.898826
vn 0.281212 -0.414559 -0.865483
vn 0.271175 -0.479501 -0.834591
vn 0.137280 -0.479481 -0.866748
vn 0.413145 -0.414543 -0.810842
vn 0.534898 -0.414559 -0.736223
vn 0.515806 -0.479501 -0.709945
vn 0.398401 -0.479481 -0.781905
vn 0.643488 -0.414543 -0.643488
vn 0.736224 -0.414559 -0.534898
vn 0.709946 -0.479501 -0.515806
vn 0.620523 -0.479481 -0.620523
vn 0.810843 -0.414543 -0.413145
vn 0.865483 -0.414559 -0.281212
vn 0.834591 -0.479501 -0.271175
vn 0.781905 -0.479481 -0.398400
vn 0.898826 -0.414543 -0.142360
vn 0.910022 -0.414559 0.000000
vn 0.877541 -0.479502 0.000000
vn 0.866748 -0.479481 -0.137279
vn 0.898826 -0.414543 0.142360
vn 0.865483 -0.414559 0.281212
vn 0.834591 -0.479501 0.271175
vn 0.866748 -0.479481 0.137279
vn 0.810843 -0.414543 0.413145
vn 0.736224 -0.414559 0.534898
vn 0.709945 -0.479502 0.515806
vn 0.781905 -0.479481 0.398401
vn 0.643488 -0.414543 0.643488
vn 0.534897 -0.414559 0.736224
vn 0.515806 -0.479502 0.709946
vn 0.620523 -0.479481 0.620523
vn 0.413145 -0.414543 0.810843
vn 0.281212 -0.414559 0.865483
vn 0.271175 -0.479501 0.834591
vn 0.398400 -0.479481 0.781905
vn 0.142360 -0.414543 0.898826
vn 0.000000 -0.414559 0.910022
vn -0.000000 -0.479501 0.877541
vn 0.137279 -0.479481 0.866748
vn -0.142360 -0.414543 0.898826
vn -0.281212 -0.414559 0.865483
vn -0.271175 -0.479501 0.834591
vn -0.137279 -0.479481 0.866748
vn -0.413145 -0.414543 0.810842
vn -0.534898 -0.414560 0.736224
vn -0.515806 -0.479502 0.709946
vn -0.398400 -0.479481 0.781905
vn -0.643488 -0.414543 0.643488
vn -0.736224 -0.414559 0.534898
vn -0.709946 -0.479501 0.515806
vn -0.620523 -0.479481 0.620523
vn -0.810842 -0.414543 0.413145
vn -0.865483 -0.414559 0.281212
vn -0.834591 -0.479501 0.271175
vn -0.781905 -0.479481 0.398401
vn -0.898826 -0.414543 0.142360
vn -0.910022 -0.414559 0.000001
vn -0.877541 -0.479501 0.000001
vn -0.866748 -0.479481 0.137279
vn -0.898826 -0.414543 -0.142358
vn -0.866748 -0.479481 -0.137278
vn -0.756144 -0.528971 -0.385275
vn -0.807092 -0.528992 -0.262239
vn -0.686553 -0.528992 -0.498810
vn -0.663637 -0.571932 -0.482161
vn -0.730907 -0.571909 -0.372417
vn -0.780153 -0.571932 -0.253486
vn -0.600079 -0.528971 -0.600079
vn -0.498810 -0.528992 -0.686553
vn -0.482161 -0.571932 -0.663637
vn -0.580051 -0.571910 -0.580051
vn -0.385275 -0.528971 -0.756144
vn -0.262240 -0.528992 -0.807092
vn -0.253487 -0.571932 -0.780153
vn -0.372416 -0.571909 -0.730907
vn -0.132756 -0.528971 -0.838192
vn 0.000000 -0.528992 -0.848626
vn 0.000000 -0.571932 -0.820301
vn -0.128325 -0.571909 -0.810217
vn 0.132756 -0.528971 -0.838192
vn 0.262240 -0.528992 -0.807092
vn 0.253487 -0.571932 -0.780153
vn 0.128325 -0.571909 -0.810217
vn 0.385275 -0.528970 -0.756144
vn 0.498811 -0.528992 -0.686553
vn 0.482162 -0.571932 -0.663637
vn 0.372417 -0.571909 -0.730907
vn 0.600079 -0.528971 -0.600079
vn 0.686553 -0.528992 -0.498810
vn 0.663637 -0.571932 -0.482161
vn 0.580052 -0.571909 -0.580051
vn 0.756144 -0.528970 -0.385275
vn 0.807092 -0.528992 -0.262240
vn 0.780153 -0.571932 -0.253487
vn 0.730907 -0.571909 -0.372416
vn 0.838192 -0.528971 -0.132756
vn 0.848626 -0.528992 0.000000
vn 0.820301 -0.571931 -0.000000
vn 0.810218 -0.571909 -0.128325
vn 0.838192 -0.528971 0.132756
vn 0.807092 -0.528992 0.262240
vn 0.780153 -0.571932 0.253487
vn 0.810218 -0.571909 0.128325
vn 0.756144 -0.528970 0.385275
vn 0.686553 -0.528992 0.498811
vn 0.663637 -0.571932 0.482161
vn 0.730907 -0.571909 0.372417
vn 0.600079 -0.528971 0.600079
vn 0.498811 -0.528992 0.686553
vn 0.482161 -0.571932 0.663637
vn 0.580051 -0.571910 0.580052
vn 0.385275 -0.528970 0.756144
vn 0.262240 -0.528992 0.807092
vn 0.253487 -0.571932 0.780153
vn 0.372417 -0.571909 0.730907
vn 0.132756 -0.528970 0.838192
vn -0.000000 -0.528992 0.848627
vn 0.000000 -0.571932 0.820301
vn 0.128325 -0.571909 0.810218
vn -0.132756 -0.528970 0.838192
vn -0.262240 -0.528992 0.807092
vn -0.253487 -0.571931 0.780153
vn -0.128325 -0.571909 0.810218
vn -0.385275 -0.528970 0.756144
vn -0.498811 -0.528992 0.686553
vn -0.482161 -0.571932 0.663637
vn -0.372417 -0.571909 0.730907
vn -0.600079 -0.528971 0.600079
vn -0.686553 -0.528992 0.498810
vn -0.663637 -0.571932 0.482161
vn -0.580052 -0.571910 0.580051
vn -0.756144 -0.528970 0.385275
vn -0.807092 -0.528992 0.262240
vn -0.780153 -0.571932 0.253487
vn -0.730907 -0.571909 0.372417
vn -0.838192 -0.528970 0.132756
vn -0.848627 -0.528992 0.000001
vn -0.820301 -0.571932 0.000001
vn -0.810218 -0.571909 0.128325
vn -0.838192 -0.528971 -0.132755
vn -0.810218 -0.571909 -0.128324
vn -0.705900 -0.610196 -0.359675
vn -0.753459 -0.610219 -0.244813
vn -0.640929 -0.610219 -0.465664
vn -0.618405 -0.644753 -0.449299
vn -0.681094 -0.644730 -0.347035
vn -0.726979 -0.644753 -0.236209
vn -0.560205 -0.610196 -0.560206
vn -0.465663 -0.610219 -0.640930
vn -0.449298 -0.644753 -0.618405
vn -0.540520 -0.644730 -0.540520
vn -0.359675 -0.610196 -0.705900
vn -0.244814 -0.610219 -0.753458
vn -0.236210 -0.644753 -0.726979
vn -0.347035 -0.644730 -0.681094
vn -0.123935 -0.610196 -0.782497
vn -0.000000 -0.610218 -0.792233
vn -0.000000 -0.644753 -0.764391
vn -0.119579 -0.644730 -0.754999
vn 0.123935 -0.610196 -0.782497
vn 0.244814 -0.610218 -0.753458
vn 0.236210 -0.644753 -0.726979
vn 0.119579 -0.644730 -0.754999
vn 0.359675 -0.610196 -0.705900
vn 0.465663 -0.610219 -0.640929
vn 0.449299 -0.644753 -0.618405
vn 0.347036 -0.644730 -0.681094
vn 0.560206 -0.610196 -0.560205
vn 0.640930 -0.610219 -0.465663
vn 0.618406 -0.644753 -0.449298
vn 0.540520 -0.644730 -0.540520
vn 0.705900 -0.610196 -0.359675
vn 0.753458 -0.610219 -0.244813
vn 0.726979 -0.644753 -0.236210
vn 0.681094 -0.644730 -0.347036
vn 0.782497 -0.610196 -0.123934
vn 0.792233 -0.610218 -0.000000
vn 0.764391 -0.644753 -0.000000
vn 0.754999 -0.644730 -0.119579
vn 0.782497 -0.610196 0.123934
vn 0.753459 -0.610218 0.244814
vn 0.726979 -0.644752 0.236210
vn 0.754999 -0.644730 0.119579
vn 0.705900 -0.610196 0.359675
vn 0.640930 -0.610219 0.465664
vn 0.618405 -0.644752 0.449299
vn 0.681094 -0.644730 0.347036
vn 0.560205 -0.610196 0.560206
vn 0.465664 -0.610219 0.640930
vn 0.449299 -0.644752 0.618405
vn 0.540520 -0.644730 0.540520
vn 0.359675 -0.610196 0.705900
vn 0.244813 -0.610218 0.753459
vn 0.236209 -0.644753 0.726979
vn 0.347036 -0.644730 0.681094
vn 0.123934 -0.610196 0.782497
vn -0.000000 -0.610218 0.792234
vn -0.000000 -0.644752 0.764391
vn 0.119579 -0.644730 0.754999
vn -0.123934 -0.610195 0.782497
vn -0.244813 -0.610218 0.753459
vn -0.236210 -0.644753 0.726979
vn -0.119579 -0.644730 0.754999
vn -0.359675 -0.610196 0.705900
vn -0.465664 -0.610219 0.640929
vn -0.449299 -0.644752 0.618405
vn -0.347036 -0.644730 0.681094
vn -0.560205 -0.610196 0.560206
vn -0.640929 -0.610219 0.465664
vn -0.618405 -0.644752 0.449299
vn -0.540520 -0.644730 0.540520
vn -0.705900 -0.610196 0.359676
vn -0.753459 -0.610218 0.244813
vn -0.726979 -0.644753 0.236210
vn -0.681094 -0.644730 0.347036
vn -0.782497 -0.610195 0.123934
vn -0.792233 -0.610218 0.000001
vn -0.764391 -0.644752 0.000001
vn -0.754999 -0.644730 0.119579
vn -0.782497 -0.610196 -0.123933
vn -0.754999 -0.644730 -0.119579
vn -0.656178 -0.676497 -0.334339
vn -0.700382 -0.676519 -0.227567
vn -0.595781 -0.676519 -0.432860
vn -0.572683 -0.706338 -0.416078
vn -0.630740 -0.706317 -0.321376
vn -0.673229 -0.706339 -0.218743
vn -0.520746 -0.676497 -0.520746
vn -0.432860 -0.676518 -0.595781
vn -0.416078 -0.706338 -0.572683
vn -0.500558 -0.706317 -0.500558
vn -0.334339 -0.676497 -0.656177
vn -0.227567 -0.676519 -0.700382
vn -0.218744 -0.706339 -0.673228
vn -0.321377 -0.706317 -0.630740
vn -0.115204 -0.676498 -0.727378
vn -0.000000 -0.676519 -0.736425
vn -0.000000 -0.706339 -0.707874
vn -0.110738 -0.706318 -0.699179
vn 0.115204 -0.676498 -0.727378
vn 0.227568 -0.676519 -0.700382
vn 0.218744 -0.706339 -0.673228
vn 0.110738 -0.706318 -0.699179
vn 0.334340 -0.676497 -0.656177
vn 0.432861 -0.676518 -0.595781
vn 0.416078 -0.706338 -0.572683
vn 0.321377 -0.706317 -0.630740
vn 0.520746 -0.676496 -0.520746
vn 0.595781 -0.676518 -0.432860
vn 0.572683 -0.706338 -0.416078
vn 0.500558 -0.706317 -0.500558
vn 0.656178 -0.676497 -0.334339
vn 0.700382 -0.676519 -0.227567
vn 0.673229 -0.706339 -0.218743
vn 0.630740 -0.706317 -0.321377
vn 0.727378 -0.676498 -0.115204
vn 0.736425 -0.676519 0.000000
vn 0.707874 -0.706339 0.000000
vn 0.699180 -0.706318 -0.110737
vn 0.727378 -0.676498 0.115204
vn 0.700382 -0.676519 0.227567
vn 0.673229 -0.706339 0.218743
vn 0.699180 -0.706318 0.110737
vn 0.656178 -0.676497 0.334339
vn 0.595781 -0.676518 0.432861
vn 0.572683 -0.706338 0.416078
vn 0.630740 -0.706317 0.321377
vn 0.520746 -0.676496 0.520746
vn 0.432861 -0.676518 0.595781
vn 0.416078 -0.706338 0.572683
vn 0.500558 -0.706317 0.500558
vn 0.334340 -0.676497 0.656178
vn 0.227567 -0.676519 0.700382
vn 0.218744 -0.706339 0.673228
vn 0.321377 -0.706317 0.630740
vn 0.115204 -0.676497 0.727378
vn -0.000000 -0.676519 0.736425
vn -0.000000 -0.706339 0.707874
vn 0.110738 -0.706318 0.699180
vn -0.115204 -0.676497 0.727378
vn -0.227567 -0.676519 0.700382
vn -0.218744 -0.706339 0.673228
vn -0.110738 -0.706318 0.699180
vn -0.334340 -0.676497 0.656177
vn -0.432861 -0.676518 0.595781
vn -0.416078 -0.706338 0.572683
vn -0.321377 -0.706317 0.630740
vn -0.520746 -0.676496 0.520746
vn -0.595781 -0.676518 0.432861
vn -0.572683 -0.706338 0.416078
vn -0.500558 -0.706317 0.500558
vn -0.656178 -0.676497 0.334340
vn -0.700382 -0.676519 0.227568
vn -0.673229 -0.706339 0.218744
vn -0.630740 -0.706317 0.321377
vn -0.727378 -0.676497 0.115204
vn -0.736425 -0.676519 0.000000
vn -0.707874 -0.706339 0.000000
vn -0.699180 -0.706318 0.110737
vn -0.727378 -0.676498 -0.115204
vn -0.699180 -0.706318 -0.110737
vn -0.604434 -0.734720 -0.307972
vn -0.645149 -0.734740 -0.209619
vn -0.548797 -0.734739 -0.398723
vn -0.522984 -0.762962 -0.379969
vn -0.576005 -0.762944 -0.293487
vn -0.614804 -0.762963 -0.199759
vn -0.479681 -0.734720 -0.479680
vn -0.398723 -0.734740 -0.548796
vn -0.379968 -0.762963 -0.522984
vn -0.457119 -0.762944 -0.457119
vn -0.307972 -0.734720 -0.604433
vn -0.209620 -0.734740 -0.645149
vn -0.199760 -0.762962 -0.614804
vn -0.293486 -0.762944 -0.576005
vn -0.106119 -0.734720 -0.670019
vn 0.000000 -0.734739 -0.678350
vn -0.000000 -0.762962 -0.646443
vn -0.101128 -0.762944 -0.638505
vn 0.106119 -0.734720 -0.670019
vn 0.209620 -0.734740 -0.645149
vn 0.199760 -0.762963 -0.614804
vn 0.101128 -0.762945 -0.638505
vn 0.307972 -0.734720 -0.604433
vn 0.398723 -0.734739 -0.548797
vn 0.379968 -0.762963 -0.522984
vn 0.293486 -0.762945 -0.576005
vn 0.479681 -0.734720 -0.479681
vn 0.548797 -0.734739 -0.398723
vn 0.522983 -0.762963 -0.379968
vn 0.457119 -0.762945 -0.457119
vn 0.604434 -0.734720 -0.307972
vn 0.645149 -0.734739 -0.209619
vn 0.614804 -0.762963 -0.199760
vn 0.576004 -0.762945 -0.293486
vn 0.670019 -0.734720 -0.106119
vn 0.678349 -0.734739 0.000001
vn 0.646443 -0.762963 -0.000000
vn 0.638505 -0.762945 -0.101128
vn 0.670019 -0.734720 0.106118
vn 0.645149 -0.734739 0.209620
vn 0.614804 -0.762963 0.199760
vn 0.638505 -0.762945 0.101128
vn 0.604433 -0.734720 0.307973
vn 0.548797 -0.734739 0.398723
vn 0.522984 -0.762963 0.379968
vn 0.576004 -0.762945 0.293486
vn 0.479681 -0.734720 0.479680
vn 0.398723 -0.734740 0.548796
vn 0.379968 -0.762963 0.522983
vn 0.457119 -0.762945 0.457119
vn 0.307972 -0.734720 0.604433
vn 0.209620 -0.734740 0.645149
vn 0.199760 -0.762962 0.614804
vn 0.293486 -0.762945 0.576005
vn 0.106119 -0.734720 0.670019
vn -0.000000 -0.734739 0.678349
vn -0.000000 -0.762962 0.646443
vn 0.101128 -0.762945 0.638505
vn -0.106119 -0.734720 0.670019
vn -0.209620 -0.734740 0.645149
vn -0.199760 -0.762963 0.614804
vn -0.101128 -0.762944 0.638505
vn -0.307972 -0.734720 0.604433
vn -0.398723 -0.734740 0.548796
vn -0.379968 -0.762963 0.522983
vn -0.293487 -0.762945 0.576004
vn -0.479680 -0.734720 0.479680
vn -0.548797 -0.734740 0.398723
vn -0.522983 -0.762963 0.379969
vn -0.457119 -0.762945 0.457119
vn -0.604433 -0.734720 0.307972
vn -0.645149 -0.734740 0.209619
vn -0.614804 -0.762963 0.199760
vn -0.576004 -0.762945 0.293487
vn -0.670019 -0.734720 0.106119
vn -0.678350 -0.734739 0.000000
vn -0.646443 -0.762962 -0.000000
vn -0.638505 -0.762945 0.101128
vn -0.670019 -0.734720 -0.106119
vn -0.638505 -0.762944 -0.101128
vn -0.544754 -0.791329 -0.277563
vn -0.581449 -0.791345 -0.188921
vn -0.494610 -0.791344 -0.359354
vn -0.461612 -0.821241 -0.335378
vn -0.508410 -0.821227 -0.259046
vn -0.542657 -0.821240 -0.176318
vn -0.432318 -0.791328 -0.432320
vn -0.359353 -0.791344 -0.494611
vn -0.335379 -0.821240 -0.461612
vn -0.403476 -0.821227 -0.403476
vn -0.277563 -0.791329 -0.544755
vn -0.188922 -0.791344 -0.581449
vn -0.176318 -0.821241 -0.542656
vn -0.259046 -0.821227 -0.508410
vn -0.095641 -0.791329 -0.603863
vn -0.000000 -0.791344 -0.611371
vn -0.000000 -0.821241 -0.570582
vn -0.089260 -0.821229 -0.563574
vn 0.095641 -0.791328 -0.603864
vn 0.188922 -0.791344 -0.581449
vn 0.176318 -0.821241 -0.542656
vn 0.089260 -0.821227 -0.563576
vn 0.277564 -0.791329 -0.544754
vn 0.359353 -0.791345 -0.494610
vn 0.335379 -0.821240 -0.461611
vn 0.259046 -0.821228 -0.508410
vn 0.432318 -0.791329 -0.432318
vn 0.494609 -0.791345 -0.359353
vn 0.461612 -0.821241 -0.335378
vn 0.403476 -0.821227 -0.403475
vn 0.544753 -0.791329 -0.277564
vn 0.581448 -0.791344 -0.188922
vn 0.542656 -0.821241 -0.176318
vn 0.508410 -0.821227 -0.259046
vn 0.603864 -0.791329 -0.095641
vn 0.611371 -0.791344 0.000000
vn 0.570582 -0.821240 0.000000
vn 0.563576 -0.821228 -0.089260
vn 0.603864 -0.791329 0.095641
vn 0.581449 -0.791344 0.188922
vn 0.542656 -0.821241 0.176318
vn 0.563576 -0.821227 0.089260
vn 0.544754 -0.791329 0.277564
vn 0.494609 -0.791345 0.359354
vn 0.461611 -0.821240 0.335379
vn 0.508410 -0.821227 0.259047
vn 0.432318 -0.791329 0.432320
vn 0.359353 -0.791344 0.494611
vn 0.335379 -0.821240 0.461612
vn 0.403476 -0.821227 0.403476
vn 0.277563 -0.791329 0.544755
vn 0.188922 -0.791344 0.581449
vn 0.176318 -0.821241 0.542656
vn 0.259046 -0.821227 0.508410
vn 0.095641 -0.791329 0.603863
vn -0.000000 -0.791345 0.611371
vn 0.000000 -0.821241 0.570581
vn 0.089260 -0.821228 0.563575
vn -0.095641 -0.791329 0.603864
vn -0.188922 -0.791344 0.581449
vn -0.176318 -0.821241 0.542656
vn -0.089260 -0.821228 0.563575
vn -0.277564 -0.791329 0.544753
vn -0.359354 -0.791345 0.494610
vn -0.335379 -0.821240 0.461611
vn -0.259047 -0.821228 0.508409
vn -0.432318 -0.791329 0.432319
vn -0.494609 -0.791344 0.359355
vn -0.461612 -0.821240 0.335379
vn -0.403476 -0.821227 0.403476
vn -0.544753 -0.791329 0.277565
vn -0.581448 -0.791345 0.188922
vn -0.542656 -0.821241 0.176317
vn -0.508410 -0.821228 0.259046
vn -0.603864 -0.791329 0.095641
vn -0.611371 -0.791344 0.000000
vn -0.570582 -0.821240 0.000000
vn -0.563576 -0.821227 0.089260
vn -0.603864 -0.791329 -0.095641
vn -0.563576 -0.821227 -0.089260
vn -0.466933 -0.851688 -0.237911
vn -0.498386 -0.851698 -0.161932
vn -0.423953 -0.851698 -0.308017
vn -0.381577 -0.881783 -0.277232
vn -0.420261 -0.881776 -0.214131
vn -0.448572 -0.881783 -0.145748
vn -0.370559 -0.851688 -0.370558
vn -0.308018 -0.851698 -0.423953
vn -0.277230 -0.881783 -0.381579
vn -0.333519 -0.881775 -0.333523
vn -0.237912 -0.851688 -0.466931
vn -0.161934 -0.851698 -0.498386
vn -0.145748 -0.881782 -0.448573
vn -0.214132 -0.881776 -0.420260
vn -0.081978 -0.851688 -0.517598
vn -0.000000 -0.851698 -0.524033
vn -0.000000 -0.881781 -0.471660
vn -0.073784 -0.881774 -0.465866
vn 0.081978 -0.851688 -0.517597
vn 0.161934 -0.851698 -0.498385
vn 0.145749 -0.881782 -0.448574
vn 0.073784 -0.881774 -0.465866
vn 0.237912 -0.851688 -0.466932
vn 0.308019 -0.851697 -0.423953
vn 0.277231 -0.881783 -0.381579
vn 0.214132 -0.881776 -0.420261
vn 0.370560 -0.851688 -0.370558
vn 0.423954 -0.851698 -0.308017
vn 0.381578 -0.881783 -0.277232
vn 0.333520 -0.881776 -0.333520
vn 0.466932 -0.851688 -0.237912
vn 0.498386 -0.851698 -0.161932
vn 0.448572 -0.881783 -0.145748
vn 0.420261 -0.881775 -0.214134
vn 0.517598 -0.851688 -0.081978
vn 0.524034 -0.851697 0.000000
vn 0.471657 -0.881782 0.000000
vn 0.465864 -0.881775 -0.073783
vn 0.517598 -0.851688 0.081978
vn 0.498386 -0.851698 0.161932
vn 0.448572 -0.881783 0.145748
vn 0.465864 -0.881775 0.073783
vn 0.466932 -0.851688 0.237913
vn 0.423953 -0.851697 0.308018
vn 0.381577 -0.881782 0.277233
vn 0.420261 -0.881775 0.214134
vn 0.370560 -0.851688 0.370558
vn 0.308018 -0.851697 0.423953
vn 0.277230 -0.881783 0.381579
vn 0.333520 -0.881775 0.333522
vn 0.237912 -0.851688 0.466932
vn 0.161934 -0.851698 0.498385
vn 0.145748 -0.881782 0.448574
vn 0.214132 -0.881775 0.420261
vn 0.081978 -0.851688 0.517598
vn 0.000000 -0.851697 0.524035
vn 0.000000 -0.881780 0.471660
vn 0.073785 -0.881774 0.465865
vn -0.081978 -0.851688 0.517598
vn -0.161934 -0.851698 0.498386
vn -0.145749 -0.881782 0.448573
vn -0.073785 -0.881773 0.465867
vn -0.237913 -0.851688 0.466932
vn -0.308019 -0.851697 0.423953
vn -0.277230 -0.881783 0.381579
vn -0.214132 -0.881775 0.420262
vn -0.370560 -0.851688 0.370558
vn -0.423954 -0.851697 0.308018
vn -0.381578 -0.881782 0.277233
vn -0.333520 -0.881776 0.333521
vn -0.466932 -0.851688 0.237912
vn -0.498386 -0.851698 0.161932
vn -0.448572 -0.881783 0.145748
vn -0.420261 -0.881775 0.214134
vn -0.517598 -0.851688 0.081978
vn -0.524034 -0.851697 -0.000000
vn -0.471657 -0.881782 -0.000000
vn -0.465864 -0.881775 0.073783
vn -0.517598 -0.851688 -0.081978
vn -0.465864 -0.881775 -0.073783
vn -0.370095 -0.909654 -0.188572
vn -0.395028 -0.909659 -0.128351
vn -0.336029 -0.909659 -0.244142
vn -0.288893 -0.934068 -0.209901
vn -0.318180 -0.934065 -0.162125
vn -0.339616 -0.934069 -0.110347
vn -0.293707 -0.909654 -0.293709
vn -0.244139 -0.909660 -0.336029
vn -0.209895 -0.934071 -0.288888
vn -0.252509 -0.934066 -0.252508
vn -0.188573 -0.909655 -0.370092
vn -0.128353 -0.909659 -0.395026
vn -0.110349 -0.934069 -0.339616
vn -0.162123 -0.934067 -0.318176
vn -0.064978 -0.909653 -0.410255
vn -0.000000 -0.909657 -0.415360
vn 0.000000 -0.934069 -0.357093
vn -0.055863 -0.934066 -0.352705
vn 0.064978 -0.909653 -0.410255
vn 0.128353 -0.909658 -0.395029
vn 0.110349 -0.934069 -0.339616
vn 0.055863 -0.934065 -0.352707
vn 0.188573 -0.909654 -0.370094
vn 0.244139 -0.909660 -0.336029
vn 0.209895 -0.934069 -0.288893
vn 0.162123 -0.934066 -0.318179
vn 0.293707 -0.909655 -0.293706
vn 0.336030 -0.909660 -0.244138
vn 0.288893 -0.934069 -0.209896
vn 0.252509 -0.934066 -0.252507
vn 0.370095 -0.909654 -0.188572
vn 0.395029 -0.909658 -0.128353
vn 0.339616 -0.934068 -0.110350
vn 0.318180 -0.934065 -0.162124
vn 0.410256 -0.909653 -0.064977
vn 0.415360 -0.909657 0.000001
vn 0.357094 -0.934068 0.000002
vn 0.352707 -0.934065 -0.055864
vn 0.410256 -0.909652 0.064978
vn 0.395029 -0.909658 0.128354
vn 0.339616 -0.934068 0.110352
vn 0.352707 -0.934065 0.055866
vn 0.370095 -0.909654 0.188573
vn 0.336029 -0.909659 0.244140
vn 0.288893 -0.934068 0.209899
vn 0.318179 -0.934065 0.162127
vn 0.293707 -0.909654 0.293709
vn 0.244139 -0.909660 0.336028
vn 0.209895 -0.934070 0.288891
vn 0.252509 -0.934066 0.252508
vn 0.188573 -0.909655 0.370093
vn 0.128353 -0.909658 0.395028
vn 0.110350 -0.934069 0.339614
vn 0.162123 -0.934066 0.318176
vn 0.064978 -0.909653 0.410255
vn -0.000000 -0.909658 0.415358
vn 0.000000 -0.934069 0.357093
vn 0.055864 -0.934065 0.352706
vn -0.064978 -0.909653 0.410254
vn -0.128353 -0.909659 0.395028
vn -0.110350 -0.934068 0.339617
vn -0.055864 -0.934066 0.352704
vn -0.188573 -0.909654 0.370095
vn -0.244139 -0.909659 0.336030
vn -0.209894 -0.934069 0.288894
vn -0.162123 -0.934065 0.318180
vn -0.293707 -0.909655 0.293707
vn -0.336030 -0.909659 0.244139
vn -0.288893 -0.934069 0.209895
vn -0.252509 -0.934066 0.252509
vn -0.370095 -0.909654 0.188573
vn -0.395029 -0.909658 0.128353
vn -0.339616 -0.934069 0.110349
vn -0.318180 -0.934065 0.162124
vn -0.410256 -0.909653 0.064976
vn -0.415359 -0.909657 -0.000001
vn -0.357094 -0.934068 -0.000002
vn -0.352707 -0.934065 0.055861
vn -0.410255 -0.909653 -0.064977
vn -0.352706 -0.934065 -0.055863
vn -0.268339 -0.953571 -0.136734
vn -0.286419 -0.953574 -0.093066
vn -0.243642 -0.953573 -0.177025
vn -0.202885 -0.968044 -0.147405
vn -0.223450 -0.968043 -0.113853
vn -0.238504 -0.968045 -0.077493
vn -0.212955 -0.953572 -0.212957
vn -0.177017 -0.953574 -0.243642
vn -0.147405 -0.968045 -0.202882
vn -0.177332 -0.968043 -0.177328
vn -0.136727 -0.953572 -0.268341
vn -0.093064 -0.953573 -0.286422
vn -0.077495 -0.968044 -0.238505
vn -0.113854 -0.968042 -0.223453
vn -0.047112 -0.953572 -0.297459
vn -0.000000 -0.953574 -0.301159
vn -0.000000 -0.968045 -0.250775
vn -0.039231 -0.968044 -0.247694
vn 0.047112 -0.953572 -0.297458
vn 0.093064 -0.953573 -0.286422
vn 0.077495 -0.968045 -0.238504
vn 0.039231 -0.968043 -0.247695
vn 0.136727 -0.953571 -0.268342
vn 0.177017 -0.953573 -0.243645
vn 0.147405 -0.968045 -0.202884
vn 0.113854 -0.968043 -0.223449
vn 0.212956 -0.953572 -0.212958
vn 0.243642 -0.953573 -0.177023
vn 0.202885 -0.968045 -0.147401
vn 0.177332 -0.968042 -0.177333
vn 0.268338 -0.953572 -0.136730
vn 0.286417 -0.953574 -0.093066
vn 0.238504 -0.968045 -0.077496
vn 0.223450 -0.968044 -0.113846
vn 0.297454 -0.953573 -0.047114
vn 0.301156 -0.953575 0.000000
vn 0.250778 -0.968045 0.000000
vn 0.247695 -0.968043 -0.039234
vn 0.297454 -0.953573 0.047116
vn 0.286417 -0.953574 0.093070
vn 0.238504 -0.968044 0.077506
vn 0.247695 -0.968043 0.039240
vn 0.268337 -0.953571 0.136737
vn 0.243642 -0.953572 0.177027
vn 0.202885 -0.968044 0.147402
vn 0.223450 -0.968043 0.113856
vn 0.212956 -0.953572 0.212958
vn 0.177017 -0.953573 0.243646
vn 0.147405 -0.968045 0.202882
vn 0.177332 -0.968044 0.177325
vn 0.136727 -0.953571 0.268343
vn 0.093064 -0.953574 0.286420
vn 0.077495 -0.968045 0.238500
vn 0.113854 -0.968043 0.223451
vn 0.047112 -0.953571 0.297460
vn 0.000000 -0.953573 0.301163
vn -0.000000 -0.968045 0.250775
vn 0.039231 -0.968044 0.247692
vn -0.047112 -0.953572 0.297458
vn -0.093064 -0.953573 0.286421
vn -0.077495 -0.968045 0.238501
vn -0.039231 -0.968044 0.247692
vn -0.136727 -0.953572 0.268341
vn -0.177017 -0.953573 0.243645
vn -0.147405 -0.968044 0.202884
vn -0.113854 -0.968043 0.223450
vn -0.212955 -0.953571 0.212959
vn -0.243642 -0.953574 0.177020
vn -0.202885 -0.968045 0.147401
vn -0.177332 -0.968043 0.177332
vn -0.268337 -0.953573 0.136728
vn -0.286417 -0.953575 0.093064
vn -0.238504 -0.968045 0.077493
vn -0.223450 -0.968044 0.113846
vn -0.297454 -0.953573 0.047113
vn -0.301156 -0.953575 0.000000
vn -0.250777 -0.968045 -0.000000
vn -0.247695 -0.968043 0.039234
vn -0.297455 -0.953573 -0.047113
vn -0.247695 -0.968043 -0.039234
vn -0.183946 -0.978458 -0.093724
vn -0.196610 -0.978398 -0.063884
vn -0.167246 -0.978399 -0.121507
vn -0.125355 -0.987923 -0.091073
vn -0.140650 -0.987462 -0.071675
vn -0.147363 -0.987923 -0.047888
vn -0.145980 -0.978459 -0.145975
vn -0.121510 -0.978400 -0.167235
vn -0.091074 -0.987923 -0.125356
vn -0.111622 -0.987461 -0.111630
vn -0.093724 -0.978459 -0.183940
vn -0.063882 -0.978399 -0.196606
vn -0.047881 -0.987922 -0.147370
vn -0.071665 -0.987462 -0.140654
vn -0.032296 -0.978460 -0.203896
vn 0.000000 -0.978401 -0.206716
vn -0.000000 -0.987922 -0.154955
vn -0.024695 -0.987462 -0.155915
vn 0.032296 -0.978459 -0.203898
vn 0.063882 -0.978399 -0.196606
vn 0.047881 -0.987922 -0.147369
vn 0.024695 -0.987461 -0.155918
vn 0.093724 -0.978459 -0.183940
vn 0.121510 -0.978400 -0.167240
vn 0.091074 -0.987923 -0.125356
vn 0.071665 -0.987461 -0.140659
vn 0.145980 -0.978458 -0.145976
vn 0.167246 -0.978399 -0.121504
vn 0.125355 -0.987923 -0.091076
vn 0.111622 -0.987462 -0.111626
vn 0.183946 -0.978458 -0.093719
vn 0.196609 -0.978399 -0.063884
vn 0.147363 -0.987923 -0.047882
vn 0.140653 -0.987462 -0.071664
vn 0.203905 -0.978458 -0.032295
vn 0.206727 -0.978399 0.000000
vn 0.154947 -0.987923 -0.000002
vn 0.155914 -0.987462 -0.024694
vn 0.203904 -0.978458 0.032295
vn 0.196609 -0.978399 0.063885
vn 0.147363 -0.987923 0.047874
vn 0.155914 -0.987462 0.024683
vn 0.183945 -0.978458 0.093724
vn 0.167246 -0.978400 0.121502
vn 0.125355 -0.987923 0.091073
vn 0.140652 -0.987461 0.071672
vn 0.145980 -0.978459 0.145971
vn 0.121510 -0.978399 0.167243
vn 0.091074 -0.987922 0.125360
vn 0.111622 -0.987462 0.111618
vn 0.093724 -0.978458 0.183942
vn 0.063882 -0.978400 0.196602
vn 0.047881 -0.987922 0.147370
vn 0.071665 -0.987461 0.140657
vn 0.032295 -0.978460 0.203893
vn -0.000000 -0.978400 0.206721
vn 0.000000 -0.987922 0.154952
vn 0.024695 -0.987461 0.155920
vn -0.032295 -0.978458 0.203902
vn -0.063882 -0.978399 0.196606
vn -0.047881 -0.987922 0.147372
vn -0.024695 -0.987461 0.155921
vn -0.093724 -0.978458 0.183943
vn -0.121510 -0.978399 0.167245
vn -0.091074 -0.987922 0.125360
vn -0.071665 -0.987461 0.140658
vn -0.145980 -0.978458 0.145976
vn -0.167246 -0.978400 0.121502
vn -0.125355 -0.987922 0.091081
vn -0.111622 -0.987462 0.111623
vn -0.183945 -0.978458 0.093719
vn -0.196609 -0.978399 0.063879
vn -0.147363 -0.987923 0.047883
vn -0.140652 -0.987461 0.071678
vn -0.203905 -0.978458 0.032290
vn -0.206727 -0.978399 -0.000000
vn -0.154947 -0.987923 0.000003
vn -0.155914 -0.987462 0.024688
vn -0.203906 -0.978458 -0.032290
vn -0.155917 -0.987462 -0.024684
vn -0.098398 0.993883 -0.050136
vn -0.068694 0.996389 -0.049910
vn -0.080755 0.996389 -0.026240
vn -0.000000 1.000000 -0.000000
vn -0.078089 0.993883 -0.078090
vn -0.049909 0.996389 -0.068694
vn -0.050136 0.993883 -0.098397
vn -0.026239 0.996389 -0.080754
vn -0.017276 0.993883 -0.109075
vn 0.000000 0.996389 -0.084910
vn 0.017276 0.993883 -0.109075
vn 0.026239 0.996389 -0.080754
vn 0.050136 0.993883 -0.098397
vn 0.049909 0.996389 -0.068693
vn 0.078089 0.993883 -0.078090
vn 0.068694 0.996389 -0.049911
vn 0.098398 0.993883 -0.050137
vn 0.080755 0.996389 -0.026240
vn 0.109075 0.993883 -0.017276
vn 0.084910 0.996389 -0.000000
vn 0.109074 0.993883 0.017277
vn 0.080755 0.996389 0.026240
vn 0.098398 0.993883 0.050136
vn 0.068694 0.996389 0.049911
vn 0.078089 0.993883 0.078090
vn 0.049909 0.996389 0.068694
vn 0.050136 0.993884 0.098397
vn 0.026239 0.996389 0.080755
vn 0.017276 0.993883 0.109075
vn -0.000000 0.996389 0.084910
vn -0.017276 0.993883 0.109074
vn -0.026239 0.996389 0.080754
vn -0.050136 0.993883 0.098397
vn -0.049909 0.996389 0.068692
vn -0.078089 0.993883 0.078089
vn -0.068694 0.996389 0.049910
vn -0.098398 0.993883 0.050136
vn -0.080755 0.996389 0.026240
vn -0.109075 0.993883 0.017276
vn -0.084910 0.996389 0.000000
vn -0.109075 0.993883 -0.017275
vn -0.092109 -0.994642 -0.046948
vn -0.078226 -0.996611 -0.025425
vn -0.066545 -0.996611 -0.048351
vn -0.000000 -1.000000 -0.000005
vn -0.073102 -0.994641 -0.073110
vn -0.048347 -0.996611 -0.066549
vn -0.046934 -0.994641 -0.092121
vn -0.025418 -0.996610 -0.078240
vn -0.016173 -0.994640 -0.102122
vn 0.000000 -0.996611 -0.082263
vn 0.016173 -0.994641 -0.102111
vn 0.025418 -0.996611 -0.078237
vn 0.046934 -0.994641 -0.092117
vn 0.048347 -0.996611 -0.066557
vn 0.073103 -0.994641 -0.073116
vn 0.066545 -0.996611 -0.048355
vn 0.092115 -0.994642 -0.046922
vn 0.078228 -0.996611 -0.025426
vn 0.102110 -0.994641 -0.016187
vn 0.082254 -0.996611 -0.000017
vn 0.102110 -0.994642 0.016172
vn 0.078228 -0.996612 0.025397
vn 0.092115 -0.994642 0.046928
vn 0.066545 -0.996612 0.048343
vn 0.073103 -0.994641 0.073107
vn 0.048347 -0.996611 0.066557
vn 0.046934 -0.994641 0.092117
vn 0.025418 -0.996611 0.078232
vn 0.016173 -0.994641 0.102117
vn 0.000000 -0.996611 0.082258
vn -0.016173 -0.994641 0.102113
vn -0.025418 -0.996611 0.078234
vn -0.046934 -0.994642 0.092115
vn -0.048347 -0.996611 0.066549
vn -0.073103 -0.994641 0.073107
vn -0.066545 -0.996611 0.048361
vn -0.092115 -0.994641 0.046957
vn -0.078228 -0.996611 0.025427
vn -0.102110 -0.994642 0.016173
vn -0.082254 -0.996611 0.000002
vn -0.102110 -0.994642 -0.016162
s 1
g pSphere2
usemtl initialShadingGroup
f 43/85/83 825/924/84 1205/524/85 828/927/86
f 825/924/84 44/87/87 826/925/88 1205/524/85
f 1205/524/85 826/925/88 64/108/89 827/926/90
f 828/927/86 1205/524/85 827/926/90 63/106/91
f 44/87/87 829/929/92 1206/525/93 826/925/88
f 829/929/92 45/88/94 830/930/95 1206/525/93
f 1206/525/93 830/930/95 65/109/96 831/931/97
f 826/925/88 1206/525/93 831/931/97 64/108/89
f 45/88/94 832/932/98 1207/526/99 830/930/95
f 832/932/98 46/89/100 833/933/101 1207/526/99
f 1207/526/99 833/933/101 66/110/102 834/934/103
f 830/930/95 1207/526/99 834/934/103 65/109/96
f 46/89/100 835/935/104 1208/527/105 833/933/101
f 835/935/104 47/90/106 836/936/107 1208/527/105
f 1208/527/105 836/936/107 67/111/108 837/937/109
f 833/933/101 1208/527/105 837/937/109 66/110/102
f 47/90/106 838/938/110 1209/528/111 836/936/107
f 838/938/110 48/91/112 839/939/113 1209/528/111
f 1209/528/111 839/939/113 68/112/114 840/940/115
f 836/936/107 1209/528/111 840/940/115 67/111/108
f 48/91/112 841/941/116 1210/529/117 839/939/113
f 841/941/116 49/92/118 842/942/119 1210/529/117
f 1210/529/117 842/942/119 69/113/120 843/943/121
f 839/939/113 1210/529/117 843/943/121 68/112/114
f 49/92/118 844/944/122 1211/530/123 842/942/119
f 844/944/122 50/93/124 845/945/125 1211/530/123
f 1211/530/123 845/945/125 70/114/126 846/946/127
f 842/942/119 1211/530/123 846/946/127 69/113/120
f 50/93/124 847/947/128 1212/531/129 845/945/125
f 847/947/128 51/94/130 848/948/131 1212/531/129
f 1212/531/129 848/948/131 71/115/132 849/949/133
f 845/945/125 1212/531/129 849/949/133 70/114/126
f 51/94/130 850/950/134 1213/532/135 848/948/131
f 850/950/134 52/95/136 851/951/137 1213/532/135
f 1213/532/135 851/951/137 72/116/138 852/952/139
f 848/948/131 1213/532/135 852/952/139 71/115/132
f 52/95/136 853/953/140 1214/533/141 851/951/137
f 853/953/140 53/96/142 854/954/143 1214/533/141
f 1214/533/141 854/954/143 73/117/144 855/955/145
f 851/951/137 1214/533/141 855/955/145 72/116/138
f 53/96/142 856/956/146 1215/534/147 854/954/143
f 856/956/146 54/97/148 857/957/149 1215/534/147
f 1215/534/147 857/957/149 74/118/150 858/958/151
f 854/954/143 1215/534/147 858/958/151 73/117/144
f 54/97/148 859/959/152 1216/535/153 857/957/149
f 859/959/152 55/98/154 860/960/155 1216/535/153
f 1216/535/153 860/960/155 75/119/156 861/961/157
f 857/957/149 1216/535/153 861/961/157 74/118/150
f 55/98/154 862/962/158 1217/536/159 860/960/155
f 862/962/158 56/99/160 863/963/161 1217/536/159
f 1217/536/159 863/963/161 76/120/162 864/964/163
f 860/960/155 1217/536/159 864/964/163 75/119/156
f 56/99/160 865/965/164 1218/537/165 863/963/161
f 865/965/164 57/100/166 866/966/167 1218/537/165
f 1218/537/165 866/966/167 77/121/168 867/967/169
f 863/963/161 1218/537/165 867/967/169 76/120/162
f 57/100/166 868/968/170 1219/538/171 866/966/167
f 868/968/170 58/101/172 869/969/173 1219/538/171
f 1219/538/171 869/969/173 78/122/174 870/970/175
f 866/966/167 1219/538/171 870/970/175 77/121/168
f 58/101/172 871/971/176 1220/539/177 869/969/173
f 871/971/176 59/102/178 872/972/179 1220/539/177
f 1220/539/177 872/972/179 79/123/180 873/973/181
f 869/969/173 1220/539/177 873/973/181 78/122/174
f 59/102/178 874/974/182 1221/540/183 872/972/179
f 874/974/182 60/103/184 875/975/185 1221/540/183
f 1221/540/183 875/975/185 80/124/186 876/976/187
f 872/972/179 1221/540/183 876/976/187 79/123/180
f 60/103/184 877/977/188 1222/541/189 875/975/185
f 877/977/188 61/104/190 878/978/191 1222/541/189
f 1222/541/189 878/978/191 81/125/192 879/979/193
f 875/975/185 1222/541/189 879/979/193 80/124/186
f 61/104/190 880/980/194 1223/542/195 878/978/191
f 880/980/194 62/105/196 881/981/197 1223/542/195
f 1223/542/195 881/981/197 82/126/198 882/982/199
f 878/978/191 1223/542/195 882/982/199 81/125/192
f 62/105/196 883/983/200 1224/543/201 881/981/197
f 883/983/200 43/86/83 828/928/86 1224/543/201
f 1224/543/201 828/928/86 63/107/91 884/984/202
f 881/981/197 1224/543/201 884/984/202 82/126/198
f 63/106/91 827/926/90 1225/544/203 887/987/204
f 827/926/90 64/108/89 885/985/205 1225/544/203
f 1225/544/203 885/985/205 84/129/206 886/986/207
f 887/987/204 1225/544/203 886/986/207 83/127/208
f 64/108/89 831/931/97 1226/545/209 885/985/205
f 831/931/97 65/109/96 888/989/210 1226/545/209
f 1226/545/209 888/989/210 85/130/211 889/990/212
f 885/985/205 1226/545/209 889/990/212 84/129/206
f 65/109/96 834/934/103 1227/546/213 888/989/210
f 834/934/103 66/110/102 890/991/214 1227/546/213
f 1227/546/213 890/991/214 86/131/215 891/992/216
f 888/989/210 1227/546/213 891/992/216 85/130/211
f 66/110/102 837/937/109 1228/547/217 890/991/214
f 837/937/109 67/111/108 892/993/218 1228/547/217
f 1228/547/217 892/993/218 87/132/219 893/994/220
f 890/991/214 1228/547/217 893/994/220 86/131/215
f 67/111/108 840/940/115 1229/548/221 892/993/218
f 840/940/115 68/112/114 894/995/222 1229/548/221
f 1229/548/221 894/995/222 88/133/223 895/996/224
f 892/993/218 1229/548/221 895/996/224 87/132/219
f 68/112/114 843/943/121 1230/549/225 894/995/222
f 843/943/121 69/113/120 896/997/226 1230/549/225
f 1230/549/225 896/997/226 89/134/227 897/998/228
f 894/995/222 1230/549/225 897/998/228 88/133/223
f 69/113/120 846/946/127 1231/550/229 896/997/226
f 846/946/127 70/114/126 898/999/230 1231/550/229
f 1231/550/229 898/999/230 90/135/231 899/1000/232
f 896/997/226 1231/550/229 899/1000/232 89/134/227
f 70/114/126 849/949/133 1232/551/233 898/999/230
f 849/949/133 71/115/132 900/1001/234 1232/551/233
f 1232/551/233 900/1001/234 91/136/235 901/1002/236
f 898/999/230 1232/551/233 901/1002/236 90/135/231
f 71/115/132 852/952/139 1233/552/237 900/1001/234
f 852/952/139 72/116/138 902/1003/238 1233/552/237
f 1233/552/237 902/1003/238 92/137/239 903/1004/240
f 900/1001/234 1233/552/237 903/1004/240 91/136/235
f 72/116/138 855/955/145 1234/553/241 902/1003/238
f 855/955/145 73/117/144 904/1005/242 1234/553/241
f 1234/553/241 904/1005/242 93/138/243 905/1006/244
f 902/1003/238 1234/553/241 905/1006/244 92/137/239
f 73/117/144 858/958/151 1235/554/245 904/1005/242
f 858/958/151 74/118/150 906/1007/246 1235/554/245
f 1235/554/245 906/1007/246 94/139/247 907/1008/248
f 904/1005/242 1235/554/245 907/1008/248 93/138/243
f 74/118/150 861/961/157 1236/555/249 906/1007/246
f 861/961/157 75/119/156 908/1009/250 1236/555/249
f 1236/555/249 908/1009/250 95/140/251 909/1010/252
f 906/1007/246 1236/555/249 909/1010/252 94/139/247
f 75/119/156 864/964/163 1237/556/253 908/1009/250
f 864/964/163 76/120/162 910/1011/254 1237/556/253
f 1237/556/253 910/1011/254 96/141/255 911/1012/256
f 908/1009/250 1237/556/253 911/1012/256 95/140/251
f 76/120/162 867/967/169 1238/557/257 910/1011/254
f 867/967/169 77/121/168 912/1013/258 1238/557/257
f 1238/557/257 912/1013/258 97/142/259 913/1014/260
f 910/1011/254 1238/557/257 913/1014/260 96/141/255
f 77/121/168 870/970/175 1239/558/261 912/1013/258
f 870/970/175 78/122/174 914/1015/262 1239/558/261
f 1239/558/261 914/1015/262 98/143/263 915/1016/264
f 912/1013/258 1239/558/261 915/1016/264 97/142/259
f 78/122/174 873/973/181 1240/559/265 914/1015/262
f 873/973/181 79/123/180 916/1017/266 1240/559/265
f 1240/559/265 916/1017/266 99/144/267 917/1018/268
f 914/1015/262 1240/559/265 917/1018/268 98/143/263
f 79/123/180 876/976/187 1241/560/269 916/1017/266
f 876/976/187 80/124/186 918/1019/270 1241/560/269
f 1241/560/269 918/1019/270 100/145/271 919/1020/272
f 916/1017/266 1241/560/269 919/1020/272 99/144/267
f 80/124/186 879/979/193 1242/561/273 918/1019/270
f 879/979/193 81/125/192 920/1021/274 1242/561/273
f 1242/561/273 920/1021/274 101/146/275 921/1022/276
f 918/1019/270 1242/561/273 921/1022/276 100/145/271
f 81/125/192 882/982/199 1243/562/277 920/1021/274
f 882/982/199 82/126/198 922/1023/278 1243/562/277
f 1243/562/277 922/1023/278 102/147/279 923/1024/280
f 920/1021/274 1243/562/277 923/1024/280 101/146/275
f 82/126/198 884/984/202 1244/563/281 922/1023/278
f 884/984/202 63/107/91 887/988/204 1244/563/281
f 1244/563/281 887/988/204 83/128/208 924/1025/282
f 922/1023/278 1244/563/281 924/1025/282 102/147/279
f 83/127/208 886/986/207 1245/564/283 927/1028/284
f 886/986/207 84/129/206 925/1026/285 1245/564/283
f 1245/564/283 925/1026/285 104/150/286 926/1027/287
f 927/1028/284 1245/564/283 926/1027/287 103/148/288
f 84/129/206 889/990/212 1246/565/289 925/1026/285
f 889/990/212 85/130/211 928/1030/290 1246/565/289
f 1246/565/289 928/1030/290 105/151/291 929/1031/292
f 925/1026/285 1246/565/289 929/1031/292 104/150/286
f 85/130/211 891/992/216 1247/566/293 928/1030/290
f 891/992/216 86/131/215 930/1032/294 1247/566/293
f 1247/566/293 930/1032/294 106/152/295 931/1033/296
f 928/1030/290 1247/566/293 931/1033/296 105/151/291
f 86/131/215 893/994/220 1248/567/297 930/1032/294
f 893/994/220 87/132/219 932/1034/298 1248/567/297
f 1248/567/297 932/1034/298 107/153/299 933/1035/300
f 930/1032/294 1248/567/297 933/1035/300 106/152/295
f 87/132/219 895/996/224 1249/568/301 932/1034/298
f 895/996/224 88/133/223 934/1036/302 1249/568/301
f 1249/568/301 934/1036/302 108/154/303 935/1037/304
f 932/1034/298 1249/568/301 935/1037/304 107/153/299
f 88/133/223 897/998/228 1250/569/305 934/1036/302
f 897/998/228 89/134/227 936/1038/306 1250/569/305
f 1250/569/305 936/1038/306 109/155/307 937/1039/308
f 934/1036/302 1250/569/305 937/1039/308 108/154/303
f 89/134/227 899/1000/232 1251/570/309 936/1038/306
f 899/1000/232 90/135/231 938/1040/310 1251/570/309
f 1251/570/309 938/1040/310 110/156/311 939/1041/312
f 936/1038/306 1251/570/309 939/1041/312 109/155/307
f 90/135/231 901/1002/236 1252/571/313 938/1040/310
f 901/1002/236 91/136/235 940/1042/314 1252/571/313
f 1252/571/313 940/1042/314 111/157/315 941/1043/316
f 938/1040/310 1252/571/313 941/1043/316 110/156/311
f 91/136/235 903/1004/240 1253/572/317 940/1042/314
f 903/1004/240 92/137/239 942/1044/318 1253/572/317
f 1253/572/317 942/1044/318 112/158/319 943/1045/320
f 940/1042/314 1253/572/317 943/1045/320 111/157/315
f 92/137/239 905/1006/244 1254/573/321 942/1044/318
f 905/1006/244 93/138/243 944/1046/322 1254/573/321
f 1254/573/321 944/1046/322 113/159/323 945/1047/324
f 942/1044/318 1254/573/321 945/1047/324 112/158/319
f 93/138/243 907/1008/248 1255/574/325 944/1046/322
f 907/1008/248 94/139/247 946/1048/326 1255/574/325
f 1255/574/325 946/1048/326 114/160/327 947/1049/328
f 944/1046/322 1255/574/325 947/1049/328 113/159/323
f 94/139/247 909/1010/252 1256/575/329 946/1048/326
f 909/1010/252 95/140/251 948/1050/330 1256/575/329
f 1256/575/329 948/1050/330 115/161/331 949/1051/332
f 946/1048/326 1256/575/329 949/1051/332 114/160/327
f 95/140/251 911/1012/256 1257/576/333 948/1050/330
f 911/1012/256 96/141/255 950/1052/334 1257/576/333
f 1257/576/333 950/1052/334 116/162/335 951/1053/336
f 948/1050/330 1257/576/333 951/1053/336 115/161/331
f 96/141/255 913/1014/260 1258/577/337 950/1052/334
f 913/1014/260 97/142/259 952/1054/338 1258/577/337
f 1258/577/337 952/1054/338 117/163/339 953/1055/340
f 950/1052/334 1258/577/337 953/1055/340 116/162/335
f 97/142/259 915/1016/264 1259/578/341 952/1054/338
f 915/1016/264 98/143/263 954/1056/342 1259/578/341
f 1259/578/341 954/1056/342 118/164/343 955/1057/344
f 952/1054/338 1259/578/341 955/1057/344 117/163/339
f 98/143/263 917/1018/268 1260/579/345 954/1056/342
f 917/1018/268 99/144/267 956/1058/346 1260/579/345
f 1260/579/345 956/1058/346 119/165/347 957/1059/348
f 954/1056/342 1260/579/345 957/1059/348 118/164/343
f 99/144/267 919/1020/272 1261/580/349 956/1058/346
f 919/1020/272 100/145/271 958/1060/350 1261/580/349
f 1261/580/349 958/1060/350 120/166/351 959/1061/352
f 956/1058/346 1261/580/349 959/1061/352 119/165/347
f 100/145/271 921/1022/276 1262/581/353 958/1060/350
f 921/1022/276 101/146/275 960/1062/354 1262/581/353
f 1262/581/353 960/1062/354 121/167/355 961/1063/356
f 958/1060/350 1262/581/353 961/1063/356 120/166/351
f 101/146/275 923/1024/280 1263/582/357 960/1062/354
f 923/1024/280 102/147/279 962/1064/358 1263/582/357
f 1263/582/357 962/1064/358 122/168/359 963/1065/360
f 960/1062/354 1263/582/357 963/1065/360 121/167/355
f 102/147/279 924/1025/282 1264/583/361 962/1064/358
f 924/1025/282 83/128/208 927/1029/284 1264/583/361
f 1264/583/361 927/1029/284 103/149/288 964/1066/362
f 962/1064/358 1264/583/361 964/1066/362 122/168/359
f 103/148/288 926/1027/287 1265/584/363 967/1069/364
f 926/1027/287 104/150/286 965/1067/365 1265/584/363
f 1265/584/363 965/1067/365 124/171/366 966/1068/367
f 967/1069/364 1265/584/363 966/1068/367 123/169/368
f 104/150/286 929/1031/292 1266/585/369 965/1067/365
f 929/1031/292 105/151/291 968/1071/370 1266/585/369
f 1266/585/369 968/1071/370 125/172/371 969/1072/372
f 965/1067/365 1266/585/369 969/1072/372 124/171/366
f 105/151/291 931/1033/296 1267/586/373 968/1071/370
f 931/1033/296 106/152/295 970/1073/374 1267/586/373
f 1267/586/373 970/1073/374 126/173/375 971/1074/376
f 968/1071/370 1267/586/373 971/1074/376 125/172/371
f 106/152/295 933/1035/300 1268/587/377 970/1073/374
f 933/1035/300 107/153/299 972/1075/378 1268/587/377
f 1268/587/377 972/1075/378 127/174/379 973/1076/380
f 970/1073/374 1268/587/377 973/1076/380 126/173/375
f 107/153/299 935/1037/304 1269/588/381 972/1075/378
f 935/1037/304 108/154/303 974/1077/382 1269/588/381
f 1269/588/381 974/1077/382 128/175/383 975/1078/384
f 972/1075/378 1269/588/381 975/1078/384 127/174/379
f 108/154/303 937/1039/308 1270/589/385 974/1077/382
f 937/1039/308 109/155/307 976/1079/386 1270/589/385
f 1270/589/385 976/1079/386 129/176/387 977/1080/388
f 974/1077/382 1270/589/385 977/1080/388 128/175/383
f 109/155/307 939/1041/312 1271/590/389 976/1079/386
f 939/1041/312 110/156/311 978/1081/390 1271/590/389
f 1271/590/389 978/1081/390 130/177/391 979/1082/392
f 976/1079/386 1271/590/389 979/1082/392 129/176/387
f 110/156/311 941/1043/316 1272/591/393 978/1081/390
f 941/1043/316 111/157/315 980/1083/394 1272/591/393
f 1272/591/393 980/1083/394 131/178/395 981/1084/396
f 978/1081/390 1272/591/393 981/1084/396 130/177/391
f 111/157/315 943/1045/320 1273/592/397 980/1083/394
f 943/1045/320 112/158/319 982/1085/398 1273/592/397
f 1273/592/397 982/1085/398 132/179/399 983/1086/400
f 980/1083/394 1273/592/397 983/1086/400 131/178/395
f 112/158/319 945/1047/324 1274/593/401 982/1085/398
f 945/1047/324 113/159/323 984/1087/402 1274/593/401
f 1274/593/401 984/1087/402 133/180/403 985/1088/404
f 982/1085/398 1274/593/401 985/1088/404 132/179/399
f 113/159/323 947/1049/328 1275/594/405 984/1087/402
f 947/1049/328 114/160/327 986/1089/406 1275/594/405
f 1275/594/405 986/1089/406 134/181/407 987/1090/408
f 984/1087/402 1275/594/405 987/1090/408 133/180/403
f 114/160/327 949/1051/332 1276/595/409 986/1089/406
f 949/1051/332 115/161/331 988/1091/410 1276/595/409
f 1276/595/409 988/1091/410 135/182/411 989/1092/412
f 986/1089/406 1276/595/409 989/1092/412 134/181/407
f 115/161/331 951/1053/336 1277/596/413 988/1091/410
f 951/1053/336 116/162/335 990/1093/414 1277/596/413
f 1277/596/413 990/1093/414 136/183/415 991/1094/416
f 988/1091/410 1277/596/413 991/1094/416 135/182/411
f 116/162/335 953/1055/340 1278/597/417 990/1093/414
f 953/1055/340 117/163/339 992/1095/418 1278/597/417
f 1278/597/417 992/1095/418 137/184/419 993/1096/420
f 990/1093/414 1278/597/417 993/1096/420 136/183/415
f 117/163/339 955/1057/344 1279/598/421 992/1095/418
f 955/1057/344 118/164/343 994/1097/422 1279/598/421
f 1279/598/421 994/1097/422 138/185/423 995/1098/424
f 992/1095/418 1279/598/421 995/1098/424 137/184/419
f 118/164/343 957/1059/348 1280/599/425 994/1097/422
f 957/1059/348 119/165/347 996/1099/426 1280/599/425
f 1280/599/425 996/1099/426 139/186/427 997/1100/428
f 994/1097/422 1280/599/425 997/1100/428 138/185/423
f 119/165/347 959/1061/352 1281/600/429 996/1099/426
f 959/1061/352 120/166/351 998/1101/430 1281/600/429
f 1281/600/429 998/1101/430 140/187/431 999/1102/432
f 996/1099/426 1281/600/429 999/1102/432 139/186/427
f 120/166/351 961/1063/356 1282/601/433 998/1101/430
f 961/1063/356 121/167/355 1000/1103/434 1282/601/433
f 1282/601/433 1000/1103/434 141/188/435 1001/1104/436
f 998/1101/430 1282/601/433 1001/1104/436 140/187/431
f 121/167/355 963/1065/360 1283/602/437 1000/1103/434
f 963/1065/360 122/168/359 1002/1105/438 1283/602/437
f 1283/602/437 1002/1105/438 142/189/439 1003/1106/440
f 1000/1103/434 1283/602/437 1003/1106/440 141/188/435
f 122/168/359 964/1066/362 1284/603/441 1002/1105/438
f 964/1066/362 103/149/288 967/1070/364 1284/603/441
f 1284/603/441 967/1070/364 123/170/368 1004/1107/442
f 1002/1105/438 1284/603/441 1004/1107/442 142/189/439
f 123/169/368 966/1068/367 1285/604/443 1007/1110/444
f 966/1068/367 124/171/366 1005/1108/445 1285/604/443
f 1285/604/443 1005/1108/445 144/192/446 1006/1109/447
f 1007/1110/444 1285/604/443 1006/1109/447 143/190/448
f 124/171/366 969/1072/372 1286/605/449 1005/1108/445
f 969/1072/372 125/172/371 1008/1112/450 1286/605/449
f 1286/605/449 1008/1112/450 145/193/451 1009/1113/452
f 1005/1108/445 1286/605/449 1009/1113/452 144/192/446
f 125/172/371 971/1074/376 1287/606/453 1008/1112/450
f 971/1074/376 126/173/375 1010/1114/454 1287/606/453
f 1287/606/453 1010/1114/454 146/194/455 1011/1115/456
f 1008/1112/450 1287/606/453 1011/1115/456 145/193/451
f 126/173/375 973/1076/380 1288/607/457 1010/1114/454
f 973/1076/380 127/174/379 1012/1116/458 1288/607/457
f 1288/607/457 1012/1116/458 147/195/459 1013/1117/460
f 1010/1114/454 1288/607/457 1013/1117/460 146/194/455
f 127/174/379 975/1078/384 1289/608/461 1012/1116/458
f 975/1078/384 128/175/383 1014/1118/462 1289/608/461
f 1289/608/461 1014/1118/462 148/196/463 1015/1119/464
f 1012/1116/458 1289/608/461 1015/1119/464 147/195/459
f 128/175/383 977/1080/388 1290/609/465 1014/1118/462
f 977/1080/388 129/176/387 1016/1120/466 1290/609/465
f 1290/609/465 1016/1120/466 149/197/467 1017/1121/468
f 1014/1118/462 1290/609/465 1017/1121/468 148/196/463
f 129/176/387 979/1082/392 1291/610/469 1016/1120/466
f 979/1082/392 130/177/391 1018/1122/470 1291/610/469
f 1291/610/469 1018/1122/470 150/198/471 1019/1123/472
f 1016/1120/466 1291/610/469 1019/1123/472 149/197/467
f 130/177/391 981/1084/396 1292/611/473 1018/1122/470
f 981/1084/396 131/178/395 1020/1124/474 1292/611/473
f 1292/611/473 1020/1124/474 151/199/475 1021/1125/476
f 1018/1122/470 1292/611/473 1021/1125/476 150/198/471
f 131/178/395 983/1086/400 1293/612/477 1020/1124/474
f 983/1086/400 132/179/399 1022/1126/478 1293/612/477
f 1293/612/477 1022/1126/478 152/200/479 1023/1127/480
f 1020/1124/474 1293/612/477 1023/1127/480 151/199/475
f 132/179/399 985/1088/404 1294/613/481 1022/1126/478
f 985/1088/404 133/180/403 1024/1128/482 1294/613/481
f 1294/613/481 1024/1128/482 153/201/483 1025/1129/484
f 1022/1126/478 1294/613/481 1025/1129/484 152/200/479
f 133/180/403 987/1090/408 1295/614/485 1024/1128/482
f 987/1090/408 134/181/407 1026/1130/486 1295/614/485
f 1295/614/485 1026/1130/486 154/202/487 1027/1131/488
f 1024/1128/482 1295/614/485 1027/1131/488 153/201/483
f 134/181/407 989/1092/412 1296/615/489 1026/1130/486
f 989/1092/412 135/182/411 1028/1132/490 1296/615/489
f 1296/615/489 1028/1132/490 155/203/491 1029/1133/492
f 1026/1130/486 1296/615/489 1029/1133/492 154/202/487
f 135/182/411 991/1094/416 1297/616/493 1028/1132/490
f 991/1094/416 136/183/415 1030/1134/494 1297/616/493
f 1297/616/493 1030/1134/494 156/204/495 1031/1135/496
f 1028/1132/490 1297/616/493 1031/1135/496 155/203/491
f 136/183/415 993/1096/420 1298/617/497 1030/1134/494
f 993/1096/420 137/184/419 1032/1136/498 1298/617/497
f 1298/617/497 1032/1136/498 157/205/499 1033/1137/500
f 1030/1134/494 1298/617/497 1033/1137/500 156/204/495
f 137/184/419 995/1098/424 1299/618/501 1032/1136/498
f 995/1098/424 138/185/423 1034/1138/502 1299/618/501
f 1299/618/501 1034/1138/502 158/206/503 1035/1139/504
f 1032/1136/498 1299/618/501 1035/1139/504 157/205/499
f 138/185/423 997/1100/428 1300/619/505 1034/1138/502
f 997/1100/428 139/186/427 1036/1140/506 1300/619/505
f 1300/619/505 1036/1140/506 159/207/507 1037/1141/508
f 1034/1138/502 1300/619/505 1037/1141/508 158/206/503
f 139/186/427 999/1102/432 1301/620/509 1036/1140/506
f 999/1102/432 140/187/431 1038/1142/510 1301/620/509
f 1301/620/509 1038/1142/510 160/208/511 1039/1143/512
f 1036/1140/506 1301/620/509 1039/1143/512 159/207/507
f 140/187/431 1001/1104/436 1302/621/513 1038/1142/510
f 1001/1104/436 141/188/435 1040/1144/514 1302/621/513
f 1302/621/513 1040/1144/514 161/209/515 1041/1145/516
f 1038/1142/510 1302/621/513 1041/1145/516 160/208/511
f 141/188/435 1003/1106/440 1303/622/517 1040/1144/514
f 1003/1106/440 142/189/439 1042/1146/518 1303/622/517
f 1303/622/517 1042/1146/518 162/210/519 1043/1147/520
f 1040/1144/514 1303/622/517 1043/1147/520 161/209/515
f 142/189/439 1004/1107/442 1304/623/521 1042/1146/518
f 1004/1107/442 123/170/368 1007/1111/444 1304/623/521
f 1304/623/521 1007/1111/444 143/191/448 1044/1148/522
f 1042/1146/518 1304/623/521 1044/1148/522 162/210/519
f 143/190/448 1006/1109/447 1305/624/523 1047/1151/524
f 1006/1109/447 144/192/446 1045/1149/525 1305/624/523
f 1305/624/523 1045/1149/525 164/213/526 1046/1150/527
f 1047/1151/524 1305/624/523 1046/1150/527 163/211/528
f 144/192/446 1009/1113/452 1306/625/529 1045/1149/525
f 1009/1113/452 145/193/451 1048/1153/530 1306/625/529
f 1306/625/529 1048/1153/530 165/214/531 1049/1154/532
f 1045/1149/525 1306/625/529 1049/1154/532 164/213/526
f 145/193/451 1011/1115/456 1307/626/533 1048/1153/530
f 1011/1115/456 146/194/455 1050/1155/534 1307/626/533
f 1307/626/533 1050/1155/534 166/215/535 1051/1156/536
f 1048/1153/530 1307/626/533 1051/1156/536 165/214/531
f 146/194/455 1013/1117/460 1308/627/537 1050/1155/534
f 1013/1117/460 147/195/459 1052/1157/538 1308/627/537
f 1308/627/537 1052/1157/538 167/216/539 1053/1158/540
f 1050/1155/534 1308/627/537 1053/1158/540 166/215/535
f 147/195/459 1015/1119/464 1309/628/541 1052/1157/538
f 1015/1119/464 148/196/463 1054/1159/542 1309/628/541
f 1309/628/541 1054/1159/542 168/217/543 1055/1160/544
f 1052/1157/538 1309/628/541 1055/1160/544 167/216/539
f 148/196/463 1017/1121/468 1310/629/545 1054/1159/542
f 1017/1121/468 149/197/467 1056/1161/546 1310/629/545
f 1310/629/545 1056/1161/546 169/218/547 1057/1162/548
f 1054/1159/542 1310/629/545 1057/1162/548 168/217/543
f 149/197/467 1019/1123/472 1311/630/549 1056/1161/546
f 1019/1123/472 150/198/471 1058/1163/550 1311/630/549
f 1311/630/549 1058/1163/550 170/219/551 1059/1164/552
f 1056/1161/546 1311/630/549 1059/1164/552 169/218/547
f 150/198/471 1021/1125/476 1312/631/553 1058/1163/550
f 1021/1125/476 151/199/475 1060/1165/554 1312/631/553
f 1312/631/553 1060/1165/554 171/220/555 1061/1166/556
f 1058/1163/550 1312/631/553 1061/1166/556 170/219/551
f 151/199/475 1023/1127/480 1313/632/557 1060/1165/554
f 1023/1127/480 152/200/479 1062/1167/558 1313/632/557
f 1313/632/557 1062/1167/558 172/221/559 1063/1168/560
f 1060/1165/554 1313/632/557 1063/1168/560 171/220/555
f 152/200/479 1025/1129/484 1314/633/561 1062/1167/558
f 1025/1129/484 153/201/483 1064/1169/562 1314/633/561
f 1314/633/561 1064/1169/562 173/222/563 1065/1170/564
f 1062/1167/558 1314/633/561 1065/1170/564 172/221/559
f 153/201/483 1027/1131/488 1315/634/565 1064/1169/562
f 1027/1131/488 154/202/487 1066/1171/566 1315/634/565
f 1315/634/565 1066/1171/566 174/223/567 1067/1172/568
f 1064/1169/562 1315/634/565 1067/1172/568 173/222/563
f 154/202/487 1029/1133/492 1316/635/569 1066/1171/566
f 1029/1133/492 155/203/491 1068/1173/570 1316/635/569
f 1316/635/569 1068/1173/570 175/224/571 1069/1174/572
f 1066/1171/566 1316/635/569 1069/1174/572 174/223/567
f 155/203/491 1031/1135/496 1317/636/573 1068/1173/570
f 1031/1135/496 156/204/495 1070/1175/574 1317/636/573
f 1317/636/573 1070/1175/574 176/225/575 1071/1176/576
f 1068/1173/570 1317/636/573 1071/1176/576 175/224/571
f 156/204/495 1033/1137/500 1318/637/577 1070/1175/574
f 1033/1137/500 157/205/499 1072/1177/578 1318/637/577
f 1318/637/577 1072/1177/578 177/226/579 1073/1178/580
f 1070/1175/574 1318/637/577 1073/1178/580 176/225/575
f 157/205/499 1035/1139/504 1319/638/581 1072/1177/578
f 1035/1139/504 158/206/503 1074/1179/582 1319/638/581
f 1319/638/581 1074/1179/582 178/227/583 1075/1180/584
f 1072/1177/578 1319/638/581 1075/1180/584 177/226/579
f 158/206/503 1037/1141/508 1320/639/585 1074/1179/582
f 1037/1141/508 159/207/507 1076/1181/586 1320/639/585
f 1320/639/585 1076/1181/586 179/228/587 1077/1182/588
f 1074/1179/582 1320/639/585 1077/1182/588 178/227/583
f 159/207/507 1039/1143/512 1321/640/589 1076/1181/586
f 1039/1143/512 160/208/511 1078/1183/590 1321/640/589
f 1321/640/589 1078/1183/590 180/229/591 1079/1184/592
f 1076/1181/586 1321/640/589 1079/1184/592 179/228/587
f 160/208/511 1041/1145/516 1322/641/593 1078/1183/590
f 1041/1145/516 161/209/515 1080/1185/594 1322/641/593
f 1322/641/593 1080/1185/594 181/230/595 1081/1186/596
f 1078/1183/590 1322/641/593 1081/1186/596 180/229/591
f 161/209/515 1043/1147/520 1323/642/597 1080/1185/594
f 1043/1147/520 162/210/519 1082/1187/598 1323/642/597
f 1323/642/597 1082/1187/598 182/231/599 1083/1188/600
f 1080/1185/594 1323/642/597 1083/1188/600 181/230/595
f 162/210/519 1044/1148/522 1324/643/601 1082/1187/598
f 1044/1148/522 143/191/448 1047/1152/524 1324/643/601
f 1324/643/601 1047/1152/524 163/212/528 1084/1189/602
f 1082/1187/598 1324/643/601 1084/1189/602 182/231/599
f 163/211/528 1046/1150/527 1325/644/603 1087/1192/604
f 1046/1150/527 164/213/526 1085/1190/605 1325/644/603
f 1325/644/603 1085/1190/605 184/234/606 1086/1191/607
f 1087/1192/604 1325/644/603 1086/1191/607 183/232/608
f 164/213/526 1049/1154/532 1326/645/609 1085/1190/605
f 1049/1154/532 165/214/531 1088/1194/610 1326/645/609
f 1326/645/609 1088/1194/610 185/235/611 1089/1195/612
f 1085/1190/605 1326/645/609 1089/1195/612 184/234/606
f 165/214/531 1051/1156/536 1327/646/613 1088/1194/610
f 1051/1156/536 166/215/535 1090/1196/614 1327/646/613
f 1327/646/613 1090/1196/614 186/236/615 1091/1197/616
f 1088/1194/610 1327/646/613 1091/1197/616 185/235/611
f 166/215/535 1053/1158/540 1328/647/617 1090/1196/614
f 1053/1158/540 167/216/539 1092/1198/618 1328/647/617
f 1328/647/617 1092/1198/618 187/237/619 1093/1199/620
f 1090/1196/614 1328/647/617 1093/1199/620 186/236/615
f 167/216/539 1055/1160/544 1329/648/621 1092/1198/618
f 1055/1160/544 168/217/543 1094/1200/622 1329/648/621
f 1329/648/621 1094/1200/622 188/238/623 1095/1201/624
f 1092/1198/618 1329/648/621 1095/1201/624 187/237/619
f 168/217/543 1057/1162/548 1330/649/625 1094/1200/622
f 1057/1162/548 169/218/547 1096/1202/626 1330/649/625
f 1330/649/625 1096/1202/626 189/239/627 1097/1203/628
f 1094/1200/622 1330/649/625 1097/1203/628 188/238/623
f 169/218/547 1059/1164/552 1331/650/629 1096/1202/626
f 1059/1164/552 170/219/551 1098/1204/630 1331/650/629
f 1331/650/629 1098/1204/630 190/240/631 1099/1205/632
f 1096/1202/626 1331/650/629 1099/1205/632 189/239/627
f 170/219/551 1061/1166/556 1332/651/633 1098/1204/630
f 1061/1166/556 171/220/555 1100/1206/634 1332/651/633
f 1332/651/633 1100/1206/634 191/241/635 1101/1207/636
f 1098/1204/630 1332/651/633 1101/1207/636 190/240/631
f 171/220/555 1063/1168/560 1333/652/637 1100/1206/634
f 1063/1168/560 172/221/559 1102/1208/638 1333/652/637
f 1333/652/637 1102/1208/638 192/242/639 1103/1209/640
f 1100/1206/634 1333/652/637 1103/1209/640 191/241/635
f 172/221/559 1065/1170/564 1334/653/641 1102/1208/638
f 1065/1170/564 173/222/563 1104/1210/642 1334/653/641
f 1334/653/641 1104/1210/642 193/243/643 1105/1211/644
f 1102/1208/638 1334/653/641 1105/1211/644 192/242/639
f 173/222/563 1067/1172/568 1335/654/645 1104/1210/642
f 1067/1172/568 174/223/567 1106/1212/646 1335/654/645
f 1335/654/645 1106/1212/646 194/244/647 1107/1213/648
f 1104/1210/642 1335/654/645 1107/1213/648 193/243/643
f 174/223/567 1069/1174/572 1336/655/649 1106/1212/646
f 1069/1174/572 175/224/571 1108/1214/650 1336/655/649
f 1336/655/649 1108/1214/650 195/245/651 1109/1215/652
f 1106/1212/646 1336/655/649 1109/1215/652 194/244/647
f 175/224/571 1071/1176/576 1337/656/653 1108/1214/650
f 1071/1176/576 176/225/575 1110/1216/654 1337/656/653
f 1337/656/653 1110/1216/654 196/246/655 1111/1217/656
f 1108/1214/650 1337/656/653 1111/1217/656 195/245/651
f 176/225/575 1073/1178/580 1338/657/657 1110/1216/654
f 1073/1178/580 177/226/579 1112/1218/658 1338/657/657
f 1338/657/657 1112/1218/658 197/247/659 1113/1219/660
f 1110/1216/654 1338/657/657 1113/1219/660 196/246/655
f 177/226/579 1075/1180/584 1339/658/661 1112/1218/658
f 1075/1180/584 178/227/583 1114/1220/662 1339/658/661
f 1339/658/661 1114/1220/662 198/248/663 1115/1221/664
f 1112/1218/658 1339/658/661 1115/1221/664 197/247/659
f 178/227/583 1077/1182/588 1340/659/665 1114/1220/662
f 1077/1182/588 179/228/587 1116/1222/666 1340/659/665
f 1340/659/665 1116/1222/666 199/249/667 1117/1223/668
f 1114/1220/662 1340/659/665 1117/1223/668 198/248/663
f 179/228/587 1079/1184/592 1341/660/669 1116/1222/666
f 1079/1184/592 180/229/591 1118/1224/670 1341/660/669
f 1341/660/669 1118/1224/670 200/250/671 1119/1225/672
f 1116/1222/666 1341/660/669 1119/1225/672 199/249/667
f 180/229/591 1081/1186/596 1342/661/673 1118/1224/670
f 1081/1186/596 181/230/595 1120/1226/674 1342/661/673
f 1342/661/673 1120/1226/674 201/251/675 1121/1227/676
f 1118/1224/670 1342/661/673 1121/1227/676 200/250/671
f 181/230/595 1083/1188/600 1343/662/677 1120/1226/674
f 1083/1188/600 182/231/599 1122/1228/678 1343/662/677
f 1343/662/677 1122/1228/678 202/252/679 1123/1229/680
f 1120/1226/674 1343/662/677 1123/1229/680 201/251/675
f 182/231/599 1084/1189/602 1344/663/681 1122/1228/678
f 1084/1189/602 163/212/528 1087/1193/604 1344/663/681
f 1344/663/681 1087/1193/604 183/233/608 1124/1230/682
f 1122/1228/678 1344/663/681 1124/1230/682 202/252/679
f 183/232/608 1086/1191/607 1345/664/683 1127/1233/684
f 1086/1191/607 184/234/606 1125/1231/685 1345/664/683
f 1345/664/683 1125/1231/685 204/255/686 1126/1232/687
f 1127/1233/684 1345/664/683 1126/1232/687 203/253/688
f 184/234/606 1089/1195/612 1346/665/689 1125/1231/685
f 1089/1195/612 185/235/611 1128/1235/690 1346/665/689
f 1346/665/689 1128/1235/690 205/256/691 1129/1236/692
f 1125/1231/685 1346/665/689 1129/1236/692 204/255/686
f 185/235/611 1091/1197/616 1347/666/693 1128/1235/690
f 1091/1197/616 186/236/615 1130/1237/694 1347/666/693
f 1347/666/693 1130/1237/694 206/257/695 1131/1238/696
f 1128/1235/690 1347/666/693 1131/1238/696 205/256/691
f 186/236/615 1093/1199/620 1348/667/697 1130/1237/694
f 1093/1199/620 187/237/619 1132/1239/698 1348/667/697
f 1348/667/697 1132/1239/698 207/258/699 1133/1240/700
f 1130/1237/694 1348/667/697 1133/1240/700 206/257/695
f 187/237/619 1095/1201/624 1349/668/701 1132/1239/698
f 1095/1201/624 188/238/623 1134/1241/702 1349/668/701
f 1349/668/701 1134/1241/702 208/259/703 1135/1242/704
f 1132/1239/698 1349/668/701 1135/1242/704 207/258/699
f 188/238/623 1097/1203/628 1350/669/705 1134/1241/702
f 1097/1203/628 189/239/627 1136/1243/706 1350/669/705
f 1350/669/705 1136/1243/706 209/260/707 1137/1244/708
f 1134/1241/702 1350/669/705 1137/1244/708 208/259/703
f 189/239/627 1099/1205/632 1351/670/709 1136/1243/706
f 1099/1205/632 190/240/631 1138/1245/710 1351/670/709
f 1351/670/709 1138/1245/710 210/261/711 1139/1246/712
f 1136/1243/706 1351/670/709 1139/1246/712 209/260/707
f 190/240/631 1101/1207/636 1352/671/713 1138/1245/710
f 1101/1207/636 191/241/635 1140/1247/714 1352/671/713
f 1352/671/713 1140/1247/714 211/262/715 1141/1248/716
f 1138/1245/710 1352/671/713 1141/1248/716 210/261/711
f 191/241/635 1103/1209/640 1353/672/717 1140/1247/714
f 1103/1209/640 192/242/639 1142/1249/718 1353/672/717
f 1353/672/717 1142/1249/718 212/263/719 1143/1250/720
f 1140/1247/714 1353/672/717 1143/1250/720 211/262/715
f 192/242/639 1105/1211/644 1354/673/721 1142/1249/718
f 1105/1211/644 193/243/643 1144/1251/722 1354/673/721
f 1354/673/721 1144/1251/722 213/264/723 1145/1252/724
f 1142/1249/718 1354/673/721 1145/1252/724 212/263/719
f 193/243/643 1107/1213/648 1355/674/725 1144/1251/722
f 1107/1213/648 194/244/647 1146/1253/726 1355/674/725
f 1355/674/725 1146/1253/726 214/265/727 1147/1254/728
f 1144/1251/722 1355/674/725 1147/1254/728 213/264/723
f 194/244/647 1109/1215/652 1356/675/729 1146/1253/726
f 1109/1215/652 195/245/651 1148/1255/730 1356/675/729
f 1356/675/729 1148/1255/730 215/266/731 1149/1256/732
f 1146/1253/726 1356/675/729 1149/1256/732 214/265/727
f 195/245/651 1111/1217/656 1357/676/733 1148/1255/730
f 1111/1217/656 196/246/655 1150/1257/734 1357/676/733
f 1357/676/733 1150/1257/734 216/267/735 1151/1258/736
f 1148/1255/730 1357/676/733 1151/1258/736 215/266/731
f 196/246/655 1113/1219/660 1358/677/737 1150/1257/734
f 1113/1219/660 197/247/659 1152/1259/738 1358/677/737
f 1358/677/737 1152/1259/738 217/268/739 1153/1260/740
f 1150/1257/734 1358/677/737 1153/1260/740 216/267/735
f 197/247/659 1115/1221/664 1359/678/741 1152/1259/738
f 1115/1221/664 198/248/663 1154/1261/742 1359/678/741
f 1359/678/741 1154/1261/742 218/269/743 1155/1262/744
f 1152/1259/738 1359/678/741 1155/1262/744 217/268/739
f 198/248/663 1117/1223/668 1360/679/745 1154/1261/742
f 1117/1223/668 199/249/667 1156/1263/746 1360/679/745
f 1360/679/745 1156/1263/746 219/270/747 1157/1264/748
f 1154/1261/742 1360/679/745 1157/1264/748 218/269/743
f 199/249/667 1119/1225/672 1361/680/749 1156/1263/746
f 1119/1225/672 200/250/671 1158/1265/750 1361/680/749
f 1361/680/749 1158/1265/750 220/271/751 1159/1266/752
f 1156/1263/746 1361/680/749 1159/1266/752 219/270/747
f 200/250/671 1121/1227/676 1362/681/753 1158/1265/750
f 1121/1227/676 201/251/675 1160/1267/754 1362/681/753
f 1362/681/753 1160/1267/754 221/272/755 1161/1268/756
f 1158/1265/750 1362/681/753 1161/1268/756 220/271/751
f 201/251/675 1123/1229/680 1363/682/757 1160/1267/754
f 1123/1229/680 202/252/679 1162/1269/758 1363/682/757
f 1363/682/757 1162/1269/758 222/273/759 1163/1270/760
f 1160/1267/754 1363/682/757 1163/1270/760 221/272/755
f 202/252/679 1124/1230/682 1364/683/761 1162/1269/758
f 1124/1230/682 183/233/608 1127/1234/684 1364/683/761
f 1364/683/761 1127/1234/684 203/254/688 1164/1271/762
f 1162/1269/758 1364/683/761 1164/1271/762 222/273/759
f 203/253/688 1126/1232/687 1365/684/763 1167/1274/764
f 1126/1232/687 204/255/686 1165/1272/765 1365/684/763
f 1365/684/763 1165/1272/765 224/276/766 1166/1273/767
f 1167/1274/764 1365/684/763 1166/1273/767 223/274/768
f 204/255/686 1129/1236/692 1366/685/769 1165/1272/765
f 1129/1236/692 205/256/691 1168/1276/770 1366/685/769
f 1366/685/769 1168/1276/770 225/277/771 1169/1277/772
f 1165/1272/765 1366/685/769 1169/1277/772 224/276/766
f 205/256/691 1131/1238/696 1367/686/773 1168/1276/770
f 1131/1238/696 206/257/695 1170/1278/774 1367/686/773
f 1367/686/773 1170/1278/774 226/278/775 1171/1279/776
f 1168/1276/770 1367/686/773 1171/1279/776 225/277/771
f 206/257/695 1133/1240/700 1368/687/777 1170/1278/774
f 1133/1240/700 207/258/699 1172/1280/778 1368/687/777
f 1368/687/777 1172/1280/778 227/279/779 1173/1281/780
f 1170/1278/774 1368/687/777 1173/1281/780 226/278/775
f 207/258/699 1135/1242/704 1369/688/781 1172/1280/778
f 1135/1242/704 208/259/703 1174/1282/782 1369/688/781
f 1369/688/781 1174/1282/782 228/280/783 1175/1283/784
f 1172/1280/778 1369/688/781 1175/1283/784 227/279/779
f 208/259/703 1137/1244/708 1370/689/785 1174/1282/782
f 1137/1244/708 209/260/707 1176/1284/786 1370/689/785
f 1370/689/785 1176/1284/786 229/281/787 1177/1285/788
f 1174/1282/782 1370/689/785 1177/1285/788 228/280/783
f 209/260/707 1139/1246/712 1371/690/789 1176/1284/786
f 1139/1246/712 210/261/711 1178/1286/790 1371/690/789
f 1371/690/789 1178/1286/790 230/282/791 1179/1287/792
f 1176/1284/786 1371/690/789 1179/1287/792 229/281/787
f 210/261/711 1141/1248/716 1372/691/793 1178/1286/790
f 1141/1248/716 211/262/715 1180/1288/794 1372/691/793
f 1372/691/793 1180/1288/794 231/283/795 1181/1289/796
f 1178/1286/790 1372/691/793 1181/1289/796 230/282/791
f 211/262/715 1143/1250/720 1373/692/797 1180/1288/794
f 1143/1250/720 212/263/719 1182/1290/798 1373/692/797
f 1373/692/797 1182/1290/798 232/284/799 1183/1291/800
f 1180/1288/794 1373/692/797 1183/1291/800 231/283/795
f 212/263/719 1145/1252/724 1374/693/801 1182/1290/798
f 1145/1252/724 213/264/723 1184/1292/802 1374/693/801
f 1374/693/801 1184/1292/802 233/285/803 1185/1293/804
f 1182/1290/798 1374/693/801 1185/1293/804 232/284/799
f 213/264/723 1147/1254/728 1375/694/805 1184/1292/802
f 1147/1254/728 214/265/727 1186/1294/806 1375/694/805
f 1375/694/805 1186/1294/806 234/286/807 1187/1295/808
f 1184/1292/802 1375/694/805 1187/1295/808 233/285/803
f 214/265/727 1149/1256/732 1376/695/809 1186/1294/806
f 1149/1256/732 215/266/731 1188/1296/810 1376/695/809
f 1376/695/809 1188/1296/810 235/287/811 1189/1297/812
f 1186/1294/806 1376/695/809 1189/1297/812 234/286/807
f 215/266/731 1151/1258/736 1377/696/813 1188/1296/810
f 1151/1258/736 216/267/735 1190/1298/814 1377/696/813
f 1377/696/813 1190/1298/814 236/288/815 1191/1299/816
f 1188/1296/810 1377/696/813 1191/1299/816 235/287/811
f 216/267/735 1153/1260/740 1378/697/817 1190/1298/814
f 1153/1260/740 217/268/739 1192/1300/818 1378/697/817
f 1378/697/817 1192/1300/818 237/289/819 1193/1301/820
f 1190/1298/814 1378/697/817 1193/1301/820 236/288/815
f 217/268/739 1155/1262/744 1379/698/821 1192/1300/818
f 1155/1262/744 218/269/743 1194/1302/822 1379/698/821
f 1379/698/821 1194/1302/822 238/290/823 1195/1303/824
f 1192/1300/818 1379/698/821 1195/1303/824 237/289/819
f 218/269/743 1157/1264/748 1380/699/825 1194/1302/822
f 1157/1264/748 219/270/747 1196/1304/826 1380/699/825
f 1380/699/825 1196/1304/826 239/291/827 1197/1305/828
f 1194/1302/822 1380/699/825 1197/1305/828 238/290/823
f 219/270/747 1159/1266/752 1381/700/829 1196/1304/826
f 1159/1266/752 220/271/751 1198/1306/830 1381/700/829
f 1381/700/829 1198/1306/830 240/292/831 1199/1307/832
f 1196/1304/826 1381/700/829 1199/1307/832 239/291/827
f 220/271/751 1161/1268/756 1382/701/833 1198/1306/830
f 1161/1268/756 221/272/755 1200/1308/834 1382/701/833
f 1382/701/833 1200/1308/834 241/293/835 1201/1309/836
f 1198/1306/830 1382/701/833 1201/1309/836 240/292/831
f 221/272/755 1163/1270/760 1383/702/837 1200/1308/834
f 1163/1270/760 222/273/759 1202/1310/838 1383/702/837
f 1383/702/837 1202/1310/838 242/294/839 1203/1311/840
f 1200/1308/834 1383/702/837 1203/1311/840 241/293/835
f 222/273/759 1164/1271/762 1384/703/841 1202/1310/838
f 1164/1271/762 203/254/688 1167/1275/764 1384/703/841
f 1384/703/841 1167/1275/764 223/275/768 1204/1312/842
f 1202/1310/838 1384/703/841 1204/1312/842 242/294/839
f 223/274/768 1166/1273/767 1385/704/843 427/1315/844
f 1166/1273/767 224/276/766 425/1313/845 1385/704/843
f 1385/704/843 425/1313/845 244/297/846 426/1314/847
f 427/1315/844 1385/704/843 426/1314/847 243/295/848
f 224/276/766 1169/1277/772 1386/705/849 425/1313/845
f 1169/1277/772 225/277/771 428/1317/850 1386/705/849
f 1386/705/849 428/1317/850 245/298/851 429/1318/852
f 425/1313/845 1386/705/849 429/1318/852 244/297/846
f 225/277/771 1171/1279/776 1387/706/853 428/1317/850
f 1171/1279/776 226/278/775 430/1319/854 1387/706/853
f 1387/706/853 430/1319/854 246/299/855 431/1320/856
f 428/1317/850 1387/706/853 431/1320/856 245/298/851
f 226/278/775 1173/1281/780 1388/707/857 430/1319/854
f 1173/1281/780 227/279/779 432/1321/858 1388/707/857
f 1388/707/857 432/1321/858 247/300/859 433/1322/860
f 430/1319/854 1388/707/857 433/1322/860 246/299/855
f 227/279/779 1175/1283/784 1389/708/861 432/1321/858
f 1175/1283/784 228/280/783 434/1323/862 1389/708/861
f 1389/708/861 434/1323/862 248/301/863 435/1324/864
f 432/1321/858 1389/708/861 435/1324/864 247/300/859
f 228/280/783 1177/1285/788 1390/709/865 434/1323/862
f 1177/1285/788 229/281/787 436/1325/866 1390/709/865
f 1390/709/865 436/1325/866 249/302/867 437/1326/868
f 434/1323/862 1390/709/865 437/1326/868 248/301/863
f 229/281/787 1179/1287/792 1391/710/869 436/1325/866
f 1179/1287/792 230/282/791 438/1327/870 1391/710/869
f 1391/710/869 438/1327/870 250/303/871 439/1328/872
f 436/1325/866 1391/710/869 439/1328/872 249/302/867
f 230/282/791 1181/1289/796 1392/711/873 438/1327/870
f 1181/1289/796 231/283/795 440/1329/874 1392/711/873
f 1392/711/873 440/1329/874 251/304/875 441/1330/876
f 438/1327/870 1392/711/873 441/1330/876 250/303/871
f 231/283/795 1183/1291/800 1393/712/877 440/1329/874
f 1183/1291/800 232/284/799 442/1331/878 1393/712/877
f 1393/712/877 442/1331/878 252/305/879 443/1332/880
f 440/1329/874 1393/712/877 443/1332/880 251/304/875
f 232/284/799 1185/1293/804 1394/713/881 442/1331/878
f 1185/1293/804 233/285/803 444/1333/882 1394/713/881
f 1394/713/881 444/1333/882 253/306/883 445/1334/884
f 442/1331/878 1394/713/881 445/1334/884 252/305/879
f 233/285/803 1187/1295/808 1395/714/885 444/1333/882
f 1187/1295/808 234/286/807 446/1335/886 1395/714/885
f 1395/714/885 446/1335/886 254/307/887 447/1336/888
f 444/1333/882 1395/714/885 447/1336/888 253/306/883
f 234/286/807 1189/1297/812 1396/715/889 446/1335/886
f 1189/1297/812 235/287/811 448/1337/890 1396/715/889
f 1396/715/889 448/1337/890 255/308/891 449/1338/892
f 446/1335/886 1396/715/889 449/1338/892 254/307/887
f 235/287/811 1191/1299/816 1397/716/893 448/1337/890
f 1191/1299/816 236/288/815 450/1339/894 1397/716/893
f 1397/716/893 450/1339/894 256/309/895 451/1340/896
f 448/1337/890 1397/716/893 451/1340/896 255/308/891
f 236/288/815 1193/1301/820 1398/717/897 450/1339/894
f 1193/1301/820 237/289/819 452/1341/898 1398/717/897
f 1398/717/897 452/1341/898 257/310/899 453/1342/900
f 450/1339/894 1398/717/897 453/1342/900 256/309/895
f 237/289/819 1195/1303/824 1399/718/901 452/1341/898
f 1195/1303/824 238/290/823 454/1343/902 1399/718/901
f 1399/718/901 454/1343/902 258/311/903 455/1344/904
f 452/1341/898 1399/718/901 455/1344/904 257/310/899
f 238/290/823 1197/1305/828 1400/719/905 454/1343/902
f 1197/1305/828 239/291/827 456/1345/906 1400/719/905
f 1400/719/905 456/1345/906 259/312/907 457/1346/908
f 454/1343/902 1400/719/905 457/1346/908 258/311/903
f 239/291/827 1199/1307/832 1401/720/909 456/1345/906
f 1199/1307/832 240/292/831 458/1347/910 1401/720/909
f 1401/720/909 458/1347/910 260/313/911 459/1348/912
f 456/1345/906 1401/720/909 459/1348/912 259/312/907
f 240/292/831 1201/1309/836 1402/721/913 458/1347/910
f 1201/1309/836 241/293/835 460/1349/914 1402/721/913
f 1402/721/913 460/1349/914 261/314/915 461/1350/916
f 458/1347/910 1402/721/913 461/1350/916 260/313/911
f 241/293/835 1203/1311/840 1403/722/917 460/1349/914
f 1203/1311/840 242/294/839 462/1351/918 1403/722/917
f 1403/722/917 462/1351/918 262/315/919 463/1352/920
f 460/1349/914 1403/722/917 463/1352/920 261/314/915
f 242/294/839 1204/1312/842 1404/723/921 462/1351/918
f 1204/1312/842 223/275/768 427/1316/844 1404/723/921
f 1404/723/921 427/1316/844 243/296/848 464/1353/922
f 462/1351/918 1404/723/921 464/1353/922 262/315/919
f 243/295/848 426/1314/847 1405/724/923 467/1356/924
f 426/1314/847 244/297/846 465/1354/925 1405/724/923
f 1405/724/923 465/1354/925 264/318/926 466/1355/927
f 467/1356/924 1405/724/923 466/1355/927 263/316/928
f 244/297/846 429/1318/852 1406/725/929 465/1354/925
f 429/1318/852 245/298/851 468/1358/930 1406/725/929
f 1406/725/929 468/1358/930 265/319/931 469/1359/932
f 465/1354/925 1406/725/929 469/1359/932 264/318/926
f 245/298/851 431/1320/856 1407/726/933 468/1358/930
f 431/1320/856 246/299/855 470/1360/934 1407/726/933
f 1407/726/933 470/1360/934 266/320/935 471/1361/936
f 468/1358/930 1407/726/933 471/1361/936 265/319/931
f 246/299/855 433/1322/860 1408/727/937 470/1360/934
f 433/1322/860 247/300/859 472/1362/938 1408/727/937
f 1408/727/937 472/1362/938 267/321/939 473/1363/940
f 470/1360/934 1408/727/937 473/1363/940 266/320/935
f 247/300/859 435/1324/864 1409/728/941 472/1362/938
f 435/1324/864 248/301/863 474/1364/942 1409/728/941
f 1409/728/941 474/1364/942 268/322/943 475/1365/944
f 472/1362/938 1409/728/941 475/1365/944 267/321/939
f 248/301/863 437/1326/868 1410/729/945 474/1364/942
f 437/1326/868 249/302/867 476/1366/946 1410/729/945
f 1410/729/945 476/1366/946 269/323/947 477/1367/948
f 474/1364/942 1410/729/945 477/1367/948 268/322/943
f 249/302/867 439/1328/872 1411/730/949 476/1366/946
f 439/1328/872 250/303/871 478/1368/950 1411/730/949
f 1411/730/949 478/1368/950 270/324/951 479/1369/952
f 476/1366/946 1411/730/949 479/1369/952 269/323/947
f 250/303/871 441/1330/876 1412/731/953 478/1368/950
f 441/1330/876 251/304/875 480/1370/954 1412/731/953
f 1412/731/953 480/1370/954 271/325/955 481/1371/956
f 478/1368/950 1412/731/953 481/1371/956 270/324/951
f 251/304/875 443/1332/880 1413/732/957 480/1370/954
f 443/1332/880 252/305/879 482/1372/958 1413/732/957
f 1413/732/957 482/1372/958 272/326/959 483/1373/960
f 480/1370/954 1413/732/957 483/1373/960 271/325/955
f 252/305/879 445/1334/884 1414/733/961 482/1372/958
f 445/1334/884 253/306/883 484/1374/962 1414/733/961
f 1414/733/961 484/1374/962 273/327/963 485/1375/964
f 482/1372/958 1414/733/961 485/1375/964 272/326/959
f 253/306/883 447/1336/888 1415/734/965 484/1374/962
f 447/1336/888 254/307/887 486/1376/966 1415/734/965
f 1415/734/965 486/1376/966 274/328/967 487/1377/968
f 484/1374/962 1415/734/965 487/1377/968 273/327/963
f 254/307/887 449/1338/892 1416/735/969 486/1376/966
f 449/1338/892 255/308/891 488/1378/970 1416/735/969
f 1416/735/969 488/1378/970 275/329/971 489/1379/972
f 486/1376/966 1416/735/969 489/1379/972 274/328/967
f 255/308/891 451/1340/896 1417/736/973 488/1378/970
f 451/1340/896 256/309/895 490/1380/974 1417/736/973
f 1417/736/973 490/1380/974 276/330/975 491/1381/976
f 488/1378/970 1417/736/973 491/1381/976 275/329/971
f 256/309/895 453/1342/900 1418/737/977 490/1380/974
f 453/1342/900 257/310/899 492/1382/978 1418/737/977
f 1418/737/977 492/1382/978 277/331/979 493/1383/980
f 490/1380/974 1418/737/977 493/1383/980 276/330/975
f 257/310/899 455/1344/904 1419/738/981 492/1382/978
f 455/1344/904 258/311/903 494/1384/982 1419/738/981
f 1419/738/981 494/1384/982 278/332/983 495/1385/984
f 492/1382/978 1419/738/981 495/1385/984 277/331/979
f 258/311/903 457/1346/908 1420/739/985 494/1384/982
f 457/1346/908 259/312/907 496/1386/986 1420/739/985
f 1420/739/985 496/1386/986 279/333/987 497/1387/988
f 494/1384/982 1420/739/985 497/1387/988 278/332/983
f 259/312/907 459/1348/912 1421/740/989 496/1386/986
f 459/1348/912 260/313/911 498/1388/990 1421/740/989
f 1421/740/989 498/1388/990 280/334/991 499/1389/992
f 496/1386/986 1421/740/989 499/1389/992 279/333/987
f 260/313/911 461/1350/916 1422/741/993 498/1388/990
f 461/1350/916 261/314/915 500/1390/994 1422/741/993
f 1422/741/993 500/1390/994 281/335/995 501/1391/996
f 498/1388/990 1422/741/993 501/1391/996 280/334/991
f 261/314/915 463/1352/920 1423/742/997 500/1390/994
f 463/1352/920 262/315/919 502/1392/998 1423/742/997
f 1423/742/997 502/1392/998 282/336/999 503/1393/1000
f 500/1390/994 1423/742/997 503/1393/1000 281/335/995
f 262/315/919 464/1353/922 1424/743/1001 502/1392/998
f 464/1353/922 243/296/848 467/1357/924 1424/743/1001
f 1424/743/1001 467/1357/924 263/317/928 504/1394/1002
f 502/1392/998 1424/743/1001 504/1394/1002 282/336/999
f 263/316/928 466/1355/927 1425/744/1003 507/1397/1004
f 466/1355/927 264/318/926 505/1395/1005 1425/744/1003
f 1425/744/1003 505/1395/1005 284/339/1006 506/1396/1007
f 507/1397/1004 1425/744/1003 506/1396/1007 283/337/1008
f 264/318/926 469/1359/932 1426/745/1009 505/1395/1005
f 469/1359/932 265/319/931 508/1399/1010 1426/745/1009
f 1426/745/1009 508/1399/1010 285/340/1011 509/1400/1012
f 505/1395/1005 1426/745/1009 509/1400/1012 284/339/1006
f 265/319/931 471/1361/936 1427/746/1013 508/1399/1010
f 471/1361/936 266/320/935 510/1401/1014 1427/746/1013
f 1427/746/1013 510/1401/1014 286/341/1015 511/1402/1016
f 508/1399/1010 1427/746/1013 511/1402/1016 285/340/1011
f 266/320/935 473/1363/940 1428/747/1017 510/1401/1014
f 473/1363/940 267/321/939 512/1403/1018 1428/747/1017
f 1428/747/1017 512/1403/1018 287/342/1019 513/1404/1020
f 510/1401/1014 1428/747/1017 513/1404/1020 286/341/1015
f 267/321/939 475/1365/944 1429/748/1021 512/1403/1018
f 475/1365/944 268/322/943 514/1405/1022 1429/748/1021
f 1429/748/1021 514/1405/1022 288/343/1023 515/1406/1024
f 512/1403/1018 1429/748/1021 515/1406/1024 287/342/1019
f 268/322/943 477/1367/948 1430/749/1025 514/1405/1022
f 477/1367/948 269/323/947 516/1407/1026 1430/749/1025
f 1430/749/1025 516/1407/1026 289/344/1027 517/1408/1028
f 514/1405/1022 1430/749/1025 517/1408/1028 288/343/1023
f 269/323/947 479/1369/952 1431/750/1029 516/1407/1026
f 479/1369/952 270/324/951 518/1409/1030 1431/750/1029
f 1431/750/1029 518/1409/1030 290/345/1031 519/1410/1032
f 516/1407/1026 1431/750/1029 519/1410/1032 289/344/1027
f 270/324/951 481/1371/956 1432/751/1033 518/1409/1030
f 481/1371/956 271/325/955 520/1411/1034 1432/751/1033
f 1432/751/1033 520/1411/1034 291/346/1035 521/1412/1036
f 518/1409/1030 1432/751/1033 521/1412/1036 290/345/1031
f 271/325/955 483/1373/960 1433/752/1037 520/1411/1034
f 483/1373/960 272/326/959 522/1413/1038 1433/752/1037
f 1433/752/1037 522/1413/1038 292/347/1039 523/1414/1040
f 520/1411/1034 1433/752/1037 523/1414/1040 291/346/1035
f 272/326/959 485/1375/964 1434/753/1041 522/1413/1038
f 485/1375/964 273/327/963 524/1415/1042 1434/753/1041
f 1434/753/1041 524/1415/1042 293/348/1043 525/1416/1044
f 522/1413/1038 1434/753/1041 525/1416/1044 292/347/1039
f 273/327/963 487/1377/968 1435/754/1045 524/1415/1042
f 487/1377/968 274/328/967 526/1417/1046 1435/754/1045
f 1435/754/1045 526/1417/1046 294/349/1047 527/1418/1048
f 524/1415/1042 1435/754/1045 527/1418/1048 293/348/1043
f 274/328/967 489/1379/972 1436/755/1049 526/1417/1046
f 489/1379/972 275/329/971 528/1419/1050 1436/755/1049
f 1436/755/1049 528/1419/1050 295/350/1051 529/1420/1052
f 526/1417/1046 1436/755/1049 529/1420/1052 294/349/1047
f 275/329/971 491/1381/976 1437/756/1053 528/1419/1050
f 491/1381/976 276/330/975 530/1421/1054 1437/756/1053
f 1437/756/1053 530/1421/1054 296/351/1055 531/1422/1056
f 528/1419/1050 1437/756/1053 531/1422/1056 295/350/1051
f 276/330/975 493/1383/980 1438/757/1057 530/1421/1054
f 493/1383/980 277/331/979 532/1423/1058 1438/757/1057
f 1438/757/1057 532/1423/1058 297/352/1059 533/1424/1060
f 530/1421/1054 1438/757/1057 533/1424/1060 296/351/1055
f 277/331/979 495/1385/984 1439/758/1061 532/1423/1058
f 495/1385/984 278/332/983 534/1425/1062 1439/758/1061
f 1439/758/1061 534/1425/1062 298/353/1063 535/1426/1064
f 532/1423/1058 1439/758/1061 535/1426/1064 297/352/1059
f 278/332/983 497/1387/988 1440/759/1065 534/1425/1062
f 497/1387/988 279/333/987 536/1427/1066 1440/759/1065
f 1440/759/1065 536/1427/1066 299/354/1067 537/1428/1068
f 534/1425/1062 1440/759/1065 537/1428/1068 298/353/1063
f 279/333/987 499/1389/992 1441/760/1069 536/1427/1066
f 499/1389/992 280/334/991 538/1429/1070 1441/760/1069
f 1441/760/1069 538/1429/1070 300/355/1071 539/1430/1072
f 536/1427/1066 1441/760/1069 539/1430/1072 299/354/1067
f 280/334/991 501/1391/996 1442/761/1073 538/1429/1070
f 501/1391/996 281/335/995 540/1431/1074 1442/761/1073
f 1442/761/1073 540/1431/1074 301/356/1075 541/1432/1076
f 538/1429/1070 1442/761/1073 541/1432/1076 300/355/1071
f 281/335/995 503/1393/1000 1443/762/1077 540/1431/1074
f 503/1393/1000 282/336/999 542/1433/1078 1443/762/1077
f 1443/762/1077 542/1433/1078 302/357/1079 543/1434/1080
f 540/1431/1074 1443/762/1077 543/1434/1080 301/356/1075
f 282/336/999 504/1394/1002 1444/763/1081 542/1433/1078
f 504/1394/1002 263/317/928 507/1398/1004 1444/763/1081
f 1444/763/1081 507/1398/1004 283/338/1008 544/1435/1082
f 542/1433/1078 1444/763/1081 544/1435/1082 302/357/1079
f 283/337/1008 506/1396/1007 1445/764/1083 547/1438/1084
f 506/1396/1007 284/339/1006 545/1436/1085 1445/764/1083
f 1445/764/1083 545/1436/1085 304/360/1086 546/1437/1087
f 547/1438/1084 1445/764/1083 546/1437/1087 303/358/1088
f 284/339/1006 509/1400/1012 1446/765/1089 545/1436/1085
f 509/1400/1012 285/340/1011 548/1440/1090 1446/765/1089
f 1446/765/1089 548/1440/1090 305/361/1091 549/1441/1092
f 545/1436/1085 1446/765/1089 549/1441/1092 304/360/1086
f 285/340/1011 511/1402/1016 1447/766/1093 548/1440/1090
f 511/1402/1016 286/341/1015 550/1442/1094 1447/766/1093
f 1447/766/1093 550/1442/1094 306/362/1095 551/1443/1096
f 548/1440/1090 1447/766/1093 551/1443/1096 305/361/1091
f 286/341/1015 513/1404/1020 1448/767/1097 550/1442/1094
f 513/1404/1020 287/342/1019 552/1444/1098 1448/767/1097
f 1448/767/1097 552/1444/1098 307/363/1099 553/1445/1100
f 550/1442/1094 1448/767/1097 553/1445/1100 306/362/1095
f 287/342/1019 515/1406/1024 1449/768/1101 552/1444/1098
f 515/1406/1024 288/343/1023 554/1446/1102 1449/768/1101
f 1449/768/1101 554/1446/1102 308/364/1103 555/1447/1104
f 552/1444/1098 1449/768/1101 555/1447/1104 307/363/1099
f 288/343/1023 517/1408/1028 1450/769/1105 554/1446/1102
f 517/1408/1028 289/344/1027 556/1448/1106 1450/769/1105
f 1450/769/1105 556/1448/1106 309/365/1107 557/1449/1108
f 554/1446/1102 1450/769/1105 557/1449/1108 308/364/1103
f 289/344/1027 519/1410/1032 1451/770/1109 556/1448/1106
f 519/1410/1032 290/345/1031 558/1450/1110 1451/770/1109
f 1451/770/1109 558/1450/1110 310/366/1111 559/1451/1112
f 556/1448/1106 1451/770/1109 559/1451/1112 309/365/1107
f 290/345/1031 521/1412/1036 1452/771/1113 558/1450/1110
f 521/1412/1036 291/346/1035 560/1452/1114 1452/771/1113
f 1452/771/1113 560/1452/1114 311/367/1115 561/1453/1116
f 558/1450/1110 1452/771/1113 561/1453/1116 310/366/1111
f 291/346/1035 523/1414/1040 1453/772/1117 560/1452/1114
f 523/1414/1040 292/347/1039 562/1454/1118 1453/772/1117
f 1453/772/1117 562/1454/1118 312/368/1119 563/1455/1120
f 560/1452/1114 1453/772/1117 563/1455/1120 311/367/1115
f 292/347/1039 525/1416/1044 1454/773/1121 562/1454/1118
f 525/1416/1044 293/348/1043 564/1456/1122 1454/773/1121
f 1454/773/1121 564/1456/1122 313/369/1123 565/1457/1124
f 562/1454/1118 1454/773/1121 565/1457/1124 312/368/1119
f 293/348/1043 527/1418/1048 1455/774/1125 564/1456/1122
f 527/1418/1048 294/349/1047 566/1458/1126 1455/774/1125
f 1455/774/1125 566/1458/1126 314/370/1127 567/1459/1128
f 564/1456/1122 1455/774/1125 567/1459/1128 313/369/1123
f 294/349/1047 529/1420/1052 1456/775/1129 566/1458/1126
f 529/1420/1052 295/350/1051 568/1460/1130 1456/775/1129
f 1456/775/1129 568/1460/1130 315/371/1131 569/1461/1132
f 566/1458/1126 1456/775/1129 569/1461/1132 314/370/1127
f 295/350/1051 531/1422/1056 1457/776/1133 568/1460/1130
f 531/1422/1056 296/351/1055 570/1462/1134 1457/776/1133
f 1457/776/1133 570/1462/1134 316/372/1135 571/1463/1136
f 568/1460/1130 1457/776/1133 571/1463/1136 315/371/1131
f 296/351/1055 533/1424/1060 1458/777/1137 570/1462/1134
f 533/1424/1060 297/352/1059 572/1464/1138 1458/777/1137
f 1458/777/1137 572/1464/1138 317/373/1139 573/1465/1140
f 570/1462/1134 1458/777/1137 573/1465/1140 316/372/1135
f 297/352/1059 535/1426/1064 1459/778/1141 572/1464/1138
f 535/1426/1064 298/353/1063 574/1466/1142 1459/778/1141
f 1459/778/1141 574/1466/1142 318/374/1143 575/1467/1144
f 572/1464/1138 1459/778/1141 575/1467/1144 317/373/1139
f 298/353/1063 537/1428/1068 1460/779/1145 574/1466/1142
f 537/1428/1068 299/354/1067 576/1468/1146 1460/779/1145
f 1460/779/1145 576/1468/1146 319/375/1147 577/1469/1148
f 574/1466/1142 1460/779/1145 577/1469/1148 318/374/1143
f 299/354/1067 539/1430/1072 1461/780/1149 576/1468/1146
f 539/1430/1072 300/355/1071 578/1470/1150 1461/780/1149
f 1461/780/1149 578/1470/1150 320/376/1151 579/1471/1152
f 576/1468/1146 1461/780/1149 579/1471/1152 319/375/1147
f 300/355/1071 541/1432/1076 1462/781/1153 578/1470/1150
f 541/1432/1076 301/356/1075 580/1472/1154 1462/781/1153
f 1462/781/1153 580/1472/1154 321/377/1155 581/1473/1156
f 578/1470/1150 1462/781/1153 581/1473/1156 320/376/1151
f 301/356/1075 543/1434/1080 1463/782/1157 580/1472/1154
f 543/1434/1080 302/357/1079 582/1474/1158 1463/782/1157
f 1463/782/1157 582/1474/1158 322/378/1159 583/1475/1160
f 580/1472/1154 1463/782/1157 583/1475/1160 321/377/1155
f 302/357/1079 544/1435/1082 1464/783/1161 582/1474/1158
f 544/1435/1082 283/338/1008 547/1439/1084 1464/783/1161
f 1464/783/1161 547/1439/1084 303/359/1088 584/1476/1162
f 582/1474/1158 1464/783/1161 584/1476/1162 322/378/1159
f 303/358/1088 546/1437/1087 1465/784/1163 587/1479/1164
f 546/1437/1087 304/360/1086 585/1477/1165 1465/784/1163
f 1465/784/1163 585/1477/1165 324/381/1166 586/1478/1167
f 587/1479/1164 1465/784/1163 586/1478/1167 323/379/1168
f 304/360/1086 549/1441/1092 1466/785/1169 585/1477/1165
f 549/1441/1092 305/361/1091 588/1481/1170 1466/785/1169
f 1466/785/1169 588/1481/1170 325/382/1171 589/1482/1172
f 585/1477/1165 1466/785/1169 589/1482/1172 324/381/1166
f 305/361/1091 551/1443/1096 1467/786/1173 588/1481/1170
f 551/1443/1096 306/362/1095 590/1483/1174 1467/786/1173
f 1467/786/1173 590/1483/1174 326/383/1175 591/1484/1176
f 588/1481/1170 1467/786/1173 591/1484/1176 325/382/1171
f 306/362/1095 553/1445/1100 1468/787/1177 590/1483/1174
f 553/1445/1100 307/363/1099 592/1485/1178 1468/787/1177
f 1468/787/1177 592/1485/1178 327/384/1179 593/1486/1180
f 590/1483/1174 1468/787/1177 593/1486/1180 326/383/1175
f 307/363/1099 555/1447/1104 1469/788/1181 592/1485/1178
f 555/1447/1104 308/364/1103 594/1487/1182 1469/788/1181
f 1469/788/1181 594/1487/1182 328/385/1183 595/1488/1184
f 592/1485/1178 1469/788/1181 595/1488/1184 327/384/1179
f 308/364/1103 557/1449/1108 1470/789/1185 594/1487/1182
f 557/1449/1108 309/365/1107 596/1489/1186 1470/789/1185
f 1470/789/1185 596/1489/1186 329/386/1187 597/1490/1188
f 594/1487/1182 1470/789/1185 597/1490/1188 328/385/1183
f 309/365/1107 559/1451/1112 1471/790/1189 596/1489/1186
f 559/1451/1112 310/366/1111 598/1491/1190 1471/790/1189
f 1471/790/1189 598/1491/1190 330/387/1191 599/1492/1192
f 596/1489/1186 1471/790/1189 599/1492/1192 329/386/1187
f 310/366/1111 561/1453/1116 1472/791/1193 598/1491/1190
f 561/1453/1116 311/367/1115 600/1493/1194 1472/791/1193
f 1472/791/1193 600/1493/1194 331/388/1195 601/1494/1196
f 598/1491/1190 1472/791/1193 601/1494/1196 330/387/1191
f 311/367/1115 563/1455/1120 1473/792/1197 600/1493/1194
f 563/1455/1120 312/368/1119 602/1495/1198 1473/792/1197
f 1473/792/1197 602/1495/1198 332/389/1199 603/1496/1200
f 600/1493/1194 1473/792/1197 603/1496/1200 331/388/1195
f 312/368/1119 565/1457/1124 1474/793/1201 602/1495/1198
f 565/1457/1124 313/369/1123 604/1497/1202 1474/793/1201
f 1474/793/1201 604/1497/1202 333/390/1203 605/1498/1204
f 602/1495/1198 1474/793/1201 605/1498/1204 332/389/1199
f 313/369/1123 567/1459/1128 1475/794/1205 604/1497/1202
f 567/1459/1128 314/370/1127 606/1499/1206 1475/794/1205
f 1475/794/1205 606/1499/1206 334/391/1207 607/1500/1208
f 604/1497/1202 1475/794/1205 607/1500/1208 333/390/1203
f 314/370/1127 569/1461/1132 1476/795/1209 606/1499/1206
f 569/1461/1132 315/371/1131 608/1501/1210 1476/795/1209
f 1476/795/1209 608/1501/1210 335/392/1211 609/1502/1212
f 606/1499/1206 1476/795/1209 609/1502/1212 334/391/1207
f 315/371/1131 571/1463/1136 1477/796/1213 608/1501/1210
f 571/1463/1136 316/372/1135 610/1503/1214 1477/796/1213
f 1477/796/1213 610/1503/1214 336/393/1215 611/1504/1216
f 608/1501/1210 1477/796/1213 611/1504/1216 335/392/1211
f 316/372/1135 573/1465/1140 1478/797/1217 610/1503/1214
f 573/1465/1140 317/373/1139 612/1505/1218 1478/797/1217
f 1478/797/1217 612/1505/1218 337/394/1219 613/1506/1220
f 610/1503/1214 1478/797/1217 613/1506/1220 336/393/1215
f 317/373/1139 575/1467/1144 1479/798/1221 612/1505/1218
f 575/1467/1144 318/374/1143 614/1507/1222 1479/798/1221
f 1479/798/1221 614/1507/1222 338/395/1223 615/1508/1224
f 612/1505/1218 1479/798/1221 615/1508/1224 337/394/1219
f 318/374/1143 577/1469/1148 1480/799/1225 614/1507/1222
f 577/1469/1148 319/375/1147 616/1509/1226 1480/799/1225
f 1480/799/1225 616/1509/1226 339/396/1227 617/1510/1228
f 614/1507/1222 1480/799/1225 617/1510/1228 338/395/1223
f 319/375/1147 579/1471/1152 1481/800/1229 616/1509/1226
f 579/1471/1152 320/376/1151 618/1511/1230 1481/800/1229
f 1481/800/1229 618/1511/1230 340/397/1231 619/1512/1232
f 616/1509/1226 1481/800/1229 619/1512/1232 339/396/1227
f 320/376/1151 581/1473/1156 1482/801/1233 618/1511/1230
f 581/1473/1156 321/377/1155 620/1513/1234 1482/801/1233
f 1482/801/1233 620/1513/1234 341/398/1235 621/1514/1236
f 618/1511/1230 1482/801/1233 621/1514/1236 340/397/1231
f 321/377/1155 583/1475/1160 1483/802/1237 620/1513/1234
f 583/1475/1160 322/378/1159 622/1515/1238 1483/802/1237
f 1483/802/1237 622/1515/1238 342/399/1239 623/1516/1240
f 620/1513/1234 1483/802/1237 623/1516/1240 341/398/1235
f 322/378/1159 584/1476/1162 1484/803/1241 622/1515/1238
f 584/1476/1162 303/359/1088 587/1480/1164 1484/803/1241
f 1484/803/1241 587/1480/1164 323/380/1168 624/1517/1242
f 622/1515/1238 1484/803/1241 624/1517/1242 342/399/1239
f 323/379/1168 586/1478/1167 1485/804/1243 627/1520/1244
f 586/1478/1167 324/381/1166 625/1518/1245 1485/804/1243
f 1485/804/1243 625/1518/1245 344/402/1246 626/1519/1247
f 627/1520/1244 1485/804/1243 626/1519/1247 343/400/1248
f 324/381/1166 589/1482/1172 1486/805/1249 625/1518/1245
f 589/1482/1172 325/382/1171 628/1522/1250 1486/805/1249
f 1486/805/1249 628/1522/1250 345/403/1251 629/1523/1252
f 625/1518/1245 1486/805/1249 629/1523/1252 344/402/1246
f 325/382/1171 591/1484/1176 1487/806/1253 628/1522/1250
f 591/1484/1176 326/383/1175 630/1524/1254 1487/806/1253
f 1487/806/1253 630/1524/1254 346/404/1255 631/1525/1256
f 628/1522/1250 1487/806/1253 631/1525/1256 345/403/1251
f 326/383/1175 593/1486/1180 1488/807/1257 630/1524/1254
f 593/1486/1180 327/384/1179 632/1526/1258 1488/807/1257
f 1488/807/1257 632/1526/1258 347/405/1259 633/1527/1260
f 630/1524/1254 1488/807/1257 633/1527/1260 346/404/1255
f 327/384/1179 595/1488/1184 1489/808/1261 632/1526/1258
f 595/1488/1184 328/385/1183 634/1528/1262 1489/808/1261
f 1489/808/1261 634/1528/1262 348/406/1263 635/1529/1264
f 632/1526/1258 1489/808/1261 635/1529/1264 347/405/1259
f 328/385/1183 597/1490/1188 1490/809/1265 634/1528/1262
f 597/1490/1188 329/386/1187 636/1530/1266 1490/809/1265
f 1490/809/1265 636/1530/1266 349/407/1267 637/1531/1268
f 634/1528/1262 1490/809/1265 637/1531/1268 348/406/1263
f 329/386/1187 599/1492/1192 1491/810/1269 636/1530/1266
f 599/1492/1192 330/387/1191 638/1532/1270 1491/810/1269
f 1491/810/1269 638/1532/1270 350/408/1271 639/1533/1272
f 636/1530/1266 1491/810/1269 639/1533/1272 349/407/1267
f 330/387/1191 601/1494/1196 1492/811/1273 638/1532/1270
f 601/1494/1196 331/388/1195 640/1534/1274 1492/811/1273
f 1492/811/1273 640/1534/1274 351/409/1275 641/1535/1276
f 638/1532/1270 1492/811/1273 641/1535/1276 350/408/1271
f 331/388/1195 603/1496/1200 1493/812/1277 640/1534/1274
f 603/1496/1200 332/389/1199 642/1536/1278 1493/812/1277
f 1493/812/1277 642/1536/1278 352/410/1279 643/1537/1280
f 640/1534/1274 1493/812/1277 643/1537/1280 351/409/1275
f 332/389/1199 605/1498/1204 1494/813/1281 642/1536/1278
f 605/1498/1204 333/390/1203 644/1538/1282 1494/813/1281
f 1494/813/1281 644/1538/1282 353/411/1283 645/1539/1284
f 642/1536/1278 1494/813/1281 645/1539/1284 352/410/1279
f 333/390/1203 607/1500/1208 1495/814/1285 644/1538/1282
f 607/1500/1208 334/391/1207 646/1540/1286 1495/814/1285
f 1495/814/1285 646/1540/1286 354/412/1287 647/1541/1288
f 644/1538/1282 1495/814/1285 647/1541/1288 353/411/1283
f 334/391/1207 609/1502/1212 1496/815/1289 646/1540/1286
f 609/1502/1212 335/392/1211 648/1542/1290 1496/815/1289
f 1496/815/1289 648/1542/1290 355/413/1291 649/1543/1292
f 646/1540/1286 1496/815/1289 649/1543/1292 354/412/1287
f 335/392/1211 611/1504/1216 1497/816/1293 648/1542/1290
f 611/1504/1216 336/393/1215 650/1544/1294 1497/816/1293
f 1497/816/1293 650/1544/1294 356/414/1295 651/1545/1296
f 648/1542/1290 1497/816/1293 651/1545/1296 355/413/1291
f 336/393/1215 613/1506/1220 1498/817/1297 650/1544/1294
f 613/1506/1220 337/394/1219 652/1546/1298 1498/817/1297
f 1498/817/1297 652/1546/1298 357/415/1299 653/1547/1300
f 650/1544/1294 1498/817/1297 653/1547/1300 356/414/1295
f 337/394/1219 615/1508/1224 1499/818/1301 652/1546/1298
f 615/1508/1224 338/395/1223 654/1548/1302 1499/818/1301
f 1499/818/1301 654/1548/1302 358/416/1303 655/1549/1304
f 652/1546/1298 1499/818/1301 655/1549/1304 357/415/1299
f 338/395/1223 617/1510/1228 1500/819/1305 654/1548/1302
f 617/1510/1228 339/396/1227 656/1550/1306 1500/819/1305
f 1500/819/1305 656/1550/1306 359/417/1307 657/1551/1308
f 654/1548/1302 1500/819/1305 657/1551/1308 358/416/1303
f 339/396/1227 619/1512/1232 1501/820/1309 656/1550/1306
f 619/1512/1232 340/397/1231 658/1552/1310 1501/820/1309
f 1501/820/1309 658/1552/1310 360/418/1311 659/1553/1312
f 656/1550/1306 1501/820/1309 659/1553/1312 359/417/1307
f 340/397/1231 621/1514/1236 1502/821/1313 658/1552/1310
f 621/1514/1236 341/398/1235 660/1554/1314 1502/821/1313
f 1502/821/1313 660/1554/1314 361/419/1315 661/1555/1316
f 658/1552/1310 1502/821/1313 661/1555/1316 360/418/1311
f 341/398/1235 623/1516/1240 1503/822/1317 660/1554/1314
f 623/1516/1240 342/399/1239 662/1556/1318 1503/822/1317
f 1503/822/1317 662/1556/1318 362/420/1319 663/1557/1320
f 660/1554/1314 1503/822/1317 663/1557/1320 361/419/1315
f 342/399/1239 624/1517/1242 1504/823/1321 662/1556/1318
f 624/1517/1242 323/380/1168 627/1521/1244 1504/823/1321
f 1504/823/1321 627/1521/1244 343/401/1248 664/1558/1322
f 662/1556/1318 1504/823/1321 664/1558/1322 362/420/1319
f 343/400/1248 626/1519/1247 1505/824/1323 667/1561/1324
f 626/1519/1247 344/402/1246 665/1559/1325 1505/824/1323
f 1505/824/1323 665/1559/1325 364/423/1326 666/1560/1327
f 667/1561/1324 1505/824/1323 666/1560/1327 363/421/1328
f 344/402/1246 629/1523/1252 1506/825/1329 665/1559/1325
f 629/1523/1252 345/403/1251 668/1563/1330 1506/825/1329
f 1506/825/1329 668/1563/1330 365/424/1331 669/1564/1332
f 665/1559/1325 1506/825/1329 669/1564/1332 364/423/1326
f 345/403/1251 631/1525/1256 1507/826/1333 668/1563/1330
f 631/1525/1256 346/404/1255 670/1565/1334 1507/826/1333
f 1507/826/1333 670/1565/1334 366/425/1335 671/1566/1336
f 668/1563/1330 1507/826/1333 671/1566/1336 365/424/1331
f 346/404/1255 633/1527/1260 1508/827/1337 670/1565/1334
f 633/1527/1260 347/405/1259 672/1567/1338 1508/827/1337
f 1508/827/1337 672/1567/1338 367/426/1339 673/1568/1340
f 670/1565/1334 1508/827/1337 673/1568/1340 366/425/1335
f 347/405/1259 635/1529/1264 1509/828/1341 672/1567/1338
f 635/1529/1264 348/406/1263 674/1569/1342 1509/828/1341
f 1509/828/1341 674/1569/1342 368/427/1343 675/1570/1344
f 672/1567/1338 1509/828/1341 675/1570/1344 367/426/1339
f 348/406/1263 637/1531/1268 1510/829/1345 674/1569/1342
f 637/1531/1268 349/407/1267 676/1571/1346 1510/829/1345
f 1510/829/1345 676/1571/1346 369/428/1347 677/1572/1348
f 674/1569/1342 1510/829/1345 677/1572/1348 368/427/1343
f 349/407/1267 639/1533/1272 1511/830/1349 676/1571/1346
f 639/1533/1272 350/408/1271 678/1573/1350 1511/830/1349
f 1511/830/1349 678/1573/1350 370/429/1351 679/1574/1352
f 676/1571/1346 1511/830/1349 679/1574/1352 369/428/1347
f 350/408/1271 641/1535/1276 1512/831/1353 678/1573/1350
f 641/1535/1276 351/409/1275 680/1575/1354 1512/831/1353
f 1512/831/1353 680/1575/1354 371/430/1355 681/1576/1356
f 678/1573/1350 1512/831/1353 681/1576/1356 370/429/1351
f 351/409/1275 643/1537/1280 1513/832/1357 680/1575/1354
f 643/1537/1280 352/410/1279 682/1577/1358 1513/832/1357
f 1513/832/1357 682/1577/1358 372/431/1359 683/1578/1360
f 680/1575/1354 1513/832/1357 683/1578/1360 371/430/1355
f 352/410/1279 645/1539/1284 1514/833/1361 682/1577/1358
f 645/1539/1284 353/411/1283 684/1579/1362 1514/833/1361
f 1514/833/1361 684/1579/1362 373/432/1363 685/1580/1364
f 682/1577/1358 1514/833/1361 685/1580/1364 372/431/1359
f 353/411/1283 647/1541/1288 1515/834/1365 684/1579/1362
f 647/1541/1288 354/412/1287 686/1581/1366 1515/834/1365
f 1515/834/1365 686/1581/1366 374/433/1367 687/1582/1368
f 684/1579/1362 1515/834/1365 687/1582/1368 373/432/1363
f 354/412/1287 649/1543/1292 1516/835/1369 686/1581/1366
f 649/1543/1292 355/413/1291 688/1583/1370 1516/835/1369
f 1516/835/1369 688/1583/1370 375/434/1371 689/1584/1372
f 686/1581/1366 1516/835/1369 689/1584/1372 374/433/1367
f 355/413/1291 651/1545/1296 1517/836/1373 688/1583/1370
f 651/1545/1296 356/414/1295 690/1585/1374 1517/836/1373
f 1517/836/1373 690/1585/1374 376/435/1375 691/1586/1376
f 688/1583/1370 1517/836/1373 691/1586/1376 375/434/1371
f 356/414/1295 653/1547/1300 1518/837/1377 690/1585/1374
f 653/1547/1300 357/415/1299 692/1587/1378 1518/837/1377
f 1518/837/1377 692/1587/1378 377/436/1379 693/1588/1380
f 690/1585/1374 1518/837/1377 693/1588/1380 376/435/1375
f 357/415/1299 655/1549/1304 1519/838/1381 692/1587/1378
f 655/1549/1304 358/416/1303 694/1589/1382 1519/838/1381
f 1519/838/1381 694/1589/1382 378/437/1383 695/1590/1384
f 692/1587/1378 1519/838/1381 695/1590/1384 377/436/1379
f 358/416/1303 657/1551/1308 1520/839/1385 694/1589/1382
f 657/1551/1308 359/417/1307 696/1591/1386 1520/839/1385
f 1520/839/1385 696/1591/1386 379/438/1387 697/1592/1388
f 694/1589/1382 1520/839/1385 697/1592/1388 378/437/1383
f 359/417/1307 659/1553/1312 1521/840/1389 696/1591/1386
f 659/1553/1312 360/418/1311 698/1593/1390 1521/840/1389
f 1521/840/1389 698/1593/1390 380/439/1391 699/1594/1392
f 696/1591/1386 1521/840/1389 699/1594/1392 379/438/1387
f 360/418/1311 661/1555/1316 1522/841/1393 698/1593/1390
f 661/1555/1316 361/419/1315 700/1595/1394 1522/841/1393
f 1522/841/1393 700/1595/1394 381/440/1395 701/1596/1396
f 698/1593/1390 1522/841/1393 701/1596/1396 380/439/1391
f 361/419/1315 663/1557/1320 1523/842/1397 700/1595/1394
f 663/1557/1320 362/420/1319 702/1597/1398 1523/842/1397
f 1523/842/1397 702/1597/1398 382/441/1399 703/1598/1400
f 700/1595/1394 1523/842/1397 703/1598/1400 381/440/1395
f 362/420/1319 664/1558/1322 1524/843/1401 702/1597/1398
f 664/1558/1322 343/401/1248 667/1562/1324 1524/843/1401
f 1524/843/1401 667/1562/1324 363/422/1328 704/1599/1402
f 702/1597/1398 1524/843/1401 704/1599/1402 382/441/1399
f 363/421/1328 666/1560/1327 1525/844/1403 707/1602/1404
f 666/1560/1327 364/423/1326 705/1600/1405 1525/844/1403
f 1525/844/1403 705/1600/1405 384/444/1406 706/1601/1407
f 707/1602/1404 1525/844/1403 706/1601/1407 383/442/1408
f 364/423/1326 669/1564/1332 1526/845/1409 705/1600/1405
f 669/1564/1332 365/424/1331 708/1604/1410 1526/845/1409
f 1526/845/1409 708/1604/1410 385/445/1411 709/1605/1412
f 705/1600/1405 1526/845/1409 709/1605/1412 384/444/1406
f 365/424/1331 671/1566/1336 1527/846/1413 708/1604/1410
f 671/1566/1336 366/425/1335 710/1606/1414 1527/846/1413
f 1527/846/1413 710/1606/1414 386/446/1415 711/1607/1416
f 708/1604/1410 1527/846/1413 711/1607/1416 385/445/1411
f 366/425/1335 673/1568/1340 1528/847/1417 710/1606/1414
f 673/1568/1340 367/426/1339 712/1608/1418 1528/847/1417
f 1528/847/1417 712/1608/1418 387/447/1419 713/1609/1420
f 710/1606/1414 1528/847/1417 713/1609/1420 386/446/1415
f 367/426/1339 675/1570/1344 1529/848/1421 712/1608/1418
f 675/1570/1344 368/427/1343 714/1610/1422 1529/848/1421
f 1529/848/1421 714/1610/1422 388/448/1423 715/1611/1424
f 712/1608/1418 1529/848/1421 715/1611/1424 387/447/1419
f 368/427/1343 677/1572/1348 1530/849/1425 714/1610/1422
f 677/1572/1348 369/428/1347 716/1612/1426 1530/849/1425
f 1530/849/1425 716/1612/1426 389/449/1427 717/1613/1428
f 714/1610/1422 1530/849/1425 717/1613/1428 388/448/1423
f 369/428/1347 679/1574/1352 1531/850/1429 716/1612/1426
f 679/1574/1352 370/429/1351 718/1614/1430 1531/850/1429
f 1531/850/1429 718/1614/1430 390/450/1431 719/1615/1432
f 716/1612/1426 1531/850/1429 719/1615/1432 389/449/1427
f 370/429/1351 681/1576/1356 1532/851/1433 718/1614/1430
f 681/1576/1356 371/430/1355 720/1616/1434 1532/851/1433
f 1532/851/1433 720/1616/1434 391/451/1435 721/1617/1436
f 718/1614/1430 1532/851/1433 721/1617/1436 390/450/1431
f 371/430/1355 683/1578/1360 1533/852/1437 720/1616/1434
f 683/1578/1360 372/431/1359 722/1618/1438 1533/852/1437
f 1533/852/1437 722/1618/1438 392/452/1439 723/1619/1440
f 720/1616/1434 1533/852/1437 723/1619/1440 391/451/1435
f 372/431/1359 685/1580/1364 1534/853/1441 722/1618/1438
f 685/1580/1364 373/432/1363 724/1620/1442 1534/853/1441
f 1534/853/1441 724/1620/1442 393/453/1443 725/1621/1444
f 722/1618/1438 1534/853/1441 725/1621/1444 392/452/1439
f 373/432/1363 687/1582/1368 1535/854/1445 724/1620/1442
f 687/1582/1368 374/433/1367 726/1622/1446 1535/854/1445
f 1535/854/1445 726/1622/1446 394/454/1447 727/1623/1448
f 724/1620/1442 1535/854/1445 727/1623/1448 393/453/1443
f 374/433/1367 689/1584/1372 1536/855/1449 726/1622/1446
f 689/1584/1372 375/434/1371 728/1624/1450 1536/855/1449
f 1536/855/1449 728/1624/1450 395/455/1451 729/1625/1452
f 726/1622/1446 1536/855/1449 729/1625/1452 394/454/1447
f 375/434/1371 691/1586/1376 1537/856/1453 728/1624/1450
f 691/1586/1376 376/435/1375 730/1626/1454 1537/856/1453
f 1537/856/1453 730/1626/1454 396/456/1455 731/1627/1456
f 728/1624/1450 1537/856/1453 731/1627/1456 395/455/1451
f 376/435/1375 693/1588/1380 1538/857/1457 730/1626/1454
f 693/1588/1380 377/436/1379 732/1628/1458 1538/857/1457
f 1538/857/1457 732/1628/1458 397/457/1459 733/1629/1460
f 730/1626/1454 1538/857/1457 733/1629/1460 396/456/1455
f 377/436/1379 695/1590/1384 1539/858/1461 732/1628/1458
f 695/1590/1384 378/437/1383 734/1630/1462 1539/858/1461
f 1539/858/1461 734/1630/1462 398/458/1463 735/1631/1464
f 732/1628/1458 1539/858/1461 735/1631/1464 397/457/1459
f 378/437/1383 697/1592/1388 1540/859/1465 734/1630/1462
f 697/1592/1388 379/438/1387 736/1632/1466 1540/859/1465
f 1540/859/1465 736/1632/1466 399/459/1467 737/1633/1468
f 734/1630/1462 1540/859/1465 737/1633/1468 398/458/1463
f 379/438/1387 699/1594/1392 1541/860/1469 736/1632/1466
f 699/1594/1392 380/439/1391 738/1634/1470 1541/860/1469
f 1541/860/1469 738/1634/1470 400/460/1471 739/1635/1472
f 736/1632/1466 1541/860/1469 739/1635/1472 399/459/1467
f 380/439/1391 701/1596/1396 1542/861/1473 738/1634/1470
f 701/1596/1396 381/440/1395 740/1636/1474 1542/861/1473
f 1542/861/1473 740/1636/1474 401/461/1475 741/1637/1476
f 738/1634/1470 1542/861/1473 741/1637/1476 400/460/1471
f 381/440/1395 703/1598/1400 1543/862/1477 740/1636/1474
f 703/1598/1400 382/441/1399 742/1638/1478 1543/862/1477
f 1543/862/1477 742/1638/1478 402/462/1479 743/1639/1480
f 740/1636/1474 1543/862/1477 743/1639/1480 401/461/1475
f 382/441/1399 704/1599/1402 1544/863/1481 742/1638/1478
f 704/1599/1402 363/422/1328 707/1603/1404 1544/863/1481
f 1544/863/1481 707/1603/1404 383/443/1408 744/1640/1482
f 742/1638/1478 1544/863/1481 744/1640/1482 402/462/1479
f 383/442/1408 706/1601/1407 1545/864/1483 747/1643/1484
f 706/1601/1407 384/444/1406 745/1641/1485 1545/864/1483
f 1545/864/1483 745/1641/1485 404/465/1486 746/1642/1487
f 747/1643/1484 1545/864/1483 746/1642/1487 403/463/1488
f 384/444/1406 709/1605/1412 1546/865/1489 745/1641/1485
f 709/1605/1412 385/445/1411 748/1645/1490 1546/865/1489
f 1546/865/1489 748/1645/1490 405/466/1491 749/1646/1492
f 745/1641/1485 1546/865/1489 749/1646/1492 404/465/1486
f 385/445/1411 711/1607/1416 1547/866/1493 748/1645/1490
f 711/1607/1416 386/446/1415 750/1647/1494 1547/866/1493
f 1547/866/1493 750/1647/1494 406/467/1495 751/1648/1496
f 748/1645/1490 1547/866/1493 751/1648/1496 405/466/1491
f 386/446/1415 713/1609/1420 1548/867/1497 750/1647/1494
f 713/1609/1420 387/447/1419 752/1649/1498 1548/867/1497
f 1548/867/1497 752/1649/1498 407/468/1499 753/1650/1500
f 750/1647/1494 1548/867/1497 753/1650/1500 406/467/1495
f 387/447/1419 715/1611/1424 1549/868/1501 752/1649/1498
f 715/1611/1424 388/448/1423 754/1651/1502 1549/868/1501
f 1549/868/1501 754/1651/1502 408/469/1503 755/1652/1504
f 752/1649/1498 1549/868/1501 755/1652/1504 407/468/1499
f 388/448/1423 717/1613/1428 1550/869/1505 754/1651/1502
f 717/1613/1428 389/449/1427 756/1653/1506 1550/869/1505
f 1550/869/1505 756/1653/1506 409/470/1507 757/1654/1508
f 754/1651/1502 1550/869/1505 757/1654/1508 408/469/1503
f 389/449/1427 719/1615/1432 1551/870/1509 756/1653/1506
f 719/1615/1432 390/450/1431 758/1655/1510 1551/870/1509
f 1551/870/1509 758/1655/1510 410/471/1511 759/1656/1512
f 756/1653/1506 1551/870/1509 759/1656/1512 409/470/1507
f 390/450/1431 721/1617/1436 1552/871/1513 758/1655/1510
f 721/1617/1436 391/451/1435 760/1657/1514 1552/871/1513
f 1552/871/1513 760/1657/1514 411/472/1515 761/1658/1516
f 758/1655/1510 1552/871/1513 761/1658/1516 410/471/1511
f 391/451/1435 723/1619/1440 1553/872/1517 760/1657/1514
f 723/1619/1440 392/452/1439 762/1659/1518 1553/872/1517
f 1553/872/1517 762/1659/1518 412/473/1519 763/1660/1520
f 760/1657/1514 1553/872/1517 763/1660/1520 411/472/1515
f 392/452/1439 725/1621/1444 1554/873/1521 762/1659/1518
f 725/1621/1444 393/453/1443 764/1661/1522 1554/873/1521
f 1554/873/1521 764/1661/1522 413/474/1523 765/1662/1524
f 762/1659/1518 1554/873/1521 765/1662/1524 412/473/1519
f 393/453/1443 727/1623/1448 1555/874/1525 764/1661/1522
f 727/1623/1448 394/454/1447 766/1663/1526 1555/874/1525
f 1555/874/1525 766/1663/1526 414/475/1527 767/1664/1528
f 764/1661/1522 1555/874/1525 767/1664/1528 413/474/1523
f 394/454/1447 729/1625/1452 1556/875/1529 766/1663/1526
f 729/1625/1452 395/455/1451 768/1665/1530 1556/875/1529
f 1556/875/1529 768/1665/1530 415/476/1531 769/1666/1532
f 766/1663/1526 1556/875/1529 769/1666/1532 414/475/1527
f 395/455/1451 731/1627/1456 1557/876/1533 768/1665/1530
f 731/1627/1456 396/456/1455 770/1667/1534 1557/876/1533
f 1557/876/1533 770/1667/1534 416/477/1535 771/1668/1536
f 768/1665/1530 1557/876/1533 771/1668/1536 415/476/1531
f 396/456/1455 733/1629/1460 1558/877/1537 770/1667/1534
f 733/1629/1460 397/457/1459 772/1669/1538 1558/877/1537
f 1558/877/1537 772/1669/1538 417/478/1539 773/1670/1540
f 770/1667/1534 1558/877/1537 773/1670/1540 416/477/1535
f 397/457/1459 735/1631/1464 1559/878/1541 772/1669/1538
f 735/1631/1464 398/458/1463 774/1671/1542 1559/878/1541
f 1559/878/1541 774/1671/1542 418/479/1543 775/1672/1544
f 772/1669/1538 1559/878/1541 775/1672/1544 417/478/1539
f 398/458/1463 737/1633/1468 1560/879/1545 774/1671/1542
f 737/1633/1468 399/459/1467 776/1673/1546 1560/879/1545
f 1560/879/1545 776/1673/1546 419/480/1547 777/1674/1548
f 774/1671/1542 1560/879/1545 777/1674/1548 418/479/1543
f 399/459/1467 739/1635/1472 1561/880/1549 776/1673/1546
f 739/1635/1472 400/460/1471 778/1675/1550 1561/880/1549
f 1561/880/1549 778/1675/1550 420/481/1551 779/1676/1552
f 776/1673/1546 1561/880/1549 779/1676/1552 419/480/1547
f 400/460/1471 741/1637/1476 1562/881/1553 778/1675/1550
f 741/1637/1476 401/461/1475 780/1677/1554 1562/881/1553
f 1562/881/1553 780/1677/1554 421/482/1555 781/1678/1556
f 778/1675/1550 1562/881/1553 781/1678/1556 420/481/1551
f 401/461/1475 743/1639/1480 1563/882/1557 780/1677/1554
f 743/1639/1480 402/462/1479 782/1679/1558 1563/882/1557
f 1563/882/1557 782/1679/1558 422/483/1559 783/1680/1560
f 780/1677/1554 1563/882/1557 783/1680/1560 421/482/1555
f 402/462/1479 744/1640/1482 1564/883/1561 782/1679/1558
f 744/1640/1482 383/443/1408 747/1644/1484 1564/883/1561
f 1564/883/1561 747/1644/1484 403/464/1488 784/1681/1562
f 782/1679/1558 1564/883/1561 784/1681/1562 422/483/1559
f 44/87/87 825/924/84 1565/884/1563 786/1684/1564
f 43/85/83 785/1682/1565 1565/884/1563 825/924/84
f 423/484/1566 786/1684/1564 1565/884/1563 785/1682/1565
f 45/88/94 829/929/92 1566/885/1567 787/1686/1568
f 44/87/87 786/1685/1564 1566/885/1567 829/929/92
f 423/503/1566 787/1686/1568 1566/885/1567 786/1685/1564
f 46/89/100 832/932/98 1567/886/1569 788/1688/1570
f 45/88/94 787/1687/1568 1567/886/1569 832/932/98
f 423/502/1566 788/1688/1570 1567/886/1569 787/1687/1568
f 47/90/106 835/935/104 1568/887/1571 789/1690/1572
f 46/89/100 788/1689/1570 1568/887/1571 835/935/104
f 423/501/1566 789/1690/1572 1568/887/1571 788/1689/1570
f 48/91/112 838/938/110 1569/888/1573 790/1692/1574
f 47/90/106 789/1691/1572 1569/888/1573 838/938/110
f 423/500/1566 790/1692/1574 1569/888/1573 789/1691/1572
f 49/92/118 841/941/116 1570/889/1575 791/1694/1576
f 48/91/112 790/1693/1574 1570/889/1575 841/941/116
f 423/499/1566 791/1694/1576 1570/889/1575 790/1693/1574
f 50/93/124 844/944/122 1571/890/1577 792/1696/1578
f 49/92/118 791/1695/1576 1571/890/1577 844/944/122
f 423/498/1566 792/1696/1578 1571/890/1577 791/1695/1576
f 51/94/130 847/947/128 1572/891/1579 793/1698/1580
f 50/93/124 792/1697/1578 1572/891/1579 847/947/128
f 423/497/1566 793/1698/1580 1572/891/1579 792/1697/1578
f 52/95/136 850/950/134 1573/892/1581 794/1700/1582
f 51/94/130 793/1699/1580 1573/892/1581 850/950/134
f 423/496/1566 794/1700/1582 1573/892/1581 793/1699/1580
f 53/96/142 853/953/140 1574/893/1583 795/1702/1584
f 52/95/136 794/1701/1582 1574/893/1583 853/953/140
f 423/495/1566 795/1702/1584 1574/893/1583 794/1701/1582
f 54/97/148 856/956/146 1575/894/1585 796/1704/1586
f 53/96/142 795/1703/1584 1575/894/1585 856/956/146
f 423/494/1566 796/1704/1586 1575/894/1585 795/1703/1584
f 55/98/154 859/959/152 1576/895/1587 797/1706/1588
f 54/97/148 796/1705/1586 1576/895/1587 859/959/152
f 423/493/1566 797/1706/1588 1576/895/1587 796/1705/1586
f 56/99/160 862/962/158 1577/896/1589 798/1708/1590
f 55/98/154 797/1707/1588 1577/896/1589 862/962/158
f 423/492/1566 798/1708/1590 1577/896/1589 797/1707/1588
f 57/100/166 865/965/164 1578/897/1591 799/1710/1592
f 56/99/160 798/1709/1590 1578/897/1591 865/965/164
f 423/491/1566 799/1710/1592 1578/897/1591 798/1709/1590
f 58/101/172 868/968/170 1579/898/1593 800/1712/1594
f 57/100/166 799/1711/1592 1579/898/1593 868/968/170
f 423/490/1566 800/1712/1594 1579/898/1593 799/1711/1592
f 59/102/178 871/971/176 1580/899/1595 801/1714/1596
f 58/101/172 800/1713/1594 1580/899/1595 871/971/176
f 423/489/1566 801/1714/1596 1580/899/1595 800/1713/1594
f 60/103/184 874/974/182 1581/900/1597 802/1716/1598
f 59/102/178 801/1715/1596 1581/900/1597 874/974/182
f 423/488/1566 802/1716/1598 1581/900/1597 801/1715/1596
f 61/104/190 877/977/188 1582/901/1599 803/1718/1600
f 60/103/184 802/1717/1598 1582/901/1599 877/977/188
f 423/487/1566 803/1718/1600 1582/901/1599 802/1717/1598
f 62/105/196 880/980/194 1583/902/1601 804/1720/1602
f 61/104/190 803/1719/1600 1583/902/1601 880/980/194
f 423/486/1566 804/1720/1602 1583/902/1601 803/1719/1600
f 43/86/83 883/983/200 1584/903/1603 785/1683/1565
f 62/105/196 804/1721/1602 1584/903/1603 883/983/200
f 423/485/1566 785/1683/1565 1584/903/1603 804/1721/1602
f 403/463/1488 746/1642/1487 1585/904/1604 806/1724/1605
f 404/465/1486 805/1722/1606 1585/904/1604 746/1642/1487
f 424/504/1607 806/1724/1605 1585/904/1604 805/1722/1606
f 404/465/1486 749/1646/1492 1586/905/1608 805/1723/1606
f 405/466/1491 807/1726/1609 1586/905/1608 749/1646/1492
f 424/505/1607 805/1723/1606 1586/905/1608 807/1726/1609
f 405/466/1491 751/1648/1496 1587/906/1610 807/1727/1609
f 406/467/1495 808/1728/1611 1587/906/1610 751/1648/1496
f 424/506/1607 807/1727/1609 1587/906/1610 808/1728/1611
f 406/467/1495 753/1650/1500 1588/907/1612 808/1729/1611
f 407/468/1499 809/1730/1613 1588/907/1612 753/1650/1500
f 424/507/1607 808/1729/1611 1588/907/1612 809/1730/1613
f 407/468/1499 755/1652/1504 1589/908/1614 809/1731/1613
f 408/469/1503 810/1732/1615 1589/908/1614 755/1652/1504
f 424/508/1607 809/1731/1613 1589/908/1614 810/1732/1615
f 408/469/1503 757/1654/1508 1590/909/1616 810/1733/1615
f 409/470/1507 811/1734/1617 1590/909/1616 757/1654/1508
f 424/509/1607 810/1733/1615 1590/909/1616 811/1734/1617
f 409/470/1507 759/1656/1512 1591/910/1618 811/1735/1617
f 410/471/1511 812/1736/1619 1591/910/1618 759/1656/1512
f 424/510/1607 811/1735/1617 1591/910/1618 812/1736/1619
f 410/471/1511 761/1658/1516 1592/911/1620 812/1737/1619
f 411/472/1515 813/1738/1621 1592/911/1620 761/1658/1516
f 424/511/1607 812/1737/1619 1592/911/1620 813/1738/1621
f 411/472/1515 763/1660/1520 1593/912/1622 813/1739/1621
f 412/473/1519 814/1740/1623 1593/912/1622 763/1660/1520
f 424/512/1607 813/1739/1621 1593/912/1622 814/1740/1623
f 412/473/1519 765/1662/1524 1594/913/1624 814/1741/1623
f 413/474/1523 815/1742/1625 1594/913/1624 765/1662/1524
f 424/513/1607 814/1741/1623 1594/913/1624 815/1742/1625
f 413/474/1523 767/1664/1528 1595/914/1626 815/1743/1625
f 414/475/1527 816/1744/1627 1595/914/1626 767/1664/1528
f 424/514/1607 815/1743/1625 1595/914/1626 816/1744/1627
f 414/475/1527 769/1666/1532 1596/915/1628 816/1745/1627
f 415/476/1531 817/1746/1629 1596/915/1628 769/1666/1532
f 424/515/1607 816/1745/1627 1596/915/1628 817/1746/1629
f 415/476/1531 771/1668/1536 1597/916/1630 817/1747/1629
f 416/477/1535 818/1748/1631 1597/916/1630 771/1668/1536
f 424/516/1607 817/1747/1629 1597/916/1630 818/1748/1631
f 416/477/1535 773/1670/1540 1598/917/1632 818/1749/1631
f 417/478/1539 819/1750/1633 1598/917/1632 773/1670/1540
f 424/517/1607 818/1749/1631 1598/917/1632 819/1750/1633
f 417/478/1539 775/1672/1544 1599/918/1634 819/1751/1633
f 418/479/1543 820/1752/1635 1599/918/1634 775/1672/1544
f 424/518/1607 819/1751/1633 1599/918/1634 820/1752/1635
f 418/479/1543 777/1674/1548 1600/919/1636 820/1753/1635
f 419/480/1547 821/1754/1637 1600/919/1636 777/1674/1548
f 424/519/1607 820/1753/1635 1600/919/1636 821/1754/1637
f 419/480/1547 779/1676/1552 1601/920/1638 821/1755/1637
f 420/481/1551 822/1756/1639 1601/920/1638 779/1676/1552
f 424/520/1607 821/1755/1637 1601/920/1638 822/1756/1639
f 420/481/1551 781/1678/1556 1602/921/1640 822/1757/1639
f 421/482/1555 823/1758/1641 1602/921/1640 781/1678/1556
f 424/521/1607 822/1757/1639 1602/921/1640 823/1758/1641
f 421/482/1555 783/1680/1560 1603/922/1642 823/1759/1641
f 422/483/1559 824/1760/1643 1603/922/1642 783/1680/1560
f 424/522/1607 823/1759/1641 1603/922/1642 824/1760/1643
f 422/483/1559 784/1681/1562 1604/923/1644 824/1761/1643
f 403/464/1488 806/1725/1605 1604/923/1644 784/1681/1562
f 424/523/1607 824/1761/1643 1604/923/1644 806/1725/1605
