# This file uses centimeters as units for non-parametric coordinates.

mtllib gift.mtl
g default
v -7.755526 0.788921 1.414942
v -7.755526 0.821524 1.447544
v -7.788129 0.821524 1.414942
v -7.186059 0.788921 1.414942
v -7.186059 0.821524 1.447544
v -7.232166 0.821524 1.447544
v -7.232166 0.788921 1.414942
v -6.607041 0.788921 1.414942
v -6.607041 0.821524 1.447544
v -6.653148 0.821524 1.447544
v -6.653148 0.788921 1.414942
v -6.028022 0.788921 1.414942
v -6.028022 0.821524 1.447544
v -6.074129 0.821524 1.447544
v -6.074129 0.788921 1.414942
v -5.449005 0.788921 1.414942
v -5.449005 0.821524 1.447544
v -5.495112 0.821524 1.447544
v -5.495112 0.788921 1.414942
v -4.893041 0.821524 1.414942
v -4.925644 0.821524 1.447544
v -4.925644 0.788921 1.414942
v -7.788129 1.239703 1.414942
v -7.755526 1.239703 1.447544
v -7.755526 1.285810 1.447544
v -7.788129 1.285810 1.414942
v -7.232166 1.285810 1.447544
v -7.232166 1.239703 1.447544
v -7.186059 1.239703 1.447544
v -7.186059 1.285810 1.447544
v -6.653148 1.285810 1.447544
v -6.653148 1.239703 1.447544
v -6.607041 1.239703 1.447544
v -6.607041 1.285810 1.447544
v -6.074129 1.285810 1.447544
v -6.074129 1.239703 1.447544
v -6.028022 1.239703 1.447544
v -6.028022 1.285810 1.447544
v -5.495112 1.285810 1.447544
v -5.495112 1.239703 1.447544
v -5.449005 1.239703 1.447544
v -5.449005 1.285810 1.447544
v -4.893041 1.285810 1.414942
v -4.925644 1.285810 1.447544
v -4.925644 1.239703 1.447544
v -4.893041 1.239703 1.414942
v -7.788129 1.713537 1.414942
v -7.755526 1.713537 1.447544
v -7.755526 1.759644 1.447544
v -7.788129 1.759644 1.414942
v -7.232166 1.759644 1.447544
v -7.232166 1.713537 1.447544
v -7.186059 1.713537 1.447544
v -7.186059 1.759644 1.447544
v -6.653148 1.759644 1.447544
v -6.653148 1.713537 1.447544
v -6.607041 1.713537 1.447544
v -6.607041 1.759644 1.447544
v -6.074129 1.759644 1.447544
v -6.074129 1.713537 1.447544
v -6.028022 1.713537 1.447544
v -6.028022 1.759644 1.447544
v -5.495112 1.759644 1.447544
v -5.495112 1.713537 1.447544
v -5.449005 1.713537 1.447544
v -5.449005 1.759644 1.447544
v -4.893041 1.759644 1.414942
v -4.925644 1.759644 1.447544
v -4.925644 1.713537 1.447544
v -4.893041 1.713537 1.414942
v -7.788129 2.187372 1.414942
v -7.755526 2.187372 1.447544
v -7.755526 2.233479 1.447544
v -7.788129 2.233479 1.414942
v -7.232166 2.233479 1.447544
v -7.232166 2.187372 1.447544
v -7.186059 2.187372 1.447544
v -7.186059 2.233479 1.447544
v -6.653148 2.233479 1.447544
v -6.653148 2.187372 1.447544
v -6.607041 2.187372 1.447544
v -6.607041 2.233479 1.447544
v -6.074129 2.233479 1.447544
v -6.074129 2.187372 1.447544
v -6.028022 2.187372 1.447544
v -6.028022 2.233479 1.447544
v -5.495112 2.233479 1.447544
v -5.495112 2.187372 1.447544
v -5.449005 2.187372 1.447544
v -5.449005 2.233479 1.447544
v -4.893041 2.233479 1.414942
v -4.925644 2.233479 1.447544
v -4.925644 2.187372 1.447544
v -4.893041 2.187372 1.414942
v -7.788129 2.661207 1.414942
v -7.755526 2.661207 1.447544
v -7.755526 2.707314 1.447544
v -7.788129 2.707314 1.414942
v -7.232166 2.707314 1.447544
v -7.232166 2.661207 1.447544
v -7.186059 2.661207 1.447544
v -7.186059 2.707314 1.447544
v -6.653148 2.707314 1.447544
v -6.653148 2.661207 1.447544
v -6.607041 2.661207 1.447544
v -6.607041 2.707314 1.447544
v -6.074129 2.707314 1.447544
v -6.074129 2.661207 1.447544
v -6.028022 2.661207 1.447544
v -6.028022 2.707314 1.447544
v -5.495112 2.707314 1.447544
v -5.495112 2.661207 1.447544
v -5.449005 2.661207 1.447544
v -5.449005 2.707314 1.447544
v -4.893041 2.707314 1.414942
v -4.925644 2.707314 1.447544
v -4.925644 2.661207 1.447544
v -4.893041 2.661207 1.414942
v -7.821364 3.158095 1.447544
v -7.788129 3.125821 1.415270
v -7.756184 3.126150 1.447544
v -7.788129 3.158095 1.480779
v -7.219540 3.158095 1.479870
v -7.232222 3.125412 1.447544
v -7.186107 3.125561 1.447544
v -7.168766 3.158095 1.480330
v -6.648436 3.158095 1.480076
v -6.653161 3.125472 1.447544
v -6.607062 3.125523 1.447544
v -6.601782 3.158095 1.480218
v -6.079387 3.158095 1.480218
v -6.074108 3.125523 1.447544
v -6.027993 3.125451 1.447544
v -6.032734 3.158095 1.480076
v -5.512404 3.158095 1.480330
v -5.495088 3.125527 1.447544
v -5.448892 3.125332 1.447544
v -5.461632 3.158095 1.479870
v -4.893041 3.158095 1.480779
v -4.925315 3.125821 1.447544
v -4.893041 3.126150 1.415599
v -4.859807 3.158095 1.447544
v -7.788129 3.158095 -1.480779
v -7.755855 3.125821 -1.447544
v -7.788129 3.126150 -1.415599
v -7.821364 3.158095 -1.447544
v -7.168766 3.158095 -1.480330
v -7.186083 3.125527 -1.447544
v -7.232279 3.125332 -1.447544
v -7.219540 3.158095 -1.479870
v -6.601782 3.158095 -1.480218
v -6.607062 3.125523 -1.447544
v -6.653176 3.125451 -1.447544
v -6.648436 3.158095 -1.480076
v -6.032734 3.158095 -1.480076
v -6.028008 3.125472 -1.447544
v -6.074108 3.125523 -1.447544
v -6.079387 3.158095 -1.480218
v -5.461632 3.158095 -1.479870
v -5.448949 3.125412 -1.447544
v -5.495064 3.125561 -1.447544
v -5.512404 3.158095 -1.480330
v -4.859807 3.158095 -1.447544
v -4.893041 3.125821 -1.415270
v -4.924987 3.126150 -1.447544
v -4.893041 3.158095 -1.480779
v -7.788129 2.707314 -1.414942
v -7.755526 2.707314 -1.447544
v -7.755526 2.661207 -1.447544
v -7.788129 2.661207 -1.414942
v -7.232166 2.661207 -1.447544
v -7.232166 2.707314 -1.447544
v -7.186059 2.707314 -1.447544
v -7.186059 2.661207 -1.447544
v -6.653148 2.661207 -1.447544
v -6.653148 2.707314 -1.447544
v -6.607041 2.707314 -1.447544
v -6.607041 2.661207 -1.447544
v -6.074129 2.661207 -1.447544
v -6.074129 2.707314 -1.447544
v -6.028022 2.707314 -1.447544
v -6.028022 2.661207 -1.447544
v -5.495112 2.661207 -1.447544
v -5.495112 2.707314 -1.447544
v -5.449005 2.707314 -1.447544
v -5.449005 2.661207 -1.447544
v -4.893041 2.661207 -1.414942
v -4.925644 2.661207 -1.447544
v -4.925644 2.707314 -1.447544
v -4.893041 2.707314 -1.414942
v -7.788129 2.233479 -1.414942
v -7.755526 2.233479 -1.447544
v -7.755526 2.187372 -1.447544
v -7.788129 2.187372 -1.414942
v -7.232166 2.187372 -1.447544
v -7.232166 2.233479 -1.447544
v -7.186059 2.233479 -1.447544
v -7.186059 2.187372 -1.447544
v -6.653148 2.187372 -1.447544
v -6.653148 2.233479 -1.447544
v -6.607041 2.233479 -1.447544
v -6.607041 2.187372 -1.447544
v -6.074129 2.187372 -1.447544
v -6.074129 2.233479 -1.447544
v -6.028022 2.233479 -1.447544
v -6.028022 2.187372 -1.447544
v -5.495112 2.187372 -1.447544
v -5.495112 2.233479 -1.447544
v -5.449005 2.233479 -1.447544
v -5.449005 2.187372 -1.447544
v -4.893041 2.187372 -1.414942
v -4.925644 2.187372 -1.447544
v -4.925644 2.233479 -1.447544
v -4.893041 2.233479 -1.414942
v -7.788129 1.759644 -1.414942
v -7.755526 1.759644 -1.447544
v -7.755526 1.713537 -1.447544
v -7.788129 1.713537 -1.414942
v -7.232166 1.713537 -1.447544
v -7.232166 1.759644 -1.447544
v -7.186059 1.759644 -1.447544
v -7.186059 1.713537 -1.447544
v -6.653148 1.713537 -1.447544
v -6.653148 1.759644 -1.447544
v -6.607041 1.759644 -1.447544
v -6.607041 1.713537 -1.447544
v -6.074129 1.713537 -1.447544
v -6.074129 1.759644 -1.447544
v -6.028022 1.759644 -1.447544
v -6.028022 1.713537 -1.447544
v -5.495112 1.713537 -1.447544
v -5.495112 1.759644 -1.447544
v -5.449005 1.759644 -1.447544
v -5.449005 1.713537 -1.447544
v -4.893041 1.713537 -1.414942
v -4.925644 1.713537 -1.447544
v -4.925644 1.759644 -1.447544
v -4.893041 1.759644 -1.414942
v -7.788129 1.285810 -1.414942
v -7.755526 1.285810 -1.447544
v -7.755526 1.239703 -1.447544
v -7.788129 1.239703 -1.414942
v -7.232166 1.239703 -1.447544
v -7.232166 1.285810 -1.447544
v -7.186059 1.285810 -1.447544
v -7.186059 1.239703 -1.447544
v -6.653148 1.239703 -1.447544
v -6.653148 1.285810 -1.447544
v -6.607041 1.285810 -1.447544
v -6.607041 1.239703 -1.447544
v -6.074129 1.239703 -1.447544
v -6.074129 1.285810 -1.447544
v -6.028022 1.285810 -1.447544
v -6.028022 1.239703 -1.447544
v -5.495112 1.239703 -1.447544
v -5.495112 1.285810 -1.447544
v -5.449005 1.285810 -1.447544
v -5.449005 1.239703 -1.447544
v -4.893041 1.239703 -1.414942
v -4.925644 1.239703 -1.447544
v -4.925644 1.285810 -1.447544
v -4.893041 1.285810 -1.414942
v -7.788129 0.821524 -1.414942
v -7.755526 0.821524 -1.447544
v -7.755526 0.788921 -1.414942
v -7.232166 0.788921 -1.414942
v -7.232166 0.821524 -1.447544
v -7.186059 0.821524 -1.447544
v -7.186059 0.788921 -1.414942
v -6.653148 0.788921 -1.414942
v -6.653148 0.821524 -1.447544
v -6.607041 0.821524 -1.447544
v -6.607041 0.788921 -1.414942
v -6.074129 0.788921 -1.414942
v -6.074129 0.821524 -1.447544
v -6.028022 0.821524 -1.447544
v -6.028022 0.788921 -1.414942
v -5.495112 0.788921 -1.414942
v -5.495112 0.821524 -1.447544
v -5.449005 0.821524 -1.447544
v -5.449005 0.788921 -1.414942
v -4.925644 0.788921 -1.414942
v -4.925644 0.821524 -1.447544
v -4.893041 0.821524 -1.414942
v -7.788129 0.821524 -0.891580
v -7.755526 0.788921 -0.891580
v -7.755526 0.788921 -0.845473
v -7.788129 0.821524 -0.845473
v -7.232166 0.788921 -0.845473
v -7.232166 0.788921 -0.891580
v -7.186059 0.788921 -0.891580
v -7.186059 0.788921 -0.845473
v -6.653148 0.788921 -0.845473
v -6.653148 0.788921 -0.891580
v -6.607041 0.788921 -0.891580
v -6.607041 0.788921 -0.845473
v -6.074129 0.788921 -0.845473
v -6.074129 0.788921 -0.891580
v -6.028022 0.788921 -0.891580
v -6.028022 0.788921 -0.845473
v -5.495112 0.788921 -0.845473
v -5.495112 0.788921 -0.891580
v -5.449005 0.788921 -0.891580
v -5.449005 0.788921 -0.845473
v -4.893041 0.821524 -0.845473
v -4.925644 0.788921 -0.845473
v -4.925644 0.788921 -0.891580
v -4.893041 0.821524 -0.891580
v -7.788129 0.821524 -0.312562
v -7.755526 0.788921 -0.312562
v -7.755526 0.788921 -0.266455
v -7.788129 0.821524 -0.266455
v -7.232166 0.788921 -0.266455
v -7.232166 0.788921 -0.312562
v -7.186059 0.788921 -0.312562
v -7.186059 0.788921 -0.266455
v -6.653148 0.788921 -0.266455
v -6.653148 0.788921 -0.312562
v -6.607041 0.788921 -0.312562
v -6.607041 0.788921 -0.266455
v -6.074129 0.788921 -0.266455
v -6.074129 0.788921 -0.312562
v -6.028022 0.788921 -0.312562
v -6.028022 0.788921 -0.266455
v -5.495112 0.788921 -0.266455
v -5.495112 0.788921 -0.312562
v -5.449005 0.788921 -0.312562
v -5.449005 0.788921 -0.266455
v -4.893041 0.821524 -0.266455
v -4.925644 0.788921 -0.266455
v -4.925644 0.788921 -0.312562
v -4.893041 0.821524 -0.312562
v -7.788129 0.821524 0.266455
v -7.755526 0.788921 0.266455
v -7.755526 0.788921 0.312562
v -7.788129 0.821524 0.312562
v -7.232166 0.788921 0.312562
v -7.232166 0.788921 0.266455
v -7.186059 0.788921 0.266455
v -7.186059 0.788921 0.312562
v -6.653148 0.788921 0.312562
v -6.653148 0.788921 0.266455
v -6.607041 0.788921 0.266455
v -6.607041 0.788921 0.312562
v -6.074129 0.788921 0.312562
v -6.074129 0.788921 0.266455
v -6.028022 0.788921 0.266455
v -6.028022 0.788921 0.312562
v -5.495112 0.788921 0.312562
v -5.495112 0.788921 0.266455
v -5.449005 0.788921 0.266455
v -5.449005 0.788921 0.312562
v -4.893041 0.821524 0.312562
v -4.925644 0.788921 0.312562
v -4.925644 0.788921 0.266455
v -4.893041 0.821524 0.266455
v -7.788129 0.821524 0.845473
v -7.755526 0.788921 0.845473
v -7.755526 0.788921 0.891580
v -7.788129 0.821524 0.891580
v -7.232166 0.788921 0.891580
v -7.232166 0.788921 0.845473
v -7.186059 0.788921 0.845473
v -7.186059 0.788921 0.891580
v -6.653148 0.788921 0.891580
v -6.653148 0.788921 0.845473
v -6.607041 0.788921 0.845473
v -6.607041 0.788921 0.891580
v -6.074129 0.788921 0.891580
v -6.074129 0.788921 0.845473
v -6.028022 0.788921 0.845473
v -6.028022 0.788921 0.891580
v -5.495112 0.788921 0.891580
v -5.495112 0.788921 0.845473
v -5.449005 0.788921 0.845473
v -5.449005 0.788921 0.891580
v -4.893041 0.821524 0.891580
v -4.925644 0.788921 0.891580
v -4.925644 0.788921 0.845473
v -4.893041 0.821524 0.845473
v -7.820915 3.158095 0.828181
v -7.788129 3.125527 0.845498
v -7.788129 3.125332 0.891693
v -7.820455 3.158095 0.878954
v -4.860715 3.158095 0.878954
v -4.893041 3.125412 0.891637
v -4.893041 3.125561 0.845522
v -4.860256 3.158095 0.828181
v -7.820803 3.158095 0.261197
v -7.788129 3.125523 0.266477
v -7.788129 3.125451 0.312591
v -7.820661 3.158095 0.307851
v -4.860510 3.158095 0.307851
v -4.893041 3.125472 0.312577
v -4.893041 3.125523 0.266477
v -4.860367 3.158095 0.261197
v -7.820661 3.158095 -0.307851
v -7.788129 3.125472 -0.312577
v -7.788129 3.125523 -0.266477
v -7.820803 3.158095 -0.261197
v -4.860367 3.158095 -0.261197
v -4.893041 3.125523 -0.266477
v -4.893041 3.125451 -0.312591
v -4.860510 3.158095 -0.307851
v -7.820455 3.158095 -0.878954
v -7.788129 3.125412 -0.891637
v -7.788129 3.125561 -0.845522
v -7.820915 3.158095 -0.828181
v -4.860256 3.158095 -0.828181
v -4.893041 3.125527 -0.845498
v -4.893041 3.125332 -0.891693
v -4.860715 3.158095 -0.878954
v -4.893041 1.285810 -0.845473
v -4.893041 1.239703 -0.845473
v -4.893041 1.239703 -0.891580
v -4.893041 1.285810 -0.891580
v -4.893041 1.285810 -0.266455
v -4.893041 1.239703 -0.266455
v -4.893041 1.239703 -0.312562
v -4.893041 1.285810 -0.312562
v -4.893041 1.285810 0.312562
v -4.893041 1.239703 0.312562
v -4.893041 1.239703 0.266455
v -4.893041 1.285810 0.266455
v -4.893041 1.285810 0.891580
v -4.893041 1.239703 0.891580
v -4.893041 1.239703 0.845473
v -4.893041 1.285810 0.845473
v -4.893041 1.759644 -0.845473
v -4.893041 1.713537 -0.845473
v -4.893041 1.713537 -0.891580
v -4.893041 1.759644 -0.891580
v -4.893041 1.759644 -0.266455
v -4.893041 1.713537 -0.266455
v -4.893041 1.713537 -0.312562
v -4.893041 1.759644 -0.312562
v -4.893041 1.759644 0.312562
v -4.893041 1.713537 0.312562
v -4.893041 1.713537 0.266455
v -4.893041 1.759644 0.266455
v -4.893041 1.759644 0.891580
v -4.893041 1.713537 0.891580
v -4.893041 1.713537 0.845473
v -4.893041 1.759644 0.845473
v -4.893041 2.233479 -0.845473
v -4.893041 2.187372 -0.845473
v -4.893041 2.187372 -0.891580
v -4.893041 2.233479 -0.891580
v -4.893041 2.233479 -0.266455
v -4.893041 2.187372 -0.266455
v -4.893041 2.187372 -0.312562
v -4.893041 2.233479 -0.312562
v -4.893041 2.233479 0.312562
v -4.893041 2.187372 0.312562
v -4.893041 2.187372 0.266455
v -4.893041 2.233479 0.266455
v -4.893041 2.233479 0.891580
v -4.893041 2.187372 0.891580
v -4.893041 2.187372 0.845473
v -4.893041 2.233479 0.845473
v -4.893041 2.707314 -0.845473
v -4.893041 2.661207 -0.845473
v -4.893041 2.661207 -0.891580
v -4.893041 2.707314 -0.891580
v -4.893041 2.707314 -0.266455
v -4.893041 2.661207 -0.266455
v -4.893041 2.661207 -0.312562
v -4.893041 2.707314 -0.312562
v -4.893041 2.707314 0.312562
v -4.893041 2.661207 0.312562
v -4.893041 2.661207 0.266455
v -4.893041 2.707314 0.266455
v -4.893041 2.707314 0.891580
v -4.893041 2.661207 0.891580
v -4.893041 2.661207 0.845473
v -4.893041 2.707314 0.845473
v -7.788129 1.285810 -0.891580
v -7.788129 1.239703 -0.891580
v -7.788129 1.239703 -0.845473
v -7.788129 1.285810 -0.845473
v -7.788129 1.285810 -0.312562
v -7.788129 1.239703 -0.312562
v -7.788129 1.239703 -0.266455
v -7.788129 1.285810 -0.266455
v -7.788129 1.285810 0.266455
v -7.788129 1.239703 0.266455
v -7.788129 1.239703 0.312562
v -7.788129 1.285810 0.312562
v -7.788129 1.285810 0.845473
v -7.788129 1.239703 0.845473
v -7.788129 1.239703 0.891580
v -7.788129 1.285810 0.891580
v -7.788129 1.759644 -0.891580
v -7.788129 1.713537 -0.891580
v -7.788129 1.713537 -0.845473
v -7.788129 1.759644 -0.845473
v -7.788129 1.759644 -0.312562
v -7.788129 1.713537 -0.312562
v -7.788129 1.713537 -0.266455
v -7.788129 1.759644 -0.266455
v -7.788129 1.759644 0.266455
v -7.788129 1.713537 0.266455
v -7.788129 1.713537 0.312562
v -7.788129 1.759644 0.312562
v -7.788129 1.759644 0.845473
v -7.788129 1.713537 0.845473
v -7.788129 1.713537 0.891580
v -7.788129 1.759644 0.891580
v -7.788129 2.233479 -0.891580
v -7.788129 2.187372 -0.891580
v -7.788129 2.187372 -0.845473
v -7.788129 2.233479 -0.845473
v -7.788129 2.233479 -0.312562
v -7.788129 2.187372 -0.312562
v -7.788129 2.187372 -0.266455
v -7.788129 2.233479 -0.266455
v -7.788129 2.233479 0.266455
v -7.788129 2.187372 0.266455
v -7.788129 2.187372 0.312562
v -7.788129 2.233479 0.312562
v -7.788129 2.233479 0.845473
v -7.788129 2.187372 0.845473
v -7.788129 2.187372 0.891580
v -7.788129 2.233479 0.891580
v -7.788129 2.707314 -0.891580
v -7.788129 2.661207 -0.891580
v -7.788129 2.661207 -0.845473
v -7.788129 2.707314 -0.845473
v -7.788129 2.707314 -0.312562
v -7.788129 2.661207 -0.312562
v -7.788129 2.661207 -0.266455
v -7.788129 2.707314 -0.266455
v -7.788129 2.707314 0.266455
v -7.788129 2.661207 0.266455
v -7.788129 2.661207 0.312562
v -7.788129 2.707314 0.312562
v -7.788129 2.707314 0.845473
v -7.788129 2.661207 0.845473
v -7.788129 2.661207 0.891580
v -7.788129 2.707314 0.891580
v -7.923411 3.189384 1.551537
v -7.890202 3.158095 1.516407
v -7.855777 3.158095 1.549009
v -7.892123 3.189384 1.582827
v -7.170697 3.190628 1.582827
v -7.188137 3.158095 1.549960
v -7.137265 3.158095 1.550501
v -7.124525 3.190857 1.582827
v -7.923411 3.190857 0.783940
v -7.891120 3.158095 0.796691
v -7.890626 3.158095 0.847453
v -7.923411 3.190628 0.830112
v -6.632654 3.190667 1.582827
v -6.637946 3.158095 1.550138
v -6.591279 3.158095 1.550295
v -6.586539 3.190738 1.582827
v -6.094633 3.190738 1.582827
v -6.089880 3.158095 1.550316
v -6.043239 3.158095 1.550153
v -6.048518 3.190667 1.582827
v -5.556644 3.190857 1.582827
v -5.543894 3.158095 1.550535
v -5.493132 3.158095 1.550041
v -5.510472 3.190628 1.582827
v -4.789047 3.189384 1.582827
v -4.824178 3.158095 1.549617
v -4.791575 3.158095 1.515193
v -4.757757 3.189384 1.551537
v -4.757757 3.190628 0.830112
v -4.790624 3.158095 0.847552
v -4.790083 3.158095 0.796680
v -4.757757 3.190857 0.783940
v -7.923411 3.190738 0.245953
v -7.890901 3.158095 0.250705
v -7.890737 3.158095 0.297347
v -7.923411 3.190667 0.292068
v -4.757757 3.190667 0.292068
v -4.790447 3.158095 0.297361
v -4.790289 3.158095 0.250694
v -4.757757 3.190738 0.245953
v -7.923411 3.190667 -0.292068
v -7.890722 3.158095 -0.297361
v -7.890881 3.158095 -0.250694
v -7.923411 3.190738 -0.245953
v -4.757757 3.190738 -0.245953
v -4.790268 3.158095 -0.250705
v -4.790432 3.158095 -0.297347
v -4.757757 3.190667 -0.292068
v -7.923411 3.190628 -0.830112
v -7.890545 3.158095 -0.847552
v -7.891086 3.158095 -0.796680
v -7.923411 3.190857 -0.783940
v -4.757758 3.190857 -0.783940
v -4.790051 3.158095 -0.796691
v -4.790545 3.158095 -0.847453
v -4.757758 3.190628 -0.830112
v -7.124525 3.190857 -1.582827
v -7.137276 3.158095 -1.550535
v -7.188038 3.158095 -1.550041
v -7.170697 3.190628 -1.582827
v -7.892123 3.189384 -1.582827
v -7.856992 3.158095 -1.549617
v -7.889594 3.158095 -1.515192
v -7.923411 3.189384 -1.551537
v -6.586539 3.190738 -1.582827
v -6.591291 3.158095 -1.550316
v -6.637933 3.158095 -1.550153
v -6.632654 3.190667 -1.582827
v -6.048518 3.190667 -1.582827
v -6.043225 3.158095 -1.550138
v -6.089891 3.158095 -1.550295
v -6.094633 3.190738 -1.582827
v -5.510472 3.190628 -1.582827
v -5.493033 3.158095 -1.549960
v -5.543904 3.158095 -1.550501
v -5.556644 3.190857 -1.582827
v -4.757757 3.189384 -1.551537
v -4.790968 3.158095 -1.516407
v -4.825393 3.158095 -1.549009
v -4.789047 3.189384 -1.582827
v -7.923411 3.584926 1.550224
v -7.890809 3.584926 1.582827
v -7.890809 3.617529 1.550224
v -7.124638 3.617529 1.550224
v -7.170746 3.617529 1.550224
v -7.170746 3.584926 1.582827
v -7.124638 3.584926 1.582827
v -7.170746 3.617529 0.784054
v -7.170746 3.617529 0.830161
v -7.124638 3.617529 0.830161
v -7.124638 3.617529 0.784054
v -7.923411 3.584926 0.784054
v -7.923411 3.584926 0.830161
v -7.890809 3.617529 0.830161
v -7.890809 3.617529 0.784054
v -6.586567 3.617529 1.550224
v -6.632675 3.617529 1.550224
v -6.632675 3.584926 1.582827
v -6.586567 3.584926 1.582827
v -6.632675 3.617529 0.784054
v -6.632675 3.617529 0.830161
v -6.586567 3.617529 0.830161
v -6.586567 3.617529 0.784054
v -6.048496 3.617529 1.550224
v -6.094603 3.617529 1.550224
v -6.094603 3.584926 1.582827
v -6.048496 3.584926 1.582827
v -6.094603 3.617529 0.784054
v -6.094603 3.617529 0.830161
v -6.048495 3.617529 0.830161
v -6.048495 3.617529 0.784054
v -5.510424 3.617529 1.550224
v -5.556532 3.617529 1.550224
v -5.556532 3.584926 1.582827
v -5.510424 3.584926 1.582827
v -5.556532 3.617529 0.784054
v -5.556532 3.617529 0.830161
v -5.510425 3.617529 0.830161
v -5.510425 3.617529 0.784054
v -4.790360 3.617529 1.550224
v -4.790360 3.584926 1.582827
v -4.757757 3.584926 1.550224
v -4.790360 3.617529 0.784054
v -4.790360 3.617529 0.830161
v -4.757757 3.584926 0.830161
v -4.757757 3.584926 0.784054
v -7.170746 3.617529 0.245982
v -7.170746 3.617529 0.292089
v -7.124638 3.617529 0.292089
v -7.124638 3.617529 0.245982
v -7.923411 3.584926 0.245982
v -7.923411 3.584926 0.292089
v -7.890809 3.617529 0.292089
v -7.890809 3.617529 0.245982
v -6.632675 3.617529 0.245982
v -6.632675 3.617529 0.292089
v -6.586567 3.617529 0.292089
v -6.586567 3.617529 0.245982
v -6.094603 3.617529 0.245982
v -6.094603 3.617529 0.292089
v -6.048495 3.617529 0.292089
v -6.048495 3.617529 0.245982
v -5.556532 3.617529 0.245982
v -5.556532 3.617529 0.292089
v -5.510425 3.617529 0.292089
v -5.510425 3.617529 0.245982
v -4.790360 3.617529 0.245982
v -4.790360 3.617529 0.292089
v -4.757757 3.584926 0.292089
v -4.757757 3.584926 0.245982
v -7.170746 3.617529 -0.292089
v -7.170746 3.617529 -0.245982
v -7.124638 3.617529 -0.245982
v -7.124638 3.617529 -0.292089
v -7.923411 3.584926 -0.292089
v -7.923411 3.584926 -0.245982
v -7.890809 3.617529 -0.245982
v -7.890809 3.617529 -0.292089
v -6.632675 3.617529 -0.292089
v -6.632675 3.617529 -0.245982
v -6.586567 3.617529 -0.245982
v -6.586567 3.617529 -0.292089
v -6.094603 3.617529 -0.292089
v -6.094603 3.617529 -0.245982
v -6.048495 3.617529 -0.245982
v -6.048495 3.617529 -0.292089
v -5.556532 3.617529 -0.292089
v -5.556532 3.617529 -0.245982
v -5.510425 3.617529 -0.245982
v -5.510425 3.617529 -0.292089
v -4.790360 3.617529 -0.292089
v -4.790360 3.617529 -0.245982
v -4.757757 3.584926 -0.245982
v -4.757757 3.584926 -0.292089
v -7.170746 3.617529 -0.830161
v -7.170746 3.617529 -0.784054
v -7.124638 3.617529 -0.784054
v -7.124638 3.617529 -0.830161
v -7.923411 3.584926 -0.830161
v -7.923411 3.584926 -0.784054
v -7.890809 3.617529 -0.784054
v -7.890809 3.617529 -0.830161
v -6.632675 3.617529 -0.830161
v -6.632675 3.617529 -0.784054
v -6.586567 3.617529 -0.784054
v -6.586567 3.617529 -0.830161
v -6.094603 3.617529 -0.830161
v -6.094603 3.617529 -0.784054
v -6.048495 3.617529 -0.784054
v -6.048495 3.617529 -0.830161
v -5.556532 3.617529 -0.830161
v -5.556532 3.617529 -0.784054
v -5.510425 3.617529 -0.784054
v -5.510425 3.617529 -0.830161
v -4.790360 3.617529 -0.830161
v -4.790360 3.617529 -0.784054
v -4.757758 3.584926 -0.784054
v -4.757758 3.584926 -0.830161
v -7.124638 3.584926 -1.582827
v -7.170746 3.584926 -1.582827
v -7.170746 3.617529 -1.550224
v -7.124638 3.617529 -1.550224
v -7.890809 3.617529 -1.550224
v -7.890809 3.584926 -1.582827
v -7.923411 3.584926 -1.550224
v -6.586567 3.584926 -1.582827
v -6.632675 3.584926 -1.582827
v -6.632675 3.617529 -1.550224
v -6.586567 3.617529 -1.550224
v -6.048496 3.584926 -1.582827
v -6.094603 3.584926 -1.582827
v -6.094603 3.617529 -1.550224
v -6.048496 3.617529 -1.550224
v -5.510424 3.584926 -1.582827
v -5.556532 3.584926 -1.582827
v -5.556532 3.617529 -1.550224
v -5.510424 3.617529 -1.550224
v -4.790360 3.617529 -1.550224
v -4.757757 3.584926 -1.550224
v -4.790360 3.584926 -1.582827
vt 0.026494 0.899254
vt 0.021498 0.899489
vt 0.019056 0.842875
vt 0.350914 0.056914
vt 0.350779 0.061876
vt 0.087794 0.896750
vt 0.082844 0.896953
vt 0.409292 0.059420
vt 0.408147 0.064297
vt 0.149918 0.894723
vt 0.144979 0.894882
vt 0.467987 0.060894
vt 0.466837 0.065777
vt 0.212010 0.893169
vt 0.207071 0.893288
vt 0.526772 0.060002
vt 0.525589 0.064884
vt 0.274199 0.892129
vt 0.269247 0.892202
vt 0.585441 0.056956
vt 0.584118 0.061836
vt 0.335769 0.891703
vt 0.330756 0.891755
vt 0.335239 0.834852
vt 0.640513 0.057563
vt 0.348299 0.107405
vt 0.402488 0.110739
vt 0.347894 0.112446
vt 0.407206 0.110733
vt 0.462373 0.112264
vt 0.467088 0.112092
vt 0.522222 0.111525
vt 0.526918 0.111191
vt 0.581791 0.108663
vt 0.586434 0.108186
vt 0.640174 0.103375
vt 0.644823 0.103163
vt 0.645224 0.108198
vt 0.344983 0.159831
vt 0.400543 0.163199
vt 0.344521 0.164941
vt 0.405449 0.163275
vt 0.462210 0.164625
vt 0.467119 0.164526
vt 0.523866 0.163835
vt 0.528761 0.163564
vt 0.585358 0.160797
vt 0.590226 0.160322
vt 0.645445 0.155194
vt 0.650309 0.155073
vt 0.650835 0.160128
vt 0.340749 0.212729
vt 0.398134 0.215742
vt 0.340226 0.217863
vt 0.403215 0.215816
vt 0.462034 0.217026
vt 0.467121 0.216949
vt 0.525901 0.216158
vt 0.530980 0.215892
vt 0.589727 0.212983
vt 0.594788 0.212518
vt 0.652125 0.207376
vt 0.657184 0.207234
vt 0.657839 0.212293
vt 0.335583 0.265826
vt 0.395635 0.267854
vt 0.335016 0.270998
vt 0.400911 0.268058
vt 0.461800 0.269287
vt 0.467075 0.269223
vt 0.528108 0.268256
vt 0.533390 0.267981
vt 0.594602 0.264887
vt 0.599894 0.264446
vt 0.659949 0.259426
vt 0.665269 0.259371
vt 0.666062 0.264428
vt 0.323414 0.320527
vt 0.260818 0.311244
vt 0.329678 0.317030
vt 0.392759 0.318940
vt 0.398241 0.319440
vt 0.461628 0.319939
vt 0.467111 0.320198
vt 0.530395 0.318883
vt 0.535890 0.318645
vt 0.599084 0.315412
vt 0.604599 0.314889
vt 0.666915 0.309744
vt 0.672978 0.309421
vt 0.738480 0.305346
vt 0.610325 0.771292
vt 0.007660 0.336693
vt 0.004989 0.382434
vt 0.000000 0.241554
vt 0.005092 0.238315
vt 0.056311 0.266810
vt 0.673605 0.774706
vt 0.679620 0.774920
vt 0.069954 0.334825
vt 0.737499 0.773956
vt 0.742810 0.773818
vt 0.132796 0.332952
vt 0.800841 0.771857
vt 0.806148 0.771657
vt 0.195559 0.330886
vt 0.864161 0.768691
vt 0.869949 0.768257
vt 0.258334 0.328498
vt 0.932418 0.762702
vt 0.994182 0.202904
vt 1.000000 0.205214
vt 0.320385 0.326304
vt 0.009950 0.382103
vt 0.066566 0.380467
vt 0.004941 0.387316
vt 0.009955 0.387122
vt 0.006300 0.433737
vt 0.071563 0.380302
vt 0.129434 0.378523
vt 0.134443 0.378348
vt 0.192321 0.376421
vt 0.197331 0.376244
vt 0.255166 0.374094
vt 0.260161 0.373908
vt 0.316636 0.371325
vt 0.968469 0.165138
vt 0.970372 0.168949
vt 0.322078 0.376249
vt 0.011311 0.433648
vt 0.068152 0.431949
vt 0.006258 0.438914
vt 0.011272 0.438677
vt 0.007793 0.485414
vt 0.073164 0.431777
vt 0.131174 0.429911
vt 0.136194 0.429737
vt 0.194238 0.427815
vt 0.199260 0.427639
vt 0.257291 0.425581
vt 0.262306 0.425386
vt 0.319086 0.423009
vt 0.950546 0.126886
vt 0.951507 0.130789
vt 0.324431 0.427945
vt 0.012801 0.485301
vt 0.069775 0.483359
vt 0.007757 0.490629
vt 0.012772 0.490343
vt 0.009427 0.537188
vt 0.074800 0.483173
vt 0.132930 0.481236
vt 0.137960 0.481061
vt 0.196105 0.479172
vt 0.201138 0.478999
vt 0.259282 0.477086
vt 0.264310 0.476910
vt 0.321177 0.474886
vt 0.939118 0.086559
vt 0.939497 0.090647
vt 0.326500 0.479890
vt 0.014433 0.537034
vt 0.071642 0.534627
vt 0.009406 0.542734
vt 0.014409 0.542079
vt 0.012579 0.587692
vt 0.076668 0.534448
vt 0.134706 0.532551
vt 0.139732 0.532378
vt 0.197842 0.530538
vt 0.202875 0.530370
vt 0.261021 0.528621
vt 0.266057 0.528472
vt 0.323037 0.526874
vt 0.932345 0.042809
vt 0.932398 0.047252
vt 0.328379 0.532228
vt 0.011923 0.591905
vt 0.013165 0.648612
vt 0.017444 0.586837
vt 0.073585 0.585133
vt 0.078560 0.584932
vt 0.136401 0.582924
vt 0.141413 0.582743
vt 0.199379 0.580938
vt 0.204396 0.580770
vt 0.262275 0.579182
vt 0.267264 0.579023
vt 0.323584 0.577702
vt 0.329194 0.582578
vt 0.101161 0.072476
vt 0.018174 0.648549
vt 0.075139 0.646830
vt 0.013095 0.653837
vt 0.018110 0.653574
vt 0.014842 0.711712
vt 0.080159 0.646645
vt 0.138168 0.644716
vt 0.143188 0.644540
vt 0.201201 0.642832
vt 0.206221 0.642682
vt 0.264237 0.641225
vt 0.269255 0.641098
vt 0.326094 0.639709
vt 0.868328 0.008175
vt 0.873357 0.007342
vt 0.877270 0.052442
vt 0.331344 0.644757
vt 0.019847 0.711570
vt 0.076818 0.709559
vt 0.014813 0.716910
vt 0.019827 0.716609
vt 0.016784 0.774789
vt 0.081839 0.709369
vt 0.139887 0.707472
vt 0.144909 0.707303
vt 0.202937 0.705684
vt 0.207960 0.705543
vt 0.265989 0.704234
vt 0.271011 0.704122
vt 0.327849 0.703112
vt 0.807761 0.022118
vt 0.812546 0.021004
vt 0.333042 0.708203
vt 0.021787 0.774597
vt 0.078686 0.772315
vt 0.016797 0.779957
vt 0.021810 0.779633
vt 0.018982 0.837747
vt 0.083698 0.772114
vt 0.141615 0.770216
vt 0.146626 0.770051
vt 0.204509 0.768522
vt 0.209520 0.768389
vt 0.267415 0.767249
vt 0.272427 0.767156
vt 0.329212 0.766506
vt 0.749135 0.036541
vt 0.753718 0.035450
vt 0.334341 0.771609
vt 0.292934 0.053919
vt 0.289620 0.099782
vt 0.023982 0.837518
vt 0.080733 0.835101
vt 0.080815 0.840095
vt 0.085725 0.834898
vt 0.143340 0.833021
vt 0.143378 0.838019
vt 0.148324 0.832857
vt 0.205899 0.831402
vt 0.205891 0.836405
vt 0.210884 0.831273
vt 0.268513 0.830263
vt 0.268462 0.835273
vt 0.273505 0.830180
vt 0.330186 0.829762
vt 0.330227 0.834791
vt 0.696257 0.048062
vt 0.697553 0.094491
vt 0.531515 0.458349
vt 0.531565 0.452535
vt 0.253846 0.310337
vt 0.192846 0.302745
vt 0.257131 0.305761
vt 0.270412 0.262275
vt 0.736774 0.300611
vt 0.725805 0.254935
vt 0.742319 0.299047
vt 0.807892 0.290132
vt 0.532816 0.521515
vt 0.532666 0.516224
vt 0.186366 0.300736
vt 0.126439 0.288975
vt 0.188816 0.296188
vt 0.806362 0.285314
vt 0.811829 0.283467
vt 0.875495 0.270093
vt 0.535111 0.584722
vt 0.534898 0.579434
vt 0.120635 0.286438
vt 0.062152 0.271314
vt 0.122183 0.281840
vt 0.874523 0.265192
vt 0.879710 0.262620
vt 0.939690 0.243489
vt 0.538187 0.642533
vt 0.058022 0.262624
vt 0.076980 0.222440
vt 0.996970 0.632385
vt 0.939281 0.238303
vt 0.920294 0.197713
vt 0.877665 0.057303
vt 0.885371 0.101418
vt 0.872871 0.058332
vt 0.818440 0.066370
vt 0.818959 0.071438
vt 0.814313 0.072685
vt 0.760258 0.080850
vt 0.760810 0.085937
vt 0.756196 0.087136
vt 0.702172 0.093491
vt 0.702631 0.098559
vt 0.704871 0.146493
vt 0.886220 0.106137
vt 0.898672 0.148453
vt 0.881562 0.107631
vt 0.827394 0.117782
vt 0.828263 0.122786
vt 0.823652 0.124196
vt 0.768984 0.132816
vt 0.769749 0.137902
vt 0.765076 0.139160
vt 0.709615 0.145490
vt 0.710195 0.150578
vt 0.713929 0.198510
vt 0.900079 0.153010
vt 0.918279 0.193342
vt 0.895548 0.155000
vt 0.840468 0.168210
vt 0.841750 0.173096
vt 0.837079 0.174733
vt 0.780494 0.184483
vt 0.781537 0.189506
vt 0.776717 0.190838
vt 0.718857 0.197486
vt 0.719601 0.202540
vt 0.724914 0.249892
vt 0.915836 0.200160
vt 0.859870 0.221737
vt 0.858197 0.217018
vt 0.855038 0.223640
vt 0.796303 0.240197
vt 0.795028 0.235290
vt 0.791241 0.241709
vt 0.731025 0.253961
vt 0.730124 0.248949
vt 0.099484 0.122062
vt 0.106190 0.072543
vt 0.163432 0.079699
vt 0.168377 0.080228
vt 0.224550 0.089743
vt 0.229412 0.090377
vt 0.284816 0.099258
vt 0.288974 0.104849
vt 0.285115 0.152441
vt 0.092708 0.170521
vt 0.104385 0.122529
vt 0.159700 0.131789
vt 0.164511 0.132472
vt 0.219772 0.142431
vt 0.224591 0.143108
vt 0.280267 0.151902
vt 0.284381 0.157537
vt 0.279197 0.205224
vt 0.079071 0.218095
vt 0.097513 0.171532
vt 0.152005 0.183558
vt 0.156803 0.184465
vt 0.212459 0.195121
vt 0.217348 0.195879
vt 0.274222 0.204642
vt 0.278292 0.210276
vt 0.271486 0.257363
vt 0.083740 0.219743
vt 0.139156 0.234346
vt 0.137315 0.239126
vt 0.144081 0.235514
vt 0.201890 0.247035
vt 0.200414 0.251978
vt 0.206966 0.247915
vt 0.266292 0.256682
vt 0.265134 0.261644
vt 0.545573 0.378824
vt 0.539131 0.456215
vt 0.588938 0.332068
vt 0.662582 0.324026
vt 0.668295 0.323688
vt 0.723500 0.320811
vt 0.544119 0.458204
vt 0.544225 0.463346
vt 0.540332 0.517260
vt 0.728695 0.320609
vt 0.784151 0.318571
vt 0.789358 0.318407
vt 0.844686 0.317300
vt 0.850376 0.317244
vt 0.975374 0.361982
vt 0.973571 0.366838
vt 0.982541 0.440240
vt 0.982916 0.445958
vt 0.985931 0.501263
vt 0.545382 0.517744
vt 0.545531 0.522841
vt 0.542475 0.577896
vt 0.986133 0.506472
vt 0.988149 0.562048
vt 0.547484 0.577135
vt 0.547662 0.582217
vt 0.545588 0.638398
vt 0.988309 0.567259
vt 0.989438 0.622608
vt 0.550503 0.636603
vt 0.550745 0.641713
vt 0.552633 0.716793
vt 0.989492 0.628340
vt 0.986516 0.702545
vt 0.685012 0.762221
vt 0.738650 0.766283
vt 0.677726 0.767276
vt 0.603890 0.763449
vt 0.557968 0.720208
vt 0.739194 0.761222
vt 0.744288 0.761091
vt 0.799375 0.764274
vt 0.798656 0.759260
vt 0.803753 0.759094
vt 0.860074 0.761276
vt 0.858309 0.756353
vt 0.863445 0.756118
vt 0.939100 0.754678
vt 0.942599 0.749359
vt 0.587203 0.458551
vt 0.592471 0.377645
vt 0.668570 0.372330
vt 0.673513 0.372009
vt 0.726525 0.369142
vt 0.673799 0.377113
vt 0.671119 0.460549
vt 0.592284 0.458669
vt 0.676000 0.455342
vt 0.592337 0.463562
vt 0.588579 0.516803
vt 0.731509 0.368897
vt 0.784820 0.366851
vt 0.731730 0.373983
vt 0.729365 0.453081
vt 0.734360 0.452885
vt 0.789802 0.366681
vt 0.843097 0.365343
vt 0.789956 0.371761
vt 0.787564 0.451039
vt 0.792539 0.450888
vt 0.848082 0.365269
vt 0.925300 0.366396
vt 0.848010 0.370331
vt 0.845644 0.449473
vt 0.850586 0.449365
vt 0.927975 0.370949
vt 0.934432 0.446526
vt 0.929387 0.446873
vt 0.934769 0.451477
vt 0.937595 0.504476
vt 0.672856 0.518776
vt 0.593656 0.516660
vt 0.677738 0.513611
vt 0.731372 0.511676
vt 0.593811 0.521637
vt 0.590619 0.575117
vt 0.736389 0.511502
vt 0.789843 0.509721
vt 0.794853 0.509560
vt 0.848395 0.507857
vt 0.853428 0.507691
vt 0.932526 0.504720
vt 0.937842 0.509471
vt 0.939714 0.562806
vt 0.675027 0.576911
vt 0.595694 0.574904
vt 0.679869 0.571773
vt 0.733527 0.570113
vt 0.595899 0.579888
vt 0.593222 0.633266
vt 0.738546 0.569953
vt 0.792036 0.568231
vt 0.797054 0.568060
vt 0.850646 0.566161
vt 0.855687 0.565976
vt 0.934636 0.562965
vt 0.939865 0.567796
vt 0.940742 0.621038
vt 0.677555 0.634929
vt 0.598279 0.632898
vt 0.682339 0.629857
vt 0.735735 0.628661
vt 0.598536 0.637835
vt 0.599955 0.715281
vt 0.740730 0.628522
vt 0.794023 0.626889
vt 0.799018 0.626709
vt 0.852346 0.624624
vt 0.857351 0.624416
vt 0.935643 0.621102
vt 0.940790 0.625982
vt 0.940638 0.702528
vt 0.685418 0.713652
vt 0.738459 0.712804
vt 0.738575 0.717890
vt 0.680492 0.718772
vt 0.604593 0.717576
vt 0.604666 0.713308
vt 0.743441 0.712679
vt 0.796734 0.710994
vt 0.796919 0.716076
vt 0.801715 0.710802
vt 0.854793 0.708504
vt 0.855146 0.713565
vt 0.859695 0.708229
vt 0.936409 0.702510
vt 0.938332 0.707214
vt 0.403449 0.065078
vt 0.462146 0.066734
vt 0.520924 0.065987
vt 0.579496 0.063084
vt 0.636139 0.058932
vt 0.402081 0.115819
vt 0.406852 0.115830
vt 0.462098 0.117343
vt 0.466874 0.117185
vt 0.522099 0.116608
vt 0.526858 0.116287
vt 0.581841 0.113745
vt 0.586577 0.113257
vt 0.640495 0.108388
vt 0.400081 0.168316
vt 0.405007 0.168358
vt 0.461948 0.169745
vt 0.466876 0.169609
vt 0.523806 0.168954
vt 0.528720 0.168646
vt 0.585512 0.165912
vt 0.590404 0.165400
vt 0.645945 0.160297
vt 0.397605 0.220856
vt 0.402730 0.220872
vt 0.461779 0.222135
vt 0.466879 0.222016
vt 0.525861 0.221269
vt 0.530960 0.220954
vt 0.589935 0.218094
vt 0.595019 0.217577
vt 0.652752 0.212500
vt 0.395135 0.272893
vt 0.400443 0.273113
vt 0.461508 0.274370
vt 0.466839 0.274267
vt 0.528067 0.273338
vt 0.533379 0.273005
vt 0.594811 0.269954
vt 0.600124 0.269454
vt 0.660646 0.264495
vt 0.592696 0.381872
vt 0.668901 0.377428
vt 0.670972 0.455545
vt 0.726766 0.374211
vt 0.784975 0.371919
vt 0.843074 0.370402
vt 0.923705 0.371223
vt 0.672693 0.513792
vt 0.676141 0.460344
vt 0.729541 0.458116
vt 0.734533 0.457925
vt 0.787753 0.456082
vt 0.792733 0.455929
vt 0.845863 0.454488
vt 0.850850 0.454353
vt 0.929676 0.451798
vt 0.674823 0.571941
vt 0.677903 0.518599
vt 0.731552 0.516687
vt 0.736569 0.516517
vt 0.790036 0.514738
vt 0.795049 0.514576
vt 0.848607 0.512848
vt 0.853645 0.512680
vt 0.932752 0.509695
vt 0.677320 0.629993
vt 0.680067 0.576752
vt 0.733717 0.575120
vt 0.738733 0.574967
vt 0.792215 0.573249
vt 0.797231 0.573080
vt 0.850812 0.571159
vt 0.855849 0.570979
vt 0.934776 0.567938
vt 0.680484 0.713712
vt 0.682548 0.634841
vt 0.735918 0.633692
vt 0.740907 0.633561
vt 0.794188 0.631935
vt 0.799182 0.631754
vt 0.852489 0.629649
vt 0.857496 0.629450
vt 0.935675 0.626020
vt 0.064917 0.334999
vt 0.127794 0.333145
vt 0.190564 0.331027
vt 0.253319 0.328656
vt 0.315428 0.325680
vt 0.066596 0.385487
vt 0.071594 0.385311
vt 0.129479 0.383533
vt 0.134489 0.383349
vt 0.192391 0.381431
vt 0.197399 0.381243
vt 0.255263 0.379113
vt 0.260268 0.378909
vt 0.317095 0.376331
vt 0.068148 0.436962
vt 0.073168 0.436781
vt 0.131199 0.434914
vt 0.136222 0.434733
vt 0.194284 0.432819
vt 0.199306 0.432636
vt 0.257354 0.430596
vt 0.262374 0.430396
vt 0.319422 0.428057
vt 0.069766 0.488364
vt 0.074802 0.488169
vt 0.132944 0.486232
vt 0.137974 0.486055
vt 0.196125 0.484171
vt 0.201155 0.483998
vt 0.259310 0.482101
vt 0.264340 0.481926
vt 0.321488 0.479949
vt 0.071679 0.539604
vt 0.076689 0.539448
vt 0.134709 0.537549
vt 0.139734 0.537379
vt 0.197837 0.535540
vt 0.202864 0.535375
vt 0.261002 0.533633
vt 0.266036 0.533489
vt 0.323323 0.531944
vt 0.016939 0.591723
vt 0.073527 0.590164
vt 0.078524 0.589950
vt 0.136396 0.587934
vt 0.141402 0.587752
vt 0.199363 0.585951
vt 0.204372 0.585787
vt 0.262265 0.584212
vt 0.267270 0.584062
vt 0.324182 0.582646
vt 0.075085 0.651826
vt 0.080112 0.651642
vt 0.138145 0.649717
vt 0.143164 0.649544
vt 0.201184 0.647840
vt 0.206201 0.647691
vt 0.264222 0.646244
vt 0.269243 0.646116
vt 0.326329 0.644762
vt 0.076801 0.714555
vt 0.081826 0.714368
vt 0.139875 0.712467
vt 0.144896 0.712303
vt 0.202918 0.710686
vt 0.207936 0.710550
vt 0.265957 0.709248
vt 0.270977 0.709142
vt 0.328025 0.708169
vt 0.078715 0.777311
vt 0.083726 0.777118
vt 0.141627 0.775210
vt 0.146633 0.775055
vt 0.204493 0.773522
vt 0.209498 0.773400
vt 0.267371 0.772261
vt 0.272381 0.772177
vt 0.329325 0.771553
vt 0.024067 0.842544
vt 0.085799 0.839910
vt 0.148356 0.837870
vt 0.210872 0.836288
vt 0.273455 0.835200
vt 0.928608 -0.000000
vt 0.872586 0.053385
vt 0.813818 0.067612
vt 0.755655 0.082042
vt 0.691787 0.048990
vt 0.880853 0.102810
vt 0.822841 0.119136
vt 0.764335 0.134033
vt 0.698011 0.099579
vt 0.894276 0.150310
vt 0.835859 0.169750
vt 0.775699 0.185747
vt 0.705440 0.151620
vt 0.913885 0.195636
vt 0.853383 0.218788
vt 0.789985 0.236678
vt 0.714648 0.203633
vt 0.943765 0.234848
vt 0.039940 0.029995
vt 0.098823 0.027551
vt 0.044088 0.072441
vt 0.104180 0.027732
vt 0.164610 0.033663
vt 0.169768 0.034450
vt 0.227716 0.043592
vt 0.232590 0.044461
vt 0.288249 0.053220
vt 0.346421 0.060391
vt 0.343568 0.106418
vt 0.043944 0.076871
vt 0.100959 0.077360
vt 0.043580 0.116725
vt 0.105828 0.077469
vt 0.162950 0.084731
vt 0.167802 0.085293
vt 0.223915 0.094808
vt 0.228731 0.095453
vt 0.284181 0.104328
vt 0.343178 0.111506
vt 0.340158 0.158930
vt 0.042857 0.120781
vt 0.098846 0.126794
vt 0.038166 0.158528
vt 0.103575 0.127304
vt 0.158922 0.136806
vt 0.163654 0.137511
vt 0.218956 0.147531
vt 0.223752 0.148207
vt 0.279522 0.157014
vt 0.339699 0.164074
vt 0.335794 0.211848
vt 0.036884 0.162327
vt 0.091526 0.175105
vt 0.027450 0.198905
vt 0.096128 0.176159
vt 0.150761 0.188513
vt 0.155504 0.189406
vt 0.211337 0.200192
vt 0.216224 0.200915
vt 0.273292 0.209735
vt 0.335261 0.217034
vt 0.330461 0.264820
vt 0.025707 0.202658
vt 0.081601 0.224209
vt 0.061947 0.266149
vt 0.142306 0.240283
vt 0.127170 0.284041
vt 0.205558 0.252827
vt 0.194046 0.297831
vt 0.329898 0.269994
vt 0.323849 0.316518
vt 0.262502 0.306855
vt 0.326941 0.322143
vt 0.658012 0.316859
vt 0.540550 0.382533
vt 0.400236 0.324509
vt 0.721844 0.313241
vt 0.467760 0.325218
vt 0.785113 0.310891
vt 0.535403 0.323694
vt 0.848281 0.309621
vt 0.603541 0.319991
vt 0.984524 0.368006
vt 0.981778 0.372668
vt 0.989651 0.435597
vt 0.539199 0.461915
vt 0.990284 0.441577
vt 0.993495 0.499554
vt 0.540493 0.522460
vt 0.993711 0.504882
vt 0.995835 0.562997
vt 0.542670 0.583092
vt 0.995987 0.568324
vt 0.997123 0.626357
vt 0.605998 0.774251
vt 0.538652 0.648284
vt 0.545917 0.644071
vt 0.683444 0.767256
vt 0.743851 0.766135
vt 0.804586 0.764090
vt 0.865778 0.760964
vt 0.586207 0.337286
vt 0.665152 0.328824
vt 0.587888 0.380317
vt 0.670184 0.328619
vt 0.724383 0.325815
vt 0.729463 0.325625
vt 0.783762 0.323612
vt 0.788864 0.323458
vt 0.843243 0.322323
vt 0.848377 0.322218
vt 0.968410 0.359542
vt 0.968316 0.364177
vt 0.977777 0.442850
vt 0.587277 0.463533
vt 0.977998 0.447884
vt 0.980930 0.502177
vt 0.588744 0.521784
vt 0.981115 0.507263
vt 0.983104 0.561668
vt 0.590843 0.580109
vt 0.983245 0.566769
vt 0.984391 0.621089
vt 0.679962 0.762336
vt 0.600976 0.758449
vt 0.593541 0.638259
vt 0.685429 0.718736
vt 0.743558 0.717753
vt 0.801915 0.715864
vt 0.984523 0.626151
vt 0.981549 0.705539
vt 0.860144 0.713246
vt 0.406620 0.058765
vt 0.403315 0.060124
vt 0.465483 0.060369
vt 0.462069 0.061773
vt 0.524334 0.059588
vt 0.520743 0.061016
vt 0.582999 0.056666
vt 0.579238 0.058105
vt 0.636379 0.053966
vt 0.532924 0.389861
vt 0.671052 0.314978
vt 0.002743 0.337654
vt 0.000000 0.332957
vt 0.994285 0.695980
vt 0.005102 0.387273
vt 0.321858 0.376236
vt 0.321552 0.371322
vt 0.006304 0.438624
vt 0.324444 0.427716
vt 0.324092 0.422752
vt 0.007810 0.490300
vt 0.326509 0.479633
vt 0.326184 0.474663
vt 0.009467 0.542073
vt 0.328334 0.531674
vt 0.328045 0.526697
vt 0.328471 0.578254
vt 0.013140 0.653499
vt 0.331360 0.644509
vt 0.331101 0.639537
vt 0.014877 0.716609
vt 0.333048 0.707988
vt 0.332856 0.703005
vt 0.016868 0.779702
vt 0.334343 0.771441
vt 0.334219 0.766450
vt 0.019119 0.842686
vt 0.335247 0.834742
vt 0.335193 0.829744
vt 0.258892 0.311597
vt 0.740829 0.304989
vt 0.745948 0.303343
vt 0.190780 0.302476
vt 0.809862 0.289766
vt 0.814495 0.287897
vt 0.122903 0.288889
vt 0.879164 0.269761
vt 0.881744 0.267045
vt 0.055511 0.268960
vt 0.944717 0.242543
vt 0.946012 0.238985
vt 0.322470 0.321374
vt 0.318026 0.320401
vt 0.256624 0.323618
vt 0.251181 0.323719
vt 0.194840 0.325903
vt 0.189831 0.326034
vt 0.133264 0.327923
vt 0.128241 0.328122
vt 0.071762 0.329747
vt 0.066250 0.329986
vt 0.004501 0.331617
vt 0.670173 0.314487
vt 0.854081 0.309699
vt 0.597295 0.320572
vt 0.790418 0.310740
vt 0.529807 0.323931
vt 0.727149 0.313030
vt 0.462187 0.324969
vt 0.663985 0.316295
vt 0.394084 0.323930
vt 0.594878 0.323936
vt 0.323241 0.322128
vt 0.982162 0.710345
vt 0.988960 0.706985
vt 0.596165 0.759008
vt 0.599421 0.765840
vt 0.927280 0.324116
vt 0.923629 0.319073
vt 0.584103 0.330209
vt 0.581574 0.337140
vt 0.997295 0.700277
vt 0.544576 0.710241
vt 0.916392 0.311407
vt 0.590246 0.321135
vn -0.707110 -0.707104 0.000000
vn -0.707110 -0.707104 0.000000
vn -0.707110 -0.707104 0.000000
vn -0.707110 -0.707104 0.000000
vn 0.000000 -0.707105 0.707108
vn 0.000000 -0.707105 0.707108
vn 0.000000 -0.707105 0.707108
vn 0.000000 -0.707105 0.707108
vn -0.707110 0.000000 0.707103
vn -0.707110 0.000000 0.707103
vn -0.707110 0.000000 0.707103
vn -0.707110 0.000000 0.707103
vn 0.000000 -1.000000 0.000000
vn 0.000000 -1.000000 0.000000
vn 0.000000 -1.000000 0.000000
vn 0.000000 -1.000000 0.000000
vn 0.000000 -0.707106 0.707108
vn 0.000000 -0.707106 0.707108
vn 0.000000 -0.707106 0.707108
vn 0.000000 -0.707106 0.707108
vn 0.000000 0.000000 1.000000
vn 0.000000 0.000000 1.000000
vn 0.000000 0.000000 1.000000
vn 0.000000 0.000000 1.000000
vn 0.000000 -1.000000 0.000000
vn 0.000000 -1.000000 0.000000
vn 0.000000 -1.000000 0.000000
vn 0.000000 -1.000000 0.000000
vn 0.000000 -0.707106 0.707108
vn 0.000000 -0.707106 0.707108
vn 0.000000 -0.707106 0.707108
vn 0.000000 -0.707106 0.707108
vn 0.000000 0.000000 1.000000
vn 0.000000 0.000000 1.000000
vn 0.000000 0.000000 1.000000
vn 0.000000 0.000000 1.000000
vn 0.000000 -1.000000 0.000000
vn 0.000000 -1.000000 0.000000
vn 0.000000 -1.000000 0.000000
vn 0.000000 -1.000000 0.000000
vn 0.000000 -0.707106 0.707108
vn 0.000000 -0.707106 0.707108
vn 0.000000 -0.707106 0.707108
vn 0.000000 -0.707106 0.707108
vn 0.000000 0.000000 1.000000
vn 0.000000 0.000000 1.000000
vn 0.000000 0.000000 1.000000
vn 0.000000 0.000000 1.000000
vn 0.000000 -1.000000 0.000000
vn 0.000000 -1.000000 0.000000
vn 0.000000 -1.000000 0.000000
vn 0.000000 -1.000000 0.000000
vn 0.000000 -0.707106 0.707108
vn 0.000000 -0.707106 0.707108
vn 0.000000 -0.707106 0.707108
vn 0.000000 -0.707106 0.707108
vn 0.000000 0.000000 1.000000
vn 0.000000 0.000000 1.000000
vn 0.000000 0.000000 1.000000
vn 0.000000 0.000000 1.000000
vn 0.707099 -0.707114 0.000000
vn 0.707099 -0.707114 0.000000
vn 0.707099 -0.707114 0.000000
vn 0.707099 -0.707114 0.000000
vn 0.707099 0.000000 0.707115
vn 0.707099 0.000000 0.707115
vn 0.707099 0.000000 0.707115
vn 0.707099 0.000000 0.707115
vn -1.000000 0.000000 0.000000
vn -1.000000 0.000000 0.000000
vn -1.000000 0.000000 0.000000
vn -1.000000 0.000000 0.000000
vn 0.000000 0.000000 1.000000
vn 0.000000 0.000000 1.000000
vn 0.000000 0.000000 1.000000
vn -0.707110 0.000000 0.707103
vn -0.707110 0.000000 0.707103
vn -0.707110 0.000000 0.707103
vn -0.707110 0.000000 0.707103
vn 0.000000 0.000000 1.000000
vn 0.000000 0.000000 1.000000
vn 0.000000 0.000000 1.000000
vn 0.000000 0.000000 1.000000
vn 0.000000 0.000000 1.000000
vn 0.000000 0.000000 1.000000
vn 0.000000 0.000000 1.000000
vn 0.000000 0.000000 1.000000
vn 0.000000 0.000000 1.000000
vn 0.000000 0.000000 1.000000
vn 0.000000 0.000000 1.000000
vn 0.000000 0.000000 1.000000
vn 0.000000 0.000000 1.000000
vn 0.000000 0.000000 1.000000
vn 0.000000 0.000000 1.000000
vn 0.000000 0.000000 1.000000
vn 0.000000 0.000000 1.000000
vn 1.000000 0.000000 0.000000
vn 1.000000 0.000000 0.000000
vn 1.000000 0.000000 0.000000
vn 1.000000 0.000000 0.000000
vn 0.707099 0.000000 0.707115
vn 0.707099 0.000000 0.707115
vn 0.707099 0.000000 0.707115
vn 0.707099 0.000000 0.707115
vn -1.000000 0.000000 0.000000
vn -1.000000 0.000000 0.000000
vn -1.000000 0.000000 0.000000
vn -1.000000 0.000000 0.000000
vn 0.000000 0.000000 1.000000
vn 0.000000 0.000000 1.000000
vn 0.000000 0.000000 1.000000
vn -0.707110 0.000000 0.707104
vn -0.707110 0.000000 0.707104
vn -0.707110 0.000000 0.707104
vn -0.707110 0.000000 0.707104
vn 0.000000 0.000000 1.000000
vn 0.000000 0.000000 1.000000
vn 0.000000 0.000000 1.000000
vn 0.000000 0.000000 1.000000
vn 0.000000 0.000000 1.000000
vn 0.000000 0.000000 1.000000
vn 0.000000 0.000000 1.000000
vn 0.000000 0.000000 1.000000
vn 0.000000 0.000000 1.000000
vn 0.000000 0.000000 1.000000
vn 0.000000 0.000000 1.000000
vn 0.000000 0.000000 1.000000
vn 0.000000 0.000000 1.000000
vn 0.000000 0.000000 1.000000
vn 0.000000 0.000000 1.000000
vn 0.000000 0.000000 1.000000
vn 0.000000 0.000000 1.000000
vn 1.000000 0.000000 0.000000
vn 1.000000 0.000000 0.000000
vn 1.000000 0.000000 0.000000
vn 1.000000 0.000000 0.000000
vn 0.707099 0.000000 0.707115
vn 0.707099 0.000000 0.707115
vn 0.707099 0.000000 0.707115
vn 0.707099 0.000000 0.707115
vn -1.000000 0.000000 0.000000
vn -1.000000 0.000000 0.000000
vn -1.000000 0.000000 0.000000
vn -1.000000 0.000000 0.000000
vn 0.000000 0.000000 1.000000
vn 0.000000 0.000000 1.000000
vn 0.000000 0.000000 1.000000
vn -0.707110 0.000000 0.707104
vn -0.707110 0.000000 0.707104
vn -0.707110 0.000000 0.707104
vn -0.707110 0.000000 0.707104
vn 0.000000 0.000000 1.000000
vn 0.000000 0.000000 1.000000
vn 0.000000 0.000000 1.000000
vn 0.000000 0.000000 1.000000
vn 0.000000 0.000000 1.000000
vn 0.000000 0.000000 1.000000
vn 0.000000 0.000000 1.000000
vn 0.000000 0.000000 1.000000
vn 0.000000 0.000000 1.000000
vn 0.000000 0.000000 1.000000
vn 0.000000 0.000000 1.000000
vn 0.000000 0.000000 1.000000
vn 0.000000 0.000000 1.000000
vn 0.000000 0.000000 1.000000
vn 0.000000 0.000000 1.000000
vn 0.000000 0.000000 1.000000
vn 0.000000 0.000000 1.000000
vn 1.000000 0.000000 0.000000
vn 1.000000 0.000000 0.000000
vn 1.000000 0.000000 0.000000
vn 1.000000 0.000000 0.000000
vn 0.707098 0.000000 0.707115
vn 0.707098 0.000000 0.707115
vn 0.707098 0.000000 0.707115
vn 0.707098 0.000000 0.707115
vn -1.000000 0.000000 0.000000
vn -1.000000 0.000000 0.000000
vn -1.000000 0.000000 0.000000
vn -1.000000 0.000000 0.000000
vn 0.000000 0.000000 1.000000
vn 0.000000 0.000000 1.000000
vn 0.000000 0.000000 1.000000
vn -0.708722 -0.000750 0.705488
vn -0.708722 -0.000750 0.705488
vn -0.708900 -0.000833 0.705308
vn -0.708900 -0.000833 0.705308
vn 0.000000 0.000000 1.000000
vn 0.000000 0.000000 1.000000
vn 0.000000 0.000000 1.000000
vn 0.000000 0.000000 1.000000
vn 0.000000 0.000000 1.000000
vn 0.000000 0.000000 1.000000
vn 0.000000 0.000000 1.000000
vn 0.000000 0.000000 1.000000
vn 0.000000 0.000000 1.000000
vn 0.000000 0.000000 1.000000
vn 0.000000 0.000000 1.000000
vn 0.000000 0.000000 1.000000
vn 0.000000 0.000000 1.000000
vn 0.000000 0.000000 1.000000
vn 0.000000 0.000000 1.000000
vn 0.000000 0.000000 1.000000
vn 0.000000 0.000000 1.000000
vn 1.000000 -0.000000 0.000000
vn 1.000000 0.000000 0.000000
vn 1.000000 0.000000 0.000000
vn 1.000000 -0.000000 0.000000
vn 0.705484 -0.000750 0.708726
vn 0.705484 -0.000750 0.708726
vn 0.705304 -0.000833 0.708904
vn 0.705304 -0.000833 0.708904
vn 0.000000 -1.000000 0.000000
vn 0.000000 -1.000000 0.000000
vn 0.000000 -1.000000 0.000000
vn 0.000000 -1.000000 0.000000
vn -0.689037 -0.724162 0.028613
vn -0.673612 -0.736944 0.056212
vn -0.704782 -0.709424 -0.000029
vn -0.704571 -0.709633 -0.000134
vn -0.055969 -0.738648 0.671764
vn -0.029104 -0.726371 0.686687
vn -0.000042 -0.711767 0.702416
vn -0.000155 -0.711479 0.702707
vn 0.000000 -1.000000 0.000000
vn 0.000000 -1.000000 0.000000
vn 0.000000 -1.000000 -0.000000
vn 0.000000 -1.000000 0.000000
vn -0.000024 -0.707886 0.706327
vn -0.000182 -0.707755 0.706458
vn 0.000052 -0.707934 0.706279
vn 0.000038 -0.707918 0.706295
vn 0.000000 -1.000000 -0.000000
vn 0.000000 -1.000000 -0.000000
vn 0.000000 -1.000000 -0.000000
vn 0.000000 -1.000000 -0.000000
vn -0.000050 -0.708130 0.706082
vn -0.000064 -0.708109 0.706103
vn 0.000049 -0.708100 0.706113
vn 0.000039 -0.708123 0.706089
vn 0.000000 -1.000000 0.000000
vn 0.000000 -1.000000 0.000000
vn 0.000000 -1.000000 0.000000
vn 0.000000 -1.000000 -0.000000
vn -0.000061 -0.707639 0.706574
vn -0.000072 -0.707651 0.706562
vn 0.000133 -0.707428 0.706786
vn -0.000003 -0.707575 0.706638
vn 0.000000 -1.000000 0.000000
vn 0.000000 -1.000000 0.000000
vn 0.000000 -1.000000 0.000000
vn 0.000000 -1.000000 0.000000
vn -0.000028 -0.709418 0.704788
vn -0.000133 -0.709627 0.704578
vn 0.028613 -0.724155 0.689044
vn 0.056214 -0.736939 0.673618
vn 0.000000 -1.000000 0.000000
vn 0.000000 -1.000000 0.000000
vn 0.000000 -1.000000 0.000000
vn 0.000000 -1.000000 0.000000
vn 0.671765 -0.738647 0.055969
vn 0.686687 -0.726370 0.029105
vn 0.702416 -0.711767 0.000042
vn 0.702708 -0.711479 0.000154
vn 0.000000 -1.000000 -0.000000
vn 0.000000 -1.000000 0.000000
vn 0.000000 -1.000000 0.000000
vn 0.000000 -1.000000 -0.000000
vn -0.028613 -0.724154 -0.689044
vn -0.056214 -0.736938 -0.673619
vn 0.000028 -0.709417 -0.704789
vn 0.000133 -0.709626 -0.704579
vn -0.705314 -0.000833 -0.708895
vn -0.705314 -0.000833 -0.708895
vn -0.705493 -0.000750 -0.708716
vn -0.705493 -0.000750 -0.708716
vn -0.671760 -0.738652 -0.055968
vn -0.686681 -0.726376 -0.029104
vn -0.702410 -0.711773 -0.000042
vn -0.702702 -0.711484 -0.000154
vn 0.000000 -1.000000 -0.000000
vn 0.000000 -1.000000 -0.000000
vn 0.000000 -1.000000 -0.000000
vn 0.000000 -1.000000 -0.000000
vn -0.000133 -0.707426 -0.706787
vn 0.000003 -0.707573 -0.706640
vn 0.000061 -0.707638 -0.706575
vn 0.000072 -0.707650 -0.706563
vn 0.000000 0.000000 -1.000000
vn 0.000000 0.000000 -1.000000
vn 0.000000 0.000000 -1.000000
vn 0.000000 0.000000 -1.000000
vn 0.000000 -1.000000 -0.000000
vn 0.000000 -1.000000 -0.000000
vn 0.000000 -1.000000 -0.000000
vn 0.000000 -1.000000 0.000000
vn -0.000049 -0.708100 -0.706113
vn -0.000039 -0.708123 -0.706089
vn 0.000050 -0.708130 -0.706082
vn 0.000064 -0.708109 -0.706104
vn 0.000000 0.000000 -1.000000
vn 0.000000 0.000000 -1.000000
vn 0.000000 0.000000 -1.000000
vn 0.000000 0.000000 -1.000000
vn 0.000000 -1.000000 0.000000
vn 0.000000 -1.000000 0.000000
vn 0.000000 -1.000000 0.000000
vn 0.000000 -1.000000 0.000000
vn -0.000052 -0.707933 -0.706280
vn -0.000038 -0.707917 -0.706295
vn 0.000024 -0.707885 -0.706327
vn 0.000182 -0.707755 -0.706458
vn 0.000000 0.000000 -1.000000
vn 0.000000 0.000000 -1.000000
vn 0.000000 0.000000 -1.000000
vn 0.000000 0.000000 -1.000000
vn 0.000000 -1.000000 -0.000000
vn 0.000000 -1.000000 -0.000000
vn 0.000000 -1.000000 0.000000
vn 0.000000 -1.000000 -0.000000
vn 0.000042 -0.711766 -0.702417
vn 0.000155 -0.711478 -0.702708
vn 0.055970 -0.738647 -0.671765
vn 0.029104 -0.726369 -0.686688
vn 0.000000 0.000000 -1.000000
vn 0.000000 0.000000 -1.000000
vn 0.000000 0.000000 -1.000000
vn 0.000000 0.000000 -1.000000
vn 0.000000 -1.000000 0.000000
vn 0.000000 -1.000000 -0.000000
vn 0.000000 -1.000000 -0.000000
vn 0.000000 -1.000000 0.000000
vn 0.689044 -0.724155 -0.028613
vn 0.673618 -0.736938 -0.056214
vn 0.704789 -0.709417 0.000029
vn 0.704579 -0.709626 0.000134
vn 0.708891 -0.000833 -0.705317
vn 0.708891 -0.000833 -0.705317
vn 0.708712 -0.000750 -0.705497
vn 0.708712 -0.000750 -0.705497
vn -1.000000 0.000000 0.000000
vn -1.000000 0.000000 0.000000
vn -1.000000 0.000000 0.000000
vn -1.000000 0.000000 0.000000
vn 0.000000 0.000000 -1.000000
vn 0.000000 0.000000 -1.000000
vn 0.000000 0.000000 -1.000000
vn -0.707110 0.000000 -0.707104
vn -0.707110 0.000000 -0.707104
vn -0.707110 0.000000 -0.707104
vn -0.707110 0.000000 -0.707104
vn 0.000000 0.000000 -1.000000
vn 0.000000 0.000000 -1.000000
vn 0.000000 0.000000 -1.000000
vn 0.000000 0.000000 -1.000000
vn 0.000000 0.000000 -1.000000
vn 0.000000 0.000000 -1.000000
vn 0.000000 0.000000 -1.000000
vn 0.000000 0.000000 -1.000000
vn 0.000000 0.000000 -1.000000
vn 0.000000 0.000000 -1.000000
vn 0.000000 0.000000 -1.000000
vn 0.000000 0.000000 -1.000000
vn 0.000000 0.000000 -1.000000
vn 0.000000 0.000000 -1.000000
vn 0.000000 0.000000 -1.000000
vn 0.000000 0.000000 -1.000000
vn 0.000000 0.000000 -1.000000
vn 1.000000 0.000000 0.000000
vn 1.000000 0.000000 0.000000
vn 1.000000 -0.000000 0.000000
vn 1.000000 0.000000 0.000000
vn 0.707098 0.000000 -0.707115
vn 0.707098 0.000000 -0.707115
vn 0.707098 0.000000 -0.707115
vn 0.707098 0.000000 -0.707115
vn -1.000000 0.000000 0.000000
vn -1.000000 0.000000 0.000000
vn -1.000000 0.000000 0.000000
vn -1.000000 0.000000 0.000000
vn 0.000000 0.000000 -1.000000
vn 0.000000 0.000000 -1.000000
vn 0.000000 0.000000 -1.000000
vn -0.707110 0.000000 -0.707104
vn -0.707110 0.000000 -0.707104
vn -0.707110 0.000000 -0.707104
vn -0.707110 0.000000 -0.707104
vn 0.000000 0.000000 -1.000000
vn 0.000000 0.000000 -1.000000
vn 0.000000 0.000000 -1.000000
vn 0.000000 0.000000 -1.000000
vn 0.000000 0.000000 -1.000000
vn 0.000000 0.000000 -1.000000
vn 0.000000 0.000000 -1.000000
vn 0.000000 0.000000 -1.000000
vn 0.000000 0.000000 -1.000000
vn 0.000000 0.000000 -1.000000
vn 0.000000 0.000000 -1.000000
vn 0.000000 0.000000 -1.000000
vn 0.000000 0.000000 -1.000000
vn 0.000000 0.000000 -1.000000
vn 0.000000 0.000000 -1.000000
vn 0.000000 0.000000 -1.000000
vn 0.000000 0.000000 -1.000000
vn 1.000000 0.000000 0.000000
vn 1.000000 0.000000 0.000000
vn 1.000000 0.000000 0.000000
vn 1.000000 0.000000 0.000000
vn 0.707099 0.000000 -0.707115
vn 0.707099 0.000000 -0.707115
vn 0.707099 0.000000 -0.707115
vn 0.707099 0.000000 -0.707115
vn -1.000000 0.000000 0.000000
vn -1.000000 0.000000 0.000000
vn -1.000000 0.000000 0.000000
vn -1.000000 0.000000 0.000000
vn 0.000000 0.000000 -1.000000
vn 0.000000 0.000000 -1.000000
vn 0.000000 0.000000 -1.000000
vn -0.707110 0.000000 -0.707103
vn -0.707110 0.000000 -0.707103
vn -0.707110 0.000000 -0.707103
vn -0.707110 0.000000 -0.707103
vn 0.000000 0.000000 -1.000000
vn 0.000000 0.000000 -1.000000
vn 0.000000 0.000000 -1.000000
vn 0.000000 0.000000 -1.000000
vn 0.000000 0.000000 -1.000000
vn 0.000000 0.000000 -1.000000
vn 0.000000 0.000000 -1.000000
vn 0.000000 0.000000 -1.000000
vn 0.000000 0.000000 -1.000000
vn 0.000000 0.000000 -1.000000
vn 0.000000 0.000000 -1.000000
vn 0.000000 0.000000 -1.000000
vn 0.000000 0.000000 -1.000000
vn 0.000000 0.000000 -1.000000
vn 0.000000 0.000000 -1.000000
vn 0.000000 0.000000 -1.000000
vn 0.000000 0.000000 -1.000000
vn 1.000000 0.000000 0.000000
vn 1.000000 0.000000 0.000000
vn 1.000000 0.000000 0.000000
vn 1.000000 0.000000 0.000000
vn 0.707099 0.000000 -0.707115
vn 0.707099 0.000000 -0.707115
vn 0.707099 0.000000 -0.707115
vn 0.707099 0.000000 -0.707115
vn -1.000000 0.000000 0.000000
vn -1.000000 0.000000 0.000000
vn -1.000000 0.000000 0.000000
vn -1.000000 0.000000 0.000000
vn 0.000000 0.000000 -1.000000
vn 0.000000 0.000000 -1.000000
vn 0.000000 0.000000 -1.000000
vn -0.707110 0.000000 -0.707103
vn -0.707110 0.000000 -0.707103
vn -0.707110 0.000000 -0.707103
vn -0.707110 0.000000 -0.707103
vn 0.000000 0.000000 -1.000000
vn 0.000000 0.000000 -1.000000
vn 0.000000 0.000000 -1.000000
vn 0.000000 0.000000 -1.000000
vn 0.000000 0.000000 -1.000000
vn 0.000000 0.000000 -1.000000
vn 0.000000 0.000000 -1.000000
vn 0.000000 0.000000 -1.000000
vn 0.000000 0.000000 -1.000000
vn 0.000000 0.000000 -1.000000
vn 0.000000 0.000000 -1.000000
vn 0.000000 0.000000 -1.000000
vn 0.000000 0.000000 -1.000000
vn 0.000000 0.000000 -1.000000
vn 0.000000 0.000000 -1.000000
vn 0.000000 0.000000 -1.000000
vn 0.000000 0.000000 -1.000000
vn 1.000000 0.000000 0.000000
vn 1.000000 0.000000 0.000000
vn 1.000000 0.000000 0.000000
vn 1.000000 0.000000 0.000000
vn 0.707099 0.000000 -0.707115
vn 0.707099 0.000000 -0.707115
vn 0.707099 0.000000 -0.707115
vn 0.707099 0.000000 -0.707115
vn -0.707110 -0.707104 0.000000
vn -0.707110 -0.707104 0.000000
vn -0.707110 -0.707104 0.000000
vn -0.707110 -0.707104 0.000000
vn 0.000000 -0.707105 -0.707108
vn 0.000000 -0.707105 -0.707108
vn 0.000000 -0.707105 -0.707108
vn 0.000000 -0.707105 -0.707108
vn 0.000000 -1.000000 0.000000
vn 0.000000 -1.000000 0.000000
vn 0.000000 -1.000000 0.000000
vn 0.000000 -1.000000 0.000000
vn 0.000000 -0.707106 -0.707108
vn 0.000000 -0.707106 -0.707108
vn 0.000000 -0.707106 -0.707108
vn 0.000000 -0.707106 -0.707108
vn 0.000000 -1.000000 0.000000
vn 0.000000 -1.000000 0.000000
vn 0.000000 -1.000000 0.000000
vn 0.000000 -1.000000 0.000000
vn 0.000000 -0.707106 -0.707108
vn 0.000000 -0.707106 -0.707108
vn 0.000000 -0.707106 -0.707108
vn 0.000000 -0.707106 -0.707108
vn 0.000000 -1.000000 0.000000
vn 0.000000 -1.000000 0.000000
vn 0.000000 -1.000000 0.000000
vn 0.000000 -1.000000 0.000000
vn 0.000000 -0.707106 -0.707108
vn 0.000000 -0.707106 -0.707108
vn 0.000000 -0.707106 -0.707108
vn 0.000000 -0.707106 -0.707108
vn 0.000000 -1.000000 0.000000
vn 0.000000 -1.000000 0.000000
vn 0.000000 -1.000000 0.000000
vn 0.000000 -1.000000 0.000000
vn 0.000000 -0.707106 -0.707108
vn 0.000000 -0.707106 -0.707108
vn 0.000000 -0.707106 -0.707108
vn 0.000000 -0.707106 -0.707108
vn 0.707099 -0.707114 0.000000
vn 0.707099 -0.707114 0.000000
vn 0.707099 -0.707114 0.000000
vn 0.707099 -0.707114 0.000000
vn -1.000000 0.000000 0.000000
vn -1.000000 0.000000 0.000000
vn -1.000000 0.000000 0.000000
vn 0.000000 -1.000000 0.000000
vn 0.000000 -1.000000 0.000000
vn 0.000000 -1.000000 0.000000
vn -0.707110 -0.707103 0.000000
vn -0.707110 -0.707103 0.000000
vn -0.707110 -0.707103 0.000000
vn -0.707110 -0.707103 0.000000
vn 0.000000 -1.000000 0.000000
vn 0.000000 -1.000000 0.000000
vn 0.000000 -1.000000 0.000000
vn 0.000000 -1.000000 0.000000
vn 0.000000 -1.000000 0.000000
vn 0.000000 -1.000000 0.000000
vn 0.000000 -1.000000 0.000000
vn 0.000000 -1.000000 0.000000
vn 0.000000 -1.000000 0.000000
vn 0.000000 -1.000000 0.000000
vn 0.000000 -1.000000 0.000000
vn 0.000000 -1.000000 0.000000
vn 0.000000 -1.000000 0.000000
vn 0.000000 -1.000000 0.000000
vn 0.000000 -1.000000 0.000000
vn 0.000000 -1.000000 0.000000
vn 0.000000 -1.000000 0.000000
vn 1.000000 0.000000 0.000000
vn 1.000000 0.000000 0.000000
vn 1.000000 0.000000 0.000000
vn 0.707100 -0.707114 0.000000
vn 0.707100 -0.707114 0.000000
vn 0.707100 -0.707114 0.000000
vn 0.707100 -0.707114 0.000000
vn -1.000000 0.000000 0.000000
vn -1.000000 0.000000 0.000000
vn -1.000000 0.000000 0.000000
vn -1.000000 0.000000 0.000000
vn 0.000000 -1.000000 0.000000
vn 0.000000 -1.000000 0.000000
vn 0.000000 -1.000000 0.000000
vn -0.707110 -0.707103 0.000000
vn -0.707110 -0.707103 0.000000
vn -0.707110 -0.707103 0.000000
vn -0.707110 -0.707103 0.000000
vn 0.000000 -1.000000 0.000000
vn 0.000000 -1.000000 0.000000
vn 0.000000 -1.000000 0.000000
vn 0.000000 -1.000000 0.000000
vn 0.000000 -1.000000 0.000000
vn 0.000000 -1.000000 0.000000
vn 0.000000 -1.000000 0.000000
vn 0.000000 -1.000000 0.000000
vn 0.000000 -1.000000 0.000000
vn 0.000000 -1.000000 0.000000
vn 0.000000 -1.000000 0.000000
vn 0.000000 -1.000000 0.000000
vn 0.000000 -1.000000 0.000000
vn 0.000000 -1.000000 0.000000
vn 0.000000 -1.000000 0.000000
vn 0.000000 -1.000000 0.000000
vn 0.000000 -1.000000 0.000000
vn 1.000000 0.000000 0.000000
vn 1.000000 0.000000 0.000000
vn 1.000000 0.000000 0.000000
vn 1.000000 0.000000 0.000000
vn 0.707100 -0.707114 0.000000
vn 0.707100 -0.707114 0.000000
vn 0.707100 -0.707114 0.000000
vn 0.707100 -0.707114 0.000000
vn -1.000000 0.000000 0.000000
vn -1.000000 0.000000 0.000000
vn -1.000000 0.000000 0.000000
vn -1.000000 0.000000 0.000000
vn 0.000000 -1.000000 0.000000
vn 0.000000 -1.000000 0.000000
vn 0.000000 -1.000000 0.000000
vn -0.707110 -0.707103 0.000000
vn -0.707110 -0.707103 0.000000
vn -0.707110 -0.707103 0.000000
vn -0.707110 -0.707103 0.000000
vn 0.000000 -1.000000 0.000000
vn 0.000000 -1.000000 0.000000
vn 0.000000 -1.000000 0.000000
vn 0.000000 -1.000000 0.000000
vn 0.000000 -1.000000 0.000000
vn 0.000000 -1.000000 0.000000
vn 0.000000 -1.000000 0.000000
vn 0.000000 -1.000000 0.000000
vn 0.000000 -1.000000 0.000000
vn 0.000000 -1.000000 0.000000
vn 0.000000 -1.000000 0.000000
vn 0.000000 -1.000000 0.000000
vn 0.000000 -1.000000 0.000000
vn 0.000000 -1.000000 0.000000
vn 0.000000 -1.000000 0.000000
vn 0.000000 -1.000000 0.000000
vn 0.000000 -1.000000 0.000000
vn 1.000000 0.000000 0.000000
vn 1.000000 0.000000 0.000000
vn 1.000000 0.000000 0.000000
vn 1.000000 0.000000 0.000000
vn 0.707100 -0.707114 0.000000
vn 0.707100 -0.707114 0.000000
vn 0.707100 -0.707114 0.000000
vn 0.707100 -0.707114 0.000000
vn -1.000000 0.000000 0.000000
vn -1.000000 0.000000 0.000000
vn -1.000000 0.000000 0.000000
vn 0.000000 -1.000000 0.000000
vn 0.000000 -1.000000 0.000000
vn 0.000000 -1.000000 0.000000
vn 0.000000 -1.000000 0.000000
vn 1.000000 0.000000 0.000000
vn 1.000000 0.000000 0.000000
vn 1.000000 0.000000 0.000000
vn 0.000000 -1.000000 0.000000
vn 0.000000 -1.000000 0.000000
vn 0.000000 -1.000000 0.000000
vn 0.000000 -1.000000 0.000000
vn -0.706780 -0.707433 0.000133
vn -0.706633 -0.707581 -0.000003
vn -0.706568 -0.707645 -0.000061
vn -0.706556 -0.707657 -0.000072
vn -1.000000 0.000000 0.000000
vn -1.000000 0.000000 0.000000
vn -1.000000 0.000000 0.000000
vn 0.000000 -1.000000 0.000000
vn 0.000000 -1.000000 0.000000
vn 0.000000 -1.000000 0.000000
vn 0.000000 -1.000000 0.000000
vn 1.000000 -0.000000 0.000000
vn 1.000000 -0.000000 0.000000
vn 1.000000 -0.000000 0.000000
vn 0.706333 -0.707879 0.000024
vn 0.706464 -0.707749 0.000182
vn 0.706286 -0.707927 -0.000052
vn 0.706302 -0.707911 -0.000038
vn 0.000000 -1.000000 0.000000
vn 0.000000 -1.000000 0.000000
vn 0.000000 -1.000000 0.000000
vn 0.000000 -1.000000 0.000000
vn -0.706111 -0.708101 0.000049
vn -0.706087 -0.708125 0.000039
vn -0.706080 -0.708132 -0.000050
vn -0.706102 -0.708111 -0.000064
vn -1.000000 0.000000 0.000000
vn -1.000000 -0.000000 0.000000
vn -1.000000 -0.000000 0.000000
vn -1.000000 0.000000 0.000000
vn 0.000000 -1.000000 0.000000
vn 0.000000 -1.000000 0.000000
vn 0.000000 -1.000000 0.000000
vn 0.000000 -1.000000 0.000000
vn 1.000000 -0.000000 0.000000
vn 1.000000 -0.000000 0.000000
vn 1.000000 -0.000000 0.000000
vn 1.000000 -0.000000 0.000000
vn 0.706087 -0.708125 0.000050
vn 0.706109 -0.708104 0.000064
vn 0.706118 -0.708094 -0.000049
vn 0.706094 -0.708118 -0.000039
vn 0.000000 -1.000000 0.000000
vn 0.000000 -1.000000 0.000000
vn 0.000000 -1.000000 0.000000
vn 0.000000 -1.000000 0.000000
vn -0.706276 -0.707937 0.000052
vn -0.706291 -0.707922 0.000038
vn -0.706324 -0.707889 -0.000024
vn -0.706455 -0.707758 -0.000182
vn -1.000000 -0.000000 0.000000
vn -1.000000 -0.000000 0.000000
vn -1.000000 -0.000000 0.000000
vn -1.000000 -0.000000 0.000000
vn 0.000000 -1.000000 0.000000
vn 0.000000 -1.000000 0.000000
vn 0.000000 -1.000000 0.000000
vn 0.000000 -1.000000 0.000000
vn 1.000000 -0.000000 0.000000
vn 1.000000 -0.000000 0.000000
vn 1.000000 -0.000000 0.000000
vn 1.000000 -0.000000 0.000000
vn 0.706582 -0.707631 0.000060
vn 0.706570 -0.707643 0.000072
vn 0.706793 -0.707420 -0.000133
vn 0.706647 -0.707567 0.000003
vn 0.000000 -1.000000 0.000000
vn 0.000000 -1.000000 0.000000
vn 0.000000 -1.000000 0.000000
vn 0.000000 -1.000000 0.000000
vn -1.000000 -0.000000 0.000000
vn -1.000000 0.000000 0.000000
vn -1.000000 -0.000000 0.000000
vn 0.000000 -1.000000 0.000000
vn 0.000000 -1.000000 0.000000
vn 0.000000 -1.000000 0.000000
vn 0.000000 -1.000000 0.000000
vn 1.000000 -0.000000 0.000000
vn 1.000000 -0.000000 0.000000
vn 1.000000 -0.000000 0.000000
vn 1.000000 0.000000 0.000000
vn 1.000000 0.000000 0.000000
vn 1.000000 0.000000 0.000000
vn 1.000000 0.000000 0.000000
vn 1.000000 0.000000 0.000000
vn 1.000000 0.000000 0.000000
vn 1.000000 0.000000 0.000000
vn 1.000000 0.000000 0.000000
vn 1.000000 0.000000 0.000000
vn 1.000000 0.000000 0.000000
vn 1.000000 0.000000 0.000000
vn 1.000000 0.000000 0.000000
vn 1.000000 0.000000 0.000000
vn 1.000000 0.000000 0.000000
vn 1.000000 0.000000 0.000000
vn 1.000000 0.000000 0.000000
vn 1.000000 0.000000 0.000000
vn 1.000000 0.000000 0.000000
vn 1.000000 0.000000 0.000000
vn 1.000000 0.000000 0.000000
vn 1.000000 0.000000 0.000000
vn 1.000000 0.000000 0.000000
vn 1.000000 0.000000 0.000000
vn 1.000000 0.000000 0.000000
vn 1.000000 0.000000 0.000000
vn 1.000000 0.000000 0.000000
vn 1.000000 0.000000 0.000000
vn 1.000000 0.000000 0.000000
vn 1.000000 0.000000 0.000000
vn 1.000000 0.000000 0.000000
vn 1.000000 0.000000 0.000000
vn 1.000000 0.000000 0.000000
vn 1.000000 0.000000 0.000000
vn 1.000000 0.000000 0.000000
vn 1.000000 0.000000 0.000000
vn 1.000000 0.000000 0.000000
vn -1.000000 0.000000 0.000000
vn -1.000000 0.000000 0.000000
vn -1.000000 0.000000 0.000000
vn -1.000000 0.000000 0.000000
vn -1.000000 0.000000 0.000000
vn -1.000000 0.000000 0.000000
vn -1.000000 0.000000 0.000000
vn -1.000000 0.000000 0.000000
vn -1.000000 0.000000 0.000000
vn -1.000000 0.000000 0.000000
vn -1.000000 0.000000 0.000000
vn -1.000000 0.000000 0.000000
vn -1.000000 0.000000 0.000000
vn -1.000000 0.000000 0.000000
vn -1.000000 0.000000 0.000000
vn -1.000000 0.000000 0.000000
vn -1.000000 0.000000 0.000000
vn -1.000000 0.000000 0.000000
vn -1.000000 0.000000 0.000000
vn -1.000000 0.000000 0.000000
vn -1.000000 0.000000 0.000000
vn -1.000000 0.000000 0.000000
vn -1.000000 0.000000 0.000000
vn -1.000000 0.000000 0.000000
vn -1.000000 0.000000 0.000000
vn -1.000000 0.000000 0.000000
vn -1.000000 0.000000 0.000000
vn -1.000000 0.000000 0.000000
vn -1.000000 0.000000 0.000000
vn -1.000000 0.000000 0.000000
vn -1.000000 0.000000 0.000000
vn -1.000000 0.000000 0.000000
vn -1.000000 0.000000 0.000000
vn -1.000000 0.000000 0.000000
vn -1.000000 0.000000 0.000000
vn -1.000000 0.000000 0.000000
vn -0.707110 0.002348 0.707099
vn -0.707110 0.002348 0.707099
vn -0.707110 0.002348 0.707099
vn -0.707110 0.002348 0.707099
vn -0.681979 -0.731050 0.021663
vn -0.666082 -0.744397 0.046986
vn -0.696554 -0.717505 -0.000202
vn -0.695837 -0.718200 -0.000327
vn -0.046365 -0.747146 0.663041
vn -0.020448 -0.733690 0.679177
vn 0.000067 -0.721704 0.692201
vn -0.000063 -0.720847 0.693094
vn 0.000000 0.000000 1.000000
vn 0.000000 0.000000 1.000000
vn 0.000000 0.000000 1.000000
vn 0.000000 0.000000 1.000000
vn -0.000036 -0.705432 0.708777
vn -0.000160 -0.705465 0.708745
vn 0.000065 -0.705519 0.708690
vn 0.000049 -0.705555 0.708656
vn -1.000000 0.000000 0.000000
vn -1.000000 -0.000000 0.000000
vn -1.000000 -0.000000 0.000000
vn -1.000000 0.000000 0.000000
vn -0.709046 -0.705162 0.000108
vn -0.709064 -0.705144 0.000001
vn -0.708917 -0.705292 -0.000057
vn -0.708953 -0.705255 -0.000074
vn 0.000000 0.000000 1.000000
vn 0.000000 0.000000 1.000000
vn 0.000000 0.000000 1.000000
vn 0.000000 0.000000 1.000000
vn -0.000064 -0.705882 0.708329
vn -0.000076 -0.705907 0.708305
vn 0.000053 -0.705888 0.708324
vn 0.000040 -0.705867 0.708344
vn 0.000000 0.000000 1.000000
vn 0.000000 0.000000 1.000000
vn 0.000000 0.000000 1.000000
vn 0.000000 0.000000 1.000000
vn -0.000057 -0.705294 0.708915
vn -0.000074 -0.705257 0.708951
vn 0.000109 -0.705164 0.709044
vn 0.000001 -0.705146 0.709062
vn 0.000000 0.000000 1.000000
vn 0.000000 0.000000 1.000000
vn 0.000000 0.000000 1.000000
vn 0.000000 0.000000 1.000000
vn -0.000202 -0.717512 0.696546
vn -0.000327 -0.718208 0.695829
vn 0.021662 -0.731057 0.681972
vn 0.046985 -0.744403 0.666076
vn 0.707101 0.002347 0.707109
vn 0.707101 0.002347 0.707109
vn 0.707101 0.002347 0.707109
vn 0.707101 0.002347 0.707109
vn 0.663039 -0.747147 0.046364
vn 0.679173 -0.733693 0.020449
vn 0.692198 -0.721707 -0.000067
vn 0.693091 -0.720850 0.000063
vn 1.000000 -0.000000 0.000000
vn 1.000000 0.000000 0.000000
vn 1.000000 0.000000 0.000000
vn 1.000000 -0.000000 0.000000
vn 0.708776 -0.705434 0.000036
vn 0.708744 -0.705466 0.000160
vn 0.708688 -0.705521 -0.000065
vn 0.708654 -0.705557 -0.000049
vn -1.000000 0.000000 0.000000
vn -1.000000 0.000000 0.000000
vn -1.000000 0.000000 0.000000
vn -1.000000 0.000000 0.000000
vn -0.708334 -0.705878 0.000054
vn -0.708354 -0.705857 0.000041
vn -0.708339 -0.705872 -0.000064
vn -0.708315 -0.705896 -0.000076
vn 1.000000 0.000000 0.000000
vn 1.000000 -0.000000 0.000000
vn 1.000000 -0.000000 0.000000
vn 1.000000 0.000000 0.000000
vn 0.708327 -0.705884 0.000064
vn 0.708303 -0.705908 0.000076
vn 0.708322 -0.705889 -0.000053
vn 0.708343 -0.705869 -0.000040
vn -1.000000 -0.000000 0.000000
vn -1.000000 0.000000 0.000000
vn -1.000000 0.000000 0.000000
vn -1.000000 -0.000000 0.000000
vn -0.708696 -0.705514 0.000064
vn -0.708661 -0.705550 0.000048
vn -0.708782 -0.705427 -0.000036
vn -0.708750 -0.705460 -0.000160
vn 1.000000 -0.000000 0.000000
vn 1.000000 0.000000 -0.000002
vn 1.000000 0.000000 -0.000002
vn 1.000000 -0.000000 0.000000
vn 0.708913 -0.705296 0.000055
vn 0.708949 -0.705260 0.000072
vn 0.709041 -0.705167 -0.000110
vn 0.709059 -0.705149 -0.000003
vn -1.000000 -0.000000 0.000000
vn -1.000000 -0.000000 0.000000
vn -1.000000 -0.000000 0.000000
vn -1.000000 -0.000000 0.000000
vn -0.692204 -0.721702 0.000067
vn -0.693097 -0.720845 -0.000063
vn -0.663044 -0.747143 -0.046364
vn -0.679179 -0.733688 -0.020448
vn 1.000000 0.000000 -0.000002
vn 1.000000 -0.000000 0.000001
vn 1.000000 -0.000000 0.000001
vn 1.000000 0.000000 -0.000002
vn 0.696545 -0.717513 0.000203
vn 0.695828 -0.718209 0.000328
vn 0.681971 -0.731058 -0.021662
vn 0.666075 -0.744404 -0.046984
vn 0.000000 0.000000 -1.000000
vn 0.000000 0.000000 -1.000000
vn 0.000000 0.000000 -1.000000
vn 0.000000 0.000000 -1.000000
vn -0.000109 -0.705165 -0.709043
vn -0.000001 -0.705147 -0.709061
vn 0.000057 -0.705294 -0.708914
vn 0.000074 -0.705258 -0.708951
vn 0.000202 -0.717512 -0.696546
vn 0.000327 -0.718208 -0.695828
vn -0.021662 -0.731058 -0.681972
vn -0.046985 -0.744403 -0.666076
vn -0.707110 0.002348 -0.707099
vn -0.707110 0.002348 -0.707099
vn -0.707110 0.002348 -0.707099
vn -0.707110 0.002348 -0.707099
vn 0.000000 0.000000 -1.000000
vn 0.000000 0.000000 -1.000000
vn 0.000000 0.000000 -1.000000
vn 0.000000 0.000000 -1.000000
vn -0.000053 -0.705888 -0.708323
vn -0.000040 -0.705867 -0.708344
vn 0.000064 -0.705882 -0.708329
vn 0.000076 -0.705907 -0.708305
vn 0.000000 0.000000 -1.000000
vn 0.000000 0.000000 -1.000000
vn 0.000000 0.000000 -1.000000
vn 0.000000 0.000000 -1.000000
vn -0.000065 -0.705519 -0.708691
vn -0.000049 -0.705554 -0.708656
vn 0.000036 -0.705432 -0.708778
vn 0.000160 -0.705464 -0.708746
vn 0.000000 0.000000 -1.000000
vn 0.000000 0.000000 -1.000000
vn 0.000000 0.000000 -1.000000
vn 0.000000 0.000000 -1.000000
vn -0.000067 -0.721704 -0.692201
vn 0.000063 -0.720847 -0.693094
vn 0.046365 -0.747145 -0.663041
vn 0.020448 -0.733690 -0.679177
vn 0.707101 0.002347 -0.707109
vn 0.707101 0.002347 -0.707109
vn 0.707101 0.002347 -0.707109
vn 0.707101 0.002347 -0.707109
vn -0.707103 0.707111 0.000000
vn -0.707103 0.707111 0.000000
vn -0.707103 0.707111 0.000000
vn -0.707103 0.707111 0.000000
vn 0.000000 0.707106 0.707107
vn 0.000000 0.707106 0.707107
vn 0.000000 0.707106 0.707107
vn 0.000000 0.707106 0.707107
vn 0.000000 0.707107 0.707107
vn 0.000000 0.707107 0.707107
vn 0.000000 0.707107 0.707107
vn 0.000000 0.707107 0.707107
vn 0.000000 1.000000 0.000000
vn 0.000000 1.000000 0.000000
vn 0.000000 1.000000 0.000000
vn 0.000000 1.000000 0.000000
vn 0.000000 1.000000 0.000000
vn 0.000000 1.000000 0.000000
vn 0.000000 1.000000 0.000000
vn 0.000000 1.000000 0.000000
vn 0.000000 1.000000 0.000000
vn 0.000000 1.000000 0.000000
vn 0.000000 1.000000 0.000000
vn 0.000000 1.000000 0.000000
vn -0.707103 0.707110 0.000000
vn -0.707103 0.707110 0.000000
vn -0.707103 0.707110 0.000000
vn -0.707103 0.707110 0.000000
vn 0.000000 0.707106 0.707107
vn 0.000000 0.707106 0.707107
vn 0.000000 0.707106 0.707107
vn 0.000000 0.707106 0.707107
vn 0.000000 1.000000 0.000000
vn 0.000000 1.000000 0.000000
vn 0.000000 1.000000 0.000000
vn 0.000000 1.000000 0.000000
vn 0.000000 1.000000 0.000000
vn 0.000000 1.000000 0.000000
vn 0.000000 1.000000 -0.000000
vn 0.000000 1.000000 0.000000
vn 0.000000 0.707106 0.707107
vn 0.000000 0.707106 0.707107
vn 0.000000 0.707106 0.707107
vn 0.000000 0.707106 0.707107
vn 0.000000 1.000000 -0.000000
vn 0.000000 1.000000 -0.000000
vn 0.000000 1.000000 -0.000000
vn 0.000000 1.000000 0.000000
vn 0.000000 1.000000 0.000000
vn 0.000000 1.000000 0.000000
vn 0.000000 1.000000 -0.000000
vn 0.000000 1.000000 0.000000
vn 0.000000 0.707108 0.707105
vn 0.000000 0.707108 0.707105
vn 0.000000 0.707108 0.707105
vn 0.000000 0.707108 0.707105
vn 0.000000 1.000000 -0.000000
vn 0.000000 1.000000 0.000000
vn 0.000000 1.000000 0.000000
vn 0.000000 1.000000 0.000000
vn 0.000000 1.000000 0.000000
vn 0.000000 1.000000 0.000000
vn 0.000000 1.000000 0.000000
vn 0.000000 1.000000 0.000000
vn 0.707099 0.707115 0.000000
vn 0.707099 0.707115 0.000000
vn 0.707099 0.707115 0.000000
vn 0.707099 0.707115 0.000000
vn 0.707099 0.707114 0.000000
vn 0.707099 0.707114 0.000000
vn 0.707099 0.707115 0.000000
vn 0.707099 0.707115 0.000000
vn 0.000000 1.000000 0.000000
vn 0.000000 1.000000 0.000000
vn 0.000000 1.000000 0.000000
vn 0.000000 1.000000 0.000000
vn 0.000000 1.000000 0.000000
vn 0.000000 1.000000 0.000000
vn 0.000000 1.000000 0.000000
vn -0.707103 0.707110 0.000000
vn -0.707103 0.707110 0.000000
vn -0.707103 0.707110 0.000000
vn -0.707103 0.707110 0.000000
vn 0.000000 1.000000 0.000000
vn 0.000000 1.000000 0.000000
vn 0.000000 1.000000 0.000000
vn 0.000000 1.000000 0.000000
vn 0.000000 1.000000 0.000000
vn 0.000000 1.000000 0.000000
vn 0.000000 1.000000 0.000000
vn 0.000000 1.000000 0.000000
vn 0.000000 1.000000 0.000000
vn 0.000000 1.000000 0.000000
vn 0.000000 1.000000 0.000000
vn 0.000000 1.000000 0.000000
vn 0.000000 1.000000 0.000000
vn 0.707099 0.707114 0.000000
vn 0.707099 0.707114 0.000000
vn 0.707099 0.707114 0.000000
vn 0.707099 0.707114 0.000000
vn 0.000000 1.000000 0.000000
vn 0.000000 1.000000 0.000000
vn 0.000000 1.000000 0.000000
vn 0.000000 1.000000 0.000000
vn 0.000000 1.000000 0.000000
vn 0.000000 1.000000 0.000000
vn 0.000000 1.000000 0.000000
vn -0.707103 0.707110 0.000000
vn -0.707103 0.707110 0.000000
vn -0.707103 0.707110 0.000000
vn -0.707103 0.707110 0.000000
vn 0.000000 1.000000 0.000000
vn 0.000000 1.000000 0.000000
vn 0.000000 1.000000 0.000000
vn 0.000000 1.000000 0.000000
vn 0.000000 1.000000 0.000000
vn 0.000000 1.000000 0.000000
vn 0.000000 1.000000 0.000000
vn 0.000000 1.000000 0.000000
vn 0.000000 1.000000 0.000000
vn 0.000000 1.000000 0.000000
vn 0.000000 1.000000 0.000000
vn 0.000000 1.000000 0.000000
vn 0.000000 1.000000 0.000000
vn 0.707105 0.707108 -0.000001
vn 0.707105 0.707108 -0.000001
vn 0.707106 0.707107 -0.000001
vn 0.707106 0.707107 -0.000001
vn 0.000000 1.000000 0.000000
vn 0.000000 1.000000 0.000000
vn 0.000000 1.000000 0.000000
vn 0.000000 1.000000 0.000000
vn 0.000000 1.000000 0.000000
vn 0.000000 1.000000 0.000000
vn 0.000000 1.000000 0.000000
vn -0.707103 0.707111 0.000000
vn -0.707103 0.707111 0.000000
vn -0.707103 0.707111 0.000000
vn -0.707103 0.707111 0.000000
vn 0.000000 1.000000 0.000000
vn 0.000000 1.000000 0.000000
vn 0.000000 1.000000 0.000000
vn 0.000000 1.000000 0.000000
vn 0.000000 1.000000 0.000000
vn 0.000000 1.000000 0.000000
vn 0.000000 1.000000 0.000000
vn 0.000000 1.000000 0.000000
vn 0.000000 1.000000 -0.000000
vn 0.000000 1.000000 -0.000000
vn 0.000000 1.000000 0.000000
vn 0.000000 1.000000 0.000000
vn 0.000000 1.000000 -0.000000
vn 0.707105 0.707109 0.000001
vn 0.707105 0.707109 0.000001
vn 0.707105 0.707109 0.000001
vn 0.707105 0.707109 0.000001
vn 0.000000 0.707107 -0.707107
vn 0.000000 0.707107 -0.707107
vn 0.000000 0.707107 -0.707107
vn 0.000000 0.707107 -0.707107
vn 0.000000 0.707106 -0.707107
vn 0.000000 0.707106 -0.707107
vn 0.000000 0.707106 -0.707107
vn 0.000000 0.707106 -0.707107
vn 0.000000 0.707106 -0.707107
vn 0.000000 0.707106 -0.707107
vn 0.000000 0.707106 -0.707107
vn 0.000000 0.707106 -0.707107
vn 0.000000 0.707106 -0.707107
vn 0.000000 0.707106 -0.707107
vn 0.000000 0.707106 -0.707107
vn 0.000000 0.707106 -0.707107
vn 0.000000 0.707108 -0.707105
vn 0.000000 0.707108 -0.707105
vn 0.000000 0.707108 -0.707105
vn 0.000000 0.707108 -0.707105
vn 0.000000 0.000000 1.000000
vn 0.000000 0.000000 1.000000
vn 0.000000 0.000000 1.000000
vn 0.000000 0.000000 1.000000
vn 0.000000 1.000000 0.000000
vn 0.000000 1.000000 0.000000
vn 0.000000 1.000000 0.000000
vn 0.000000 1.000000 -0.000000
vn 0.000000 0.000000 -1.000000
vn 0.000000 0.000000 -1.000000
vn 0.000000 0.000000 -1.000000
vn 0.000000 0.000000 -1.000000
vn 0.000000 -1.000000 0.000000
vn 0.000000 -1.000000 0.000000
vn 0.000000 -1.000000 0.000000
vn 0.000000 -1.000000 0.000000
vn 1.000000 0.000000 0.000000
vn 1.000000 0.000000 0.000000
vn 1.000000 0.000000 0.000000
vn 1.000000 -0.000000 0.000000
vn -1.000000 0.000000 0.000000
vn -1.000000 0.000000 0.000000
vn -1.000000 0.000000 0.000000
vn -1.000000 0.000000 0.000000
vn 0.000000 0.000000 1.000000
vn 0.000000 0.000000 1.000000
vn -1.000000 -0.000000 0.000000
vn -1.000000 -0.000000 0.000000
vn 0.000000 0.000000 1.000000
vn 0.000000 0.000000 1.000000
vn 1.000000 -0.000000 0.000000
vn 1.000000 -0.000000 0.000000
vn 0.000000 0.000000 -1.000000
vn 0.000000 0.000000 -1.000000
vn -1.000000 -0.000000 0.000000
vn -1.000000 -0.000000 0.000000
vn 1.000000 -0.000000 0.000001
vn 1.000000 -0.000000 0.000001
vn 0.000000 0.000000 -1.000000
vn 0.000000 0.000000 -1.000000
vn -0.577353 -0.577349 0.577349
vn -0.577353 -0.577349 0.577349
vn -0.577353 -0.577349 0.577349
vn 0.577341 -0.577354 0.577355
vn 0.577341 -0.577354 0.577355
vn 0.577341 -0.577354 0.577355
vn -0.577353 -0.577349 -0.577349
vn -0.577353 -0.577349 -0.577349
vn -0.577353 -0.577349 -0.577349
vn 0.577341 -0.577354 -0.577355
vn 0.577341 -0.577354 -0.577355
vn 0.577341 -0.577354 -0.577355
vn -0.577346 0.577352 0.577353
vn -0.577346 0.577352 0.577353
vn -0.577346 0.577352 0.577353
vn 0.577341 0.577355 0.577355
vn 0.577341 0.577355 0.577355
vn 0.577341 0.577355 0.577355
vn -0.577346 0.577352 -0.577353
vn -0.577346 0.577352 -0.577353
vn -0.577346 0.577352 -0.577353
vn 0.577341 0.577355 -0.577355
vn 0.577341 0.577355 -0.577355
vn 0.577341 0.577355 -0.577355
s 1
g pCube1
usemtl initialShadingGroup
f 1/1/1 3/2/2 360/3/3 359/672/4
s 2
f 2/5/5 1/4/6 7/810/7 6/510/8
s 3
f 3/704/9 2/5/10 24/26/11 23/705/12
s 4
f 4/6/13 7/7/14 361/245/15 364/673/16
s 2
f 5/9/17 4/8/18 11/812/19 10/511/20
s 5
f 6/510/21 5/9/22 29/29/23 28/27/24
s 4
f 8/10/25 11/11/26 365/248/27 368/674/28
s 2
f 9/13/29 8/12/30 15/814/31 14/512/32
s 5
f 10/511/33 9/13/34 33/31/35 32/30/36
s 4
f 12/14/37 15/15/38 369/251/39 372/675/40
s 2
f 13/17/41 12/16/42 19/816/43 18/513/44
s 5
f 14/512/45 13/17/46 37/33/47 36/32/48
s 4
f 16/18/49 19/19/50 373/254/51 376/676/52
s 2
f 17/21/53 16/20/54 22/817/55 21/514/56
s 5
f 18/513/57 17/21/58 41/35/59 40/34/60
s 9
f 20/22/61 22/23/62 378/257/63 377/24/64
s 10
f 21/514/65 20/25/66 46/37/67 45/36/68
s 11
f 23/705/69 26/715/70 492/344/71 491/242/72
s 5
f 25/28/73 24/26/74 28/27/24 27/515/75
s 3
f 26/715/76 25/28/77 48/39/78 47/716/79
s 5
f 27/515/75 30/516/80 53/42/81 52/40/82
f 30/516/80 29/29/23 32/30/36 31/517/83
f 31/517/83 34/518/84 57/44/85 56/43/86
f 34/518/84 33/31/35 36/32/48 35/519/87
f 35/519/87 38/520/88 61/46/89 60/45/90
f 38/520/88 37/33/47 40/34/60 39/521/91
f 39/521/91 42/522/92 65/48/93 64/47/94
f 42/522/92 41/35/59 45/36/95 44/523/96
s 12
f 43/38/97 46/37/98 426/259/99 425/685/100
s 10
f 44/523/101 43/38/102 70/50/103 69/49/104
s 11
f 47/716/105 50/726/106 508/353/107 507/345/108
s 5
f 49/41/109 48/39/110 52/40/82 51/524/111
s 3
f 50/726/112 49/41/113 72/52/114 71/727/115
s 5
f 51/524/111 54/525/116 77/55/117 76/53/118
f 54/525/116 53/42/81 56/43/86 55/526/119
f 55/526/119 58/527/120 81/57/121 80/56/122
f 58/527/120 57/44/85 60/45/90 59/528/123
f 59/528/123 62/529/124 85/59/125 84/58/126
f 62/529/124 61/46/89 64/47/94 63/530/127
f 63/530/127 66/531/128 89/61/129 88/60/130
f 66/531/128 65/48/93 69/49/131 68/532/132
s 12
f 67/51/133 70/50/134 442/303/135 441/689/136
s 10
f 68/532/137 67/51/138 94/63/139 93/62/140
s 11
f 71/727/141 74/737/142 524/362/143 523/354/144
s 5
f 73/54/145 72/52/146 76/53/118 75/533/147
s 3
f 74/737/148 73/54/149 96/65/150 95/738/151
s 5
f 75/533/147 78/534/152 101/68/153 100/66/154
f 78/534/152 77/55/117 80/56/122 79/535/155
f 79/535/155 82/536/156 105/70/157 104/69/158
f 82/536/156 81/57/121 84/58/126 83/537/159
f 83/537/159 86/538/160 109/72/161 108/71/162
f 86/538/160 85/59/125 88/60/130 87/539/163
f 87/539/163 90/540/164 113/74/165 112/73/166
f 90/540/164 89/61/129 93/62/167 92/541/168
s 12
f 91/64/169 94/63/170 458/315/171 457/693/172
s 10
f 92/541/173 91/64/174 118/76/175 117/75/176
s 11
f 95/738/177 98/746/178 540/265/179 539/363/180
s 5
f 97/67/181 96/65/182 100/66/154 99/542/183
s 3
f 98/746/184 97/67/185 121/80/186 120/747/187
s 5
f 99/542/183 102/543/188 125/82/189 124/81/190
f 102/543/188 101/68/153 104/69/158 103/544/191
f 103/544/191 106/545/192 129/84/193 128/83/194
f 106/545/192 105/70/157 108/71/162 107/546/195
f 107/546/195 110/547/196 133/86/197 132/85/198
f 110/547/196 109/72/161 112/73/166 111/548/199
f 111/548/199 114/549/200 137/88/201 136/87/202
f 114/549/200 113/74/165 117/75/203 116/550/204
s 12
f 115/77/205 118/76/206 474/327/207 473/267/208
s 10
f 116/550/209 115/77/210 141/90/211 140/89/212
s 16
f 119/893/213 122/880/214 543/375/215 542/888/216
s 17
f 120/747/217 119/78/218 384/79/219 383/748/220
f 122/749/221 121/80/222 124/81/223 123/879/224
s 16
f 123/750/225 126/878/226 547/377/227 546/376/228
s 17
f 126/752/229 125/82/230 128/83/231 127/877/232
s 16
f 127/753/233 130/876/234 555/382/235 554/378/236
s 17
f 130/754/237 129/84/238 132/85/239 131/875/240
s 16
f 131/755/241 134/874/242 559/384/243 558/383/244
s 17
f 134/756/245 133/86/246 136/87/247 135/873/248
s 16
f 135/757/249 138/872/250 563/386/251 562/385/252
s 17
f 138/758/253 137/88/254 140/89/255 139/871/256
s 16
f 139/759/257 142/760/258 567/388/259 566/387/260
s 17
f 142/819/261 141/90/262 386/266/263 385/91/264
s 16
f 143/92/265 146/771/266 603/885/267 602/410/268
s 17
f 144/93/269 143/870/270 150/869/271 149/594/272
s 25
f 145/820/273 144/93/274 168/114/275 167/94/276
s 17
f 146/95/277 145/96/278 406/287/279 405/97/280
s 16
f 147/99/281 150/98/282 599/409/283 598/774/284
s 17
f 148/100/285 147/868/286 154/867/287 153/595/288
s 26
f 149/594/289 148/100/290 173/119/291 172/115/292
s 16
f 151/102/293 154/101/294 607/408/295 606/775/296
s 17
f 152/103/297 151/866/298 158/865/299 157/596/300
s 26
f 153/595/301 152/103/302 177/121/303 176/120/304
s 16
f 155/105/305 158/104/306 611/414/307 610/776/308
s 17
f 156/106/309 155/864/310 162/863/311 161/597/312
s 26
f 157/596/313 156/106/314 181/123/315 180/122/316
s 16
f 159/108/317 162/107/318 615/417/319 614/777/320
s 17
f 160/109/321 159/862/322 166/861/323 165/598/324
s 26
f 161/597/325 160/109/326 185/125/327 184/124/328
s 16
f 163/822/329 166/890/330 619/883/331 618/406/332
s 17
f 164/111/333 163/112/334 412/859/335 411/694/336
s 30
f 165/598/337 164/113/338 190/825/339 189/126/340
s 11
f 167/739/341 170/730/342 526/355/343 525/288/344
s 26
f 169/117/345 168/114/346 172/115/292 171/599/347
s 25
f 170/116/348 169/117/349 192/130/350 191/118/351
s 26
f 171/599/347 174/600/352 197/135/353 196/131/354
f 174/600/352 173/119/291 176/120/304 175/601/355
f 175/601/355 178/602/356 201/137/357 200/136/358
f 178/602/356 177/121/303 180/122/316 179/603/359
f 179/603/359 182/604/360 205/139/361 204/138/362
f 182/604/360 181/123/315 184/124/328 183/605/363
f 183/605/363 186/606/364 209/141/365 208/140/366
f 186/606/364 185/125/327 189/126/367 188/607/368
s 12
f 187/127/369 190/128/370 464/291/371 463/317/372
s 30
f 188/607/373 187/129/374 214/828/375 213/142/376
s 11
f 191/728/377 194/719/378 510/346/379 509/729/380
s 26
f 193/133/381 192/130/382 196/131/354 195/608/383
s 25
f 194/132/384 193/133/385 216/146/386 215/134/387
s 26
f 195/608/383 198/609/388 221/151/389 220/147/390
f 198/609/388 197/135/353 200/136/358 199/610/391
f 199/610/391 202/611/392 225/153/393 224/152/394
f 202/611/392 201/137/357 204/138/362 203/612/395
f 203/612/395 206/613/396 229/155/397 228/154/398
f 206/613/396 205/139/361 208/140/366 207/614/399
f 207/614/399 210/615/400 233/157/401 232/156/402
f 210/615/400 209/141/365 213/142/403 212/616/404
s 12
f 211/143/405 214/144/406 448/316/407 447/305/408
s 30
f 212/616/409 211/145/410 238/831/411 237/158/412
s 11
f 215/717/413 218/708/414 494/337/415 493/718/416
s 26
f 217/149/417 216/146/418 220/147/390 219/617/419
s 25
f 218/148/420 217/149/421 240/162/422 239/150/423
s 26
f 219/617/419 222/618/424 245/167/425 244/163/426
f 222/618/424 221/151/389 224/152/394 223/619/427
f 223/619/427 226/620/428 249/169/429 248/168/430
f 226/620/428 225/153/393 228/154/398 227/621/431
f 227/621/431 230/622/432 253/171/433 252/170/434
f 230/622/432 229/155/397 232/156/402 231/623/435
f 231/623/435 234/624/436 257/173/437 256/172/438
f 234/624/436 233/157/401 237/158/439 236/625/440
s 12
f 235/159/441 238/160/442 432/304/443 431/293/444
s 30
f 236/625/445 235/161/446 262/834/447 261/174/448
s 11
f 239/706/449 242/697/450 478/191/451 477/707/452
s 26
f 241/165/453 240/162/454 244/163/426 243/626/455
s 25
f 242/164/456 241/165/457 264/180/458 263/166/459
s 26
f 243/626/455 246/627/460 268/182/461 267/181/462
f 246/627/460 245/167/425 248/168/430 247/628/463
f 247/628/463 250/629/464 272/184/465 271/183/466
f 250/629/464 249/169/429 252/170/434 251/630/467
f 251/630/467 254/631/468 276/186/469 275/185/470
f 254/631/468 253/171/433 256/172/438 255/632/471
f 255/632/471 258/633/472 280/188/473 279/187/474
f 258/633/472 257/173/437 261/174/475 260/634/476
s 12
f 259/175/477 262/176/478 416/292/479 415/207/480
s 30
f 260/634/481 259/177/482 284/835/483 283/189/484
s 1
f 263/178/485 265/635/486 286/192/487 285/179/488
s 37
f 265/635/489 264/180/490 267/181/491 266/636/492
s 4
f 266/636/493 269/637/494 291/197/495 290/193/496
s 37
f 269/637/497 268/182/498 271/183/499 270/638/500
s 4
f 270/638/501 273/639/502 295/199/503 294/198/504
s 37
f 273/639/505 272/184/506 275/185/507 274/640/508
s 4
f 274/640/509 277/641/510 299/201/511 298/200/512
s 37
f 277/641/513 276/186/514 279/187/515 278/642/516
s 4
f 278/642/517 281/643/518 303/203/519 302/202/520
s 37
f 281/643/521 280/188/522 283/189/523 282/644/524
s 9
f 282/644/525 284/190/526 308/838/527 307/204/528
s 11
f 285/696/529 288/698/530 479/338/531 478/191/451
s 4
f 287/195/532 286/192/533 290/193/496 289/645/534
s 1
f 288/194/535 287/195/536 310/209/537 309/196/538
s 4
f 289/645/534 292/646/539 315/214/540 314/210/541
f 292/646/539 291/197/495 294/198/504 293/647/542
f 293/647/542 296/648/543 319/216/544 318/215/545
f 296/648/543 295/199/503 298/200/512 297/649/546
f 297/649/546 300/650/547 323/218/548 322/217/549
f 300/650/547 299/201/511 302/202/520 301/651/550
f 301/651/550 304/652/551 327/220/552 326/219/553
f 304/652/551 303/203/519 307/204/554 306/653/555
s 12
f 305/205/556 308/206/557 415/207/480 414/678/558
s 9
f 306/653/559 305/208/560 332/841/561 331/221/562
s 11
f 309/699/563 312/700/564 483/340/565 482/339/566
s 4
f 311/212/567 310/209/568 314/210/541 313/654/569
s 1
f 312/211/570 311/212/571 334/225/572 333/213/573
s 4
f 313/654/569 316/655/574 339/230/575 338/226/576
f 316/655/574 315/214/540 318/215/545 317/656/577
f 317/656/577 320/657/578 343/232/579 342/231/580
f 320/657/578 319/216/544 322/217/549 321/658/581
f 321/658/581 324/659/582 347/234/583 346/233/584
f 324/659/582 323/218/548 326/219/553 325/660/585
f 325/660/585 328/661/586 351/236/587 350/235/588
f 328/661/586 327/220/552 331/221/589 330/662/590
s 12
f 329/222/591 332/223/592 419/295/593 418/679/594
s 9
f 330/662/595 329/224/596 356/844/597 355/237/598
s 11
f 333/701/599 336/702/600 487/342/601 486/341/602
s 4
f 335/228/603 334/225/604 338/226/576 337/663/605
s 1
f 336/227/606 335/228/607 358/243/608 357/229/609
s 4
f 337/663/605 340/664/610 363/246/611 362/244/612
f 340/664/610 339/230/575 342/231/580 341/665/613
f 341/665/613 344/666/614 367/249/615 366/247/616
f 344/666/614 343/232/579 346/233/584 345/667/617
f 345/667/617 348/668/618 371/252/619 370/250/620
f 348/668/618 347/234/583 350/235/588 349/669/621
f 349/669/621 352/670/622 375/255/623 374/253/624
f 352/670/622 351/236/587 355/237/625 354/671/626
s 12
f 353/238/627 356/239/628 423/298/629 422/680/630
s 9
f 354/671/631 353/240/632 380/847/633 379/256/634
s 11
f 357/703/635 360/241/636 491/242/72 490/343/637
s 4
f 359/672/638 358/243/639 362/244/612 361/245/15
f 364/673/16 363/246/611 366/247/616 365/248/27
f 368/674/28 367/249/615 370/250/620 369/251/39
f 372/675/40 371/252/619 374/253/624 373/254/51
f 376/676/52 375/255/623 379/256/640 378/257/641
s 12
f 377/681/642 380/258/643 427/301/644 426/259/99
s 16
f 381/260/645 384/261/646 551/374/647 550/762/648
s 17
f 382/264/649 381/262/650 392/263/651 391/745/652
s 11
f 383/748/653 382/264/654 537/372/655 540/265/179
s 16
f 385/761/656 388/763/657 571/390/658 570/389/659
s 12
f 387/268/660 386/266/661 473/267/208 476/335/662
s 17
f 388/850/663 387/268/664 394/275/665 393/269/666
s 16
f 389/270/667 392/271/668 575/381/669 574/765/670
s 17
f 390/274/671 389/272/672 400/273/673 399/743/674
s 11
f 391/745/675 390/274/676 533/369/677 536/744/678
s 16
f 393/764/679 396/766/680 579/395/681 578/391/682
s 12
f 395/276/683 394/275/684 469/334/685 472/332/686
s 17
f 396/853/687 395/276/688 402/283/689 401/277/690
s 16
f 397/278/691 400/279/692 583/394/693 582/768/694
s 17
f 398/282/695 397/280/696 408/281/697 407/741/698
s 11
f 399/743/699 398/282/700 529/366/701 532/742/702
s 16
f 401/767/703 404/769/704 587/400/705 586/396/706
s 12
f 403/284/707 402/283/708 465/331/709 468/329/710
s 17
f 404/856/711 403/284/712 410/290/713 409/285/714
s 16
f 405/772/715 408/286/716 591/399/717 590/773/718
s 11
f 407/741/719 406/287/720 525/288/344 528/740/721
s 16
f 409/770/722 412/289/723 595/405/724 594/401/725
s 12
f 411/694/726 410/290/727 461/328/728 464/291/371
f 413/294/729 416/292/479 431/293/444 430/682/730
f 414/678/558 413/294/729 420/296/731 419/295/593
f 417/297/732 420/296/731 435/307/733 434/683/734
f 418/679/594 417/297/732 424/299/735 423/298/629
f 421/300/736 424/299/735 439/310/737 438/684/738
f 422/680/630 421/300/736 428/302/739 427/301/644
f 425/685/100 428/302/739 443/313/740 442/303/135
f 429/306/741 432/304/443 447/305/408 446/686/742
f 430/682/730 429/306/741 436/308/743 435/307/733
f 433/309/744 436/308/743 451/319/745 450/687/746
f 434/683/734 433/309/744 440/311/747 439/310/737
f 437/312/748 440/311/747 455/322/749 454/688/750
f 438/684/738 437/312/748 444/314/751 443/313/740
f 441/689/136 444/314/751 459/325/752 458/315/171
f 445/318/753 448/316/407 463/317/372 462/690/754
f 446/686/742 445/318/753 452/320/755 451/319/745
f 449/321/756 452/320/755 467/330/757 466/691/758
f 450/687/746 449/321/756 456/323/759 455/322/749
f 453/324/760 456/323/759 471/333/761 470/692/762
f 454/688/750 453/324/760 460/326/763 459/325/752
f 457/693/172 460/326/763 475/336/764 474/327/207
f 462/690/754 461/328/728 468/329/710 467/330/757
f 466/691/758 465/331/709 472/332/686 471/333/761
f 470/692/762 469/334/685 476/335/662 475/336/764
s 11
f 477/707/452 480/709/765 495/347/766 494/337/415
f 480/709/765 479/338/531 482/339/566 481/710/767
f 481/710/767 484/711/768 499/349/769 498/348/770
f 484/711/768 483/340/565 486/341/602 485/712/771
f 485/712/771 488/713/772 503/351/773 502/350/774
f 488/713/772 487/342/601 490/343/637 489/714/775
f 489/714/775 492/344/71 507/345/108 506/352/776
f 493/718/416 496/720/777 511/356/778 510/346/379
f 496/720/777 495/347/766 498/348/770 497/721/779
f 497/721/779 500/722/780 515/358/781 514/357/782
f 500/722/780 499/349/769 502/350/774 501/723/783
f 501/723/783 504/724/784 519/360/785 518/359/786
f 504/724/784 503/351/773 506/352/776 505/725/787
f 505/725/787 508/353/107 523/354/144 522/361/788
f 509/729/380 512/731/789 527/364/790 526/355/343
f 512/731/789 511/356/778 514/357/782 513/732/791
f 513/732/791 516/733/792 531/367/793 530/365/794
f 516/733/792 515/358/781 518/359/786 517/734/795
f 517/734/795 520/735/796 535/370/797 534/368/798
f 520/735/796 519/360/785 522/361/788 521/736/799
f 521/736/799 524/362/143 539/363/180 538/371/800
f 528/740/721 527/364/790 530/365/794 529/366/701
f 532/742/702 531/367/793 534/368/798 533/369/677
f 536/744/678 535/370/797 538/371/800 537/372/655
s off
f 541/889/801 544/778/802 622/423/803 621/780/804
s 52
f 542/751/805 541/373/806 552/379/807 551/374/808
f 544/778/809 543/375/810 546/376/811 545/779/812
s 53
f 545/779/813 548/781/814 627/425/815 626/424/816
s 52
f 548/781/817 547/377/818 554/378/819 553/782/820
s 54
f 549/380/821 552/379/822 633/422/823 632/791/824
s 52
f 550/762/825 549/380/826 576/392/827 575/381/828
s 53
f 553/782/829 556/783/830 639/433/831 638/426/832
s 52
f 556/783/833 555/382/834 558/383/835 557/784/836
s 53
f 557/784/837 560/785/838 647/438/839 646/434/840
s 52
f 560/785/841 559/384/842 562/385/843 561/786/844
s 53
f 561/786/845 564/787/846 655/443/847 654/439/848
s 52
f 564/787/849 563/386/850 566/887/851 565/886/852
s off
f 565/788/853 568/789/854 662/448/855 661/444/856
s 52
f 568/789/857 567/388/858 570/389/859 569/790/860
s 58
f 569/790/861 572/792/862 666/451/863 665/449/864
s 52
f 572/792/865 571/390/866 578/391/867 577/793/868
s 54
f 573/393/869 576/392/870 672/432/871 671/794/872
s 52
f 574/765/873 573/393/874 584/397/875 583/394/876
s 58
f 577/793/877 580/795/878 690/465/879 689/452/880
s 52
f 580/795/881 579/395/882 586/396/883 585/796/884
s 54
f 581/398/885 584/397/886 696/458/887 695/797/888
s 52
f 582/768/889 581/398/890 592/402/891 591/399/892
s 58
f 585/796/893 588/798/894 714/479/895 713/466/896
s 52
f 588/798/897 587/400/898 594/401/899 593/799/900
s 54
f 589/403/901 592/402/902 720/472/903 719/802/904
s 52
f 590/773/905 589/403/906 604/411/907 603/404/908
s 58
f 593/799/909 596/806/910 738/493/911 737/480/912
s 52
f 596/806/913 595/405/914 618/406/915 617/807/916
s 62
f 597/407/917 600/800/918 740/498/919 739/803/920
s 52
f 598/774/921 597/407/922 608/412/923 607/408/924
f 600/800/925 599/409/926 602/410/927 601/801/928
s off
f 601/801/929 604/884/930 745/486/931 744/499/932
s 62
f 605/413/933 608/412/934 747/497/935 746/804/936
s 52
f 606/775/937 605/413/938 612/415/939 611/414/940
s 62
f 609/416/941 612/415/942 751/503/943 750/805/944
s 52
f 610/776/945 609/416/946 616/418/947 615/417/948
s 62
f 613/419/949 616/418/950 755/506/951 754/808/952
s 52
f 614/777/953 613/419/954 620/421/955 619/420/956
s off
f 617/807/957 620/882/958 760/509/959 759/494/960
s 64
f 621/780/961 623/551/962 634/429/963 633/422/964
s 65
f 623/551/965 622/423/966 626/424/967 625/552/968
f 624/427/969 627/425/970 638/426/971 637/554/972
s 66
f 625/552/973 624/427/974 630/430/975 629/553/976
f 628/428/977 631/559/978 669/455/979 668/558/980
f 629/553/976 628/428/977 635/431/981 634/429/982
f 631/559/978 630/430/975 641/436/983 640/560/984
s 64
f 632/791/985 635/431/986 673/454/987 672/432/988
s 65
f 636/435/989 639/433/990 646/434/991 645/555/992
s 66
f 637/554/993 636/435/994 642/437/995 641/436/983
f 640/560/984 643/561/996 677/459/997 676/456/998
f 643/561/996 642/437/995 649/441/999 648/562/1000
s 65
f 644/440/1001 647/438/1002 654/439/1003 653/556/1004
s 66
f 645/555/1005 644/440/1006 650/442/1007 649/441/999
f 648/562/1000 651/563/1008 681/461/1009 680/460/1010
f 651/563/1008 650/442/1007 657/446/1011 656/564/1012
s 65
f 652/445/1013 655/443/1014 661/444/1015 660/557/1016
s 66
f 653/556/1017 652/445/1018 658/447/1019 657/446/1011
f 656/564/1012 659/565/1020 685/463/1021 684/462/1022
f 659/565/1020 658/447/1019 664/450/1023 663/566/1024
s 70
f 660/557/1025 662/448/1026 665/449/1027 664/450/1028
f 663/566/1029 666/451/1030 689/452/1031 688/464/1032
s 66
f 667/453/1033 670/568/1034 693/469/1035 692/567/1036
f 668/558/980 667/453/1033 674/457/1037 673/454/1038
f 670/568/1034 669/455/979 676/456/998 675/569/1039
s 64
f 671/794/1040 674/457/1041 697/468/1042 696/458/1043
s 66
f 675/569/1039 678/570/1044 701/473/1045 700/470/1046
f 678/570/1044 677/459/997 680/460/1010 679/571/1047
f 679/571/1047 682/572/1048 705/475/1049 704/474/1050
f 682/572/1048 681/461/1009 684/462/1022 683/573/1051
f 683/573/1051 686/574/1052 709/477/1053 708/476/1054
f 686/574/1052 685/463/1021 688/464/1055 687/575/1056
s 70
f 687/575/1057 690/465/1058 713/466/1059 712/478/1060
s 66
f 691/467/1061 694/577/1062 717/483/1063 716/576/1064
f 692/567/1036 691/467/1061 698/471/1065 697/468/1066
f 694/577/1062 693/469/1035 700/470/1046 699/578/1067
s 64
f 695/797/1068 698/471/1069 721/482/1070 720/472/1071
s 66
f 699/578/1067 702/579/1072 725/487/1073 724/484/1074
f 702/579/1072 701/473/1045 704/474/1050 703/580/1075
f 703/580/1075 706/581/1076 729/489/1077 728/488/1078
f 706/581/1076 705/475/1049 708/476/1054 707/582/1079
f 707/582/1079 710/583/1080 733/491/1081 732/490/1082
f 710/583/1080 709/477/1053 712/478/1083 711/584/1084
s 70
f 711/584/1085 714/479/1086 737/480/1087 736/492/1088
s 66
f 715/481/1089 718/586/1090 742/495/1091 741/585/1092
f 716/576/1064 715/481/1089 722/485/1093 721/482/1094
f 718/586/1090 717/483/1063 724/484/1074 723/587/1095
s 64
f 719/802/1096 722/485/1097 743/500/1098 745/486/1099
s 66
f 723/587/1095 726/588/1100 749/501/1101 748/496/1102
f 726/588/1100 725/487/1073 728/488/1078 727/589/1103
f 727/589/1103 730/590/1104 753/504/1105 752/502/1106
f 730/590/1104 729/489/1077 732/490/1082 731/591/1107
f 731/591/1107 734/592/1108 757/507/1109 756/505/1110
f 734/592/1108 733/491/1081 736/492/1111 735/593/1112
s 70
f 735/593/1113 738/493/1114 759/494/1115 758/508/1116
s 71
f 739/803/1117 742/495/1118 748/496/1119 747/497/1120
f 741/585/1121 740/498/1122 744/499/1123 743/500/1124
f 746/804/1125 749/501/1126 752/502/1127 751/503/1128
f 750/805/1129 753/504/1130 756/505/1131 755/506/1132
f 754/808/1133 757/507/1134 758/508/1135 760/509/1136
s 5
f 2/5/1137 6/510/21 28/27/24 24/26/74
f 5/9/22 10/511/33 32/30/36 29/29/23
f 9/13/34 14/512/45 36/32/48 33/31/35
f 13/17/46 18/513/57 40/34/60 37/33/47
f 17/21/58 21/514/1138 45/36/95 41/35/59
f 25/28/73 27/515/75 52/40/82 48/39/110
f 30/516/80 31/517/83 56/43/86 53/42/81
f 34/518/84 35/519/87 60/45/90 57/44/85
f 38/520/88 39/521/91 64/47/94 61/46/89
f 42/522/92 44/523/96 69/49/131 65/48/93
f 49/41/109 51/524/111 76/53/118 72/52/146
f 54/525/116 55/526/119 80/56/122 77/55/117
f 58/527/120 59/528/123 84/58/126 81/57/121
f 62/529/124 63/530/127 88/60/130 85/59/125
f 66/531/128 68/532/132 93/62/167 89/61/129
f 73/54/145 75/533/147 100/66/154 96/65/182
f 78/534/152 79/535/155 104/69/158 101/68/153
f 82/536/156 83/537/159 108/71/162 105/70/157
f 86/538/160 87/539/163 112/73/166 109/72/161
f 90/540/164 92/541/168 117/75/203 113/74/165
f 97/67/181 99/542/183 124/81/190 121/80/1139
f 102/543/188 103/544/191 128/83/194 125/82/189
f 106/545/192 107/546/195 132/85/198 129/84/193
f 110/547/196 111/548/199 136/87/202 133/86/197
f 114/549/200 116/550/204 140/89/1140 137/88/201
s 66
f 623/551/1141 625/552/973 629/553/976 634/429/982
f 624/427/974 637/554/993 641/436/983 630/430/975
f 636/435/994 645/555/1005 649/441/999 642/437/995
f 644/440/1006 653/556/1017 657/446/1011 650/442/1007
f 652/445/1018 660/557/1142 664/450/1023 658/447/1019
f 635/431/981 628/428/977 668/558/980 673/454/1038
f 631/559/978 640/560/984 676/456/998 669/455/979
f 643/561/996 648/562/1000 680/460/1010 677/459/997
f 651/563/1008 656/564/1012 684/462/1022 681/461/1009
f 659/565/1020 663/566/1024 688/464/1055 685/463/1021
f 674/457/1037 667/453/1033 692/567/1036 697/468/1066
f 670/568/1034 675/569/1039 700/470/1046 693/469/1035
f 678/570/1044 679/571/1047 704/474/1050 701/473/1045
f 682/572/1048 683/573/1051 708/476/1054 705/475/1049
f 686/574/1052 687/575/1056 712/478/1083 709/477/1053
f 698/471/1065 691/467/1061 716/576/1064 721/482/1094
f 694/577/1062 699/578/1067 724/484/1074 717/483/1063
f 702/579/1072 703/580/1075 728/488/1078 725/487/1073
f 706/581/1076 707/582/1079 732/490/1082 729/489/1077
f 710/583/1080 711/584/1084 736/492/1111 733/491/1081
f 722/485/1093 715/481/1089 741/585/1092 743/500/1143
f 718/586/1090 723/587/1095 748/496/1102 742/495/1091
f 726/588/1100 727/589/1103 752/502/1106 749/501/1101
f 730/590/1104 731/591/1107 756/505/1110 753/504/1105
f 734/592/1108 735/593/1112 758/508/1144 757/507/1109
s 26
f 144/93/1145 149/594/289 172/115/292 168/114/346
f 148/100/290 153/595/301 176/120/304 173/119/291
f 152/103/302 157/596/313 180/122/316 177/121/303
f 156/106/314 161/597/325 184/124/328 181/123/315
f 160/109/326 165/598/1146 189/126/367 185/125/327
f 169/117/345 171/599/347 196/131/354 192/130/382
f 174/600/352 175/601/355 200/136/358 197/135/353
f 178/602/356 179/603/359 204/138/362 201/137/357
f 182/604/360 183/605/363 208/140/366 205/139/361
f 186/606/364 188/607/368 213/142/403 209/141/365
f 193/133/381 195/608/383 220/147/390 216/146/418
f 198/609/388 199/610/391 224/152/394 221/151/389
f 202/611/392 203/612/395 228/154/398 225/153/393
f 206/613/396 207/614/399 232/156/402 229/155/397
f 210/615/400 212/616/404 237/158/439 233/157/401
f 217/149/417 219/617/419 244/163/426 240/162/454
f 222/618/424 223/619/427 248/168/430 245/167/425
f 226/620/428 227/621/431 252/170/434 249/169/429
f 230/622/432 231/623/435 256/172/438 253/171/433
f 234/624/436 236/625/440 261/174/475 257/173/437
f 241/165/453 243/626/455 267/181/462 264/180/1147
f 246/627/460 247/628/463 271/183/466 268/182/461
f 250/629/464 251/630/467 275/185/470 272/184/465
f 254/631/468 255/632/471 279/187/474 276/186/469
f 258/633/472 260/634/476 283/189/1148 280/188/473
s 4
f 265/635/1149 266/636/493 290/193/496 286/192/533
f 269/637/494 270/638/501 294/198/504 291/197/495
f 273/639/502 274/640/509 298/200/512 295/199/503
f 277/641/510 278/642/517 302/202/520 299/201/511
f 281/643/518 282/644/1150 307/204/554 303/203/519
f 287/195/532 289/645/534 314/210/541 310/209/568
f 292/646/539 293/647/542 318/215/545 315/214/540
f 296/648/543 297/649/546 322/217/549 319/216/544
f 300/650/547 301/651/550 326/219/553 323/218/548
f 304/652/551 306/653/555 331/221/589 327/220/552
f 311/212/567 313/654/569 338/226/576 334/225/604
f 316/655/574 317/656/577 342/231/580 339/230/575
f 320/657/578 321/658/581 346/233/584 343/232/579
f 324/659/582 325/660/585 350/235/588 347/234/583
f 328/661/586 330/662/590 355/237/625 351/236/587
f 335/228/603 337/663/605 362/244/612 358/243/639
f 340/664/610 341/665/613 366/247/616 363/246/611
f 344/666/614 345/667/617 370/250/620 367/249/615
f 348/668/618 349/669/621 374/253/624 371/252/619
f 352/670/622 354/671/626 379/256/640 375/255/623
f 359/672/638 361/245/15 7/7/14 1/1/1151
f 364/673/16 365/248/27 11/11/26 4/6/13
f 368/674/28 369/251/39 15/15/38 8/10/25
f 372/675/40 373/254/51 19/19/50 12/14/37
f 376/676/52 378/257/641 22/23/1152 16/18/49
s 12
f 308/206/557 284/677/1153 259/175/477 415/207/480
f 332/223/592 305/205/556 414/678/558 419/295/593
f 356/239/628 329/222/591 418/679/594 423/298/629
f 380/258/643 353/238/627 422/680/630 427/301/644
f 20/25/1154 377/681/642 426/259/99 46/37/98
f 416/292/479 262/176/478 235/159/441 431/293/444
f 420/296/731 413/294/729 430/682/730 435/307/733
f 424/299/735 417/297/732 434/683/734 439/310/737
f 428/302/739 421/300/736 438/684/738 443/313/740
f 43/38/97 425/685/100 442/303/135 70/50/134
f 432/304/443 238/160/442 211/143/405 447/305/408
f 436/308/743 429/306/741 446/686/742 451/319/745
f 440/311/747 433/309/744 450/687/746 455/322/749
f 444/314/751 437/312/748 454/688/750 459/325/752
f 67/51/133 441/689/136 458/315/171 94/63/170
f 448/316/407 214/144/406 187/127/369 463/317/372
f 452/320/755 445/318/753 462/690/754 467/330/757
f 456/323/759 449/321/756 466/691/758 471/333/761
f 460/326/763 453/324/760 470/692/762 475/336/764
f 91/64/169 457/693/172 474/327/207 118/76/206
f 464/291/371 190/128/370 164/111/1155 411/694/726
f 468/329/710 461/328/728 410/290/727 403/284/707
f 472/332/686 465/331/709 402/283/708 395/276/683
f 476/335/662 469/334/685 394/275/684 387/268/660
f 115/77/205 473/267/208 386/266/661 141/90/1156
s 11
f 263/695/1157 285/696/529 478/191/451 242/697/450
f 288/698/530 309/699/563 482/339/566 479/338/531
f 312/700/564 333/701/599 486/341/602 483/340/565
f 336/702/600 357/703/635 490/343/637 487/342/601
f 360/241/636 3/704/1158 23/705/69 491/242/72
f 239/706/449 477/707/452 494/337/415 218/708/414
f 480/709/765 481/710/767 498/348/770 495/347/766
f 484/711/768 485/712/771 502/350/774 499/349/769
f 488/713/772 489/714/775 506/352/776 503/351/773
f 492/344/71 26/715/70 47/716/105 507/345/108
f 215/717/413 493/718/416 510/346/379 194/719/378
f 496/720/777 497/721/779 514/357/782 511/356/778
f 500/722/780 501/723/783 518/359/786 515/358/781
f 504/724/784 505/725/787 522/361/788 519/360/785
f 508/353/107 50/726/106 71/727/141 523/354/144
f 191/728/377 509/729/380 526/355/343 170/730/342
f 512/731/789 513/732/791 530/365/794 527/364/790
f 516/733/792 517/734/795 534/368/798 531/367/793
f 520/735/796 521/736/799 538/371/800 535/370/797
f 524/362/143 74/737/142 95/738/177 539/363/180
f 167/739/341 525/288/344 406/287/720 145/96/1159
f 528/740/721 529/366/701 398/282/700 407/741/719
f 532/742/702 533/369/677 390/274/676 399/743/699
f 536/744/678 537/372/655 382/264/654 391/745/675
f 540/265/179 98/746/178 120/747/1160 383/748/653
s 16
f 122/880/214 123/750/225 546/376/228 543/375/215
f 384/261/646 119/818/213 542/751/216 551/374/647
f 126/878/226 127/753/233 554/378/236 547/377/227
f 130/876/234 131/755/241 558/383/244 555/382/235
f 134/874/242 135/757/249 562/385/252 559/384/243
f 138/872/250 139/892/257 566/887/260 563/386/251
f 142/760/258 385/761/656 570/389/659 567/388/259
f 392/271/668 381/260/645 550/762/648 575/381/669
f 388/763/657 393/764/679 578/391/682 571/390/658
f 400/279/692 389/270/667 574/765/670 583/394/693
f 396/766/680 401/767/703 586/396/706 579/395/681
f 408/286/716 397/278/691 582/768/694 591/399/717
f 404/769/704 409/770/722 594/401/725 587/400/705
f 150/98/282 143/92/265 602/410/268 599/409/283
f 146/891/266 405/772/715 590/773/718 603/404/267
f 154/101/294 147/99/281 598/774/284 607/408/295
f 158/104/306 151/102/293 606/775/296 611/414/307
f 162/107/318 155/105/305 610/776/308 615/417/319
f 412/289/723 163/822/329 618/406/332 595/405/724
f 166/110/330 159/108/317 614/777/320 619/420/331
s 53
f 544/778/1161 545/779/813 626/424/816 622/423/1162
s 54
f 552/379/822 541/373/1163 621/780/1164 633/422/823
s 53
f 548/781/814 553/782/829 638/426/832 627/425/815
f 556/783/830 557/784/837 646/434/840 639/433/831
f 560/785/838 561/786/845 654/439/848 647/438/839
f 564/787/846 565/886/1165 661/444/1166 655/443/847
s 58
f 568/789/1167 569/790/861 665/449/864 662/448/1168
s 54
f 576/392/870 549/380/821 632/791/824 672/432/871
s 58
f 572/792/862 577/793/877 689/452/880 666/451/863
s 54
f 584/397/886 573/393/869 671/794/872 696/458/887
s 58
f 580/795/878 585/796/893 713/466/896 690/465/879
s 54
f 592/402/902 581/398/885 695/797/888 720/472/903
s 58
f 588/798/894 593/799/909 737/480/912 714/479/895
s 62
f 600/800/918 601/801/1169 744/499/1170 740/498/919
s 54
f 604/411/1171 589/403/901 719/802/904 745/486/1172
s 62
f 608/412/934 597/407/917 739/803/920 747/497/935
f 612/415/942 605/413/933 746/804/936 751/503/943
f 616/418/950 609/416/941 750/805/944 755/506/951
s 58
f 596/806/910 617/807/1173 759/494/1174 738/493/911
s 62
f 620/421/1175 613/419/949 754/808/952 760/509/1176
s off
f 1/4/1177 2/5/1178 3/704/1179
s 2
f 4/809/18 5/9/17 6/510/8 7/810/7
f 8/811/30 9/13/29 10/511/20 11/812/19
f 12/813/42 13/17/41 14/512/32 15/814/31
f 16/815/54 17/21/53 18/513/44 19/816/43
s off
f 20/25/1180 21/514/1181 22/817/1182
s 3
f 23/705/12 24/26/11 25/28/77 26/715/76
s 5
f 27/515/75 28/27/24 29/29/23 30/516/80
f 31/517/83 32/30/36 33/31/35 34/518/84
f 35/519/87 36/32/48 37/33/47 38/520/88
f 39/521/91 40/34/60 41/35/59 42/522/92
s 10
f 43/38/102 44/523/101 45/36/68 46/37/67
s 3
f 47/716/79 48/39/78 49/41/113 50/726/112
s 5
f 51/524/111 52/40/82 53/42/81 54/525/116
f 55/526/119 56/43/86 57/44/85 58/527/120
f 59/528/123 60/45/90 61/46/89 62/529/124
f 63/530/127 64/47/94 65/48/93 66/531/128
s 10
f 67/51/138 68/532/137 69/49/104 70/50/103
s 3
f 71/727/115 72/52/114 73/54/149 74/737/148
s 5
f 75/533/147 76/53/118 77/55/117 78/534/152
f 79/535/155 80/56/122 81/57/121 82/536/156
f 83/537/159 84/58/126 85/59/125 86/538/160
f 87/539/163 88/60/130 89/61/129 90/540/164
s 10
f 91/64/174 92/541/173 93/62/140 94/63/139
s 3
f 95/738/151 96/65/150 97/67/185 98/746/184
s 5
f 99/542/183 100/66/154 101/68/153 102/543/188
f 103/544/191 104/69/158 105/70/157 106/545/192
f 107/546/195 108/71/162 109/72/161 110/547/196
f 111/548/199 112/73/166 113/74/165 114/549/200
s 10
f 115/77/210 116/550/209 117/75/176 118/76/175
s 17
f 119/881/218 120/747/217 121/80/222 122/749/221
f 123/879/224 124/81/223 125/82/230 126/752/229
f 127/877/232 128/83/231 129/84/238 130/754/237
f 131/875/240 132/85/239 133/86/246 134/756/245
f 135/873/248 136/87/247 137/88/254 138/758/253
f 139/871/256 140/89/255 141/90/262 142/819/261
f 143/870/270 144/93/269 145/820/278 146/821/277
f 147/868/286 148/100/285 149/594/272 150/869/271
f 151/866/298 152/103/297 153/595/288 154/867/287
f 155/864/310 156/106/309 157/596/300 158/865/299
f 159/862/322 160/109/321 161/597/312 162/863/311
f 163/860/334 164/113/333 165/598/324 166/861/323
s 25
f 167/94/276 168/114/275 169/117/349 170/823/348
s 26
f 171/599/347 172/115/292 173/119/291 174/600/352
f 175/601/355 176/120/304 177/121/303 178/602/356
f 179/603/359 180/122/316 181/123/315 182/604/360
f 183/605/363 184/124/328 185/125/327 186/606/364
s 30
f 187/824/374 188/607/373 189/126/340 190/825/339
s 25
f 191/118/351 192/130/350 193/133/385 194/826/384
s 26
f 195/608/383 196/131/354 197/135/353 198/609/388
f 199/610/391 200/136/358 201/137/357 202/611/392
f 203/612/395 204/138/362 205/139/361 206/613/396
f 207/614/399 208/140/366 209/141/365 210/615/400
s 30
f 211/827/410 212/616/409 213/142/376 214/828/375
s 25
f 215/134/387 216/146/386 217/149/421 218/829/420
s 26
f 219/617/419 220/147/390 221/151/389 222/618/424
f 223/619/427 224/152/394 225/153/393 226/620/428
f 227/621/431 228/154/398 229/155/397 230/622/432
f 231/623/435 232/156/402 233/157/401 234/624/436
s 30
f 235/830/446 236/625/445 237/158/412 238/831/411
s 25
f 239/150/423 240/162/422 241/165/457 242/832/456
s 26
f 243/626/455 244/163/426 245/167/425 246/627/460
f 247/628/463 248/168/430 249/169/429 250/629/464
f 251/630/467 252/170/434 253/171/433 254/631/468
f 255/632/471 256/172/438 257/173/437 258/633/472
s 30
f 259/833/482 260/634/481 261/174/448 262/834/447
s off
f 263/166/1183 264/180/1184 265/635/1185
s 37
f 266/636/492 267/181/491 268/182/498 269/637/497
f 270/638/500 271/183/499 272/184/506 273/639/505
f 274/640/508 275/185/507 276/186/514 277/641/513
f 278/642/516 279/187/515 280/188/522 281/643/521
s off
f 282/644/1186 283/189/1187 284/835/1188
s 1
f 285/179/488 286/192/487 287/195/536 288/836/535
s 4
f 289/645/534 290/193/496 291/197/495 292/646/539
f 293/647/542 294/198/504 295/199/503 296/648/543
f 297/649/546 298/200/512 299/201/511 300/650/547
f 301/651/550 302/202/520 303/203/519 304/652/551
s 9
f 305/837/560 306/653/559 307/204/528 308/838/527
s 1
f 309/196/538 310/209/537 311/212/571 312/839/570
s 4
f 313/654/569 314/210/541 315/214/540 316/655/574
f 317/656/577 318/215/545 319/216/544 320/657/578
f 321/658/581 322/217/549 323/218/548 324/659/582
f 325/660/585 326/219/553 327/220/552 328/661/586
s 9
f 329/840/596 330/662/595 331/221/562 332/841/561
s 1
f 333/213/573 334/225/572 335/228/607 336/842/606
s 4
f 337/663/605 338/226/576 339/230/575 340/664/610
f 341/665/613 342/231/580 343/232/579 344/666/614
f 345/667/617 346/233/584 347/234/583 348/668/618
f 349/669/621 350/235/588 351/236/587 352/670/622
s 9
f 353/843/632 354/671/631 355/237/598 356/844/597
s 1
f 357/229/609 358/243/608 359/672/4 360/845/3
s 4
f 361/245/15 362/244/612 363/246/611 364/673/16
f 365/248/27 366/247/616 367/249/615 368/674/28
f 369/251/39 370/250/620 371/252/619 372/675/40
f 373/254/51 374/253/624 375/255/623 376/676/52
s 9
f 377/846/64 378/257/63 379/256/634 380/847/633
s 17
f 381/262/650 382/264/649 383/748/220 384/848/219
f 385/849/264 386/266/263 387/268/664 388/850/663
f 389/272/672 390/274/671 391/745/652 392/851/651
f 393/852/666 394/275/665 395/276/688 396/853/687
f 397/280/696 398/282/695 399/743/674 400/854/673
f 401/855/690 402/283/689 403/284/712 404/856/711
f 405/97/280 406/287/279 407/741/698 408/857/697
f 409/858/714 410/290/713 411/694/336 412/859/335
s 12
f 413/294/729 414/678/558 415/207/480 416/292/479
f 417/297/732 418/679/594 419/295/593 420/296/731
f 421/300/736 422/680/630 423/298/629 424/299/735
f 425/685/100 426/259/99 427/301/644 428/302/739
f 429/306/741 430/682/730 431/293/444 432/304/443
f 433/309/744 434/683/734 435/307/733 436/308/743
f 437/312/748 438/684/738 439/310/737 440/311/747
f 441/689/136 442/303/135 443/313/740 444/314/751
f 445/318/753 446/686/742 447/305/408 448/316/407
f 449/321/756 450/687/746 451/319/745 452/320/755
f 453/324/760 454/688/750 455/322/749 456/323/759
f 457/693/172 458/315/171 459/325/752 460/326/763
f 461/328/728 462/690/754 463/317/372 464/291/371
f 465/331/709 466/691/758 467/330/757 468/329/710
f 469/334/685 470/692/762 471/333/761 472/332/686
f 473/267/208 474/327/207 475/336/764 476/335/662
s 11
f 477/707/452 478/191/451 479/338/531 480/709/765
f 481/710/767 482/339/566 483/340/565 484/711/768
f 485/712/771 486/341/602 487/342/601 488/713/772
f 489/714/775 490/343/637 491/242/72 492/344/71
f 493/718/416 494/337/415 495/347/766 496/720/777
f 497/721/779 498/348/770 499/349/769 500/722/780
f 501/723/783 502/350/774 503/351/773 504/724/784
f 505/725/787 506/352/776 507/345/108 508/353/107
f 509/729/380 510/346/379 511/356/778 512/731/789
f 513/732/791 514/357/782 515/358/781 516/733/792
f 517/734/795 518/359/786 519/360/785 520/735/796
f 521/736/799 522/361/788 523/354/144 524/362/143
f 525/288/344 526/355/343 527/364/790 528/740/721
f 529/366/701 530/365/794 531/367/793 532/742/702
f 533/369/677 534/368/798 535/370/797 536/744/678
f 537/372/655 538/371/800 539/363/180 540/265/179
s 52
f 541/889/806 542/888/805 543/375/810 544/778/809
f 545/779/812 546/376/811 547/377/818 548/781/817
f 549/380/826 550/762/825 551/374/808 552/379/807
f 553/782/820 554/378/819 555/382/834 556/783/833
f 557/784/836 558/383/835 559/384/842 560/785/841
f 561/786/844 562/385/843 563/386/850 564/787/849
f 565/788/852 566/387/851 567/388/858 568/789/857
f 569/790/860 570/389/859 571/390/866 572/792/865
f 573/393/874 574/765/873 575/381/828 576/392/827
f 577/793/868 578/391/867 579/395/882 580/795/881
f 581/398/890 582/768/889 583/394/876 584/397/875
f 585/796/884 586/396/883 587/400/898 588/798/897
f 589/403/906 590/773/905 591/399/892 592/402/891
f 593/799/900 594/401/899 595/405/914 596/806/913
f 597/407/922 598/774/921 599/409/926 600/800/925
f 601/801/928 602/410/927 603/885/908 604/884/907
f 605/413/938 606/775/937 607/408/924 608/412/923
f 609/416/946 610/776/945 611/414/940 612/415/939
f 613/419/954 614/777/953 615/417/948 616/418/947
f 617/807/916 618/406/915 619/883/956 620/882/955
s off
f 621/780/1189 622/423/1190 623/551/1191
s 65
f 624/427/969 625/552/968 626/424/967 627/425/970
s 66
f 628/428/977 629/553/976 630/430/975 631/559/978
s 64
f 632/791/985 633/422/964 634/429/963 635/431/986
s 65
f 636/435/989 637/554/972 638/426/971 639/433/990
s 66
f 640/560/984 641/436/983 642/437/995 643/561/996
s 65
f 644/440/1001 645/555/992 646/434/991 647/438/1002
s 66
f 648/562/1000 649/441/999 650/442/1007 651/563/1008
s 65
f 652/445/1013 653/556/1004 654/439/1003 655/443/1014
s 66
f 656/564/1012 657/446/1011 658/447/1019 659/565/1020
s off
f 660/557/1192 661/444/1193 662/448/1194
s 70
f 663/566/1029 664/450/1028 665/449/1027 666/451/1030
s 66
f 667/453/1033 668/558/980 669/455/979 670/568/1034
s 64
f 671/794/1040 672/432/988 673/454/987 674/457/1041
s 66
f 675/569/1039 676/456/998 677/459/997 678/570/1044
f 679/571/1047 680/460/1010 681/461/1009 682/572/1048
f 683/573/1051 684/462/1022 685/463/1021 686/574/1052
s 70
f 687/575/1057 688/464/1032 689/452/1031 690/465/1058
s 66
f 691/467/1061 692/567/1036 693/469/1035 694/577/1062
s 64
f 695/797/1068 696/458/1043 697/468/1042 698/471/1069
s 66
f 699/578/1067 700/470/1046 701/473/1045 702/579/1072
f 703/580/1075 704/474/1050 705/475/1049 706/581/1076
f 707/582/1079 708/476/1054 709/477/1053 710/583/1080
s 70
f 711/584/1085 712/478/1060 713/466/1059 714/479/1086
s 66
f 715/481/1089 716/576/1064 717/483/1063 718/586/1090
s 64
f 719/802/1096 720/472/1071 721/482/1070 722/485/1097
s 66
f 723/587/1095 724/484/1074 725/487/1073 726/588/1100
f 727/589/1103 728/488/1078 729/489/1077 730/590/1104
f 731/591/1107 732/490/1082 733/491/1081 734/592/1108
s 70
f 735/593/1113 736/492/1088 737/480/1087 738/493/1114
s 71
f 739/803/1117 740/498/1122 741/585/1121 742/495/1118
s off
f 743/500/1195 744/499/1196 745/486/1197
s 71
f 746/804/1125 747/497/1120 748/496/1119 749/501/1126
f 750/805/1129 751/503/1128 752/502/1127 753/504/1130
f 754/808/1133 755/506/1132 756/505/1131 757/507/1134
s off
f 758/508/1198 759/494/1199 760/509/1200
