# This file uses centimeters as units for non-parametric coordinates.

mtllib Laptop.mtl
g default
v -4.272711 5.098733 -6.202488
v -4.272711 5.104340 -6.196879
v -4.278319 5.104340 -6.202488
v -3.911164 5.098733 -6.202488
v -3.911164 5.104340 -6.196879
v -3.919095 5.104340 -6.196879
v -3.919095 5.098733 -6.202488
v -3.547974 5.098733 -6.202488
v -3.547974 5.104340 -6.196879
v -3.555905 5.104340 -6.196879
v -3.555905 5.098733 -6.202488
v -3.184784 5.098733 -6.202488
v -3.184784 5.104340 -6.196879
v -3.192715 5.104340 -6.196879
v -3.192715 5.098733 -6.202488
v -2.821593 5.098733 -6.202488
v -2.821593 5.104340 -6.196879
v -2.829525 5.104340 -6.196879
v -2.829525 5.098733 -6.202488
v -2.458403 5.098733 -6.202488
v -2.458403 5.104340 -6.196879
v -2.466335 5.104340 -6.196879
v -2.466335 5.098733 -6.202488
v -2.095213 5.098733 -6.202488
v -2.095213 5.104340 -6.196879
v -2.103145 5.104340 -6.196879
v -2.103145 5.098733 -6.202488
v -1.732023 5.098733 -6.202488
v -1.732023 5.104340 -6.196879
v -1.739954 5.104340 -6.196879
v -1.739954 5.098733 -6.202488
v -1.368833 5.098733 -6.202488
v -1.368833 5.104340 -6.196879
v -1.376764 5.104340 -6.196879
v -1.376764 5.098733 -6.202488
v -1.005642 5.098733 -6.202488
v -1.005642 5.104340 -6.196879
v -1.013574 5.104340 -6.196879
v -1.013574 5.098733 -6.202488
v -0.642452 5.098733 -6.202488
v -0.642452 5.104340 -6.196879
v -0.650384 5.104340 -6.196879
v -0.650384 5.098733 -6.202488
v -0.279262 5.098733 -6.202488
v -0.279262 5.104340 -6.196879
v -0.287194 5.104340 -6.196879
v -0.287194 5.098733 -6.202488
v 0.083928 5.098733 -6.202488
v 0.083928 5.104340 -6.196879
v 0.075996 5.104340 -6.196879
v 0.075996 5.098733 -6.202488
v 0.447118 5.098733 -6.202488
v 0.447118 5.104340 -6.196879
v 0.439187 5.104340 -6.196879
v 0.439187 5.098733 -6.202488
v 0.810308 5.098733 -6.202488
v 0.810308 5.104340 -6.196879
v 0.802377 5.104340 -6.196879
v 0.802377 5.098733 -6.202488
v 1.169532 5.104340 -6.202488
v 1.163924 5.104340 -6.196879
v 1.163924 5.098733 -6.202488
v -4.278319 5.295461 -6.202488
v -4.272711 5.295461 -6.196879
v -4.272711 5.301071 -6.202488
v -3.919095 5.301071 -6.202488
v -3.919095 5.295461 -6.196879
v -3.911164 5.295461 -6.196879
v -3.911164 5.301071 -6.202488
v -3.555905 5.301071 -6.202488
v -3.555905 5.295461 -6.196879
v -3.547974 5.295461 -6.196879
v -3.547974 5.301071 -6.202488
v -3.192715 5.301071 -6.202488
v -3.192715 5.295461 -6.196879
v -3.184784 5.295461 -6.196879
v -3.184784 5.301071 -6.202488
v -2.829525 5.301071 -6.202488
v -2.829525 5.295461 -6.196879
v -2.821593 5.295461 -6.196879
v -2.821593 5.301071 -6.202488
v -2.466335 5.301071 -6.202488
v -2.466335 5.295461 -6.196879
v -2.458403 5.295461 -6.196879
v -2.458403 5.301071 -6.202488
v -2.103145 5.301071 -6.202488
v -2.103145 5.295461 -6.196879
v -2.095213 5.295461 -6.196879
v -2.095213 5.301071 -6.202488
v -1.739954 5.301071 -6.202488
v -1.739954 5.295461 -6.196879
v -1.732023 5.295461 -6.196879
v -1.732023 5.301071 -6.202488
v -1.376764 5.301071 -6.202488
v -1.376764 5.295461 -6.196879
v -1.368833 5.295461 -6.196879
v -1.368833 5.301071 -6.202488
v -1.013574 5.301071 -6.202488
v -1.013574 5.295461 -6.196879
v -1.005642 5.295461 -6.196879
v -1.005642 5.301071 -6.202488
v -0.650384 5.301071 -6.202488
v -0.650384 5.295461 -6.196879
v -0.642452 5.295461 -6.196879
v -0.642452 5.301071 -6.202488
v -0.287194 5.301071 -6.202488
v -0.287194 5.295461 -6.196879
v -0.279262 5.295461 -6.196879
v -0.279262 5.301071 -6.202488
v 0.075996 5.301071 -6.202488
v 0.075996 5.295461 -6.196879
v 0.083928 5.295461 -6.196879
v 0.083928 5.301071 -6.202488
v 0.439187 5.301071 -6.202488
v 0.439187 5.295461 -6.196879
v 0.447118 5.295461 -6.196879
v 0.447118 5.301071 -6.202488
v 0.802377 5.301071 -6.202488
v 0.802377 5.295461 -6.196879
v 0.810308 5.295461 -6.196879
v 0.810308 5.301071 -6.202488
v 1.163924 5.301071 -6.202488
v 1.163924 5.295461 -6.196879
v 1.169532 5.295461 -6.202488
v -4.278319 5.295461 -6.541995
v -4.272711 5.301071 -6.541995
v -4.272711 5.301071 -6.549926
v -4.278319 5.295461 -6.549926
v -3.919095 5.301071 -6.549926
v -3.919095 5.301071 -6.541995
v -3.911164 5.301071 -6.541995
v -3.911164 5.301071 -6.549926
v -3.555905 5.301071 -6.549926
v -3.555905 5.301071 -6.541995
v -3.547974 5.301071 -6.541995
v -3.547974 5.301071 -6.549926
v -3.192715 5.301071 -6.549926
v -3.192715 5.301071 -6.541995
v -3.184784 5.301071 -6.541995
v -3.184784 5.301071 -6.549926
v -2.829525 5.301071 -6.549926
v -2.829525 5.301071 -6.541995
v -2.821593 5.301071 -6.541995
v -2.821593 5.301071 -6.549926
v -2.462369 5.295670 -6.551361
v -2.467791 5.301071 -6.549794
v -2.466635 5.301071 -6.541694
v -2.458366 5.301071 -6.540300
v -2.456968 5.295670 -6.545961
v -2.103145 5.295461 -6.545961
v -2.103145 5.301071 -6.540352
v -2.095213 5.301071 -6.540352
v -2.095213 5.295461 -6.545961
v -1.739954 5.295461 -6.545961
v -1.739954 5.301071 -6.540352
v -1.732023 5.301071 -6.540352
v -1.732023 5.295461 -6.545961
v -1.376764 5.295461 -6.545961
v -1.376764 5.301071 -6.540352
v -1.368833 5.301071 -6.540352
v -1.368833 5.295461 -6.545961
v -1.013574 5.295461 -6.545961
v -1.013574 5.301071 -6.540352
v -1.005642 5.301071 -6.540352
v -1.005642 5.295461 -6.545961
v -0.651818 5.295670 -6.545961
v -0.650252 5.301071 -6.540539
v -0.642152 5.301071 -6.541694
v -0.640758 5.301071 -6.549963
v -0.646418 5.295670 -6.551361
v -0.287194 5.301071 -6.549926
v -0.287194 5.301071 -6.541995
v -0.279262 5.301071 -6.541995
v -0.279262 5.301071 -6.549926
v 0.075996 5.301071 -6.549926
v 0.075996 5.301071 -6.541995
v 0.083928 5.301071 -6.541995
v 0.083928 5.301071 -6.549926
v 0.439187 5.301071 -6.549926
v 0.439187 5.301071 -6.541995
v 0.447118 5.301071 -6.541995
v 0.447118 5.301071 -6.549926
v 0.802377 5.301071 -6.549926
v 0.802377 5.301071 -6.541995
v 0.810308 5.301071 -6.541995
v 0.810308 5.301071 -6.549926
v 1.169532 5.295461 -6.549926
v 1.163924 5.301071 -6.549926
v 1.163924 5.301071 -6.541995
v 1.169532 5.295461 -6.541995
v -4.278319 5.295461 -6.891077
v -4.272711 5.301071 -6.891077
v -4.272711 5.301071 -6.899008
v -4.278319 5.295461 -6.899008
v -3.919095 5.301071 -6.899008
v -3.919095 5.301071 -6.891077
v -3.911164 5.301071 -6.891077
v -3.911164 5.301071 -6.899008
v -3.555905 5.301071 -6.899008
v -3.555905 5.301071 -6.891077
v -3.547974 5.301071 -6.891077
v -3.547974 5.301071 -6.899008
v -3.192715 5.301071 -6.899008
v -3.192715 5.301071 -6.891077
v -3.184784 5.301071 -6.891077
v -3.184784 5.301071 -6.899008
v -2.829525 5.301071 -6.899008
v -2.829525 5.301071 -6.891077
v -2.821593 5.301071 -6.891077
v -2.821593 5.301071 -6.899008
v -2.462369 5.295461 -6.899008
v -2.467977 5.301071 -6.899008
v -2.467977 5.301071 -6.891077
v -2.462369 5.295461 -6.891077
v -0.646418 5.295461 -6.891077
v -0.640810 5.301071 -6.891077
v -0.640810 5.301071 -6.899008
v -0.646418 5.295461 -6.899008
v -0.287194 5.301071 -6.899008
v -0.287194 5.301071 -6.891077
v -0.279262 5.301071 -6.891077
v -0.279262 5.301071 -6.899008
v 0.075996 5.301071 -6.899008
v 0.075996 5.301071 -6.891077
v 0.083928 5.301071 -6.891077
v 0.083928 5.301071 -6.899008
v 0.439187 5.301071 -6.899008
v 0.439187 5.301071 -6.891077
v 0.447118 5.301071 -6.891077
v 0.447118 5.301071 -6.899008
v 0.802377 5.301071 -6.899008
v 0.802377 5.301071 -6.891077
v 0.810308 5.301071 -6.891077
v 0.810308 5.301071 -6.899008
v 1.169532 5.295461 -6.899008
v 1.163924 5.301071 -6.899008
v 1.163924 5.301071 -6.891077
v 1.169532 5.295461 -6.891077
v -4.278319 5.295461 -7.240159
v -4.272711 5.301071 -7.240159
v -4.272711 5.301071 -7.248090
v -4.278319 5.295461 -7.248090
v -3.919095 5.301071 -7.248090
v -3.919095 5.301071 -7.240159
v -3.911164 5.301071 -7.240159
v -3.911164 5.301071 -7.248090
v -3.555905 5.301071 -7.248090
v -3.555905 5.301071 -7.240159
v -3.547974 5.301071 -7.240159
v -3.547974 5.301071 -7.248090
v -3.192715 5.301071 -7.248090
v -3.192715 5.301071 -7.240159
v -3.184784 5.301071 -7.240159
v -3.184784 5.301071 -7.248090
v -2.829525 5.301071 -7.248090
v -2.829525 5.301071 -7.240159
v -2.821593 5.301071 -7.240159
v -2.821593 5.301071 -7.248090
v -2.456968 5.295670 -7.244125
v -2.458535 5.301071 -7.249546
v -2.466635 5.301071 -7.248391
v -2.468029 5.301071 -7.240121
v -2.462369 5.295670 -7.238724
v -2.095213 5.295461 -7.244125
v -2.095213 5.301071 -7.249732
v -2.103145 5.301071 -7.249732
v -2.103145 5.295461 -7.244125
v -1.732023 5.295461 -7.244125
v -1.732023 5.301071 -7.249732
v -1.739954 5.301071 -7.249732
v -1.739954 5.295461 -7.244125
v -1.368833 5.295461 -7.244125
v -1.368833 5.301071 -7.249732
v -1.376764 5.301071 -7.249732
v -1.376764 5.295461 -7.244125
v -1.005642 5.295461 -7.244125
v -1.005642 5.301071 -7.249732
v -1.013574 5.301071 -7.249732
v -1.013574 5.295461 -7.244125
v -0.646418 5.295670 -7.238724
v -0.640996 5.301071 -7.240290
v -0.642152 5.301071 -7.248391
v -0.650421 5.301071 -7.249785
v -0.651818 5.295670 -7.244125
v -0.287194 5.301071 -7.248090
v -0.287194 5.301071 -7.240159
v -0.279262 5.301071 -7.240159
v -0.279262 5.301071 -7.248090
v 0.075996 5.301071 -7.248090
v 0.075996 5.301071 -7.240159
v 0.083928 5.301071 -7.240159
v 0.083928 5.301071 -7.248090
v 0.439187 5.301071 -7.248090
v 0.439187 5.301071 -7.240159
v 0.447118 5.301071 -7.240159
v 0.447118 5.301071 -7.248090
v 0.802377 5.301071 -7.248090
v 0.802377 5.301071 -7.240159
v 0.810308 5.301071 -7.240159
v 0.810308 5.301071 -7.248090
v 1.169532 5.295461 -7.248090
v 1.163924 5.301071 -7.248090
v 1.163924 5.301071 -7.240159
v 1.169532 5.295461 -7.240159
v -4.278319 5.295461 -7.589240
v -4.272711 5.301071 -7.589240
v -4.272711 5.301071 -7.597172
v -4.278319 5.295461 -7.597172
v -3.915129 5.295670 -7.598607
v -3.920551 5.301071 -7.597040
v -3.919396 5.301071 -7.588940
v -3.911127 5.301071 -7.587546
v -3.909729 5.295670 -7.593206
v -3.555905 5.295461 -7.593206
v -3.555905 5.301071 -7.587597
v -3.547974 5.301071 -7.587597
v -3.547974 5.295461 -7.593206
v -3.192715 5.295461 -7.593206
v -3.192715 5.301071 -7.587597
v -3.184784 5.301071 -7.587597
v -3.184784 5.295461 -7.593206
v -2.829525 5.295461 -7.593206
v -2.829525 5.301071 -7.587597
v -2.821593 5.301071 -7.587597
v -2.821593 5.295461 -7.593206
v -2.466335 5.295461 -7.593206
v -2.466335 5.301071 -7.587597
v -2.458403 5.301071 -7.587597
v -2.458403 5.295461 -7.593206
v -2.103145 5.295461 -7.593206
v -2.103145 5.301071 -7.587597
v -2.095213 5.301071 -7.587597
v -2.095213 5.295461 -7.593206
v -1.739954 5.295461 -7.593206
v -1.739954 5.301071 -7.587597
v -1.732023 5.301071 -7.587597
v -1.732023 5.295461 -7.593206
v -1.376764 5.295461 -7.593206
v -1.376764 5.301071 -7.587597
v -1.368833 5.301071 -7.587597
v -1.368833 5.295461 -7.593206
v -1.013574 5.295461 -7.593206
v -1.013574 5.301071 -7.587597
v -1.005642 5.301071 -7.587597
v -1.005642 5.295461 -7.593206
v -0.650384 5.295461 -7.593206
v -0.650384 5.301071 -7.587597
v -0.642452 5.301071 -7.587597
v -0.642452 5.295461 -7.593206
v -0.287194 5.295461 -7.593206
v -0.287194 5.301071 -7.587597
v -0.279262 5.301071 -7.587597
v -0.279262 5.295461 -7.593206
v 0.075996 5.295461 -7.593206
v 0.075996 5.301071 -7.587597
v 0.083928 5.301071 -7.587597
v 0.083928 5.295461 -7.593206
v 0.439187 5.295461 -7.593206
v 0.439187 5.301071 -7.587597
v 0.447118 5.301071 -7.587597
v 0.447118 5.295461 -7.593206
v 0.800942 5.295670 -7.593206
v 0.802509 5.301071 -7.587784
v 0.810609 5.301071 -7.588940
v 0.812003 5.301071 -7.597208
v 0.806342 5.295670 -7.598607
v 1.169532 5.295461 -7.597172
v 1.163924 5.301071 -7.597172
v 1.163924 5.301071 -7.589240
v 1.169532 5.295461 -7.589240
v -4.278319 5.295461 -7.938322
v -4.272711 5.301071 -7.938322
v -4.272711 5.301071 -7.946253
v -4.278319 5.295461 -7.946253
v -3.915129 5.295461 -7.946253
v -3.920738 5.301071 -7.946253
v -3.920738 5.301071 -7.938322
v -3.915129 5.295461 -7.938322
v 0.806342 5.295461 -7.938322
v 0.811951 5.301071 -7.938322
v 0.811951 5.301071 -7.946253
v 0.806342 5.295461 -7.946253
v 1.169532 5.295461 -7.946253
v 1.163924 5.301071 -7.946253
v 1.163924 5.301071 -7.938322
v 1.169532 5.295461 -7.938322
v -4.278319 5.295461 -8.287403
v -4.272711 5.301071 -8.287403
v -4.272711 5.301071 -8.295334
v -4.278319 5.295461 -8.295334
v -3.915129 5.295461 -8.295334
v -3.920738 5.301071 -8.295334
v -3.920738 5.301071 -8.287403
v -3.915129 5.295461 -8.287403
v 0.806342 5.295461 -8.287403
v 0.811951 5.301071 -8.287403
v 0.811951 5.301071 -8.295334
v 0.806342 5.295461 -8.295334
v 1.169532 5.295461 -8.295334
v 1.163924 5.301071 -8.295334
v 1.163924 5.301071 -8.287403
v 1.169532 5.295461 -8.287403
v -4.278319 5.295461 -8.636485
v -4.272711 5.301071 -8.636485
v -4.272711 5.301071 -8.644416
v -4.278319 5.295461 -8.644416
v -3.915129 5.295461 -8.644416
v -3.920738 5.301071 -8.644416
v -3.920738 5.301071 -8.636485
v -3.915129 5.295461 -8.636485
v 0.806342 5.295461 -8.636485
v 0.811951 5.301071 -8.636485
v 0.811951 5.301071 -8.644416
v 0.806342 5.295461 -8.644416
v 1.169532 5.295461 -8.644416
v 1.163924 5.301071 -8.644416
v 1.163924 5.301071 -8.636485
v 1.169532 5.295461 -8.636485
v -4.278319 5.295461 -8.985567
v -4.272711 5.301071 -8.985567
v -4.272711 5.301071 -8.993498
v -4.278319 5.295461 -8.993498
v -3.909729 5.295670 -8.989532
v -3.911295 5.301071 -8.994955
v -3.919396 5.301071 -8.993799
v -3.920790 5.301071 -8.985530
v -3.915129 5.295670 -8.984132
v -3.547974 5.295461 -8.989532
v -3.547974 5.301071 -8.995141
v -3.555905 5.301071 -8.995141
v -3.555905 5.295461 -8.989532
v -3.184784 5.295461 -8.989532
v -3.184784 5.301071 -8.995141
v -3.192715 5.301071 -8.995141
v -3.192715 5.295461 -8.989532
v -2.821593 5.295461 -8.989532
v -2.821593 5.301071 -8.995141
v -2.829525 5.301071 -8.995141
v -2.829525 5.295461 -8.989532
v -2.458403 5.295461 -8.989532
v -2.458403 5.301071 -8.995141
v -2.466335 5.301071 -8.995141
v -2.466335 5.295461 -8.989532
v -2.095213 5.295461 -8.989532
v -2.095213 5.301071 -8.995141
v -2.103145 5.301071 -8.995141
v -2.103145 5.295461 -8.989532
v -1.732023 5.295461 -8.989532
v -1.732023 5.301071 -8.995141
v -1.739954 5.301071 -8.995141
v -1.739954 5.295461 -8.989532
v -1.368833 5.295461 -8.989532
v -1.368833 5.301071 -8.995141
v -1.376764 5.301071 -8.995141
v -1.376764 5.295461 -8.989532
v -1.005642 5.295461 -8.989532
v -1.005642 5.301071 -8.995141
v -1.013574 5.301071 -8.995141
v -1.013574 5.295461 -8.989532
v -0.642452 5.295461 -8.989532
v -0.642452 5.301071 -8.995141
v -0.650384 5.301071 -8.995141
v -0.650384 5.295461 -8.989532
v -0.279262 5.295461 -8.989532
v -0.279262 5.301071 -8.995141
v -0.287194 5.301071 -8.995141
v -0.287194 5.295461 -8.989532
v 0.083928 5.295461 -8.989532
v 0.083928 5.301071 -8.995141
v 0.075996 5.301071 -8.995141
v 0.075996 5.295461 -8.989532
v 0.447118 5.295461 -8.989532
v 0.447118 5.301071 -8.995141
v 0.439187 5.301071 -8.995141
v 0.439187 5.295461 -8.989532
v 0.806342 5.295670 -8.984132
v 0.811765 5.301071 -8.985699
v 0.810609 5.301071 -8.993799
v 0.802340 5.301071 -8.995193
v 0.800942 5.295670 -8.989532
v 1.169532 5.295461 -8.993498
v 1.163924 5.301071 -8.993498
v 1.163924 5.301071 -8.985567
v 1.169532 5.295461 -8.985567
v -4.278319 5.295461 -9.334649
v -4.272711 5.301071 -9.334649
v -4.272711 5.301071 -9.342579
v -4.278319 5.295461 -9.342579
v -3.919095 5.301071 -9.342579
v -3.919095 5.301071 -9.334649
v -3.911164 5.301071 -9.334649
v -3.911164 5.301071 -9.342579
v -3.555905 5.301071 -9.342579
v -3.555905 5.301071 -9.334649
v -3.547974 5.301071 -9.334649
v -3.547974 5.301071 -9.342579
v -3.192715 5.301071 -9.342579
v -3.192715 5.301071 -9.334649
v -3.184784 5.301071 -9.334649
v -3.184784 5.301071 -9.342579
v -2.829525 5.301071 -9.342579
v -2.829525 5.301071 -9.334649
v -2.821593 5.301071 -9.334649
v -2.821593 5.301071 -9.342579
v -2.466335 5.301071 -9.342579
v -2.466335 5.301071 -9.334649
v -2.458403 5.301071 -9.334649
v -2.458403 5.301071 -9.342579
v -2.103145 5.301071 -9.342579
v -2.103145 5.301071 -9.334649
v -2.095213 5.301071 -9.334649
v -2.095213 5.301071 -9.342579
v -1.739954 5.301071 -9.342579
v -1.739954 5.301071 -9.334649
v -1.732023 5.301071 -9.334649
v -1.732023 5.301071 -9.342579
v -1.376764 5.301071 -9.342579
v -1.376764 5.301071 -9.334649
v -1.368833 5.301071 -9.334649
v -1.368833 5.301071 -9.342579
v -1.013574 5.301071 -9.342579
v -1.013574 5.301071 -9.334649
v -1.005642 5.301071 -9.334649
v -1.005642 5.301071 -9.342579
v -0.650384 5.301071 -9.342579
v -0.650384 5.301071 -9.334649
v -0.642452 5.301071 -9.334649
v -0.642452 5.301071 -9.342579
v -0.287194 5.301071 -9.342579
v -0.287194 5.301071 -9.334649
v -0.279262 5.301071 -9.334649
v -0.279262 5.301071 -9.342579
v 0.075996 5.301071 -9.342579
v 0.075996 5.301071 -9.334649
v 0.083928 5.301071 -9.334649
v 0.083928 5.301071 -9.342579
v 0.439187 5.301071 -9.342579
v 0.439187 5.301071 -9.334649
v 0.447118 5.301071 -9.334649
v 0.447118 5.301071 -9.342579
v 0.802377 5.301071 -9.342579
v 0.802377 5.301071 -9.334649
v 0.810308 5.301071 -9.334649
v 0.810308 5.301071 -9.342579
v 1.169532 5.295461 -9.342579
v 1.163924 5.301071 -9.342579
v 1.163924 5.301071 -9.334649
v 1.169532 5.295461 -9.334649
v -4.272734 5.313806 -9.690080
v -4.278319 5.304836 -9.693819
v -4.278319 5.296806 -9.691959
v -4.278319 5.295409 -9.683693
v -4.273201 5.301071 -9.682577
v -4.268580 5.306316 -9.688679
v -3.919095 5.306136 -9.688644
v -3.919095 5.301071 -9.682542
v -3.911164 5.301071 -9.682542
v -3.911164 5.306136 -9.688644
v -3.555905 5.306136 -9.688644
v -3.555905 5.301071 -9.682542
v -3.547974 5.301071 -9.682542
v -3.547974 5.306136 -9.688644
v -3.192715 5.306136 -9.688644
v -3.192715 5.301071 -9.682542
v -3.184784 5.301071 -9.682542
v -3.184784 5.306136 -9.688644
v -2.829525 5.306136 -9.688644
v -2.829525 5.301071 -9.682542
v -2.821593 5.301071 -9.682542
v -2.821593 5.306136 -9.688644
v -2.466335 5.306136 -9.688644
v -2.466335 5.301071 -9.682542
v -2.458403 5.301071 -9.682542
v -2.458403 5.306136 -9.688644
v -2.103145 5.306136 -9.688644
v -2.103145 5.301071 -9.682542
v -2.095213 5.301071 -9.682542
v -2.095213 5.306136 -9.688644
v -1.739954 5.306136 -9.688644
v -1.739954 5.301071 -9.682542
v -1.732023 5.301071 -9.682542
v -1.732023 5.306136 -9.688644
v -1.376764 5.306136 -9.688644
v -1.376764 5.301071 -9.682542
v -1.368833 5.301071 -9.682542
v -1.368833 5.306136 -9.688644
v -1.013574 5.306136 -9.688644
v -1.013574 5.301071 -9.682542
v -1.005642 5.301071 -9.682542
v -1.005642 5.306136 -9.688644
v -0.650384 5.306136 -9.688644
v -0.650384 5.301071 -9.682542
v -0.642452 5.301071 -9.682542
v -0.642452 5.306136 -9.688644
v -0.287194 5.306136 -9.688644
v -0.287194 5.301071 -9.682542
v -0.279262 5.301071 -9.682542
v -0.279262 5.306136 -9.688644
v 0.075996 5.306136 -9.688644
v 0.075996 5.301071 -9.682542
v 0.083928 5.301071 -9.682542
v 0.083928 5.306136 -9.688644
v 0.439187 5.306136 -9.688644
v 0.439187 5.301071 -9.682542
v 0.447118 5.301071 -9.682542
v 0.447118 5.306136 -9.688644
v 0.802377 5.306136 -9.688644
v 0.802377 5.301071 -9.682542
v 0.810308 5.301071 -9.682542
v 0.810308 5.306136 -9.688644
v 1.159793 5.306316 -9.688679
v 1.164439 5.301071 -9.682602
v 1.169532 5.295648 -9.683862
v 1.169532 5.296808 -9.691957
v 1.169532 5.304929 -9.693971
v 1.163947 5.313806 -9.690080
v -4.272711 5.098733 -9.691662
v -4.272711 5.098733 -9.683730
v -4.278319 5.104340 -9.683730
v -4.278319 5.104340 -9.691662
v -3.911164 5.098733 -9.691662
v -3.911164 5.098733 -9.683730
v -3.919095 5.098733 -9.683730
v -3.919095 5.098733 -9.691662
v -3.547974 5.098733 -9.691662
v -3.547974 5.098733 -9.683730
v -3.555905 5.098733 -9.683730
v -3.555905 5.098733 -9.691662
v -3.184784 5.098733 -9.691662
v -3.184784 5.098733 -9.683730
v -3.192715 5.098733 -9.683730
v -3.192715 5.098733 -9.691662
v -2.821593 5.098733 -9.691662
v -2.821593 5.098733 -9.683730
v -2.829525 5.098733 -9.683730
v -2.829525 5.098733 -9.691662
v -2.458403 5.098733 -9.691662
v -2.458403 5.098733 -9.683730
v -2.466335 5.098733 -9.683730
v -2.466335 5.098733 -9.691662
v -2.095213 5.098733 -9.691662
v -2.095213 5.098733 -9.683730
v -2.103145 5.098733 -9.683730
v -2.103145 5.098733 -9.691662
v -1.732023 5.098733 -9.691662
v -1.732023 5.098733 -9.683730
v -1.739954 5.098733 -9.683730
v -1.739954 5.098733 -9.691662
v -1.368833 5.098733 -9.691662
v -1.368833 5.098733 -9.683730
v -1.376764 5.098733 -9.683730
v -1.376764 5.098733 -9.691662
v -1.005642 5.098733 -9.691662
v -1.005642 5.098733 -9.683730
v -1.013574 5.098733 -9.683730
v -1.013574 5.098733 -9.691662
v -0.642452 5.098733 -9.691662
v -0.642452 5.098733 -9.683730
v -0.650384 5.098733 -9.683730
v -0.650384 5.098733 -9.691662
v -0.279262 5.098733 -9.691662
v -0.279262 5.098733 -9.683730
v -0.287194 5.098733 -9.683730
v -0.287194 5.098733 -9.691662
v 0.083928 5.098733 -9.691662
v 0.083928 5.098733 -9.683730
v 0.075996 5.098733 -9.683730
v 0.075996 5.098733 -9.691662
v 0.447118 5.098733 -9.691662
v 0.447118 5.098733 -9.683730
v 0.439187 5.098733 -9.683730
v 0.439187 5.098733 -9.691662
v 0.810308 5.098733 -9.691662
v 0.810308 5.098733 -9.683730
v 0.802377 5.098733 -9.683730
v 0.802377 5.098733 -9.691662
v 1.169532 5.104340 -9.691662
v 1.169532 5.104340 -9.683730
v 1.163924 5.098733 -9.683730
v 1.163924 5.098733 -9.691662
v -4.278319 5.104340 -9.342580
v -4.272711 5.098733 -9.342580
v -4.272711 5.098733 -9.334649
v -4.278319 5.104340 -9.334649
v -3.919095 5.098733 -9.334649
v -3.919095 5.098733 -9.342580
v -3.911164 5.098733 -9.342580
v -3.911164 5.098733 -9.334649
v -3.555905 5.098733 -9.334649
v -3.555905 5.098733 -9.342580
v -3.547974 5.098733 -9.342580
v -3.547974 5.098733 -9.334649
v -3.192715 5.098733 -9.334649
v -3.192715 5.098733 -9.342580
v -3.184784 5.098733 -9.342580
v -3.184784 5.098733 -9.334649
v -2.829525 5.098733 -9.334649
v -2.829525 5.098733 -9.342580
v -2.821593 5.098733 -9.342580
v -2.821593 5.098733 -9.334649
v -2.466335 5.098733 -9.334649
v -2.466335 5.098733 -9.342580
v -2.458403 5.098733 -9.342580
v -2.458403 5.098733 -9.334649
v -2.103145 5.098733 -9.334649
v -2.103145 5.098733 -9.342580
v -2.095213 5.098733 -9.342580
v -2.095213 5.098733 -9.334649
v -1.739954 5.098733 -9.334649
v -1.739954 5.098733 -9.342580
v -1.732023 5.098733 -9.342580
v -1.732023 5.098733 -9.334649
v -1.376764 5.098733 -9.334649
v -1.376764 5.098733 -9.342580
v -1.368833 5.098733 -9.342580
v -1.368833 5.098733 -9.334649
v -1.013574 5.098733 -9.334649
v -1.013574 5.098733 -9.342580
v -1.005642 5.098733 -9.342580
v -1.005642 5.098733 -9.334649
v -0.650384 5.098733 -9.334649
v -0.650384 5.098733 -9.342580
v -0.642452 5.098733 -9.342580
v -0.642452 5.098733 -9.334649
v -0.287194 5.098733 -9.334649
v -0.287194 5.098733 -9.342580
v -0.279262 5.098733 -9.342580
v -0.279262 5.098733 -9.334649
v 0.075996 5.098733 -9.334649
v 0.075996 5.098733 -9.342580
v 0.083928 5.098733 -9.342580
v 0.083928 5.098733 -9.334649
v 0.439187 5.098733 -9.334649
v 0.439187 5.098733 -9.342580
v 0.447118 5.098733 -9.342580
v 0.447118 5.098733 -9.334649
v 0.802377 5.098733 -9.334649
v 0.802377 5.098733 -9.342580
v 0.810308 5.098733 -9.342580
v 0.810308 5.098733 -9.334649
v 1.169532 5.104340 -9.334649
v 1.163924 5.098733 -9.334649
v 1.163924 5.098733 -9.342580
v 1.169532 5.104340 -9.342580
v -4.278319 5.104340 -8.993498
v -4.272711 5.098733 -8.993498
v -4.272711 5.098733 -8.985567
v -4.278319 5.104340 -8.985567
v -3.919095 5.098733 -8.985567
v -3.919095 5.098733 -8.993498
v -3.911164 5.098733 -8.993498
v -3.911164 5.098733 -8.985567
v -3.555905 5.098733 -8.985567
v -3.555905 5.098733 -8.993498
v -3.547974 5.098733 -8.993498
v -3.547974 5.098733 -8.985567
v -3.192715 5.098733 -8.985567
v -3.192715 5.098733 -8.993498
v -3.184784 5.098733 -8.993498
v -3.184784 5.098733 -8.985567
v -2.829525 5.098733 -8.985567
v -2.829525 5.098733 -8.993498
v -2.821593 5.098733 -8.993498
v -2.821593 5.098733 -8.985567
v -2.466335 5.098733 -8.985567
v -2.466335 5.098733 -8.993498
v -2.458403 5.098733 -8.993498
v -2.458403 5.098733 -8.985567
v -2.103145 5.098733 -8.985567
v -2.103145 5.098733 -8.993498
v -2.095213 5.098733 -8.993498
v -2.095213 5.098733 -8.985567
v -1.739954 5.098733 -8.985567
v -1.739954 5.098733 -8.993498
v -1.732023 5.098733 -8.993498
v -1.732023 5.098733 -8.985567
v -1.376764 5.098733 -8.985567
v -1.376764 5.098733 -8.993498
v -1.368833 5.098733 -8.993498
v -1.368833 5.098733 -8.985567
v -1.013574 5.098733 -8.985567
v -1.013574 5.098733 -8.993498
v -1.005642 5.098733 -8.993498
v -1.005642 5.098733 -8.985567
v -0.650384 5.098733 -8.985567
v -0.650384 5.098733 -8.993498
v -0.642452 5.098733 -8.993498
v -0.642452 5.098733 -8.985567
v -0.287194 5.098733 -8.985567
v -0.287194 5.098733 -8.993498
v -0.279262 5.098733 -8.993498
v -0.279262 5.098733 -8.985567
v 0.075996 5.098733 -8.985567
v 0.075996 5.098733 -8.993498
v 0.083928 5.098733 -8.993498
v 0.083928 5.098733 -8.985567
v 0.439187 5.098733 -8.985567
v 0.439187 5.098733 -8.993498
v 0.447118 5.098733 -8.993498
v 0.447118 5.098733 -8.985567
v 0.802377 5.098733 -8.985567
v 0.802377 5.098733 -8.993498
v 0.810308 5.098733 -8.993498
v 0.810308 5.098733 -8.985567
v 1.169532 5.104340 -8.985567
v 1.163924 5.098733 -8.985567
v 1.163924 5.098733 -8.993498
v 1.169532 5.104340 -8.993498
v -4.278319 5.104340 -8.644416
v -4.272711 5.098733 -8.644416
v -4.272711 5.098733 -8.636485
v -4.278319 5.104340 -8.636485
v -3.919095 5.098733 -8.636485
v -3.919095 5.098733 -8.644416
v -3.911164 5.098733 -8.644416
v -3.911164 5.098733 -8.636485
v -3.555905 5.098733 -8.636485
v -3.555905 5.098733 -8.644416
v -3.547974 5.098733 -8.644416
v -3.547974 5.098733 -8.636485
v -3.192715 5.098733 -8.636485
v -3.192715 5.098733 -8.644416
v -3.184784 5.098733 -8.644416
v -3.184784 5.098733 -8.636485
v -2.829525 5.098733 -8.636485
v -2.829525 5.098733 -8.644416
v -2.821593 5.098733 -8.644416
v -2.821593 5.098733 -8.636485
v -2.466335 5.098733 -8.636485
v -2.466335 5.098733 -8.644416
v -2.458403 5.098733 -8.644416
v -2.458403 5.098733 -8.636485
v -2.103145 5.098733 -8.636485
v -2.103145 5.098733 -8.644416
v -2.095213 5.098733 -8.644416
v -2.095213 5.098733 -8.636485
v -1.739954 5.098733 -8.636485
v -1.739954 5.098733 -8.644416
v -1.732023 5.098733 -8.644416
v -1.732023 5.098733 -8.636485
v -1.376764 5.098733 -8.636485
v -1.376764 5.098733 -8.644416
v -1.368833 5.098733 -8.644416
v -1.368833 5.098733 -8.636485
v -1.013574 5.098733 -8.636485
v -1.013574 5.098733 -8.644416
v -1.005642 5.098733 -8.644416
v -1.005642 5.098733 -8.636485
v -0.650384 5.098733 -8.636485
v -0.650384 5.098733 -8.644416
v -0.642452 5.098733 -8.644416
v -0.642452 5.098733 -8.636485
v -0.287194 5.098733 -8.636485
v -0.287194 5.098733 -8.644416
v -0.279262 5.098733 -8.644416
v -0.279262 5.098733 -8.636485
v 0.075996 5.098733 -8.636485
v 0.075996 5.098733 -8.644416
v 0.083928 5.098733 -8.644416
v 0.083928 5.098733 -8.636485
v 0.439187 5.098733 -8.636485
v 0.439187 5.098733 -8.644416
v 0.447118 5.098733 -8.644416
v 0.447118 5.098733 -8.636485
v 0.802377 5.098733 -8.636485
v 0.802377 5.098733 -8.644416
v 0.810308 5.098733 -8.644416
v 0.810308 5.098733 -8.636485
v 1.169532 5.104340 -8.636485
v 1.163924 5.098733 -8.636485
v 1.163924 5.098733 -8.644416
v 1.169532 5.104340 -8.644416
v -4.278319 5.104340 -8.295334
v -4.272711 5.098733 -8.295334
v -4.272711 5.098733 -8.287403
v -4.278319 5.104340 -8.287403
v -3.919095 5.098733 -8.287403
v -3.919095 5.098733 -8.295334
v -3.911164 5.098733 -8.295334
v -3.911164 5.098733 -8.287403
v -3.555905 5.098733 -8.287403
v -3.555905 5.098733 -8.295334
v -3.547974 5.098733 -8.295334
v -3.547974 5.098733 -8.287403
v -3.192715 5.098733 -8.287403
v -3.192715 5.098733 -8.295334
v -3.184784 5.098733 -8.295334
v -3.184784 5.098733 -8.287403
v -2.829525 5.098733 -8.287403
v -2.829525 5.098733 -8.295334
v -2.821593 5.098733 -8.295334
v -2.821593 5.098733 -8.287403
v -2.466335 5.098733 -8.287403
v -2.466335 5.098733 -8.295334
v -2.458403 5.098733 -8.295334
v -2.458403 5.098733 -8.287403
v -2.103145 5.098733 -8.287403
v -2.103145 5.098733 -8.295334
v -2.095213 5.098733 -8.295334
v -2.095213 5.098733 -8.287403
v -1.739954 5.098733 -8.287403
v -1.739954 5.098733 -8.295334
v -1.732023 5.098733 -8.295334
v -1.732023 5.098733 -8.287403
v -1.376764 5.098733 -8.287403
v -1.376764 5.098733 -8.295334
v -1.368833 5.098733 -8.295334
v -1.368833 5.098733 -8.287403
v -1.013574 5.098733 -8.287403
v -1.013574 5.098733 -8.295334
v -1.005642 5.098733 -8.295334
v -1.005642 5.098733 -8.287403
v -0.650384 5.098733 -8.287403
v -0.650384 5.098733 -8.295334
v -0.642452 5.098733 -8.295334
v -0.642452 5.098733 -8.287403
v -0.287194 5.098733 -8.287403
v -0.287194 5.098733 -8.295334
v -0.279262 5.098733 -8.295334
v -0.279262 5.098733 -8.287403
v 0.075996 5.098733 -8.287403
v 0.075996 5.098733 -8.295334
v 0.083928 5.098733 -8.295334
v 0.083928 5.098733 -8.287403
v 0.439187 5.098733 -8.287403
v 0.439187 5.098733 -8.295334
v 0.447118 5.098733 -8.295334
v 0.447118 5.098733 -8.287403
v 0.802377 5.098733 -8.287403
v 0.802377 5.098733 -8.295334
v 0.810308 5.098733 -8.295334
v 0.810308 5.098733 -8.287403
v 1.169532 5.104340 -8.287403
v 1.163924 5.098733 -8.287403
v 1.163924 5.098733 -8.295334
v 1.169532 5.104340 -8.295334
v -4.278319 5.104340 -7.946253
v -4.272711 5.098733 -7.946253
v -4.272711 5.098733 -7.938322
v -4.278319 5.104340 -7.938322
v -3.919095 5.098733 -7.938322
v -3.919095 5.098733 -7.946253
v -3.911164 5.098733 -7.946253
v -3.911164 5.098733 -7.938322
v -3.555905 5.098733 -7.938322
v -3.555905 5.098733 -7.946253
v -3.547974 5.098733 -7.946253
v -3.547974 5.098733 -7.938322
v -3.192715 5.098733 -7.938322
v -3.192715 5.098733 -7.946253
v -3.184784 5.098733 -7.946253
v -3.184784 5.098733 -7.938322
v -2.829525 5.098733 -7.938322
v -2.829525 5.098733 -7.946253
v -2.821593 5.098733 -7.946253
v -2.821593 5.098733 -7.938322
v -2.466335 5.098733 -7.938322
v -2.466335 5.098733 -7.946253
v -2.458403 5.098733 -7.946253
v -2.458403 5.098733 -7.938322
v -2.103145 5.098733 -7.938322
v -2.103145 5.098733 -7.946253
v -2.095213 5.098733 -7.946253
v -2.095213 5.098733 -7.938322
v -1.739954 5.098733 -7.938322
v -1.739954 5.098733 -7.946253
v -1.732023 5.098733 -7.946253
v -1.732023 5.098733 -7.938322
v -1.376764 5.098733 -7.938322
v -1.376764 5.098733 -7.946253
v -1.368833 5.098733 -7.946253
v -1.368833 5.098733 -7.938322
v -1.013574 5.098733 -7.938322
v -1.013574 5.098733 -7.946253
v -1.005642 5.098733 -7.946253
v -1.005642 5.098733 -7.938322
v -0.650384 5.098733 -7.938322
v -0.650384 5.098733 -7.946253
v -0.642452 5.098733 -7.946253
v -0.642452 5.098733 -7.938322
v -0.287194 5.098733 -7.938322
v -0.287194 5.098733 -7.946253
v -0.279262 5.098733 -7.946253
v -0.279262 5.098733 -7.938322
v 0.075996 5.098733 -7.938322
v 0.075996 5.098733 -7.946253
v 0.083928 5.098733 -7.946253
v 0.083928 5.098733 -7.938322
v 0.439187 5.098733 -7.938322
v 0.439187 5.098733 -7.946253
v 0.447118 5.098733 -7.946253
v 0.447118 5.098733 -7.938322
v 0.802377 5.098733 -7.938322
v 0.802377 5.098733 -7.946253
v 0.810308 5.098733 -7.946253
v 0.810308 5.098733 -7.938322
v 1.169532 5.104340 -7.938322
v 1.163924 5.098733 -7.938322
v 1.163924 5.098733 -7.946253
v 1.169532 5.104340 -7.946253
v -4.278319 5.104340 -7.597172
v -4.272711 5.098733 -7.597172
v -4.272711 5.098733 -7.589240
v -4.278319 5.104340 -7.589240
v -3.919095 5.098733 -7.589240
v -3.919095 5.098733 -7.597172
v -3.911164 5.098733 -7.597172
v -3.911164 5.098733 -7.589240
v -3.555905 5.098733 -7.589240
v -3.555905 5.098733 -7.597172
v -3.547974 5.098733 -7.597172
v -3.547974 5.098733 -7.589240
v -3.192715 5.098733 -7.589240
v -3.192715 5.098733 -7.597172
v -3.184784 5.098733 -7.597172
v -3.184784 5.098733 -7.589240
v -2.829525 5.098733 -7.589240
v -2.829525 5.098733 -7.597172
v -2.821593 5.098733 -7.597172
v -2.821593 5.098733 -7.589240
v -2.466335 5.098733 -7.589240
v -2.466335 5.098733 -7.597172
v -2.458403 5.098733 -7.597172
v -2.458403 5.098733 -7.589240
v -2.103145 5.098733 -7.589240
v -2.103145 5.098733 -7.597172
v -2.095213 5.098733 -7.597172
v -2.095213 5.098733 -7.589240
v -1.739954 5.098733 -7.589240
v -1.739954 5.098733 -7.597172
v -1.732023 5.098733 -7.597172
v -1.732023 5.098733 -7.589240
v -1.376764 5.098733 -7.589240
v -1.376764 5.098733 -7.597172
v -1.368833 5.098733 -7.597172
v -1.368833 5.098733 -7.589240
v -1.013574 5.098733 -7.589240
v -1.013574 5.098733 -7.597172
v -1.005642 5.098733 -7.597172
v -1.005642 5.098733 -7.589240
v -0.650384 5.098733 -7.589240
v -0.650384 5.098733 -7.597172
v -0.642452 5.098733 -7.597172
v -0.642452 5.098733 -7.589240
v -0.287194 5.098733 -7.589240
v -0.287194 5.098733 -7.597172
v -0.279262 5.098733 -7.597172
v -0.279262 5.098733 -7.589240
v 0.075996 5.098733 -7.589240
v 0.075996 5.098733 -7.597172
v 0.083928 5.098733 -7.597172
v 0.083928 5.098733 -7.589240
v 0.439187 5.098733 -7.589240
v 0.439187 5.098733 -7.597172
v 0.447118 5.098733 -7.597172
v 0.447118 5.098733 -7.589240
v 0.802377 5.098733 -7.589240
v 0.802377 5.098733 -7.597172
v 0.810308 5.098733 -7.597172
v 0.810308 5.098733 -7.589240
v 1.169532 5.104340 -7.589240
v 1.163924 5.098733 -7.589240
v 1.163924 5.098733 -7.597172
v 1.169532 5.104340 -7.597172
v -4.278319 5.104340 -7.248090
v -4.272711 5.098733 -7.248090
v -4.272711 5.098733 -7.240159
v -4.278319 5.104340 -7.240159
v -3.919095 5.098733 -7.240159
v -3.919095 5.098733 -7.248090
v -3.911164 5.098733 -7.248090
v -3.911164 5.098733 -7.240159
v -3.555905 5.098733 -7.240159
v -3.555905 5.098733 -7.248090
v -3.547974 5.098733 -7.248090
v -3.547974 5.098733 -7.240159
v -3.192715 5.098733 -7.240159
v -3.192715 5.098733 -7.248090
v -3.184784 5.098733 -7.248090
v -3.184784 5.098733 -7.240159
v -2.829525 5.098733 -7.240159
v -2.829525 5.098733 -7.248090
v -2.821593 5.098733 -7.248090
v -2.821593 5.098733 -7.240159
v -2.466335 5.098733 -7.240159
v -2.466335 5.098733 -7.248090
v -2.458403 5.098733 -7.248090
v -2.458403 5.098733 -7.240159
v -2.103145 5.098733 -7.240159
v -2.103145 5.098733 -7.248090
v -2.095213 5.098733 -7.248090
v -2.095213 5.098733 -7.240159
v -1.739954 5.098733 -7.240159
v -1.739954 5.098733 -7.248090
v -1.732023 5.098733 -7.248090
v -1.732023 5.098733 -7.240159
v -1.376764 5.098733 -7.240159
v -1.376764 5.098733 -7.248090
v -1.368833 5.098733 -7.248090
v -1.368833 5.098733 -7.240159
v -1.013574 5.098733 -7.240159
v -1.013574 5.098733 -7.248090
v -1.005642 5.098733 -7.248090
v -1.005642 5.098733 -7.240159
v -0.650384 5.098733 -7.240159
v -0.650384 5.098733 -7.248090
v -0.642452 5.098733 -7.248090
v -0.642452 5.098733 -7.240159
v -0.287194 5.098733 -7.240159
v -0.287194 5.098733 -7.248090
v -0.279262 5.098733 -7.248090
v -0.279262 5.098733 -7.240159
v 0.075996 5.098733 -7.240159
v 0.075996 5.098733 -7.248090
v 0.083928 5.098733 -7.248090
v 0.083928 5.098733 -7.240159
v 0.439187 5.098733 -7.240159
v 0.439187 5.098733 -7.248090
v 0.447118 5.098733 -7.248090
v 0.447118 5.098733 -7.240159
v 0.802377 5.098733 -7.240159
v 0.802377 5.098733 -7.248090
v 0.810308 5.098733 -7.248090
v 0.810308 5.098733 -7.240159
v 1.169532 5.104340 -7.240159
v 1.163924 5.098733 -7.240159
v 1.163924 5.098733 -7.248090
v 1.169532 5.104340 -7.248090
v -4.278319 5.104340 -6.899009
v -4.272711 5.098733 -6.899009
v -4.272711 5.098733 -6.891077
v -4.278319 5.104340 -6.891077
v -3.919095 5.098733 -6.891077
v -3.919095 5.098733 -6.899009
v -3.911164 5.098733 -6.899009
v -3.911164 5.098733 -6.891077
v -3.555905 5.098733 -6.891077
v -3.555905 5.098733 -6.899009
v -3.547974 5.098733 -6.899009
v -3.547974 5.098733 -6.891077
v -3.192715 5.098733 -6.891077
v -3.192715 5.098733 -6.899009
v -3.184784 5.098733 -6.899009
v -3.184784 5.098733 -6.891077
v -2.829525 5.098733 -6.891077
v -2.829525 5.098733 -6.899009
v -2.821593 5.098733 -6.899009
v -2.821593 5.098733 -6.891077
v -2.466335 5.098733 -6.891077
v -2.466335 5.098733 -6.899009
v -2.458403 5.098733 -6.899009
v -2.458403 5.098733 -6.891077
v -2.103145 5.098733 -6.891077
v -2.103145 5.098733 -6.899009
v -2.095213 5.098733 -6.899009
v -2.095213 5.098733 -6.891077
v -1.739954 5.098733 -6.891077
v -1.739954 5.098733 -6.899009
v -1.732023 5.098733 -6.899009
v -1.732023 5.098733 -6.891077
v -1.376764 5.098733 -6.891077
v -1.376764 5.098733 -6.899009
v -1.368833 5.098733 -6.899009
v -1.368833 5.098733 -6.891077
v -1.013574 5.098733 -6.891077
v -1.013574 5.098733 -6.899009
v -1.005642 5.098733 -6.899009
v -1.005642 5.098733 -6.891077
v -0.650384 5.098733 -6.891077
v -0.650384 5.098733 -6.899009
v -0.642452 5.098733 -6.899009
v -0.642452 5.098733 -6.891077
v -0.287194 5.098733 -6.891077
v -0.287194 5.098733 -6.899009
v -0.279262 5.098733 -6.899009
v -0.279262 5.098733 -6.891077
v 0.075996 5.098733 -6.891077
v 0.075996 5.098733 -6.899009
v 0.083928 5.098733 -6.899009
v 0.083928 5.098733 -6.891077
v 0.439187 5.098733 -6.891077
v 0.439187 5.098733 -6.899009
v 0.447118 5.098733 -6.899009
v 0.447118 5.098733 -6.891077
v 0.802377 5.098733 -6.891077
v 0.802377 5.098733 -6.899009
v 0.810308 5.098733 -6.899009
v 0.810308 5.098733 -6.891077
v 1.169532 5.104340 -6.891077
v 1.163924 5.098733 -6.891077
v 1.163924 5.098733 -6.899009
v 1.169532 5.104340 -6.899009
v -4.278319 5.104340 -6.549926
v -4.272711 5.098733 -6.549926
v -4.272711 5.098733 -6.541995
v -4.278319 5.104340 -6.541995
v -3.919095 5.098733 -6.541995
v -3.919095 5.098733 -6.549926
v -3.911164 5.098733 -6.549926
v -3.911164 5.098733 -6.541995
v -3.555905 5.098733 -6.541995
v -3.555905 5.098733 -6.549926
v -3.547974 5.098733 -6.549926
v -3.547974 5.098733 -6.541995
v -3.192715 5.098733 -6.541995
v -3.192715 5.098733 -6.549926
v -3.184784 5.098733 -6.549926
v -3.184784 5.098733 -6.541995
v -2.829525 5.098733 -6.541995
v -2.829525 5.098733 -6.549926
v -2.821593 5.098733 -6.549926
v -2.821593 5.098733 -6.541995
v -2.466335 5.098733 -6.541995
v -2.466335 5.098733 -6.549926
v -2.458403 5.098733 -6.549926
v -2.458403 5.098733 -6.541995
v -2.103145 5.098733 -6.541995
v -2.103145 5.098733 -6.549926
v -2.095213 5.098733 -6.549926
v -2.095213 5.098733 -6.541995
v -1.739954 5.098733 -6.541995
v -1.739954 5.098733 -6.549926
v -1.732023 5.098733 -6.549926
v -1.732023 5.098733 -6.541995
v -1.376764 5.098733 -6.541995
v -1.376764 5.098733 -6.549926
v -1.368833 5.098733 -6.549926
v -1.368833 5.098733 -6.541995
v -1.013574 5.098733 -6.541995
v -1.013574 5.098733 -6.549926
v -1.005642 5.098733 -6.549926
v -1.005642 5.098733 -6.541995
v -0.650384 5.098733 -6.541995
v -0.650384 5.098733 -6.549926
v -0.642452 5.098733 -6.549926
v -0.642452 5.098733 -6.541995
v -0.287194 5.098733 -6.541995
v -0.287194 5.098733 -6.549926
v -0.279262 5.098733 -6.549926
v -0.279262 5.098733 -6.541995
v 0.075996 5.098733 -6.541995
v 0.075996 5.098733 -6.549926
v 0.083928 5.098733 -6.549926
v 0.083928 5.098733 -6.541995
v 0.439187 5.098733 -6.541995
v 0.439187 5.098733 -6.549926
v 0.447118 5.098733 -6.549926
v 0.447118 5.098733 -6.541995
v 0.802377 5.098733 -6.541995
v 0.802377 5.098733 -6.549926
v 0.810308 5.098733 -6.549926
v 0.810308 5.098733 -6.541995
v 1.169532 5.104340 -6.541995
v 1.163924 5.098733 -6.541995
v 1.163924 5.098733 -6.549926
v 1.169532 5.104340 -6.549926
v -3.909312 5.243908 -7.604502
v -3.915129 5.249403 -7.598701
v -3.909747 5.249291 -7.593206
v -3.903140 5.243908 -7.599024
v -3.547880 5.243908 -7.602739
v -3.556094 5.243908 -7.602960
v -3.563258 5.243908 -7.598698
v -3.555899 5.249508 -7.593206
v -3.547986 5.249499 -7.593206
v -3.540621 5.243908 -7.598698
v -3.547974 5.243909 -7.951600
v -3.555905 5.243909 -7.951600
v -3.561788 5.243909 -7.946253
v -3.561788 5.243909 -7.938322
v -3.555905 5.243909 -7.932975
v -3.547974 5.243909 -7.932975
v -3.542090 5.243909 -7.938322
v -3.542090 5.243909 -7.946253
v -3.909638 5.243908 -7.952951
v -3.915129 5.249508 -7.946247
v -3.915129 5.249500 -7.938333
v -3.909780 5.243908 -7.931898
v -3.905046 5.243908 -7.938227
v -3.905046 5.243908 -7.946347
v -3.184689 5.243908 -7.602739
v -3.192903 5.243908 -7.602960
v -3.200068 5.243908 -7.598698
v -3.192709 5.249508 -7.593206
v -3.184796 5.249499 -7.593206
v -3.177431 5.243908 -7.598698
v -3.184784 5.243909 -7.951600
v -3.192715 5.243909 -7.951600
v -3.198598 5.243909 -7.946253
v -3.198598 5.243909 -7.938322
v -3.192715 5.243909 -7.932975
v -3.184784 5.243909 -7.932975
v -3.178900 5.243909 -7.938322
v -3.178900 5.243909 -7.946253
v -2.821499 5.243908 -7.602740
v -2.829713 5.243908 -7.602960
v -2.836878 5.243908 -7.598698
v -2.829519 5.249508 -7.593206
v -2.821606 5.249499 -7.593206
v -2.814241 5.243908 -7.598698
v -2.815710 5.243909 -7.938322
v -2.815710 5.243909 -7.946253
v -2.821593 5.243909 -7.951600
v -2.829525 5.243909 -7.951600
v -2.835408 5.243909 -7.946253
v -2.835408 5.243909 -7.938322
v -2.829525 5.243909 -7.932975
v -2.821593 5.243909 -7.932975
v -2.466335 5.243908 -7.598815
v -2.466335 5.249516 -7.593206
v -2.458403 5.249516 -7.593206
v -2.458403 5.243908 -7.598815
v -2.458403 5.243909 -7.938322
v -2.452520 5.243909 -7.946253
v -2.458403 5.243909 -7.951600
v -2.466335 5.243909 -7.951600
v -2.472218 5.243909 -7.946253
v -2.466335 5.243909 -7.938322
v -2.103145 5.243908 -7.598815
v -2.103145 5.249516 -7.593206
v -2.095213 5.249516 -7.593206
v -2.095213 5.243908 -7.598815
v -2.095213 5.243909 -7.938322
v -2.089330 5.243909 -7.946253
v -2.095213 5.243909 -7.951600
v -2.103145 5.243909 -7.951600
v -2.109028 5.243909 -7.946253
v -2.103145 5.243909 -7.938322
v -1.739954 5.243908 -7.598815
v -1.739954 5.249516 -7.593206
v -1.732023 5.249516 -7.593206
v -1.732023 5.243908 -7.598815
v -1.732023 5.243909 -7.938322
v -1.726140 5.243909 -7.946253
v -1.732023 5.243909 -7.951600
v -1.739954 5.243909 -7.951600
v -1.745837 5.243909 -7.946253
v -1.739954 5.243909 -7.938322
v -1.376764 5.243908 -7.598815
v -1.376764 5.249516 -7.593206
v -1.368833 5.249516 -7.593206
v -1.368833 5.243908 -7.598815
v -1.368833 5.243909 -7.938322
v -1.362950 5.243909 -7.946253
v -1.368833 5.243909 -7.951600
v -1.376764 5.243909 -7.951600
v -1.382647 5.243909 -7.946253
v -1.376764 5.243909 -7.938322
v -1.013574 5.243908 -7.598815
v -1.013574 5.249516 -7.593206
v -1.005642 5.249516 -7.593206
v -1.005642 5.243908 -7.598815
v -1.005642 5.243909 -7.938322
v -0.999759 5.243909 -7.946253
v -1.005642 5.243909 -7.951600
v -1.013574 5.243909 -7.951600
v -1.019457 5.243909 -7.946253
v -1.013574 5.243909 -7.938322
v -0.657736 5.243908 -7.598698
v -0.650378 5.249508 -7.593206
v -0.642464 5.249499 -7.593206
v -0.635392 5.243908 -7.598557
v -0.642358 5.243908 -7.602739
v -0.650478 5.243908 -7.602739
v -0.650384 5.243909 -7.932975
v -0.642452 5.243909 -7.932975
v -0.636569 5.243909 -7.938322
v -0.636569 5.243909 -7.946253
v -0.642452 5.243909 -7.951600
v -0.650384 5.243909 -7.951600
v -0.656267 5.243909 -7.946253
v -0.656267 5.243909 -7.938322
v -0.279168 5.243908 -7.602739
v -0.287382 5.243908 -7.602960
v -0.294546 5.243908 -7.598698
v -0.287188 5.249508 -7.593206
v -0.279274 5.249499 -7.593206
v -0.271910 5.243908 -7.598698
v -0.279262 5.243909 -7.951600
v -0.287194 5.243909 -7.951600
v -0.293077 5.243909 -7.946253
v -0.293077 5.243909 -7.938322
v -0.287194 5.243909 -7.932975
v -0.279262 5.243909 -7.932975
v -0.273379 5.243909 -7.938322
v -0.273379 5.243909 -7.946253
v 0.084022 5.243908 -7.602739
v 0.075808 5.243908 -7.602960
v 0.068644 5.243908 -7.598698
v 0.076002 5.249508 -7.593206
v 0.083916 5.249499 -7.593206
v 0.091281 5.243908 -7.598698
v 0.083928 5.243909 -7.951600
v 0.075996 5.243909 -7.951600
v 0.070113 5.243909 -7.946253
v 0.070113 5.243909 -7.938322
v 0.075996 5.243909 -7.932975
v 0.083928 5.243909 -7.932975
v 0.089811 5.243909 -7.938322
v 0.089811 5.243909 -7.946253
v 0.447212 5.243908 -7.602739
v 0.438998 5.243908 -7.602960
v 0.431834 5.243908 -7.598698
v 0.439193 5.249508 -7.593206
v 0.447106 5.249499 -7.593206
v 0.454471 5.243908 -7.598698
v 0.447118 5.243909 -7.951600
v 0.439187 5.243909 -7.951600
v 0.433304 5.243909 -7.946253
v 0.433303 5.243909 -7.938322
v 0.439187 5.243909 -7.932975
v 0.447118 5.243909 -7.932975
v 0.453002 5.243909 -7.938322
v 0.453001 5.243909 -7.946253
v 0.794354 5.243908 -7.599024
v 0.800847 5.249403 -7.593206
v 0.806342 5.249291 -7.598589
v 0.800525 5.243908 -7.604502
v 0.796259 5.243908 -7.946347
v 0.796025 5.243908 -7.938133
v 0.800851 5.243908 -7.931623
v 0.806342 5.249508 -7.938327
v 0.806342 5.249500 -7.946241
v 0.800851 5.243908 -7.952952
v -3.547974 5.243909 -8.300681
v -3.555905 5.243909 -8.300681
v -3.561788 5.243909 -8.295334
v -3.561788 5.243909 -8.287403
v -3.555905 5.243909 -8.282056
v -3.547974 5.243909 -8.282056
v -3.542090 5.243909 -8.287403
v -3.542090 5.243909 -8.295334
v -3.909638 5.243908 -8.302033
v -3.915129 5.249508 -8.295329
v -3.915129 5.249500 -8.287415
v -3.909780 5.243908 -8.280980
v -3.905046 5.243908 -8.287310
v -3.905046 5.243908 -8.295429
v -3.184784 5.243909 -8.300681
v -3.192715 5.243909 -8.300681
v -3.198598 5.243909 -8.295334
v -3.198598 5.243909 -8.287403
v -3.192715 5.243909 -8.282056
v -3.184784 5.243909 -8.282056
v -3.178900 5.243909 -8.287403
v -3.178900 5.243909 -8.295334
v -2.821593 5.243909 -8.300681
v -2.829525 5.243909 -8.300681
v -2.835408 5.243909 -8.295334
v -2.835408 5.243909 -8.287403
v -2.829525 5.243909 -8.282056
v -2.821593 5.243909 -8.282056
v -2.815710 5.243909 -8.287403
v -2.815710 5.243909 -8.295334
v -2.458403 5.243909 -8.300681
v -2.466335 5.243909 -8.300681
v -2.472218 5.243909 -8.295334
v -2.472218 5.243909 -8.287403
v -2.466335 5.243909 -8.282056
v -2.458403 5.243909 -8.282056
v -2.452520 5.243909 -8.287403
v -2.452520 5.243909 -8.295334
v -2.095213 5.243909 -8.300681
v -2.103145 5.243909 -8.300681
v -2.109028 5.243909 -8.295334
v -2.109028 5.243909 -8.287403
v -2.103145 5.243909 -8.282056
v -2.095213 5.243909 -8.282056
v -2.089330 5.243909 -8.287403
v -2.089330 5.243909 -8.295334
v -1.732023 5.243909 -8.300681
v -1.739954 5.243909 -8.300681
v -1.745838 5.243909 -8.295334
v -1.745837 5.243909 -8.287403
v -1.739954 5.243909 -8.282056
v -1.732023 5.243909 -8.282056
v -1.726140 5.243909 -8.287403
v -1.726140 5.243909 -8.295334
v -1.368833 5.243909 -8.300681
v -1.376764 5.243909 -8.300681
v -1.382647 5.243909 -8.295334
v -1.382647 5.243909 -8.287403
v -1.376764 5.243909 -8.282056
v -1.368833 5.243909 -8.282056
v -1.362950 5.243909 -8.287403
v -1.362949 5.243909 -8.295334
v -1.005642 5.243909 -8.300681
v -1.013574 5.243909 -8.300681
v -1.019457 5.243909 -8.295334
v -1.019457 5.243909 -8.287403
v -1.013574 5.243909 -8.282056
v -1.005642 5.243909 -8.282056
v -0.999759 5.243909 -8.287403
v -0.999759 5.243909 -8.295334
v -0.642452 5.243909 -8.300681
v -0.650384 5.243909 -8.300681
v -0.656267 5.243909 -8.295334
v -0.656267 5.243909 -8.287403
v -0.650384 5.243909 -8.282056
v -0.642452 5.243909 -8.282056
v -0.636569 5.243909 -8.287403
v -0.636569 5.243909 -8.295334
v -0.279262 5.243909 -8.300681
v -0.287194 5.243909 -8.300681
v -0.293077 5.243909 -8.295334
v -0.293077 5.243909 -8.287403
v -0.287194 5.243909 -8.282056
v -0.279262 5.243909 -8.282056
v -0.273379 5.243909 -8.287403
v -0.273379 5.243909 -8.295334
v 0.083928 5.243909 -8.300681
v 0.075996 5.243909 -8.300681
v 0.070113 5.243909 -8.295334
v 0.070113 5.243909 -8.287403
v 0.075996 5.243909 -8.282056
v 0.083928 5.243909 -8.282056
v 0.089811 5.243909 -8.287403
v 0.089811 5.243909 -8.295334
v 0.447118 5.243909 -8.300681
v 0.439187 5.243909 -8.300681
v 0.433303 5.243909 -8.295334
v 0.433304 5.243909 -8.287403
v 0.439187 5.243909 -8.282056
v 0.447118 5.243909 -8.282056
v 0.453001 5.243909 -8.287403
v 0.453002 5.243909 -8.295334
v 0.796259 5.243908 -8.295429
v 0.796025 5.243908 -8.287215
v 0.800851 5.243908 -8.280704
v 0.806342 5.249508 -8.287410
v 0.806342 5.249500 -8.295323
v 0.800851 5.243908 -8.302033
v -3.547974 5.243909 -8.649763
v -3.555905 5.243909 -8.649763
v -3.561788 5.243909 -8.644416
v -3.561788 5.243909 -8.636485
v -3.555905 5.243909 -8.631138
v -3.547974 5.243909 -8.631138
v -3.542090 5.243909 -8.636485
v -3.542090 5.243909 -8.644416
v -3.909638 5.243908 -8.651114
v -3.915129 5.249508 -8.644410
v -3.915129 5.249500 -8.636497
v -3.909780 5.243908 -8.630061
v -3.905046 5.243908 -8.636390
v -3.905046 5.243908 -8.644510
v -3.184784 5.243909 -8.649763
v -3.192715 5.243909 -8.649763
v -3.198598 5.243909 -8.644416
v -3.198598 5.243909 -8.636485
v -3.192715 5.243909 -8.631138
v -3.184784 5.243909 -8.631138
v -3.178900 5.243909 -8.636485
v -3.178900 5.243909 -8.644416
v -2.821593 5.243909 -8.649763
v -2.829525 5.243909 -8.649763
v -2.835408 5.243909 -8.644416
v -2.835408 5.243909 -8.636485
v -2.829525 5.243909 -8.631138
v -2.821593 5.243909 -8.631138
v -2.815710 5.243909 -8.636485
v -2.815710 5.243909 -8.644416
v -2.458403 5.243909 -8.649763
v -2.466335 5.243909 -8.649763
v -2.472218 5.243909 -8.644416
v -2.472218 5.243909 -8.636485
v -2.466335 5.243909 -8.631138
v -2.458403 5.243909 -8.631138
v -2.452520 5.243909 -8.636485
v -2.452520 5.243909 -8.644416
v -2.095213 5.243909 -8.649763
v -2.103145 5.243909 -8.649763
v -2.109028 5.243909 -8.644416
v -2.109028 5.243909 -8.636485
v -2.103145 5.243909 -8.631138
v -2.095213 5.243909 -8.631138
v -2.089330 5.243909 -8.636485
v -2.089330 5.243909 -8.644416
v -1.732023 5.243909 -8.649763
v -1.739954 5.243909 -8.649763
v -1.745837 5.243909 -8.644416
v -1.745837 5.243909 -8.636485
v -1.739954 5.243909 -8.631138
v -1.732023 5.243909 -8.631138
v -1.726140 5.243909 -8.636485
v -1.726140 5.243909 -8.644416
v -1.368833 5.243909 -8.649763
v -1.376764 5.243909 -8.649763
v -1.382647 5.243909 -8.644416
v -1.382647 5.243909 -8.636485
v -1.376764 5.243909 -8.631138
v -1.368833 5.243909 -8.631138
v -1.362950 5.243909 -8.636485
v -1.362950 5.243909 -8.644416
v -1.005642 5.243909 -8.649763
v -1.013574 5.243909 -8.649763
v -1.019457 5.243909 -8.644416
v -1.019457 5.243909 -8.636485
v -1.013574 5.243909 -8.631138
v -1.005642 5.243909 -8.631138
v -0.999759 5.243909 -8.636485
v -0.999759 5.243909 -8.644416
v -0.642452 5.243909 -8.649763
v -0.650384 5.243909 -8.649763
v -0.656267 5.243909 -8.644416
v -0.656267 5.243909 -8.636485
v -0.650384 5.243909 -8.631138
v -0.642452 5.243909 -8.631138
v -0.636569 5.243909 -8.636485
v -0.636569 5.243909 -8.644416
v -0.279262 5.243909 -8.649763
v -0.287194 5.243909 -8.649763
v -0.293077 5.243909 -8.644416
v -0.293077 5.243909 -8.636485
v -0.287194 5.243909 -8.631138
v -0.279262 5.243909 -8.631138
v -0.273379 5.243909 -8.636485
v -0.273379 5.243909 -8.644416
v 0.083928 5.243909 -8.649763
v 0.075996 5.243909 -8.649763
v 0.070113 5.243909 -8.644416
v 0.070113 5.243909 -8.636485
v 0.075996 5.243909 -8.631138
v 0.083928 5.243909 -8.631138
v 0.089811 5.243909 -8.636485
v 0.089811 5.243909 -8.644416
v 0.447118 5.243909 -8.649763
v 0.439187 5.243909 -8.649763
v 0.433304 5.243909 -8.644416
v 0.433304 5.243909 -8.636485
v 0.439187 5.243909 -8.631138
v 0.447118 5.243909 -8.631138
v 0.453001 5.243909 -8.636485
v 0.453001 5.243909 -8.644416
v 0.796259 5.243908 -8.644510
v 0.796025 5.243908 -8.636296
v 0.800851 5.243908 -8.629786
v 0.806342 5.249508 -8.636491
v 0.806342 5.249500 -8.644404
v 0.800851 5.243908 -8.651114
v -3.540621 5.243908 -8.984040
v -3.547980 5.249508 -8.989532
v -3.555893 5.249499 -8.989532
v -3.562966 5.243908 -8.984182
v -3.555999 5.243908 -8.979999
v -3.547880 5.243908 -8.979999
v -3.903140 5.243908 -8.983715
v -3.909634 5.249403 -8.989532
v -3.915129 5.249291 -8.984150
v -3.909312 5.243908 -8.978236
v -3.177431 5.243908 -8.984040
v -3.184790 5.249508 -8.989532
v -3.192703 5.249499 -8.989532
v -3.199775 5.243908 -8.984182
v -3.192809 5.243908 -8.979999
v -3.184689 5.243908 -8.979999
v -2.814241 5.243908 -8.984040
v -2.821599 5.249508 -8.989532
v -2.829513 5.249499 -8.989532
v -2.836585 5.243908 -8.984182
v -2.829619 5.243908 -8.979999
v -2.821499 5.243908 -8.979999
v -2.451051 5.243908 -8.984040
v -2.458409 5.249508 -8.989532
v -2.466323 5.249499 -8.989532
v -2.473395 5.243908 -8.984182
v -2.466429 5.243908 -8.979999
v -2.458309 5.243908 -8.979999
v -2.087861 5.243908 -8.984040
v -2.095219 5.249508 -8.989532
v -2.103132 5.249499 -8.989532
v -2.110205 5.243908 -8.984182
v -2.103239 5.243908 -8.979999
v -2.095119 5.243908 -8.979999
v -1.724670 5.243908 -8.984040
v -1.732029 5.249508 -8.989532
v -1.739942 5.249499 -8.989532
v -1.747015 5.243908 -8.984182
v -1.740049 5.243908 -8.979999
v -1.731928 5.243908 -8.979999
v -1.361480 5.243908 -8.984040
v -1.368839 5.249508 -8.989532
v -1.376752 5.249499 -8.989532
v -1.383825 5.243908 -8.984182
v -1.376858 5.243908 -8.979999
v -1.368739 5.243908 -8.979999
v -0.998290 5.243908 -8.984040
v -1.005648 5.249508 -8.989532
v -1.013562 5.249499 -8.989532
v -1.020634 5.243908 -8.984182
v -1.013668 5.243908 -8.979999
v -1.005548 5.243908 -8.979999
v -0.635100 5.243908 -8.984040
v -0.642458 5.249508 -8.989532
v -0.650372 5.249499 -8.989532
v -0.657444 5.243908 -8.984182
v -0.650478 5.243908 -8.979999
v -0.642358 5.243908 -8.979999
v -0.271910 5.243908 -8.984040
v -0.279268 5.249508 -8.989532
v -0.287182 5.249499 -8.989532
v -0.294254 5.243908 -8.984182
v -0.287288 5.243908 -8.979999
v -0.279168 5.243908 -8.979999
v 0.091280 5.243908 -8.984040
v 0.083922 5.249508 -8.989532
v 0.076008 5.249499 -8.989532
v 0.068936 5.243908 -8.984182
v 0.075902 5.243908 -8.979999
v 0.084022 5.243908 -8.979999
v 0.454471 5.243908 -8.984040
v 0.447112 5.249508 -8.989532
v 0.439199 5.249499 -8.989532
v 0.432126 5.243908 -8.984182
v 0.439093 5.243908 -8.979999
v 0.447212 5.243908 -8.979999
v 0.800525 5.243908 -8.978236
v 0.806342 5.249403 -8.984038
v 0.800960 5.249291 -8.989532
v 0.794354 5.243908 -8.983715
v -3.890916 5.249398 -7.621968
v -3.896593 5.243908 -7.616590
v -3.891030 5.243908 -7.610773
v -3.885415 5.249410 -7.616478
v -3.581654 5.249410 -7.616478
v -3.576039 5.243908 -7.610829
v -3.570424 5.243908 -7.616590
v -3.576152 5.249398 -7.621968
v -3.576152 5.249398 -7.913526
v -3.570475 5.243909 -7.918904
v -3.576038 5.243909 -7.924721
v -3.581654 5.249410 -7.919016
v -3.885415 5.249410 -7.919016
v -3.891029 5.243908 -7.924664
v -3.896644 5.243908 -7.918903
v -3.890916 5.249398 -7.913526
v -3.527727 5.249398 -7.621968
v -3.533404 5.243908 -7.616589
v -3.527841 5.243908 -7.610773
v -3.522225 5.249410 -7.616478
v -3.218464 5.249410 -7.616478
v -3.212849 5.243908 -7.610829
v -3.207234 5.243908 -7.616590
v -3.212962 5.249398 -7.621968
v -3.212962 5.249398 -7.913526
v -3.207286 5.243909 -7.918904
v -3.212848 5.243909 -7.924721
v -3.218464 5.249410 -7.919016
v -3.522225 5.249410 -7.919016
v -3.527840 5.243909 -7.924664
v -3.533455 5.243909 -7.918903
v -3.527727 5.249398 -7.913526
v -3.164537 5.249398 -7.621968
v -3.170214 5.243908 -7.616589
v -3.164651 5.243908 -7.610773
v -3.159035 5.249410 -7.616478
v -2.855273 5.249410 -7.616478
v -2.849659 5.243908 -7.610829
v -2.844044 5.243908 -7.616590
v -2.849772 5.249398 -7.621968
v -2.849772 5.249398 -7.913526
v -2.844095 5.243909 -7.918904
v -2.849658 5.243909 -7.924721
v -2.855273 5.249410 -7.919016
v -3.159035 5.249410 -7.919016
v -3.164650 5.243909 -7.924664
v -3.170265 5.243909 -7.918903
v -3.164537 5.249398 -7.913526
v -0.622205 5.249398 -7.621968
v -0.627882 5.243908 -7.616589
v -0.622319 5.243908 -7.610773
v -0.616704 5.249410 -7.616478
v -0.312942 5.249410 -7.616478
v -0.307328 5.243908 -7.610829
v -0.301712 5.243908 -7.616590
v -0.307441 5.249398 -7.621968
v -0.307441 5.249398 -7.913526
v -0.301764 5.243909 -7.918904
v -0.307327 5.243909 -7.924721
v -0.312942 5.249410 -7.919016
v -0.616704 5.249410 -7.919016
v -0.622318 5.243909 -7.924664
v -0.627934 5.243909 -7.918903
v -0.622205 5.249398 -7.913526
v -0.259015 5.249398 -7.621968
v -0.264692 5.243908 -7.616589
v -0.259129 5.243908 -7.610773
v -0.253514 5.249410 -7.616478
v 0.050248 5.249410 -7.616478
v 0.055862 5.243908 -7.610829
v 0.061478 5.243908 -7.616590
v 0.055749 5.249398 -7.621968
v 0.055749 5.249398 -7.913526
v 0.061426 5.243909 -7.918904
v 0.055864 5.243909 -7.924721
v 0.050248 5.249410 -7.919016
v -0.253514 5.249410 -7.919016
v -0.259128 5.243909 -7.924664
v -0.264743 5.243909 -7.918903
v -0.259015 5.249398 -7.913526
v 0.104175 5.249398 -7.621968
v 0.098498 5.243908 -7.616589
v 0.104061 5.243908 -7.610773
v 0.109676 5.249410 -7.616478
v 0.413438 5.249410 -7.616478
v 0.419053 5.243908 -7.610829
v 0.424668 5.243908 -7.616590
v 0.418940 5.249398 -7.621968
v 0.418940 5.249398 -7.913526
v 0.424617 5.243909 -7.918904
v 0.419054 5.243909 -7.924721
v 0.413438 5.249410 -7.919016
v 0.109676 5.249410 -7.919016
v 0.104062 5.243909 -7.924664
v 0.098447 5.243909 -7.918903
v 0.104175 5.249398 -7.913526
v 0.467365 5.249398 -7.621968
v 0.461689 5.243908 -7.616590
v 0.467251 5.243908 -7.610773
v 0.472867 5.249410 -7.616478
v 0.776628 5.249410 -7.616478
v 0.782243 5.243908 -7.610829
v 0.787858 5.243908 -7.616590
v 0.782130 5.249398 -7.621968
v 0.782130 5.249398 -7.913526
v 0.787807 5.243908 -7.918904
v 0.782244 5.243908 -7.924721
v 0.776628 5.249410 -7.919016
v 0.472867 5.249410 -7.919016
v 0.467252 5.243909 -7.924664
v 0.461637 5.243909 -7.918903
v 0.467365 5.249398 -7.913526
v -3.890916 5.249398 -7.971049
v -3.896593 5.243908 -7.965671
v -3.891030 5.243908 -7.959854
v -3.885415 5.249410 -7.965559
v -3.581654 5.249410 -7.965559
v -3.576039 5.243909 -7.959911
v -3.570424 5.243909 -7.965672
v -3.576152 5.249398 -7.971049
v -3.576152 5.249398 -8.262608
v -3.570475 5.243909 -8.267985
v -3.576038 5.243909 -8.273803
v -3.581654 5.249410 -8.268097
v -3.885415 5.249410 -8.268097
v -3.891029 5.243908 -8.273745
v -3.896644 5.243908 -8.267984
v -3.890916 5.249398 -8.262608
v -3.527727 5.249398 -7.971049
v -3.533404 5.243909 -7.965671
v -3.527841 5.243909 -7.959854
v -3.522225 5.249410 -7.965559
v -3.218464 5.249410 -7.965559
v -3.212849 5.243909 -7.959911
v -3.207234 5.243909 -7.965672
v -3.212962 5.249398 -7.971049
v -3.212962 5.249398 -8.262608
v -3.207286 5.243909 -8.267985
v -3.212848 5.243909 -8.273803
v -3.218464 5.249410 -8.268097
v -3.522225 5.249410 -8.268097
v -3.527840 5.243909 -8.273745
v -3.533455 5.243909 -8.267984
v -3.527727 5.249398 -8.262608
v -3.164537 5.249398 -7.971049
v -3.170214 5.243909 -7.965671
v -3.164651 5.243909 -7.959854
v -3.159035 5.249410 -7.965559
v -2.855273 5.249410 -7.965559
v -2.849659 5.243909 -7.959911
v -2.844044 5.243909 -7.965672
v -2.849772 5.249398 -7.971049
v -2.849772 5.249398 -8.262608
v -2.844095 5.243909 -8.267985
v -2.849658 5.243909 -8.273803
v -2.855273 5.249410 -8.268097
v -3.159035 5.249410 -8.268097
v -3.164650 5.243909 -8.273745
v -3.170265 5.243909 -8.267984
v -3.164537 5.249398 -8.262608
v -2.801346 5.249398 -7.971049
v -2.807023 5.243909 -7.965671
v -2.801460 5.243909 -7.959854
v -2.795844 5.249410 -7.965559
v -2.492083 5.249410 -7.965559
v -2.486469 5.243909 -7.959911
v -2.480854 5.243909 -7.965672
v -2.486582 5.249398 -7.971049
v -2.486582 5.249398 -8.262608
v -2.480905 5.243909 -8.267985
v -2.486468 5.243909 -8.273803
v -2.492083 5.249410 -8.268097
v -2.795844 5.249410 -8.268097
v -2.801459 5.243909 -8.273745
v -2.807074 5.243909 -8.267984
v -2.801346 5.249398 -8.262608
v -2.438156 5.249398 -7.971049
v -2.443833 5.243909 -7.965671
v -2.438270 5.243909 -7.959854
v -2.432655 5.249410 -7.965559
v -2.128893 5.249410 -7.965559
v -2.123279 5.243909 -7.959911
v -2.117663 5.243909 -7.965672
v -2.123392 5.249398 -7.971049
v -2.123392 5.249398 -8.262608
v -2.117715 5.243909 -8.267985
v -2.123277 5.243909 -8.273803
v -2.128893 5.249410 -8.268097
v -2.432655 5.249410 -8.268097
v -2.438269 5.243909 -8.273745
v -2.443884 5.243909 -8.267984
v -2.438156 5.249398 -8.262608
v -2.074966 5.249398 -7.971049
v -2.080643 5.243909 -7.965671
v -2.075080 5.243909 -7.959854
v -2.069464 5.249410 -7.965559
v -1.765703 5.249410 -7.965559
v -1.760088 5.243909 -7.959911
v -1.754473 5.243909 -7.965672
v -1.760201 5.249398 -7.971049
v -1.760201 5.249398 -8.262608
v -1.754524 5.243909 -8.267985
v -1.760087 5.243909 -8.273803
v -1.765703 5.249410 -8.268097
v -2.069464 5.249410 -8.268097
v -2.075079 5.243909 -8.273745
v -2.080694 5.243909 -8.267984
v -2.074966 5.249398 -8.262608
v -1.711776 5.249398 -7.971049
v -1.717453 5.243909 -7.965671
v -1.711890 5.243909 -7.959854
v -1.706275 5.249410 -7.965559
v -1.402513 5.249410 -7.965559
v -1.396898 5.243909 -7.959911
v -1.391283 5.243909 -7.965672
v -1.397011 5.249398 -7.971049
v -1.397011 5.249398 -8.262608
v -1.391334 5.243909 -8.267985
v -1.396897 5.243909 -8.273803
v -1.402513 5.249410 -8.268097
v -1.706275 5.249410 -8.268097
v -1.711889 5.243909 -8.273745
v -1.717504 5.243909 -8.267984
v -1.711776 5.249398 -8.262608
v -1.348586 5.249398 -7.971049
v -1.354263 5.243909 -7.965671
v -1.348700 5.243909 -7.959854
v -1.343084 5.249410 -7.965559
v -1.039322 5.249410 -7.965559
v -1.033708 5.243909 -7.959911
v -1.028093 5.243909 -7.965672
v -1.033821 5.249398 -7.971049
v -1.033821 5.249398 -8.262608
v -1.028144 5.243909 -8.267985
v -1.033707 5.243909 -8.273803
v -1.039322 5.249410 -8.268097
v -1.343084 5.249410 -8.268097
v -1.348699 5.243909 -8.273745
v -1.354314 5.243909 -8.267984
v -1.348586 5.249398 -8.262608
v -0.985395 5.249398 -7.971049
v -0.991072 5.243909 -7.965671
v -0.985510 5.243909 -7.959854
v -0.979894 5.249410 -7.965559
v -0.676132 5.249410 -7.965559
v -0.670518 5.243909 -7.959911
v -0.664903 5.243909 -7.965672
v -0.670631 5.249398 -7.971049
v -0.670631 5.249398 -8.262608
v -0.664954 5.243909 -8.267985
v -0.670517 5.243909 -8.273803
v -0.676132 5.249410 -8.268097
v -0.979894 5.249410 -8.268097
v -0.985508 5.243909 -8.273745
v -0.991124 5.243909 -8.267984
v -0.985395 5.249398 -8.262608
v -0.622205 5.249398 -7.971049
v -0.627882 5.243909 -7.965671
v -0.622319 5.243909 -7.959854
v -0.616704 5.249410 -7.965559
v -0.312942 5.249410 -7.965559
v -0.307328 5.243909 -7.959911
v -0.301712 5.243909 -7.965672
v -0.307441 5.249398 -7.971049
v -0.307441 5.249398 -8.262608
v -0.301764 5.243909 -8.267985
v -0.307327 5.243909 -8.273803
v -0.312942 5.249410 -8.268097
v -0.616704 5.249410 -8.268097
v -0.622318 5.243909 -8.273745
v -0.627934 5.243909 -8.267984
v -0.622205 5.249398 -8.262608
v -0.259015 5.249398 -7.971049
v -0.264692 5.243909 -7.965671
v -0.259129 5.243909 -7.959854
v -0.253514 5.249410 -7.965559
v 0.050248 5.249410 -7.965559
v 0.055862 5.243909 -7.959911
v 0.061478 5.243909 -7.965672
v 0.055749 5.249398 -7.971049
v 0.055749 5.249398 -8.262608
v 0.061426 5.243909 -8.267985
v 0.055864 5.243909 -8.273803
v 0.050248 5.249410 -8.268097
v -0.253514 5.249410 -8.268097
v -0.259128 5.243909 -8.273745
v -0.264743 5.243909 -8.267984
v -0.259015 5.249398 -8.262608
v 0.104175 5.249398 -7.971049
v 0.098498 5.243909 -7.965671
v 0.104061 5.243909 -7.959854
v 0.109676 5.249410 -7.965559
v 0.413438 5.249410 -7.965559
v 0.419053 5.243909 -7.959911
v 0.424668 5.243909 -7.965672
v 0.418940 5.249398 -7.971049
v 0.418940 5.249398 -8.262608
v 0.424617 5.243909 -8.267985
v 0.419054 5.243909 -8.273803
v 0.413438 5.249410 -8.268097
v 0.109676 5.249410 -8.268097
v 0.104062 5.243909 -8.273745
v 0.098447 5.243909 -8.267984
v 0.104175 5.249398 -8.262608
v 0.467365 5.249398 -7.971049
v 0.461689 5.243909 -7.965671
v 0.467251 5.243909 -7.959854
v 0.472867 5.249410 -7.965559
v 0.776628 5.249410 -7.965559
v 0.782243 5.243908 -7.959911
v 0.787858 5.243908 -7.965672
v 0.782130 5.249398 -7.971049
v 0.782130 5.249398 -8.262608
v 0.787807 5.243908 -8.267985
v 0.782244 5.243908 -8.273803
v 0.776628 5.249410 -8.268097
v 0.472867 5.249410 -8.268097
v 0.467252 5.243909 -8.273745
v 0.461637 5.243909 -8.267984
v 0.467365 5.249398 -8.262608
v -3.890916 5.249398 -8.320130
v -3.896593 5.243908 -8.314752
v -3.891030 5.243908 -8.308935
v -3.885415 5.249410 -8.314641
v -3.581654 5.249410 -8.314641
v -3.576039 5.243909 -8.308992
v -3.570424 5.243909 -8.314753
v -3.576152 5.249398 -8.320130
v -3.576152 5.249398 -8.611688
v -3.570475 5.243909 -8.617067
v -3.576038 5.243909 -8.622883
v -3.581654 5.249410 -8.617178
v -3.885415 5.249410 -8.617178
v -3.891029 5.243908 -8.622827
v -3.896644 5.243908 -8.617066
v -3.890916 5.249398 -8.611688
v -3.527727 5.249398 -8.320130
v -3.533404 5.243909 -8.314752
v -3.527841 5.243909 -8.308935
v -3.522225 5.249410 -8.314641
v -3.218464 5.249410 -8.314641
v -3.212849 5.243909 -8.308992
v -3.207234 5.243909 -8.314753
v -3.212962 5.249398 -8.320130
v -3.212962 5.249398 -8.611688
v -3.207286 5.243909 -8.617067
v -3.212848 5.243909 -8.622883
v -3.218464 5.249410 -8.617178
v -3.522225 5.249410 -8.617178
v -3.527840 5.243909 -8.622827
v -3.533455 5.243909 -8.617066
v -3.527727 5.249398 -8.611688
v -3.164537 5.249398 -8.320130
v -3.170214 5.243909 -8.314752
v -3.164651 5.243909 -8.308935
v -3.159035 5.249410 -8.314641
v -2.855273 5.249410 -8.314641
v -2.849659 5.243909 -8.308992
v -2.844044 5.243909 -8.314753
v -2.849772 5.249398 -8.320130
v -2.849772 5.249398 -8.611688
v -2.844095 5.243909 -8.617067
v -2.849658 5.243909 -8.622883
v -2.855273 5.249410 -8.617178
v -3.159035 5.249410 -8.617178
v -3.164650 5.243909 -8.622827
v -3.170265 5.243909 -8.617066
v -3.164537 5.249398 -8.611688
v -2.801346 5.249398 -8.320130
v -2.807023 5.243909 -8.314752
v -2.801460 5.243909 -8.308935
v -2.795844 5.249410 -8.314641
v -2.492083 5.249410 -8.314641
v -2.486469 5.243909 -8.308992
v -2.480854 5.243909 -8.314753
v -2.486582 5.249398 -8.320130
v -2.486582 5.249398 -8.611688
v -2.480905 5.243909 -8.617067
v -2.486468 5.243909 -8.622883
v -2.492083 5.249410 -8.617178
v -2.795844 5.249410 -8.617178
v -2.801459 5.243909 -8.622827
v -2.807074 5.243909 -8.617066
v -2.801346 5.249398 -8.611688
v -2.438156 5.249398 -8.320130
v -2.443833 5.243909 -8.314752
v -2.438270 5.243909 -8.308935
v -2.432655 5.249410 -8.314641
v -2.128893 5.249410 -8.314641
v -2.123279 5.243909 -8.308992
v -2.117663 5.243909 -8.314753
v -2.123392 5.249398 -8.320130
v -2.123392 5.249398 -8.611688
v -2.117715 5.243909 -8.617067
v -2.123277 5.243909 -8.622883
v -2.128893 5.249410 -8.617178
v -2.432655 5.249410 -8.617178
v -2.438269 5.243909 -8.622827
v -2.443884 5.243909 -8.617066
v -2.438156 5.249398 -8.611688
v -2.074966 5.249398 -8.320130
v -2.080643 5.243909 -8.314752
v -2.075080 5.243909 -8.308935
v -2.069464 5.249410 -8.314641
v -1.765703 5.249410 -8.314641
v -1.760088 5.243909 -8.308992
v -1.754473 5.243909 -8.314753
v -1.760201 5.249398 -8.320130
v -1.760201 5.249398 -8.611688
v -1.754524 5.243909 -8.617067
v -1.760087 5.243909 -8.622883
v -1.765703 5.249410 -8.617178
v -2.069464 5.249410 -8.617178
v -2.075079 5.243909 -8.622827
v -2.080694 5.243909 -8.617066
v -2.074966 5.249398 -8.611688
v -1.711776 5.249398 -8.320130
v -1.717453 5.243909 -8.314752
v -1.711890 5.243909 -8.308935
v -1.706275 5.249410 -8.314641
v -1.402513 5.249410 -8.314641
v -1.396898 5.243909 -8.308992
v -1.391283 5.243909 -8.314753
v -1.397011 5.249398 -8.320130
v -1.397011 5.249398 -8.611688
v -1.391334 5.243909 -8.617067
v -1.396897 5.243909 -8.622883
v -1.402513 5.249410 -8.617178
v -1.706275 5.249410 -8.617178
v -1.711889 5.243909 -8.622827
v -1.717504 5.243909 -8.617066
v -1.711776 5.249398 -8.611688
v -1.348586 5.249398 -8.320130
v -1.354263 5.243909 -8.314752
v -1.348700 5.243909 -8.308935
v -1.343084 5.249410 -8.314641
v -1.039322 5.249410 -8.314641
v -1.033708 5.243909 -8.308992
v -1.028093 5.243909 -8.314753
v -1.033821 5.249398 -8.320130
v -1.033821 5.249398 -8.611688
v -1.028144 5.243909 -8.617067
v -1.033707 5.243909 -8.622883
v -1.039322 5.249410 -8.617178
v -1.343084 5.249410 -8.617178
v -1.348699 5.243909 -8.622827
v -1.354314 5.243909 -8.617066
v -1.348586 5.249398 -8.611688
v -0.985395 5.249398 -8.320130
v -0.991072 5.243909 -8.314752
v -0.985510 5.243909 -8.308935
v -0.979894 5.249410 -8.314641
v -0.676132 5.249410 -8.314641
v -0.670518 5.243909 -8.308992
v -0.664903 5.243909 -8.314753
v -0.670631 5.249398 -8.320130
v -0.670631 5.249398 -8.611688
v -0.664954 5.243909 -8.617067
v -0.670517 5.243909 -8.622883
v -0.676132 5.249410 -8.617178
v -0.979894 5.249410 -8.617178
v -0.985508 5.243909 -8.622827
v -0.991124 5.243909 -8.617066
v -0.985395 5.249398 -8.611688
v -0.622205 5.249398 -8.320130
v -0.627882 5.243909 -8.314752
v -0.622319 5.243909 -8.308935
v -0.616704 5.249410 -8.314641
v -0.312942 5.249410 -8.314641
v -0.307328 5.243909 -8.308992
v -0.301712 5.243909 -8.314753
v -0.307441 5.249398 -8.320130
v -0.307441 5.249398 -8.611688
v -0.301764 5.243909 -8.617067
v -0.307327 5.243909 -8.622883
v -0.312942 5.249410 -8.617178
v -0.616704 5.249410 -8.617178
v -0.622318 5.243909 -8.622827
v -0.627934 5.243909 -8.617066
v -0.622205 5.249398 -8.611688
v -0.259015 5.249398 -8.320130
v -0.264692 5.243909 -8.314752
v -0.259130 5.243909 -8.308935
v -0.253514 5.249410 -8.314641
v 0.050248 5.249410 -8.314641
v 0.055862 5.243909 -8.308992
v 0.061478 5.243909 -8.314753
v 0.055749 5.249398 -8.320130
v 0.055749 5.249398 -8.611688
v 0.061426 5.243909 -8.617067
v 0.055864 5.243909 -8.622883
v 0.050248 5.249410 -8.617178
v -0.253514 5.249410 -8.617178
v -0.259128 5.243909 -8.622827
v -0.264743 5.243909 -8.617066
v -0.259015 5.249398 -8.611688
v 0.104175 5.249398 -8.320130
v 0.098498 5.243909 -8.314752
v 0.104061 5.243909 -8.308935
v 0.109676 5.249410 -8.314641
v 0.413438 5.249410 -8.314641
v 0.419053 5.243909 -8.308992
v 0.424668 5.243909 -8.314753
v 0.418940 5.249398 -8.320130
v 0.418940 5.249398 -8.611688
v 0.424617 5.243909 -8.617067
v 0.419054 5.243909 -8.622883
v 0.413438 5.249410 -8.617178
v 0.109676 5.249410 -8.617178
v 0.104062 5.243909 -8.622827
v 0.098447 5.243909 -8.617066
v 0.104175 5.249398 -8.611688
v 0.467365 5.249398 -8.320130
v 0.461689 5.243909 -8.314752
v 0.467251 5.243909 -8.308935
v 0.472867 5.249410 -8.314641
v 0.776628 5.249410 -8.314641
v 0.782243 5.243908 -8.308992
v 0.787858 5.243908 -8.314753
v 0.782130 5.249398 -8.320130
v 0.782130 5.249398 -8.611688
v 0.787807 5.243908 -8.617067
v 0.782244 5.243908 -8.622883
v 0.776628 5.249410 -8.617178
v 0.472867 5.249410 -8.617178
v 0.467252 5.243909 -8.622827
v 0.461637 5.243909 -8.617066
v 0.467365 5.249398 -8.611688
v -3.890916 5.249398 -8.669212
v -3.896593 5.243908 -8.663834
v -3.891030 5.243908 -8.658017
v -3.885415 5.249410 -8.663723
v -3.581654 5.249410 -8.663723
v -3.576039 5.243909 -8.658074
v -3.570424 5.243909 -8.663835
v -3.576152 5.249398 -8.669212
v -3.576152 5.249398 -8.960770
v -3.570475 5.243908 -8.966148
v -3.576038 5.243908 -8.971965
v -3.581654 5.249410 -8.966259
v -3.885415 5.249410 -8.966259
v -3.891029 5.243908 -8.971908
v -3.896644 5.243908 -8.966147
v -3.890916 5.249398 -8.960770
v -3.527727 5.249398 -8.669212
v -3.533404 5.243909 -8.663834
v -3.527841 5.243909 -8.658017
v -3.522225 5.249410 -8.663723
v -3.218464 5.249410 -8.663723
v -3.212849 5.243909 -8.658074
v -3.207234 5.243909 -8.663835
v -3.212962 5.249398 -8.669212
v -3.212962 5.249398 -8.960770
v -3.207286 5.243908 -8.966148
v -3.212848 5.243908 -8.971965
v -3.218464 5.249410 -8.966259
v -3.522225 5.249410 -8.966259
v -3.527840 5.243908 -8.971908
v -3.533455 5.243908 -8.966147
v -3.527727 5.249398 -8.960770
v -3.164537 5.249398 -8.669212
v -3.170214 5.243909 -8.663834
v -3.164651 5.243909 -8.658017
v -3.159035 5.249410 -8.663723
v -2.855273 5.249410 -8.663723
v -2.849659 5.243909 -8.658074
v -2.844044 5.243909 -8.663835
v -2.849772 5.249398 -8.669212
v -2.849772 5.249398 -8.960770
v -2.844095 5.243908 -8.966148
v -2.849658 5.243908 -8.971965
v -2.855273 5.249410 -8.966259
v -3.159035 5.249410 -8.966259
v -3.164650 5.243908 -8.971908
v -3.170265 5.243908 -8.966147
v -3.164537 5.249398 -8.960770
v -2.801346 5.249398 -8.669212
v -2.807023 5.243909 -8.663834
v -2.801460 5.243909 -8.658017
v -2.795844 5.249410 -8.663723
v -2.492083 5.249410 -8.663723
v -2.486469 5.243909 -8.658074
v -2.480854 5.243909 -8.663835
v -2.486582 5.249398 -8.669212
v -2.486582 5.249398 -8.960770
v -2.480905 5.243908 -8.966148
v -2.486468 5.243908 -8.971965
v -2.492083 5.249410 -8.966259
v -2.795844 5.249410 -8.966259
v -2.801459 5.243908 -8.971908
v -2.807074 5.243908 -8.966147
v -2.801346 5.249398 -8.960770
v -2.438156 5.249398 -8.669212
v -2.443833 5.243909 -8.663834
v -2.438270 5.243909 -8.658017
v -2.432655 5.249410 -8.663723
v -2.128893 5.249410 -8.663723
v -2.123279 5.243909 -8.658074
v -2.117663 5.243909 -8.663835
v -2.123392 5.249398 -8.669212
v -2.123392 5.249398 -8.960770
v -2.117715 5.243908 -8.966148
v -2.123277 5.243908 -8.971965
v -2.128893 5.249410 -8.966259
v -2.432655 5.249410 -8.966259
v -2.438269 5.243908 -8.971908
v -2.443884 5.243908 -8.966147
v -2.438156 5.249398 -8.960770
v -2.074966 5.249398 -8.669212
v -2.080643 5.243909 -8.663834
v -2.075080 5.243909 -8.658017
v -2.069464 5.249410 -8.663723
v -1.765703 5.249410 -8.663723
v -1.760088 5.243909 -8.658074
v -1.754473 5.243909 -8.663835
v -1.760201 5.249398 -8.669212
v -1.760201 5.249398 -8.960770
v -1.754524 5.243908 -8.966148
v -1.760087 5.243908 -8.971965
v -1.765703 5.249410 -8.966259
v -2.069464 5.249410 -8.966259
v -2.075079 5.243908 -8.971908
v -2.080694 5.243908 -8.966147
v -2.074966 5.249398 -8.960770
v -1.711776 5.249398 -8.669212
v -1.717453 5.243909 -8.663834
v -1.711890 5.243909 -8.658017
v -1.706275 5.249410 -8.663723
v -1.402513 5.249410 -8.663723
v -1.396898 5.243909 -8.658074
v -1.391283 5.243909 -8.663835
v -1.397011 5.249398 -8.669212
v -1.397011 5.249398 -8.960770
v -1.391334 5.243908 -8.966148
v -1.396897 5.243908 -8.971965
v -1.402513 5.249410 -8.966259
v -1.706275 5.249410 -8.966259
v -1.711889 5.243908 -8.971908
v -1.717504 5.243908 -8.966147
v -1.711776 5.249398 -8.960770
v -1.348586 5.249398 -8.669212
v -1.354263 5.243909 -8.663834
v -1.348700 5.243909 -8.658017
v -1.343084 5.249410 -8.663723
v -1.039322 5.249410 -8.663723
v -1.033708 5.243909 -8.658074
v -1.028093 5.243909 -8.663835
v -1.033821 5.249398 -8.669212
v -1.033821 5.249398 -8.960770
v -1.028144 5.243908 -8.966148
v -1.033707 5.243908 -8.971965
v -1.039322 5.249410 -8.966259
v -1.343084 5.249410 -8.966259
v -1.348699 5.243908 -8.971908
v -1.354314 5.243908 -8.966147
v -1.348586 5.249398 -8.960770
v -0.985395 5.249398 -8.669212
v -0.991072 5.243909 -8.663834
v -0.985510 5.243909 -8.658017
v -0.979894 5.249410 -8.663723
v -0.676132 5.249410 -8.663723
v -0.670518 5.243909 -8.658074
v -0.664903 5.243909 -8.663835
v -0.670631 5.249398 -8.669212
v -0.670631 5.249398 -8.960770
v -0.664954 5.243908 -8.966148
v -0.670517 5.243908 -8.971965
v -0.676132 5.249410 -8.966259
v -0.979894 5.249410 -8.966259
v -0.985508 5.243908 -8.971908
v -0.991124 5.243908 -8.966147
v -0.985395 5.249398 -8.960770
v -0.622205 5.249398 -8.669212
v -0.627882 5.243909 -8.663834
v -0.622319 5.243909 -8.658017
v -0.616704 5.249410 -8.663723
v -0.312942 5.249410 -8.663723
v -0.307328 5.243909 -8.658074
v -0.301712 5.243909 -8.663835
v -0.307441 5.249398 -8.669212
v -0.307441 5.249398 -8.960770
v -0.301764 5.243908 -8.966148
v -0.307327 5.243908 -8.971965
v -0.312942 5.249410 -8.966259
v -0.616704 5.249410 -8.966259
v -0.622318 5.243908 -8.971908
v -0.627934 5.243908 -8.966147
v -0.622205 5.249398 -8.960770
v -0.259015 5.249398 -8.669212
v -0.264692 5.243909 -8.663834
v -0.259129 5.243909 -8.658017
v -0.253514 5.249410 -8.663723
v 0.050248 5.249410 -8.663723
v 0.055862 5.243909 -8.658074
v 0.061478 5.243909 -8.663835
v 0.055749 5.249398 -8.669212
v 0.055749 5.249398 -8.960770
v 0.061426 5.243908 -8.966148
v 0.055864 5.243908 -8.971965
v 0.050248 5.249410 -8.966259
v -0.253514 5.249410 -8.966259
v -0.259128 5.243908 -8.971908
v -0.264743 5.243908 -8.966147
v -0.259015 5.249398 -8.960770
v 0.104175 5.249398 -8.669212
v 0.098498 5.243909 -8.663834
v 0.104061 5.243909 -8.658017
v 0.109676 5.249410 -8.663723
v 0.413438 5.249410 -8.663723
v 0.419053 5.243909 -8.658074
v 0.424668 5.243909 -8.663835
v 0.418940 5.249398 -8.669212
v 0.418940 5.249398 -8.960770
v 0.424617 5.243908 -8.966148
v 0.419054 5.243908 -8.971965
v 0.413438 5.249410 -8.966259
v 0.109676 5.249410 -8.966259
v 0.104062 5.243908 -8.971908
v 0.098447 5.243908 -8.966147
v 0.104175 5.249398 -8.960770
v 0.467365 5.249398 -8.669212
v 0.461689 5.243909 -8.663834
v 0.467251 5.243909 -8.658017
v 0.472867 5.249410 -8.663723
v 0.776628 5.249410 -8.663723
v 0.782243 5.243908 -8.658074
v 0.787858 5.243908 -8.663835
v 0.782130 5.249398 -8.669212
v 0.782130 5.249398 -8.960770
v 0.787807 5.243908 -8.966148
v 0.782244 5.243908 -8.971965
v 0.776628 5.249410 -8.966259
v 0.472867 5.249410 -8.966259
v 0.467252 5.243908 -8.971908
v 0.461637 5.243908 -8.966147
v 0.467365 5.249398 -8.960770
v -3.890916 5.277783 -7.622087
v -3.885308 5.277783 -7.616478
v -3.885308 5.283391 -7.622087
v -3.581761 5.283391 -7.622087
v -3.581761 5.277783 -7.616478
v -3.576152 5.277783 -7.622087
v -3.581761 5.283392 -7.913407
v -3.576152 5.277783 -7.913407
v -3.581761 5.277783 -7.919016
v -3.885308 5.283391 -7.913407
v -3.885308 5.277783 -7.919016
v -3.890916 5.277783 -7.913407
v -3.527727 5.277783 -7.622087
v -3.522118 5.277783 -7.616478
v -3.522118 5.283391 -7.622087
v -3.218570 5.283391 -7.622087
v -3.218570 5.277783 -7.616478
v -3.212962 5.277783 -7.622087
v -3.218570 5.283392 -7.913407
v -3.212962 5.277783 -7.913407
v -3.218570 5.277783 -7.919016
v -3.522118 5.283392 -7.913407
v -3.522118 5.277783 -7.919016
v -3.527727 5.277783 -7.913407
v -3.164537 5.277783 -7.622087
v -3.158928 5.277783 -7.616478
v -3.158928 5.283391 -7.622087
v -2.855380 5.283391 -7.622087
v -2.855380 5.277783 -7.616478
v -2.849772 5.277783 -7.622087
v -2.855380 5.283392 -7.913407
v -2.849772 5.277783 -7.913407
v -2.855380 5.277783 -7.919016
v -3.158928 5.283392 -7.913407
v -3.158928 5.277783 -7.919016
v -3.164537 5.277783 -7.913407
v -0.622205 5.277783 -7.622087
v -0.616597 5.277783 -7.616478
v -0.616597 5.283391 -7.622087
v -0.313049 5.283391 -7.622087
v -0.313049 5.277783 -7.616478
v -0.307441 5.277783 -7.622087
v -0.313049 5.283392 -7.913407
v -0.307441 5.277783 -7.913407
v -0.313049 5.277783 -7.919016
v -0.616597 5.283392 -7.913407
v -0.616597 5.277783 -7.919016
v -0.622205 5.277783 -7.913407
v -0.259015 5.277783 -7.622087
v -0.253407 5.277783 -7.616478
v -0.253407 5.283391 -7.622087
v 0.050141 5.283391 -7.622087
v 0.050141 5.277783 -7.616478
v 0.055749 5.277783 -7.622087
v 0.050141 5.283392 -7.913407
v 0.055749 5.277783 -7.913407
v 0.050141 5.277783 -7.919016
v -0.253407 5.283392 -7.913407
v -0.253407 5.277783 -7.919016
v -0.259015 5.277783 -7.913407
v 0.104175 5.277783 -7.622087
v 0.109783 5.277783 -7.616478
v 0.109783 5.283391 -7.622087
v 0.413331 5.283391 -7.622087
v 0.413331 5.277783 -7.616478
v 0.418940 5.277783 -7.622087
v 0.413331 5.283392 -7.913407
v 0.418940 5.277783 -7.913407
v 0.413331 5.277783 -7.919016
v 0.109783 5.283392 -7.913407
v 0.109783 5.277783 -7.919016
v 0.104175 5.277783 -7.913407
v 0.467365 5.277783 -7.622087
v 0.472974 5.277783 -7.616478
v 0.472974 5.283391 -7.622087
v 0.776522 5.283391 -7.622087
v 0.776522 5.277783 -7.616478
v 0.782130 5.277783 -7.622087
v 0.776522 5.283391 -7.913407
v 0.782130 5.277783 -7.913407
v 0.776522 5.277783 -7.919016
v 0.472974 5.283392 -7.913407
v 0.472974 5.277783 -7.919016
v 0.467365 5.277783 -7.913407
v -3.890916 5.277783 -7.971168
v -3.885308 5.277783 -7.965559
v -3.885308 5.283391 -7.971168
v -3.581761 5.283392 -7.971168
v -3.581761 5.277783 -7.965559
v -3.576152 5.277783 -7.971168
v -3.581761 5.283392 -8.262488
v -3.576152 5.277783 -8.262488
v -3.581761 5.277783 -8.268097
v -3.885308 5.283391 -8.262488
v -3.885308 5.277783 -8.268097
v -3.890916 5.277783 -8.262488
v -3.527727 5.277783 -7.971168
v -3.522118 5.277783 -7.965559
v -3.522118 5.283392 -7.971168
v -3.218570 5.283392 -7.971168
v -3.218570 5.277783 -7.965559
v -3.212962 5.277783 -7.971168
v -3.218570 5.283392 -8.262488
v -3.212962 5.277783 -8.262488
v -3.218570 5.277783 -8.268097
v -3.522118 5.283392 -8.262488
v -3.522118 5.277783 -8.268097
v -3.527727 5.277783 -8.262488
v -3.164537 5.277783 -7.971168
v -3.158928 5.277783 -7.965559
v -3.158928 5.283392 -7.971168
v -2.855380 5.283392 -7.971168
v -2.855380 5.277783 -7.965559
v -2.849772 5.277783 -7.971168
v -2.855380 5.283392 -8.262488
v -2.849772 5.277783 -8.262488
v -2.855380 5.277783 -8.268097
v -3.158928 5.283392 -8.262488
v -3.158928 5.277783 -8.268097
v -3.164537 5.277783 -8.262488
v -2.801346 5.277783 -7.971168
v -2.795738 5.277783 -7.965559
v -2.795738 5.283392 -7.971168
v -2.492190 5.283392 -7.971168
v -2.492190 5.277783 -7.965559
v -2.486582 5.277783 -7.971168
v -2.492190 5.283392 -8.262488
v -2.486582 5.277783 -8.262488
v -2.492190 5.277783 -8.268097
v -2.795738 5.283392 -8.262488
v -2.795738 5.277783 -8.268097
v -2.801346 5.277783 -8.262488
v -2.438156 5.277783 -7.971168
v -2.432548 5.277783 -7.965559
v -2.432548 5.283392 -7.971168
v -2.129000 5.283392 -7.971168
v -2.129000 5.277783 -7.965559
v -2.123392 5.277783 -7.971168
v -2.129000 5.283392 -8.262488
v -2.123392 5.277783 -8.262488
v -2.129000 5.277783 -8.268097
v -2.432548 5.283392 -8.262488
v -2.432548 5.277783 -8.268097
v -2.438156 5.277783 -8.262488
v -2.074966 5.277783 -7.971168
v -2.069358 5.277783 -7.965559
v -2.069358 5.283392 -7.971168
v -1.765809 5.283392 -7.971168
v -1.765809 5.277783 -7.965559
v -1.760201 5.277783 -7.971168
v -1.765809 5.283392 -8.262488
v -1.760201 5.277783 -8.262488
v -1.765809 5.277783 -8.268097
v -2.069358 5.283392 -8.262488
v -2.069358 5.277783 -8.268097
v -2.074966 5.277783 -8.262488
v -1.711776 5.277783 -7.971168
v -1.706168 5.277783 -7.965559
v -1.706168 5.283392 -7.971168
v -1.402620 5.283392 -7.971168
v -1.402620 5.277783 -7.965559
v -1.397011 5.277783 -7.971168
v -1.402620 5.283392 -8.262488
v -1.397011 5.277783 -8.262488
v -1.402620 5.277783 -8.268097
v -1.706168 5.283392 -8.262488
v -1.706168 5.277783 -8.268097
v -1.711776 5.277783 -8.262488
v -1.348586 5.277783 -7.971168
v -1.342977 5.277783 -7.965559
v -1.342977 5.283392 -7.971168
v -1.039429 5.283392 -7.971168
v -1.039429 5.277783 -7.965559
v -1.033821 5.277783 -7.971168
v -1.039429 5.283392 -8.262488
v -1.033821 5.277783 -8.262488
v -1.039429 5.277783 -8.268097
v -1.342977 5.283392 -8.262488
v -1.342977 5.277783 -8.268097
v -1.348586 5.277783 -8.262488
v -0.985395 5.277783 -7.971168
v -0.979787 5.277783 -7.965559
v -0.979787 5.283392 -7.971168
v -0.676239 5.283392 -7.971168
v -0.676239 5.277783 -7.965559
v -0.670631 5.277783 -7.971168
v -0.676239 5.283392 -8.262488
v -0.670631 5.277783 -8.262488
v -0.676239 5.277783 -8.268097
v -0.979787 5.283392 -8.262488
v -0.979787 5.277783 -8.268097
v -0.985395 5.277783 -8.262488
v -0.622205 5.277783 -7.971168
v -0.616597 5.277783 -7.965559
v -0.616597 5.283392 -7.971168
v -0.313049 5.283392 -7.971168
v -0.313049 5.277783 -7.965559
v -0.307441 5.277783 -7.971168
v -0.313049 5.283392 -8.262488
v -0.307441 5.277783 -8.262488
v -0.313049 5.277783 -8.268097
v -0.616597 5.283392 -8.262488
v -0.616597 5.277783 -8.268097
v -0.622205 5.277783 -8.262488
v -0.259015 5.277783 -7.971168
v -0.253407 5.277783 -7.965559
v -0.253407 5.283392 -7.971168
v 0.050141 5.283392 -7.971168
v 0.050141 5.277783 -7.965559
v 0.055749 5.277783 -7.971168
v 0.050141 5.283392 -8.262488
v 0.055749 5.277783 -8.262488
v 0.050141 5.277783 -8.268097
v -0.253407 5.283392 -8.262488
v -0.253407 5.277783 -8.268097
v -0.259015 5.277783 -8.262488
v 0.104175 5.277783 -7.971168
v 0.109783 5.277783 -7.965559
v 0.109783 5.283392 -7.971168
v 0.413331 5.283392 -7.971168
v 0.413331 5.277783 -7.965559
v 0.418940 5.277783 -7.971168
v 0.413331 5.283392 -8.262488
v 0.418940 5.277783 -8.262488
v 0.413331 5.277783 -8.268097
v 0.109783 5.283392 -8.262488
v 0.109783 5.277783 -8.268097
v 0.104175 5.277783 -8.262488
v 0.467365 5.277783 -7.971168
v 0.472974 5.277783 -7.965559
v 0.472974 5.283392 -7.971168
v 0.776522 5.283391 -7.971168
v 0.776522 5.277783 -7.965559
v 0.782130 5.277783 -7.971168
v 0.776522 5.283391 -8.262488
v 0.782130 5.277783 -8.262488
v 0.776522 5.277783 -8.268097
v 0.472974 5.283392 -8.262488
v 0.472974 5.277783 -8.268097
v 0.467365 5.277783 -8.262488
v -3.890916 5.277783 -8.320249
v -3.885308 5.277783 -8.314641
v -3.885308 5.283391 -8.320249
v -3.581761 5.283392 -8.320249
v -3.581761 5.277783 -8.314641
v -3.576152 5.277783 -8.320249
v -3.581761 5.283392 -8.611570
v -3.576152 5.277783 -8.611570
v -3.581761 5.277783 -8.617178
v -3.885308 5.283391 -8.611570
v -3.885308 5.277783 -8.617178
v -3.890916 5.277783 -8.611570
v -3.527727 5.277783 -8.320249
v -3.522118 5.277783 -8.314641
v -3.522118 5.283392 -8.320249
v -3.218570 5.283392 -8.320249
v -3.218570 5.277783 -8.314641
v -3.212962 5.277783 -8.320249
v -3.218570 5.283392 -8.611570
v -3.212962 5.277783 -8.611570
v -3.218570 5.277783 -8.617178
v -3.522118 5.283392 -8.611570
v -3.522118 5.277783 -8.617178
v -3.527727 5.277783 -8.611570
v -3.164537 5.277783 -8.320249
v -3.158928 5.277783 -8.314641
v -3.158928 5.283392 -8.320249
v -2.855380 5.283392 -8.320249
v -2.855380 5.277783 -8.314641
v -2.849772 5.277783 -8.320249
v -2.855380 5.283392 -8.611570
v -2.849772 5.277783 -8.611570
v -2.855380 5.277783 -8.617178
v -3.158928 5.283392 -8.611570
v -3.158928 5.277783 -8.617178
v -3.164537 5.277783 -8.611570
v -2.801346 5.277783 -8.320249
v -2.795738 5.277783 -8.314641
v -2.795738 5.283392 -8.320249
v -2.492190 5.283392 -8.320249
v -2.492190 5.277783 -8.314641
v -2.486582 5.277783 -8.320249
v -2.492190 5.283392 -8.611570
v -2.486582 5.277783 -8.611570
v -2.492190 5.277783 -8.617178
v -2.795738 5.283392 -8.611570
v -2.795738 5.277783 -8.617178
v -2.801346 5.277783 -8.611570
v -2.438156 5.277783 -8.320249
v -2.432548 5.277783 -8.314641
v -2.432548 5.283392 -8.320249
v -2.129000 5.283392 -8.320249
v -2.129000 5.277783 -8.314641
v -2.123392 5.277783 -8.320249
v -2.129000 5.283392 -8.611570
v -2.123392 5.277783 -8.611570
v -2.129000 5.277783 -8.617178
v -2.432548 5.283392 -8.611570
v -2.432548 5.277783 -8.617178
v -2.438156 5.277783 -8.611570
v -2.074966 5.277783 -8.320249
v -2.069358 5.277783 -8.314641
v -2.069358 5.283392 -8.320249
v -1.765809 5.283392 -8.320249
v -1.765809 5.277783 -8.314641
v -1.760201 5.277783 -8.320249
v -1.765809 5.283392 -8.611570
v -1.760201 5.277783 -8.611570
v -1.765809 5.277783 -8.617178
v -2.069358 5.283392 -8.611570
v -2.069358 5.277783 -8.617178
v -2.074966 5.277783 -8.611570
v -1.711776 5.277783 -8.320249
v -1.706168 5.277783 -8.314641
v -1.706168 5.283392 -8.320249
v -1.402620 5.283392 -8.320249
v -1.402620 5.277783 -8.314641
v -1.397011 5.277783 -8.320249
v -1.402620 5.283392 -8.611570
v -1.397011 5.277783 -8.611570
v -1.402620 5.277783 -8.617178
v -1.706168 5.283392 -8.611570
v -1.706168 5.277783 -8.617178
v -1.711776 5.277783 -8.611570
v -1.348586 5.277783 -8.320249
v -1.342977 5.277783 -8.314641
v -1.342977 5.283392 -8.320249
v -1.039429 5.283392 -8.320249
v -1.039429 5.277783 -8.314641
v -1.033821 5.277783 -8.320249
v -1.039429 5.283392 -8.611570
v -1.033821 5.277783 -8.611570
v -1.039429 5.277783 -8.617178
v -1.342977 5.283392 -8.611570
v -1.342977 5.277783 -8.617178
v -1.348586 5.277783 -8.611570
v -0.985395 5.277783 -8.320249
v -0.979787 5.277783 -8.314641
v -0.979787 5.283392 -8.320249
v -0.676239 5.283392 -8.320249
v -0.676239 5.277783 -8.314641
v -0.670631 5.277783 -8.320249
v -0.676239 5.283392 -8.611570
v -0.670631 5.277783 -8.611570
v -0.676239 5.277783 -8.617178
v -0.979787 5.283392 -8.611570
v -0.979787 5.277783 -8.617178
v -0.985395 5.277783 -8.611570
v -0.622205 5.277783 -8.320249
v -0.616597 5.277783 -8.314641
v -0.616597 5.283392 -8.320249
v -0.313049 5.283392 -8.320249
v -0.313049 5.277783 -8.314641
v -0.307441 5.277783 -8.320249
v -0.313049 5.283392 -8.611570
v -0.307441 5.277783 -8.611570
v -0.313049 5.277783 -8.617178
v -0.616597 5.283392 -8.611570
v -0.616597 5.277783 -8.617178
v -0.622205 5.277783 -8.611570
v -0.259015 5.277783 -8.320249
v -0.253407 5.277783 -8.314641
v -0.253407 5.283392 -8.320249
v 0.050141 5.283392 -8.320249
v 0.050141 5.277783 -8.314641
v 0.055749 5.277783 -8.320249
v 0.050141 5.283392 -8.611570
v 0.055749 5.277783 -8.611570
v 0.050141 5.277783 -8.617178
v -0.253407 5.283392 -8.611570
v -0.253407 5.277783 -8.617178
v -0.259015 5.277783 -8.611570
v 0.104175 5.277783 -8.320249
v 0.109783 5.277783 -8.314641
v 0.109783 5.283392 -8.320249
v 0.413331 5.283392 -8.320249
v 0.413331 5.277783 -8.314641
v 0.418940 5.277783 -8.320249
v 0.413331 5.283392 -8.611570
v 0.418940 5.277783 -8.611570
v 0.413331 5.277783 -8.617178
v 0.109783 5.283392 -8.611570
v 0.109783 5.277783 -8.617178
v 0.104175 5.277783 -8.611570
v 0.467365 5.277783 -8.320249
v 0.472974 5.277783 -8.314641
v 0.472974 5.283392 -8.320249
v 0.776522 5.283391 -8.320249
v 0.776522 5.277783 -8.314641
v 0.782130 5.277783 -8.320249
v 0.776522 5.283391 -8.611570
v 0.782130 5.277783 -8.611570
v 0.776522 5.277783 -8.617178
v 0.472974 5.283392 -8.611570
v 0.472974 5.277783 -8.617178
v 0.467365 5.277783 -8.611570
v -3.890916 5.277783 -8.669330
v -3.885308 5.277783 -8.663723
v -3.885308 5.283391 -8.669330
v -3.581761 5.283392 -8.669330
v -3.581761 5.277783 -8.663723
v -3.576152 5.277783 -8.669330
v -3.581761 5.283391 -8.960651
v -3.576152 5.277783 -8.960651
v -3.581761 5.277783 -8.966259
v -3.885308 5.283391 -8.960651
v -3.885308 5.277783 -8.966259
v -3.890916 5.277783 -8.960651
v -3.527727 5.277783 -8.669330
v -3.522118 5.277783 -8.663723
v -3.522118 5.283392 -8.669330
v -3.218570 5.283392 -8.669330
v -3.218570 5.277783 -8.663723
v -3.212962 5.277783 -8.669330
v -3.218570 5.283391 -8.960651
v -3.212962 5.277783 -8.960651
v -3.218570 5.277783 -8.966259
v -3.522118 5.283391 -8.960651
v -3.522118 5.277783 -8.966259
v -3.527727 5.277783 -8.960651
v -3.164537 5.277783 -8.669330
v -3.158928 5.277783 -8.663723
v -3.158928 5.283392 -8.669330
v -2.855380 5.283392 -8.669330
v -2.855380 5.277783 -8.663723
v -2.849772 5.277783 -8.669330
v -2.855380 5.283391 -8.960651
v -2.849772 5.277783 -8.960651
v -2.855380 5.277783 -8.966259
v -3.158928 5.283391 -8.960651
v -3.158928 5.277783 -8.966259
v -3.164537 5.277783 -8.960651
v -2.801346 5.277783 -8.669330
v -2.795738 5.277783 -8.663723
v -2.795738 5.283392 -8.669330
v -2.492190 5.283392 -8.669330
v -2.492190 5.277783 -8.663723
v -2.486582 5.277783 -8.669330
v -2.492190 5.283391 -8.960651
v -2.486582 5.277783 -8.960651
v -2.492190 5.277783 -8.966259
v -2.795738 5.283391 -8.960651
v -2.795738 5.277783 -8.966259
v -2.801346 5.277783 -8.960651
v -2.438156 5.277783 -8.669330
v -2.432548 5.277783 -8.663723
v -2.432548 5.283392 -8.669330
v -2.129000 5.283392 -8.669330
v -2.129000 5.277783 -8.663723
v -2.123392 5.277783 -8.669330
v -2.129000 5.283391 -8.960651
v -2.123392 5.277783 -8.960651
v -2.129000 5.277783 -8.966259
v -2.432548 5.283391 -8.960651
v -2.432548 5.277783 -8.966259
v -2.438156 5.277783 -8.960651
v -2.074966 5.277783 -8.669330
v -2.069358 5.277783 -8.663723
v -2.069358 5.283392 -8.669330
v -1.765809 5.283392 -8.669330
v -1.765809 5.277783 -8.663723
v -1.760201 5.277783 -8.669330
v -1.765809 5.283391 -8.960651
v -1.760201 5.277783 -8.960651
v -1.765809 5.277783 -8.966259
v -2.069358 5.283391 -8.960651
v -2.069358 5.277783 -8.966259
v -2.074966 5.277783 -8.960651
v -1.711776 5.277783 -8.669330
v -1.706168 5.277783 -8.663723
v -1.706168 5.283392 -8.669330
v -1.402620 5.283392 -8.669330
v -1.402620 5.277783 -8.663723
v -1.397011 5.277783 -8.669330
v -1.402620 5.283391 -8.960651
v -1.397011 5.277783 -8.960651
v -1.402620 5.277783 -8.966259
v -1.706168 5.283391 -8.960651
v -1.706168 5.277783 -8.966259
v -1.711776 5.277783 -8.960651
v -1.348586 5.277783 -8.669330
v -1.342977 5.277783 -8.663723
v -1.342977 5.283392 -8.669330
v -1.039429 5.283392 -8.669330
v -1.039429 5.277783 -8.663723
v -1.033821 5.277783 -8.669330
v -1.039429 5.283391 -8.960651
v -1.033821 5.277783 -8.960651
v -1.039429 5.277783 -8.966259
v -1.342977 5.283391 -8.960651
v -1.342977 5.277783 -8.966259
v -1.348586 5.277783 -8.960651
v -0.985395 5.277783 -8.669330
v -0.979787 5.277783 -8.663723
v -0.979787 5.283392 -8.669330
v -0.676239 5.283392 -8.669330
v -0.676239 5.277783 -8.663723
v -0.670631 5.277783 -8.669330
v -0.676239 5.283391 -8.960651
v -0.670631 5.277783 -8.960651
v -0.676239 5.277783 -8.966259
v -0.979787 5.283391 -8.960651
v -0.979787 5.277783 -8.966259
v -0.985395 5.277783 -8.960651
v -0.622205 5.277783 -8.669330
v -0.616597 5.277783 -8.663723
v -0.616597 5.283392 -8.669330
v -0.313049 5.283392 -8.669330
v -0.313049 5.277783 -8.663723
v -0.307441 5.277783 -8.669330
v -0.313049 5.283391 -8.960651
v -0.307441 5.277783 -8.960651
v -0.313049 5.277783 -8.966259
v -0.616597 5.283391 -8.960651
v -0.616597 5.277783 -8.966259
v -0.622205 5.277783 -8.960651
v -0.259015 5.277783 -8.669330
v -0.253407 5.277783 -8.663723
v -0.253407 5.283392 -8.669330
v 0.050141 5.283392 -8.669330
v 0.050141 5.277783 -8.663723
v 0.055749 5.277783 -8.669330
v 0.050141 5.283391 -8.960651
v 0.055749 5.277783 -8.960651
v 0.050141 5.277783 -8.966259
v -0.253407 5.283391 -8.960651
v -0.253407 5.277783 -8.966259
v -0.259015 5.277783 -8.960651
v 0.104175 5.277783 -8.669330
v 0.109783 5.277783 -8.663723
v 0.109783 5.283392 -8.669330
v 0.413331 5.283392 -8.669330
v 0.413331 5.277783 -8.663723
v 0.418940 5.277783 -8.669330
v 0.413331 5.283391 -8.960651
v 0.418940 5.277783 -8.960651
v 0.413331 5.277783 -8.966259
v 0.109783 5.283391 -8.960651
v 0.109783 5.277783 -8.966259
v 0.104175 5.277783 -8.960651
v 0.467365 5.277783 -8.669330
v 0.472974 5.277783 -8.663723
v 0.472974 5.283392 -8.669330
v 0.776522 5.283391 -8.669330
v 0.776522 5.277783 -8.663723
v 0.782130 5.277783 -8.669330
v 0.776522 5.283391 -8.960651
v 0.782130 5.277783 -8.960651
v 0.776522 5.277783 -8.966259
v 0.472974 5.283391 -8.960651
v 0.472974 5.277783 -8.966259
v 0.467365 5.277783 -8.960651
v -2.792267 5.249398 -7.630695
v -2.797944 5.243908 -7.625317
v -2.792381 5.243908 -7.619499
v -2.786765 5.249410 -7.625204
v -2.466335 5.249516 -7.625204
v -2.466335 5.243908 -7.619597
v -2.458403 5.243908 -7.619597
v -2.458403 5.249516 -7.625204
v -2.458403 5.249517 -7.910288
v -2.458403 5.243909 -7.915896
v -2.466335 5.243909 -7.915896
v -2.466335 5.249517 -7.910288
v -2.786765 5.249410 -7.910288
v -2.792380 5.243909 -7.915937
v -2.797995 5.243909 -7.910176
v -2.792267 5.249398 -7.904798
v -2.103145 5.249516 -7.625204
v -2.103145 5.243908 -7.619597
v -2.095213 5.243908 -7.619597
v -2.095213 5.249516 -7.625204
v -2.095213 5.249517 -7.910288
v -2.095213 5.243909 -7.915896
v -2.103145 5.243909 -7.915896
v -2.103145 5.249517 -7.910288
v -1.739954 5.249516 -7.625204
v -1.739954 5.243908 -7.619597
v -1.732023 5.243908 -7.619597
v -1.732023 5.249516 -7.625204
v -1.732023 5.249517 -7.910288
v -1.732023 5.243909 -7.915896
v -1.739954 5.243909 -7.915896
v -1.739954 5.249517 -7.910288
v -1.376764 5.249516 -7.625204
v -1.376764 5.243908 -7.619597
v -1.368833 5.243908 -7.619597
v -1.368833 5.249516 -7.625204
v -1.368833 5.249517 -7.910288
v -1.368833 5.243909 -7.915896
v -1.376764 5.243909 -7.915896
v -1.376764 5.249517 -7.910288
v -1.013574 5.249516 -7.625204
v -1.013574 5.243908 -7.619597
v -1.005642 5.243908 -7.619597
v -1.005642 5.249516 -7.625204
v -1.005642 5.249517 -7.910288
v -1.005642 5.243909 -7.915896
v -1.013574 5.243909 -7.915896
v -1.013574 5.249517 -7.910288
v -0.685212 5.249410 -7.625204
v -0.679597 5.243908 -7.619557
v -0.673982 5.243908 -7.625318
v -0.679711 5.249398 -7.630695
v -0.679711 5.249398 -7.904798
v -0.674034 5.243909 -7.910176
v -0.679596 5.243909 -7.915993
v -0.685212 5.249410 -7.910288
v -2.792267 5.295487 -7.630813
v -2.786658 5.295487 -7.625204
v -2.786658 5.301095 -7.630813
v -2.458403 5.301095 -7.630813
v -2.466335 5.301095 -7.630813
v -2.466335 5.295487 -7.625204
v -2.458403 5.295487 -7.625204
v -2.458403 5.295487 -7.910288
v -2.466335 5.295487 -7.910288
v -2.466335 5.301096 -7.904679
v -2.458403 5.301096 -7.904679
v -2.786658 5.301096 -7.904679
v -2.786658 5.295487 -7.910288
v -2.792267 5.295487 -7.904679
v -2.095213 5.301095 -7.630813
v -2.103145 5.301095 -7.630813
v -2.103145 5.295487 -7.625204
v -2.095213 5.295487 -7.625204
v -2.095213 5.295487 -7.910288
v -2.103145 5.295487 -7.910288
v -2.103145 5.301096 -7.904679
v -2.095213 5.301096 -7.904679
v -1.732023 5.301095 -7.630813
v -1.739954 5.301095 -7.630813
v -1.739954 5.295487 -7.625204
v -1.732023 5.295487 -7.625204
v -1.732023 5.295487 -7.910288
v -1.739954 5.295487 -7.910288
v -1.739954 5.301096 -7.904679
v -1.732023 5.301096 -7.904679
v -1.368833 5.301095 -7.630813
v -1.376764 5.301095 -7.630813
v -1.376764 5.295487 -7.625204
v -1.368833 5.295487 -7.625204
v -1.368833 5.295487 -7.910288
v -1.376764 5.295487 -7.910288
v -1.376764 5.301096 -7.904679
v -1.368833 5.301096 -7.904679
v -1.005642 5.301095 -7.630813
v -1.013574 5.301095 -7.630813
v -1.013574 5.295487 -7.625204
v -1.005642 5.295487 -7.625204
v -1.005642 5.295487 -7.910288
v -1.013574 5.295487 -7.910288
v -1.013574 5.301096 -7.904679
v -1.005642 5.301096 -7.904679
v -0.685319 5.301095 -7.630813
v -0.685319 5.295487 -7.625204
v -0.679711 5.295487 -7.630813
v -0.685319 5.301096 -7.904679
v -0.679711 5.295487 -7.904679
v -0.685319 5.295487 -7.910288
v -2.462369 5.278913 -6.551569
v -2.456761 5.278913 -6.545961
v -2.456761 5.273304 -6.551569
v -2.095213 5.273304 -6.551569
v -2.103145 5.273304 -6.551569
v -2.103145 5.278913 -6.545961
v -2.095213 5.278913 -6.545961
v -2.103145 5.273304 -6.899008
v -2.103145 5.273304 -6.891077
v -2.095213 5.273304 -6.891077
v -2.095213 5.273304 -6.899008
v -2.462369 5.278913 -6.899008
v -2.462369 5.278913 -6.891077
v -2.456761 5.273304 -6.891077
v -2.456761 5.273304 -6.899008
v -1.732023 5.273304 -6.551569
v -1.739954 5.273304 -6.551569
v -1.739954 5.278913 -6.545961
v -1.732023 5.278913 -6.545961
v -1.739954 5.273304 -6.899008
v -1.739954 5.273304 -6.891077
v -1.732023 5.273304 -6.891077
v -1.732023 5.273304 -6.899008
v -1.368833 5.273304 -6.551569
v -1.376764 5.273304 -6.551569
v -1.376764 5.278913 -6.545961
v -1.368833 5.278913 -6.545961
v -1.376764 5.273304 -6.899008
v -1.376764 5.273304 -6.891077
v -1.368833 5.273304 -6.891077
v -1.368833 5.273304 -6.899008
v -1.005642 5.273304 -6.551569
v -1.013574 5.273304 -6.551569
v -1.013574 5.278913 -6.545961
v -1.005642 5.278913 -6.545961
v -1.013574 5.273304 -6.899008
v -1.013574 5.273304 -6.891077
v -1.005642 5.273304 -6.891077
v -1.005642 5.273304 -6.899008
v -0.652027 5.273304 -6.551569
v -0.652027 5.278913 -6.545961
v -0.646418 5.278913 -6.551569
v -0.652027 5.273304 -6.899008
v -0.652027 5.273304 -6.891077
v -0.646418 5.278913 -6.891077
v -0.646418 5.278913 -6.899008
v -2.095213 5.278913 -7.244125
v -2.103145 5.278913 -7.244125
v -2.103145 5.273304 -7.238516
v -2.095213 5.273304 -7.238516
v -2.456761 5.273304 -7.238516
v -2.456761 5.278913 -7.244125
v -2.462369 5.278913 -7.238516
v -1.732023 5.278913 -7.244125
v -1.739954 5.278913 -7.244125
v -1.739954 5.273304 -7.238516
v -1.732023 5.273304 -7.238516
v -1.368833 5.278913 -7.244125
v -1.376764 5.278913 -7.244125
v -1.376764 5.273304 -7.238516
v -1.368833 5.273304 -7.238516
v -1.005642 5.278913 -7.244125
v -1.013574 5.278913 -7.244125
v -1.013574 5.273304 -7.238516
v -1.005642 5.273304 -7.238516
v -0.652027 5.273304 -7.238516
v -0.646418 5.278913 -7.238516
v -0.652027 5.278913 -7.244125
v -4.272707 5.304986 -9.951625
v -4.272711 5.297087 -9.950886
v -4.278319 5.297098 -9.945269
v -4.278319 5.305027 -9.945938
v -3.911164 5.304967 -9.951622
v -3.911146 5.297087 -9.950886
v -3.919095 5.297104 -9.950886
v -3.919095 5.304967 -9.951622
v -3.911164 5.098733 -9.945278
v -3.919095 5.098733 -9.945278
v -3.919095 5.104340 -9.950886
v -3.911164 5.104340 -9.950886
v -4.272711 5.104340 -9.950886
v -4.272711 5.098733 -9.945278
v -4.278319 5.104340 -9.945278
v -3.547974 5.304967 -9.951622
v -3.547957 5.297087 -9.950886
v -3.555905 5.297104 -9.950886
v -3.555905 5.304967 -9.951622
v -3.547974 5.098733 -9.945278
v -3.555905 5.098733 -9.945278
v -3.555905 5.104340 -9.950886
v -3.547974 5.104340 -9.950886
v -3.184784 5.304967 -9.951622
v -3.184766 5.297087 -9.950886
v -3.192715 5.297104 -9.950886
v -3.192715 5.304967 -9.951622
v -3.184784 5.098733 -9.945278
v -3.192715 5.098733 -9.945278
v -3.192715 5.104340 -9.950886
v -3.184784 5.104340 -9.950886
v -2.821593 5.304967 -9.951622
v -2.821576 5.297087 -9.950886
v -2.829525 5.297104 -9.950886
v -2.829525 5.304967 -9.951622
v -2.821593 5.098733 -9.945278
v -2.829525 5.098733 -9.945278
v -2.829525 5.104340 -9.950886
v -2.821593 5.104340 -9.950886
v -2.458403 5.304967 -9.951622
v -2.458386 5.297087 -9.950886
v -2.466335 5.297104 -9.950886
v -2.466335 5.304967 -9.951622
v -2.458403 5.098733 -9.945278
v -2.466335 5.098733 -9.945278
v -2.466335 5.104340 -9.950886
v -2.458403 5.104340 -9.950886
v -2.095213 5.304967 -9.951622
v -2.095196 5.297087 -9.950886
v -2.103145 5.297104 -9.950886
v -2.103145 5.304967 -9.951622
v -2.095213 5.098733 -9.945278
v -2.103145 5.098733 -9.945278
v -2.103145 5.104340 -9.950886
v -2.095213 5.104340 -9.950886
v -1.732023 5.304967 -9.951622
v -1.732006 5.297087 -9.950886
v -1.739954 5.297104 -9.950886
v -1.739954 5.304967 -9.951622
v -1.732023 5.098733 -9.945278
v -1.739954 5.098733 -9.945278
v -1.739954 5.104340 -9.950886
v -1.732023 5.104340 -9.950886
v -1.368833 5.304967 -9.951622
v -1.368815 5.297087 -9.950886
v -1.376764 5.297104 -9.950886
v -1.376764 5.304967 -9.951622
v -1.368833 5.098733 -9.945278
v -1.376764 5.098733 -9.945278
v -1.376764 5.104340 -9.950886
v -1.368833 5.104340 -9.950886
v -1.005642 5.304967 -9.951622
v -1.005625 5.297087 -9.950886
v -1.013574 5.297104 -9.950886
v -1.013574 5.304967 -9.951622
v -1.005642 5.098733 -9.945278
v -1.013574 5.098733 -9.945278
v -1.013574 5.104340 -9.950886
v -1.005642 5.104340 -9.950886
v -0.642452 5.304967 -9.951622
v -0.642435 5.297087 -9.950886
v -0.650384 5.297104 -9.950886
v -0.650384 5.304967 -9.951622
v -0.642452 5.098733 -9.945278
v -0.650384 5.098733 -9.945278
v -0.650384 5.104340 -9.950886
v -0.642452 5.104340 -9.950886
v -0.279262 5.304967 -9.951622
v -0.279245 5.297087 -9.950886
v -0.287194 5.297104 -9.950886
v -0.287194 5.304967 -9.951622
v -0.279262 5.098733 -9.945278
v -0.287194 5.098733 -9.945278
v -0.287194 5.104340 -9.950886
v -0.279262 5.104340 -9.950886
v 0.083928 5.304967 -9.951622
v 0.083945 5.297087 -9.950886
v 0.075996 5.297104 -9.950886
v 0.075996 5.304967 -9.951622
v 0.083928 5.098733 -9.945278
v 0.075996 5.098733 -9.945278
v 0.075996 5.104340 -9.950886
v 0.083928 5.104340 -9.950886
v 0.447118 5.304967 -9.951622
v 0.447136 5.297087 -9.950886
v 0.439187 5.297104 -9.950886
v 0.439187 5.304967 -9.951622
v 0.447118 5.098733 -9.945278
v 0.439187 5.098733 -9.945278
v 0.439187 5.104340 -9.950886
v 0.447118 5.104340 -9.950886
v 0.810308 5.304967 -9.951622
v 0.810325 5.297087 -9.950886
v 0.802377 5.297104 -9.950886
v 0.802377 5.304967 -9.951622
v 0.810308 5.098733 -9.945278
v 0.802377 5.098733 -9.945278
v 0.802377 5.104340 -9.950886
v 0.810308 5.104340 -9.950886
v 1.169532 5.305027 -9.945938
v 1.169532 5.297098 -9.945269
v 1.163924 5.297087 -9.950886
v 1.163920 5.304986 -9.951625
v 1.163924 5.104340 -9.950886
v 1.169532 5.104340 -9.945278
v 1.163924 5.098733 -9.945278
v -4.268229 8.640579 -10.313013
v -4.272848 8.645343 -10.319470
v -4.278319 8.640064 -10.318392
v -4.272505 8.632974 -10.311589
v -3.911164 8.640779 -10.313050
v -3.911164 8.645327 -10.319546
v -3.919095 8.645327 -10.319546
v -3.919095 8.640779 -10.313050
v -3.911164 8.597741 -10.572688
v -3.919095 8.597741 -10.572688
v -3.919095 8.604239 -10.568143
v -3.911164 8.604239 -10.568143
v -4.272711 8.604230 -10.568207
v -4.272646 8.597741 -10.572688
v -4.278319 8.598716 -10.567165
v -3.547974 8.640779 -10.313050
v -3.547974 8.645327 -10.319546
v -3.555905 8.645327 -10.319546
v -3.555905 8.640779 -10.313050
v -3.547974 8.597741 -10.572688
v -3.555905 8.597741 -10.572688
v -3.555905 8.604239 -10.568143
v -3.547974 8.604239 -10.568143
v -3.184784 8.640779 -10.313050
v -3.184784 8.645327 -10.319546
v -3.192715 8.645327 -10.319546
v -3.192715 8.640779 -10.313050
v -3.184784 8.597741 -10.572688
v -3.192715 8.597741 -10.572688
v -3.192715 8.604239 -10.568143
v -3.184784 8.604239 -10.568143
v -2.821593 8.640779 -10.313050
v -2.821593 8.645327 -10.319546
v -2.829525 8.645327 -10.319546
v -2.829525 8.640779 -10.313050
v -2.821593 8.597741 -10.572688
v -2.829525 8.597741 -10.572688
v -2.829525 8.604239 -10.568143
v -2.821593 8.604239 -10.568143
v -2.458403 8.640779 -10.313050
v -2.458403 8.645327 -10.319546
v -2.466335 8.645327 -10.319546
v -2.466335 8.640779 -10.313050
v -2.458403 8.597741 -10.572688
v -2.466335 8.597741 -10.572688
v -2.466335 8.604239 -10.568143
v -2.458403 8.604239 -10.568143
v -2.095213 8.640779 -10.313050
v -2.095213 8.645327 -10.319546
v -2.103145 8.645327 -10.319546
v -2.103145 8.640779 -10.313050
v -2.095213 8.597741 -10.572688
v -2.103145 8.597741 -10.572688
v -2.103145 8.604239 -10.568143
v -2.095213 8.604239 -10.568143
v -1.732023 8.640779 -10.313050
v -1.732023 8.645327 -10.319546
v -1.739954 8.645327 -10.319546
v -1.739954 8.640779 -10.313050
v -1.732023 8.597741 -10.572688
v -1.739954 8.597741 -10.572688
v -1.739954 8.604239 -10.568143
v -1.732023 8.604239 -10.568143
v -1.368833 8.640779 -10.313050
v -1.368833 8.645327 -10.319546
v -1.376764 8.645327 -10.319546
v -1.376764 8.640779 -10.313050
v -1.368833 8.597741 -10.572688
v -1.376764 8.597741 -10.572688
v -1.376764 8.604239 -10.568143
v -1.368833 8.604239 -10.568143
v -1.005642 8.640779 -10.313050
v -1.005642 8.645327 -10.319546
v -1.013574 8.645327 -10.319546
v -1.013574 8.640779 -10.313050
v -1.005642 8.597741 -10.572688
v -1.013574 8.597741 -10.572688
v -1.013574 8.604239 -10.568143
v -1.005642 8.604239 -10.568143
v -0.642452 8.640779 -10.313050
v -0.642452 8.645327 -10.319546
v -0.650384 8.645327 -10.319546
v -0.650384 8.640779 -10.313050
v -0.642452 8.597741 -10.572688
v -0.650384 8.597741 -10.572688
v -0.650384 8.604239 -10.568143
v -0.642452 8.604239 -10.568143
v -0.279262 8.640779 -10.313050
v -0.279262 8.645327 -10.319546
v -0.287194 8.645327 -10.319546
v -0.287194 8.640779 -10.313050
v -0.279262 8.597741 -10.572688
v -0.287194 8.597741 -10.572688
v -0.287194 8.604239 -10.568143
v -0.279262 8.604239 -10.568143
v 0.083928 8.640779 -10.313050
v 0.083928 8.645327 -10.319546
v 0.075996 8.645327 -10.319546
v 0.075996 8.640779 -10.313050
v 0.083928 8.597741 -10.572688
v 0.075996 8.597741 -10.572688
v 0.075996 8.604239 -10.568143
v 0.083928 8.604239 -10.568143
v 0.447118 8.640779 -10.313050
v 0.447118 8.645327 -10.319546
v 0.439187 8.645327 -10.319546
v 0.439187 8.640779 -10.313050
v 0.447118 8.597741 -10.572688
v 0.439187 8.597741 -10.572688
v 0.439187 8.604239 -10.568143
v 0.447118 8.604239 -10.568143
v 0.810308 8.640779 -10.313050
v 0.810308 8.645327 -10.319546
v 0.802377 8.645327 -10.319546
v 0.802377 8.640779 -10.313050
v 0.810308 8.597741 -10.572688
v 0.802377 8.597741 -10.572688
v 0.802377 8.604239 -10.568143
v 0.810308 8.604239 -10.568143
v 1.163718 8.632974 -10.311589
v 1.169532 8.639934 -10.318483
v 1.164169 8.645359 -10.319362
v 1.159442 8.640579 -10.313013
v 1.163859 8.604239 -10.568143
v 1.169532 8.598716 -10.567165
v 1.163859 8.597741 -10.572688
v -4.138073 5.472271 -9.725378
v -4.143664 5.467305 -9.718823
v -4.137549 5.462185 -9.717865
v -4.132602 5.466847 -9.724304
v -3.919095 5.466822 -9.724438
v -3.919095 5.462341 -9.717893
v -3.911164 5.462341 -9.717893
v -3.911164 5.466822 -9.724438
v -3.911164 8.478416 -10.288353
v -3.911164 8.484960 -10.283873
v -3.919095 8.484960 -10.283873
v -3.919095 8.478416 -10.288353
v -4.132602 8.478439 -10.288219
v -4.137552 8.485078 -10.283896
v -4.143731 8.480003 -10.282945
v -4.138073 8.472994 -10.287258
v -3.555905 5.466822 -9.724438
v -3.555905 5.462341 -9.717893
v -3.547974 5.462341 -9.717893
v -3.547974 5.466822 -9.724438
v -3.547974 8.478416 -10.288353
v -3.547974 8.484960 -10.283873
v -3.555905 8.484960 -10.283873
v -3.555905 8.478416 -10.288353
v -3.192715 5.466822 -9.724438
v -3.192715 5.462341 -9.717893
v -3.184784 5.462341 -9.717893
v -3.184784 5.466822 -9.724438
v -3.184784 8.478416 -10.288353
v -3.184784 8.484960 -10.283873
v -3.192715 8.484960 -10.283873
v -3.192715 8.478416 -10.288353
v -2.829525 5.466822 -9.724438
v -2.829525 5.462341 -9.717893
v -2.821593 5.462341 -9.717893
v -2.821593 5.466822 -9.724438
v -2.821593 8.478416 -10.288353
v -2.821593 8.484960 -10.283873
v -2.829525 8.484960 -10.283873
v -2.829525 8.478416 -10.288353
v -2.466335 5.466822 -9.724438
v -2.466335 5.462341 -9.717893
v -2.458403 5.462341 -9.717893
v -2.458403 5.466822 -9.724438
v -2.458403 8.478416 -10.288353
v -2.458403 8.484960 -10.283873
v -2.466335 8.484960 -10.283873
v -2.466335 8.478416 -10.288353
v -2.103145 5.466822 -9.724438
v -2.103145 5.462341 -9.717893
v -2.095213 5.462341 -9.717893
v -2.095213 5.466822 -9.724438
v -2.095213 8.478416 -10.288353
v -2.095213 8.484960 -10.283873
v -2.103145 8.484960 -10.283873
v -2.103145 8.478416 -10.288353
v -1.739954 5.466822 -9.724438
v -1.739954 5.462341 -9.717893
v -1.732023 5.462341 -9.717893
v -1.732023 5.466822 -9.724438
v -1.732023 8.478416 -10.288353
v -1.732023 8.484960 -10.283873
v -1.739954 8.484960 -10.283873
v -1.739954 8.478416 -10.288353
v -1.376764 5.466822 -9.724438
v -1.376764 5.462341 -9.717893
v -1.368833 5.462341 -9.717893
v -1.368833 5.466822 -9.724438
v -1.368833 8.478416 -10.288353
v -1.368833 8.484960 -10.283873
v -1.376764 8.484960 -10.283873
v -1.376764 8.478416 -10.288353
v -1.013574 5.466822 -9.724438
v -1.013574 5.462341 -9.717893
v -1.005642 5.462341 -9.717893
v -1.005642 5.466822 -9.724438
v -1.005642 8.478416 -10.288353
v -1.005642 8.484960 -10.283873
v -1.013574 8.484960 -10.283873
v -1.013574 8.478416 -10.288353
v -0.650384 5.466822 -9.724438
v -0.650384 5.462341 -9.717893
v -0.642452 5.462341 -9.717893
v -0.642452 5.466822 -9.724438
v -0.642452 8.478416 -10.288353
v -0.642452 8.484960 -10.283873
v -0.650384 8.484960 -10.283873
v -0.650384 8.478416 -10.288353
v -0.287194 5.466822 -9.724438
v -0.287194 5.462341 -9.717893
v -0.279262 5.462341 -9.717893
v -0.279262 5.466822 -9.724438
v -0.279262 8.478416 -10.288353
v -0.279262 8.484960 -10.283873
v -0.287194 8.484960 -10.283873
v -0.287194 8.478416 -10.288353
v 0.075996 5.466822 -9.724438
v 0.075996 5.462341 -9.717893
v 0.083928 5.462341 -9.717893
v 0.083928 5.466822 -9.724438
v 0.083928 8.478416 -10.288353
v 0.083928 8.484960 -10.283873
v 0.075996 8.484960 -10.283873
v 0.075996 8.478416 -10.288353
v 0.439187 5.466822 -9.724438
v 0.439187 5.462341 -9.717893
v 0.447118 5.462341 -9.717893
v 0.447118 5.466822 -9.724438
v 0.447118 8.478416 -10.288353
v 0.447118 8.484960 -10.283873
v 0.439187 8.484960 -10.283873
v 0.439187 8.478416 -10.288353
v 0.802377 5.466822 -9.724438
v 0.802377 5.462341 -9.717893
v 0.810308 5.462341 -9.717893
v 0.810308 5.466822 -9.724438
v 0.810308 8.478416 -10.288353
v 0.810308 8.484960 -10.283873
v 0.802377 8.484960 -10.283873
v 0.802377 8.478416 -10.288353
v 1.023815 5.466847 -9.724304
v 1.028766 5.462222 -9.717872
v 1.034944 5.467298 -9.718822
v 1.029286 5.472271 -9.725378
v 1.029286 8.472994 -10.287258
v 1.034877 8.479997 -10.282944
v 1.028762 8.485116 -10.283903
v 1.023815 8.478439 -10.288219
v -4.138073 5.462076 -9.780258
v -4.132465 5.456563 -9.779226
v -4.132465 5.461044 -9.785771
v -3.911164 5.461044 -9.785771
v -3.919095 5.461044 -9.785771
v -3.919095 5.456563 -9.779226
v -3.911164 5.456563 -9.779226
v -3.911164 8.468156 -10.343141
v -3.919095 8.468156 -10.343141
v -3.919095 8.461613 -10.347621
v -3.911164 8.461613 -10.347621
v -4.132465 8.461613 -10.347621
v -4.132465 8.468156 -10.343141
v -4.138073 8.462642 -10.342109
v -3.547974 5.461044 -9.785771
v -3.555905 5.461044 -9.785771
v -3.555905 5.456563 -9.779226
v -3.547974 5.456563 -9.779226
v -3.547974 8.468156 -10.343141
v -3.555905 8.468156 -10.343141
v -3.555905 8.461613 -10.347621
v -3.547974 8.461613 -10.347621
v -3.184784 5.461044 -9.785771
v -3.192715 5.461044 -9.785771
v -3.192715 5.456563 -9.779226
v -3.184784 5.456563 -9.779226
v -3.184784 8.468156 -10.343141
v -3.192715 8.468156 -10.343141
v -3.192715 8.461613 -10.347621
v -3.184784 8.461613 -10.347621
v -2.821593 5.461044 -9.785771
v -2.829525 5.461044 -9.785771
v -2.829525 5.456563 -9.779226
v -2.821593 5.456563 -9.779226
v -2.821593 8.468156 -10.343141
v -2.829525 8.468156 -10.343141
v -2.829525 8.461613 -10.347621
v -2.821593 8.461613 -10.347621
v -2.458403 5.461044 -9.785771
v -2.466335 5.461044 -9.785771
v -2.466335 5.456563 -9.779226
v -2.458403 5.456563 -9.779226
v -2.458403 8.468156 -10.343141
v -2.466335 8.468156 -10.343141
v -2.466335 8.461613 -10.347621
v -2.458403 8.461613 -10.347621
v -2.095213 5.461044 -9.785771
v -2.103145 5.461044 -9.785771
v -2.103145 5.456563 -9.779226
v -2.095213 5.456563 -9.779226
v -2.095213 8.468156 -10.343141
v -2.103145 8.468156 -10.343141
v -2.103145 8.461613 -10.347621
v -2.095213 8.461613 -10.347621
v -1.732023 5.461044 -9.785771
v -1.739954 5.461044 -9.785771
v -1.739954 5.456563 -9.779226
v -1.732023 5.456563 -9.779226
v -1.732023 8.468156 -10.343141
v -1.739954 8.468156 -10.343141
v -1.739954 8.461613 -10.347621
v -1.732023 8.461613 -10.347621
v -1.368833 5.461044 -9.785771
v -1.376764 5.461044 -9.785771
v -1.376764 5.456563 -9.779226
v -1.368833 5.456563 -9.779226
v -1.368833 8.468156 -10.343141
v -1.376764 8.468156 -10.343141
v -1.376764 8.461613 -10.347621
v -1.368833 8.461613 -10.347621
v -1.005642 5.461044 -9.785771
v -1.013574 5.461044 -9.785771
v -1.013574 5.456563 -9.779226
v -1.005642 5.456563 -9.779226
v -1.005642 8.468156 -10.343141
v -1.013574 8.468156 -10.343141
v -1.013574 8.461613 -10.347621
v -1.005642 8.461613 -10.347621
v -0.642452 5.461044 -9.785771
v -0.650384 5.461044 -9.785771
v -0.650384 5.456563 -9.779226
v -0.642452 5.456563 -9.779226
v -0.642452 8.468156 -10.343141
v -0.650384 8.468156 -10.343141
v -0.650384 8.461613 -10.347621
v -0.642452 8.461613 -10.347621
v -0.279262 5.461044 -9.785771
v -0.287194 5.461044 -9.785771
v -0.287194 5.456563 -9.779226
v -0.279262 5.456563 -9.779226
v -0.279262 8.468156 -10.343141
v -0.287194 8.468156 -10.343141
v -0.287194 8.461613 -10.347621
v -0.279262 8.461613 -10.347621
v 0.083928 5.461044 -9.785771
v 0.075996 5.461044 -9.785771
v 0.075996 5.456563 -9.779226
v 0.083928 5.456563 -9.779226
v 0.083928 8.468156 -10.343141
v 0.075996 8.468156 -10.343141
v 0.075996 8.461613 -10.347621
v 0.083928 8.461613 -10.347621
v 0.447118 5.461044 -9.785771
v 0.439187 5.461044 -9.785771
v 0.439187 5.456563 -9.779226
v 0.447118 5.456563 -9.779226
v 0.447118 8.468156 -10.343141
v 0.439187 8.468156 -10.343141
v 0.439187 8.461613 -10.347621
v 0.447118 8.461613 -10.347621
v 0.810308 5.461044 -9.785771
v 0.802377 5.461044 -9.785771
v 0.802377 5.456563 -9.779226
v 0.810308 5.456563 -9.779226
v 0.810308 8.468156 -10.343141
v 0.802377 8.468156 -10.343141
v 0.802377 8.461613 -10.347621
v 0.810308 8.461613 -10.347621
v 1.023678 5.461044 -9.785771
v 1.023678 5.456563 -9.779226
v 1.029286 5.462076 -9.780258
v 1.023678 8.461613 -10.347621
v 1.029286 8.462642 -10.342109
v 1.023678 8.468156 -10.343141
vt 0.289983 0.442420
vt 0.289484 0.442633
vt 0.058955 0.226541
vt 0.288408 0.421135
vt 0.289976 0.442866
vt 0.312675 0.442417
vt 0.312675 0.442947
vt 0.289096 0.455183
vt 0.035055 0.217169
vt 0.313186 0.442408
vt 0.311900 0.419913
vt 0.312418 0.419900
vt 0.313183 0.442937
vt 0.336333 0.441817
vt 0.336344 0.442344
vt 0.312931 0.455580
vt 0.312389 0.455586
vt 0.336852 0.441802
vt 0.335726 0.419311
vt 0.336245 0.419297
vt 0.336862 0.442327
vt 0.360166 0.441091
vt 0.360179 0.441615
vt 0.337022 0.454949
vt 0.336493 0.454964
vt 0.360687 0.441074
vt 0.359550 0.418649
vt 0.360071 0.418634
vt 0.360700 0.441598
vt 0.384053 0.440338
vt 0.384067 0.440862
vt 0.360990 0.454203
vt 0.360466 0.454219
vt 0.384575 0.440322
vt 0.383408 0.417932
vt 0.383929 0.417916
vt 0.384589 0.440845
vt 0.407960 0.439577
vt 0.407975 0.440099
vt 0.384930 0.453442
vt 0.384407 0.453458
vt 0.408482 0.439560
vt 0.407290 0.417188
vt 0.407811 0.417171
vt 0.408497 0.440083
vt 0.431876 0.438809
vt 0.431892 0.439332
vt 0.408864 0.452675
vt 0.408341 0.452692
vt 0.432398 0.438792
vt 0.431186 0.416429
vt 0.431708 0.416412
vt 0.432414 0.439315
vt 0.455796 0.438038
vt 0.455813 0.438561
vt 0.432798 0.451906
vt 0.432275 0.451922
vt 0.456319 0.438021
vt 0.455091 0.415662
vt 0.455613 0.415645
vt 0.456335 0.438544
vt 0.479718 0.437264
vt 0.479735 0.437786
vt 0.456731 0.451133
vt 0.456208 0.451150
vt 0.480241 0.437247
vt 0.478999 0.414889
vt 0.479521 0.414872
vt 0.480257 0.437769
vt 0.503639 0.436486
vt 0.503656 0.437009
vt 0.480663 0.450359
vt 0.480140 0.450375
vt 0.504161 0.436470
vt 0.502906 0.414111
vt 0.503429 0.414094
vt 0.504179 0.436992
vt 0.527556 0.435706
vt 0.527573 0.436229
vt 0.504595 0.449582
vt 0.504072 0.449598
vt 0.528078 0.435689
vt 0.526810 0.413326
vt 0.527331 0.413309
vt 0.528095 0.436212
vt 0.551463 0.434922
vt 0.551481 0.435444
vt 0.528524 0.448802
vt 0.528001 0.448819
vt 0.551984 0.434904
vt 0.550703 0.412531
vt 0.551225 0.412513
vt 0.552003 0.435427
vt 0.575349 0.434127
vt 0.575368 0.434651
vt 0.552451 0.448021
vt 0.551928 0.448038
vt 0.575869 0.434110
vt 0.574582 0.411719
vt 0.575103 0.411701
vt 0.575889 0.434633
vt 0.599182 0.433302
vt 0.599204 0.433828
vt 0.576376 0.447238
vt 0.575853 0.447255
vt 0.599700 0.433283
vt 0.598445 0.410881
vt 0.598967 0.410863
vt 0.599724 0.433808
vt 0.622880 0.432370
vt 0.622905 0.432902
vt 0.600313 0.446451
vt 0.599788 0.446466
vt 0.623389 0.432346
vt 0.622326 0.410039
vt 0.622850 0.410024
vt 0.623418 0.432880
vt 0.646159 0.431508
vt 0.646186 0.431951
vt 0.624331 0.445630
vt 0.623800 0.445646
vt 0.884624 0.203601
vt 0.646211 0.409476
vt 0.646735 0.409509
vt 0.885619 0.191047
vt 0.647963 0.443828
vt 0.288998 0.455693
vt 0.052754 0.509982
vt 0.057210 0.214070
vt 0.075152 0.486618
vt 0.312927 0.456103
vt 0.076596 0.508963
vt 0.076073 0.508985
vt 0.099192 0.485621
vt 0.337031 0.455472
vt 0.100592 0.507951
vt 0.100067 0.507972
vt 0.123294 0.484748
vt 0.361003 0.454726
vt 0.124664 0.507041
vt 0.124138 0.507060
vt 0.147365 0.484109
vt 0.384944 0.453964
vt 0.148846 0.506195
vt 0.148313 0.506215
vt 0.170895 0.482993
vt 0.408880 0.453198
vt 0.173459 0.505239
vt 0.172855 0.505457
vt 0.194779 0.480759
vt 0.432814 0.452428
vt 0.197176 0.502796
vt 0.196651 0.502850
vt 0.219814 0.479539
vt 0.456747 0.451656
vt 0.221159 0.501959
vt 0.220633 0.501980
vt 0.244846 0.479181
vt 0.480680 0.450881
vt 0.245269 0.501659
vt 0.244744 0.501668
vt 0.269940 0.479402
vt 0.504612 0.450104
vt 0.269610 0.501670
vt 0.269077 0.501643
vt 0.294696 0.480893
vt 0.528542 0.449325
vt 0.293961 0.503559
vt 0.293364 0.503365
vt 0.318352 0.481489
vt 0.552470 0.448544
vt 0.318458 0.503654
vt 0.317927 0.503639
vt 0.342425 0.481637
vt 0.576397 0.447761
vt 0.342594 0.503954
vt 0.342068 0.503945
vt 0.366515 0.481922
vt 0.600340 0.446973
vt 0.366671 0.504288
vt 0.366146 0.504280
vt 0.390557 0.482309
vt 0.624390 0.446149
vt 0.390704 0.504696
vt 0.390180 0.504687
vt 0.885661 0.190526
vt 0.863319 0.189279
vt 0.863360 0.188758
vt 0.057728 0.213997
vt 0.059473 0.226469
vt 0.052776 0.510505
vt 0.076094 0.509508
vt 0.053690 0.532960
vt 0.079990 0.210882
vt 0.076617 0.509486
vt 0.077488 0.531988
vt 0.076966 0.532011
vt 0.100087 0.508493
vt 0.100612 0.508473
vt 0.101424 0.530902
vt 0.100900 0.530924
vt 0.124156 0.507581
vt 0.124682 0.507562
vt 0.125416 0.529970
vt 0.124894 0.529991
vt 0.148328 0.506732
vt 0.148860 0.506714
vt 0.149282 0.529103
vt 0.148765 0.529129
vt 0.172711 0.506045
vt 0.173172 0.506247
vt 0.173703 0.505678
vt 0.174384 0.506474
vt 0.061863 0.262373
vt 0.172812 0.528368
vt 0.172291 0.528395
vt 0.196714 0.503364
vt 0.197232 0.503325
vt 0.197325 0.504431
vt 0.085665 0.264194
vt 0.220648 0.502505
vt 0.221175 0.502492
vt 0.221201 0.503603
vt 0.109530 0.266677
vt 0.244746 0.502198
vt 0.245276 0.502193
vt 0.245282 0.503306
vt 0.133370 0.269169
vt 0.269037 0.502170
vt 0.269564 0.502190
vt 0.269494 0.503295
vt 0.157230 0.271639
vt 0.293132 0.503799
vt 0.293679 0.504341
vt 0.292844 0.504923
vt 0.180596 0.274416
vt 0.294135 0.504162
vt 0.317929 0.504156
vt 0.294725 0.526540
vt 0.294199 0.526556
vt 0.318454 0.504173
vt 0.318359 0.526820
vt 0.317840 0.526822
vt 0.342062 0.504467
vt 0.342587 0.504475
vt 0.342288 0.526957
vt 0.341765 0.526953
vt 0.366138 0.504802
vt 0.366663 0.504810
vt 0.366337 0.527242
vt 0.365812 0.527234
vt 0.390172 0.505210
vt 0.390696 0.505219
vt 0.390386 0.527709
vt 0.389863 0.527700
vt 0.862839 0.188716
vt 0.862798 0.189237
vt 0.646724 0.408960
vt 0.840390 0.187460
vt 0.840431 0.186939
vt 0.080507 0.210810
vt 0.082252 0.223282
vt 0.287049 0.398222
vt 0.053711 0.533481
vt 0.076987 0.532535
vt 0.054659 0.555858
vt 0.102769 0.207695
vt 0.077508 0.532513
vt 0.078301 0.555127
vt 0.077781 0.555150
vt 0.100919 0.531444
vt 0.101444 0.531423
vt 0.102278 0.553778
vt 0.101752 0.553800
vt 0.124913 0.530513
vt 0.125436 0.530493
vt 0.126339 0.552955
vt 0.125816 0.552968
vt 0.148783 0.529657
vt 0.149301 0.529633
vt 0.150325 0.552361
vt 0.149805 0.552364
vt 0.172305 0.528925
vt 0.172825 0.528884
vt 0.173920 0.528306
vt 0.059497 0.285178
vt 0.174284 0.551182
vt 0.173841 0.551381
vt 0.294194 0.527069
vt 0.293076 0.527079
vt 0.179050 0.296873
vt 0.294719 0.527068
vt 0.317833 0.527352
vt 0.293541 0.549288
vt 0.293095 0.549061
vt 0.318353 0.527348
vt 0.317740 0.549727
vt 0.317213 0.549724
vt 0.341756 0.527475
vt 0.342280 0.527478
vt 0.341850 0.549806
vt 0.341324 0.549802
vt 0.365803 0.527754
vt 0.366329 0.527761
vt 0.365980 0.550063
vt 0.365451 0.550052
vt 0.389858 0.528224
vt 0.390380 0.528233
vt 0.390168 0.550794
vt 0.389647 0.550785
vt 0.839910 0.186898
vt 0.839869 0.187419
vt 0.839394 0.200014
vt 0.646123 0.386001
vt 0.817460 0.185642
vt 0.817501 0.185120
vt 0.103287 0.207623
vt 0.105032 0.220095
vt 0.286244 0.375208
vt 0.054679 0.556376
vt 0.077797 0.555680
vt 0.054809 0.578387
vt 0.125549 0.204508
vt 0.078319 0.555656
vt 0.079117 0.578439
vt 0.078509 0.578638
vt 0.101772 0.554314
vt 0.102301 0.554295
vt 0.103433 0.576234
vt 0.102906 0.576264
vt 0.125838 0.553487
vt 0.126363 0.553474
vt 0.127242 0.575684
vt 0.126722 0.575699
vt 0.149826 0.552885
vt 0.150353 0.552880
vt 0.151060 0.575187
vt 0.150537 0.575203
vt 0.174035 0.551982
vt 0.174841 0.551705
vt 0.175080 0.550564
vt 0.057951 0.307635
vt 0.174632 0.552152
vt 0.197964 0.552203
vt 0.197938 0.552722
vt 0.174709 0.574819
vt 0.174196 0.574824
vt 0.198486 0.552201
vt 0.197996 0.551103
vt 0.081317 0.310413
vt 0.198465 0.552724
vt 0.221805 0.551395
vt 0.221822 0.551925
vt 0.198735 0.574812
vt 0.198210 0.574826
vt 0.222326 0.551379
vt 0.221779 0.550290
vt 0.105177 0.312883
vt 0.222336 0.551908
vt 0.245453 0.550985
vt 0.245463 0.551515
vt 0.222564 0.574388
vt 0.222044 0.574396
vt 0.245972 0.550977
vt 0.245437 0.549879
vt 0.129018 0.315374
vt 0.245977 0.551505
vt 0.269066 0.550766
vt 0.269102 0.551295
vt 0.246329 0.573985
vt 0.245810 0.573989
vt 0.269579 0.550749
vt 0.269011 0.549659
vt 0.152882 0.317857
vt 0.269620 0.551268
vt 0.292557 0.549611
vt 0.292777 0.550071
vt 0.270224 0.573542
vt 0.269696 0.573545
vt 0.291922 0.548765
vt 0.176684 0.319678
vt 0.293379 0.549879
vt 0.317200 0.550245
vt 0.293905 0.572758
vt 0.293388 0.572769
vt 0.317732 0.550245
vt 0.317603 0.572508
vt 0.317079 0.572504
vt 0.341312 0.550321
vt 0.341841 0.550323
vt 0.341543 0.572466
vt 0.341023 0.572464
vt 0.365438 0.550568
vt 0.365967 0.550576
vt 0.365488 0.572517
vt 0.364955 0.572501
vt 0.389649 0.551312
vt 0.390169 0.551323
vt 0.390001 0.574227
vt 0.389394 0.574056
vt 0.816980 0.185079
vt 0.816939 0.185600
vt 0.816465 0.198195
vt 0.645423 0.362989
vt 0.794531 0.183823
vt 0.794572 0.183302
vt 0.126066 0.204436
vt 0.127811 0.216907
vt 0.285456 0.352191
vt 0.054793 0.578898
vt 0.078338 0.579241
vt 0.053501 0.601425
vt 0.148328 0.201321
vt 0.078788 0.579454
vt 0.079324 0.578902
vt 0.081103 0.581063
vt 0.080939 0.581221
vt 0.076871 0.602273
vt 0.076372 0.602233
vt 0.102955 0.576760
vt 0.103477 0.576748
vt 0.103683 0.579747
vt 0.103181 0.579760
vt 0.126737 0.576218
vt 0.127260 0.576206
vt 0.127343 0.579229
vt 0.126827 0.579234
vt 0.150547 0.575727
vt 0.151070 0.575714
vt 0.151119 0.578764
vt 0.150600 0.578767
vt 0.174209 0.575352
vt 0.174722 0.575347
vt 0.174796 0.578408
vt 0.174278 0.578411
vt 0.198213 0.575346
vt 0.198738 0.575335
vt 0.198762 0.578363
vt 0.198238 0.578369
vt 0.222051 0.574923
vt 0.222570 0.574915
vt 0.222607 0.577965
vt 0.222087 0.577974
vt 0.245820 0.574517
vt 0.246339 0.574510
vt 0.246393 0.577558
vt 0.245872 0.577567
vt 0.269703 0.574069
vt 0.270230 0.574064
vt 0.270265 0.577093
vt 0.269743 0.577105
vt 0.293397 0.573300
vt 0.293912 0.573290
vt 0.293950 0.576366
vt 0.293435 0.576374
vt 0.317085 0.573030
vt 0.317609 0.573033
vt 0.317634 0.576077
vt 0.317116 0.576078
vt 0.341018 0.572983
vt 0.341541 0.572986
vt 0.341513 0.575995
vt 0.340998 0.575993
vt 0.364922 0.573015
vt 0.365447 0.573016
vt 0.365248 0.576033
vt 0.364761 0.576015
vt 0.389195 0.574507
vt 0.389756 0.575044
vt 0.387669 0.576818
vt 0.387508 0.576660
vt 0.390210 0.574838
vt 0.794051 0.183261
vt 0.392593 0.597736
vt 0.392092 0.597792
vt 0.794010 0.183782
vt 0.793535 0.196377
vt 0.644698 0.339968
vt 0.771601 0.182004
vt 0.771643 0.181483
vt 0.148846 0.201248
vt 0.150591 0.213720
vt 0.284680 0.329174
vt 0.053491 0.601965
vt 0.076343 0.602762
vt 0.053044 0.625119
vt 0.171108 0.198134
vt 0.076861 0.602796
vt 0.079892 0.602458
vt 0.079883 0.602961
vt 0.076756 0.625154
vt 0.076232 0.625155
vt 0.392109 0.598314
vt 0.389082 0.598549
vt 0.389056 0.598064
vt 0.392628 0.598266
vt 0.771122 0.181442
vt 0.393354 0.620629
vt 0.392830 0.620638
vt 0.771080 0.181963
vt 0.770606 0.194558
vt 0.643962 0.316944
vt 0.748672 0.180186
vt 0.748713 0.179665
vt 0.171625 0.198061
vt 0.173370 0.210533
vt 0.283912 0.306155
vt 0.053051 0.625660
vt 0.076230 0.625674
vt 0.053539 0.648752
vt 0.193887 0.194947
vt 0.076754 0.625675
vt 0.079798 0.625167
vt 0.079798 0.625676
vt 0.077124 0.648080
vt 0.076603 0.648118
vt 0.392836 0.621158
vt 0.389794 0.621205
vt 0.389787 0.620697
vt 0.393361 0.621147
vt 0.748192 0.179623
vt 0.393622 0.643467
vt 0.393104 0.643444
vt 0.748151 0.180144
vt 0.747676 0.192740
vt 0.643220 0.293919
vt 0.725743 0.178367
vt 0.725784 0.177846
vt 0.194405 0.194874
vt 0.196150 0.207346
vt 0.283150 0.283133
vt 0.053556 0.649291
vt 0.076629 0.648650
vt 0.055049 0.672181
vt 0.216668 0.191760
vt 0.077132 0.648604
vt 0.080155 0.647901
vt 0.080175 0.648389
vt 0.079114 0.671459
vt 0.078657 0.671657
vt 0.393104 0.643965
vt 0.390076 0.643843
vt 0.390078 0.643342
vt 0.393604 0.643994
vt 0.725263 0.177805
vt 0.392062 0.666952
vt 0.391608 0.666750
vt 0.725222 0.178326
vt 0.724747 0.190921
vt 0.642470 0.270892
vt 0.702812 0.176548
vt 0.702854 0.176027
vt 0.217185 0.191688
vt 0.218928 0.204158
vt 0.282397 0.260105
vt 0.055073 0.672690
vt 0.078855 0.672274
vt 0.055100 0.694678
vt 0.239456 0.188587
vt 0.079667 0.672009
vt 0.081232 0.669721
vt 0.081391 0.669882
vt 0.079460 0.672457
vt 0.103442 0.673958
vt 0.103393 0.674458
vt 0.078807 0.695253
vt 0.078286 0.695232
vt 0.103967 0.673968
vt 0.103682 0.670932
vt 0.104171 0.670958
vt 0.103927 0.674484
vt 0.127397 0.674349
vt 0.127387 0.674871
vt 0.103118 0.696523
vt 0.102587 0.696504
vt 0.127919 0.674356
vt 0.127461 0.671326
vt 0.127978 0.671333
vt 0.127909 0.674878
vt 0.151349 0.674479
vt 0.151346 0.675003
vt 0.127382 0.697167
vt 0.126852 0.697158
vt 0.151872 0.674481
vt 0.151378 0.671440
vt 0.151899 0.671444
vt 0.151868 0.675005
vt 0.175333 0.674434
vt 0.175333 0.674959
vt 0.151603 0.697416
vt 0.151074 0.697413
vt 0.175856 0.674432
vt 0.175339 0.671388
vt 0.175861 0.671389
vt 0.175856 0.674957
vt 0.199341 0.674257
vt 0.199344 0.674783
vt 0.175806 0.697417
vt 0.175277 0.697418
vt 0.199865 0.674253
vt 0.199327 0.671209
vt 0.199851 0.671208
vt 0.199868 0.674778
vt 0.223361 0.673972
vt 0.223368 0.674499
vt 0.199997 0.697254
vt 0.199469 0.697259
vt 0.223886 0.673966
vt 0.223329 0.670924
vt 0.223854 0.670920
vt 0.223892 0.674491
vt 0.247377 0.673591
vt 0.247387 0.674118
vt 0.224178 0.696973
vt 0.223650 0.696980
vt 0.247902 0.673582
vt 0.247328 0.670542
vt 0.247853 0.670537
vt 0.247911 0.674108
vt 0.271373 0.673118
vt 0.271386 0.673644
vt 0.248348 0.696593
vt 0.247820 0.696601
vt 0.271897 0.673106
vt 0.271306 0.670068
vt 0.271830 0.670061
vt 0.271910 0.673632
vt 0.295333 0.672548
vt 0.295350 0.673074
vt 0.272504 0.696117
vt 0.271976 0.696128
vt 0.295857 0.672534
vt 0.295247 0.669500
vt 0.295770 0.669491
vt 0.295873 0.673060
vt 0.319249 0.671867
vt 0.319269 0.672392
vt 0.296647 0.695531
vt 0.296120 0.695545
vt 0.319772 0.671850
vt 0.319142 0.668825
vt 0.319663 0.668814
vt 0.319791 0.672374
vt 0.343112 0.671046
vt 0.343138 0.671569
vt 0.320782 0.694793
vt 0.320255 0.694810
vt 0.343634 0.671025
vt 0.342975 0.668018
vt 0.343493 0.668003
vt 0.343659 0.671544
vt 0.366933 0.670028
vt 0.366987 0.670542
vt 0.344925 0.693812
vt 0.344398 0.693835
vt 0.367455 0.670004
vt 0.366670 0.667033
vt 0.367172 0.667009
vt 0.367514 0.670499
vt 0.391082 0.667312
vt 0.391298 0.667769
vt 0.369130 0.692423
vt 0.368599 0.692456
vt 0.389259 0.665198
vt 0.389419 0.665037
vt 0.391903 0.667556
vt 0.702332 0.175986
vt 0.393166 0.690410
vt 0.392644 0.690447
vt 0.702291 0.176507
vt 0.701818 0.189104
vt 0.641710 0.247860
vt 0.679870 0.174733
vt 0.679911 0.174212
vt 0.239975 0.188517
vt 0.241699 0.200968
vt 0.281660 0.237074
vt 0.055083 0.695195
vt 0.078277 0.695760
vt 0.434246 0.742793
vt 0.262391 0.185477
vt 0.078799 0.695781
vt 0.078062 0.718278
vt 0.457274 0.741663
vt 0.102566 0.697020
vt 0.103098 0.697041
vt 0.102321 0.719380
vt 0.482417 0.738290
vt 0.126839 0.697679
vt 0.127369 0.697689
vt 0.126787 0.720072
vt 0.507750 0.737725
vt 0.151068 0.697937
vt 0.151597 0.697939
vt 0.151277 0.720364
vt 0.532789 0.738023
vt 0.175276 0.697943
vt 0.175804 0.697941
vt 0.175724 0.720384
vt 0.557728 0.738691
vt 0.199472 0.697784
vt 0.200000 0.697778
vt 0.200122 0.720229
vt 0.582690 0.739602
vt 0.223657 0.697505
vt 0.224185 0.697497
vt 0.224483 0.719950
vt 0.607736 0.740738
vt 0.247830 0.697127
vt 0.248358 0.697117
vt 0.248824 0.719570
vt 0.632908 0.742141
vt 0.271991 0.696653
vt 0.272518 0.696641
vt 0.273161 0.719094
vt 0.658248 0.743903
vt 0.296139 0.696070
vt 0.296666 0.696055
vt 0.297515 0.718500
vt 0.683811 0.746176
vt 0.320279 0.695335
vt 0.320806 0.695315
vt 0.321905 0.717732
vt 0.709694 0.749208
vt 0.344429 0.694358
vt 0.344957 0.694331
vt 0.346332 0.716672
vt 0.736048 0.753441
vt 0.368634 0.692975
vt 0.369164 0.692937
vt 0.370704 0.715184
vt 0.762926 0.759735
vt 0.392675 0.690974
vt 0.393197 0.690937
vt 0.394707 0.713360
vt 0.789500 0.769488
vt 0.679390 0.174171
vt 0.679347 0.174691
vt 0.678902 0.187296
vt 0.640937 0.224822
vt 0.656814 0.172977
vt 0.656946 0.172496
vt 0.434293 0.743609
vt 0.434649 0.743321
vt 0.445258 0.756053
vt 0.441778 0.756012
vt 0.263034 0.184775
vt 0.414410 0.958368
vt 0.851428 0.694413
vt 0.262935 0.185313
vt 0.827711 0.474549
vt 0.279804 0.183895
vt 0.264332 0.197983
vt 0.280981 0.214061
vt 0.457373 0.742200
vt 0.457871 0.741919
vt 0.461525 0.751183
vt 0.460959 0.751282
vt 0.482529 0.738822
vt 0.483101 0.738773
vt 0.485845 0.749366
vt 0.485316 0.749397
vt 0.507798 0.738267
vt 0.508358 0.738264
vt 0.510175 0.749120
vt 0.509644 0.749126
vt 0.532805 0.738567
vt 0.533357 0.738576
vt 0.534586 0.749490
vt 0.534052 0.749483
vt 0.557723 0.739235
vt 0.558273 0.739250
vt 0.559086 0.750186
vt 0.558550 0.750171
vt 0.582667 0.740145
vt 0.583218 0.740166
vt 0.583685 0.751113
vt 0.583146 0.751091
vt 0.607697 0.741280
vt 0.608250 0.741309
vt 0.608391 0.752259
vt 0.607850 0.752230
vt 0.632853 0.742682
vt 0.633410 0.742719
vt 0.633213 0.753664
vt 0.632669 0.753626
vt 0.658175 0.744442
vt 0.658738 0.744491
vt 0.658162 0.755417
vt 0.657616 0.755369
vt 0.683719 0.746711
vt 0.684289 0.746777
vt 0.683256 0.757665
vt 0.682707 0.757603
vt 0.709576 0.749739
vt 0.710158 0.749831
vt 0.708524 0.760638
vt 0.707971 0.760557
vt 0.735897 0.753963
vt 0.736495 0.754098
vt 0.734009 0.764729
vt 0.733451 0.764617
vt 0.762725 0.760240
vt 0.763334 0.760449
vt 0.759691 0.770681
vt 0.759133 0.770513
vt 0.789243 0.769965
vt 0.789802 0.770283
vt 0.785073 0.779757
vt 0.784500 0.779495
vt 0.813744 0.779777
vt 0.813784 0.780372
vt 0.804145 0.787937
vt 0.802000 0.787450
vt 0.656272 0.172857
vt 0.656086 0.185588
vt 0.640129 0.201791
vt 0.814361 0.779934
vt 0.639344 0.172354
vt 0.468283 0.486884
vt 0.460211 0.707870
vt 0.796456 0.959408
vt 0.281493 0.213531
vt 0.280711 0.196441
vt 0.281292 0.196907
vt 0.281504 0.214052
vt 0.304810 0.212852
vt 0.304825 0.213375
vt 0.282166 0.236535
vt 0.305332 0.212838
vt 0.304377 0.196140
vt 0.304893 0.196118
vt 0.305348 0.213359
vt 0.328724 0.212080
vt 0.328740 0.212603
vt 0.306005 0.235817
vt 0.305482 0.235832
vt 0.329246 0.212063
vt 0.328197 0.195368
vt 0.328719 0.195350
vt 0.329262 0.212585
vt 0.352634 0.211281
vt 0.352651 0.211804
vt 0.329953 0.235046
vt 0.329430 0.235062
vt 0.353157 0.211264
vt 0.352087 0.194572
vt 0.352609 0.194555
vt 0.353173 0.211786
vt 0.376552 0.210481
vt 0.376569 0.211004
vt 0.353890 0.234251
vt 0.353367 0.234269
vt 0.377074 0.210464
vt 0.375999 0.193775
vt 0.376521 0.193758
vt 0.377091 0.210986
vt 0.400476 0.209686
vt 0.400493 0.210209
vt 0.377822 0.233454
vt 0.377299 0.233471
vt 0.400999 0.209669
vt 0.399923 0.192982
vt 0.400446 0.192964
vt 0.401016 0.210192
vt 0.424404 0.208898
vt 0.424422 0.209421
vt 0.401751 0.232661
vt 0.401228 0.232678
vt 0.424927 0.208881
vt 0.423855 0.192194
vt 0.424377 0.192176
vt 0.424944 0.209404
vt 0.448334 0.208117
vt 0.448351 0.208639
vt 0.425679 0.231874
vt 0.425157 0.231891
vt 0.448857 0.208099
vt 0.447789 0.191411
vt 0.448312 0.191394
vt 0.448874 0.208622
vt 0.472264 0.207341
vt 0.472281 0.207864
vt 0.449607 0.231094
vt 0.449084 0.231111
vt 0.472786 0.207324
vt 0.471724 0.190635
vt 0.472246 0.190618
vt 0.472803 0.207847
vt 0.496191 0.206572
vt 0.496208 0.207094
vt 0.473533 0.230321
vt 0.473010 0.230337
vt 0.496714 0.206555
vt 0.495657 0.189865
vt 0.496179 0.189848
vt 0.496731 0.207078
vt 0.520114 0.205809
vt 0.520131 0.206331
vt 0.497457 0.229553
vt 0.496934 0.229569
vt 0.520636 0.205792
vt 0.519585 0.189100
vt 0.520107 0.189083
vt 0.520653 0.206315
vt 0.544030 0.205052
vt 0.544047 0.205575
vt 0.521379 0.228791
vt 0.520856 0.228808
vt 0.544552 0.205036
vt 0.543504 0.188340
vt 0.544027 0.188323
vt 0.544569 0.205558
vt 0.567935 0.204304
vt 0.567952 0.204826
vt 0.545299 0.228037
vt 0.544777 0.228053
vt 0.568457 0.204287
vt 0.567409 0.187584
vt 0.567931 0.187567
vt 0.568474 0.204810
vt 0.591827 0.203563
vt 0.591844 0.204085
vt 0.569218 0.227287
vt 0.568696 0.227303
vt 0.592349 0.203547
vt 0.591288 0.186826
vt 0.591809 0.186809
vt 0.592366 0.204069
vt 0.615704 0.202820
vt 0.615722 0.203341
vt 0.593144 0.226533
vt 0.592621 0.226549
vt 0.616223 0.202805
vt 0.615125 0.186031
vt 0.615643 0.186016
vt 0.616244 0.203323
vt 0.639609 0.201838
vt 0.639629 0.202361
vt 0.617087 0.225734
vt 0.616564 0.225753
vt 0.638593 0.185490
vt 0.639104 0.185390
vt 0.640414 0.224844
vt 0.282182 0.237058
vt 0.305498 0.236355
vt 0.282902 0.259565
vt 0.306021 0.236339
vt 0.306729 0.258803
vt 0.306206 0.258819
vt 0.329446 0.235585
vt 0.329970 0.235568
vt 0.330679 0.258022
vt 0.330156 0.258039
vt 0.353384 0.234791
vt 0.353907 0.234773
vt 0.354626 0.257230
vt 0.354103 0.257248
vt 0.377316 0.233993
vt 0.377838 0.233976
vt 0.378566 0.256437
vt 0.378044 0.256455
vt 0.401245 0.233200
vt 0.401768 0.233183
vt 0.402501 0.255649
vt 0.401978 0.255666
vt 0.425174 0.232414
vt 0.425697 0.232397
vt 0.426431 0.254866
vt 0.425908 0.254883
vt 0.449101 0.231634
vt 0.449624 0.231617
vt 0.450357 0.254089
vt 0.449835 0.254106
vt 0.473027 0.230860
vt 0.473550 0.230843
vt 0.474282 0.253317
vt 0.473760 0.253334
vt 0.496951 0.230092
vt 0.497474 0.230075
vt 0.498206 0.252550
vt 0.497683 0.252566
vt 0.520874 0.229330
vt 0.521396 0.229314
vt 0.522130 0.251787
vt 0.521608 0.251804
vt 0.544794 0.228576
vt 0.545316 0.228559
vt 0.546058 0.251029
vt 0.545535 0.251045
vt 0.568714 0.227826
vt 0.569236 0.227809
vt 0.569991 0.250271
vt 0.569468 0.250288
vt 0.592639 0.227071
vt 0.593162 0.227054
vt 0.593933 0.249502
vt 0.593410 0.249520
vt 0.616583 0.226274
vt 0.617106 0.226255
vt 0.617884 0.248701
vt 0.617361 0.248719
vt 0.640433 0.225367
vt 0.641188 0.247879
vt 0.282919 0.260088
vt 0.306223 0.259342
vt 0.283655 0.282591
vt 0.306746 0.259325
vt 0.307477 0.281795
vt 0.306954 0.281812
vt 0.330172 0.258561
vt 0.330696 0.258544
vt 0.331423 0.280999
vt 0.330900 0.281016
vt 0.354120 0.257770
vt 0.354643 0.257752
vt 0.355373 0.280206
vt 0.354850 0.280223
vt 0.378060 0.256977
vt 0.378583 0.256960
vt 0.379317 0.279417
vt 0.378794 0.279434
vt 0.401995 0.256188
vt 0.402518 0.256171
vt 0.403254 0.278635
vt 0.402731 0.278652
vt 0.425925 0.255406
vt 0.426448 0.255389
vt 0.427184 0.277857
vt 0.426662 0.277874
vt 0.449852 0.254628
vt 0.450375 0.254612
vt 0.451110 0.277084
vt 0.450587 0.277101
vt 0.473777 0.253856
vt 0.474299 0.253839
vt 0.475033 0.276313
vt 0.474511 0.276330
vt 0.497701 0.253089
vt 0.498223 0.253072
vt 0.498957 0.275545
vt 0.498434 0.275562
vt 0.521625 0.252326
vt 0.522148 0.252310
vt 0.522883 0.274779
vt 0.522361 0.274796
vt 0.545552 0.251568
vt 0.546075 0.251551
vt 0.546815 0.274015
vt 0.546293 0.274031
vt 0.569485 0.250810
vt 0.570008 0.250793
vt 0.570755 0.273249
vt 0.570232 0.273266
vt 0.593428 0.250041
vt 0.593951 0.250024
vt 0.594702 0.272477
vt 0.594179 0.272494
vt 0.617379 0.249241
vt 0.617902 0.249223
vt 0.618649 0.271689
vt 0.618126 0.271706
vt 0.641206 0.248402
vt 0.641947 0.270910
vt 0.283672 0.283115
vt 0.306971 0.282335
vt 0.284417 0.305613
vt 0.307494 0.282317
vt 0.308237 0.304787
vt 0.307714 0.304805
vt 0.330917 0.281538
vt 0.331440 0.281521
vt 0.332183 0.303974
vt 0.331660 0.303992
vt 0.354867 0.280745
vt 0.355390 0.280727
vt 0.356133 0.303178
vt 0.355610 0.303195
vt 0.378811 0.279956
vt 0.379334 0.279939
vt 0.380078 0.302395
vt 0.379555 0.302412
vt 0.402748 0.279174
vt 0.403271 0.279157
vt 0.404013 0.301620
vt 0.403491 0.301637
vt 0.426679 0.278397
vt 0.427201 0.278380
vt 0.427941 0.300849
vt 0.427418 0.300866
vt 0.450604 0.277623
vt 0.451127 0.277606
vt 0.451863 0.300079
vt 0.451341 0.300096
vt 0.474528 0.276852
vt 0.475050 0.276836
vt 0.475784 0.299310
vt 0.475262 0.299327
vt 0.498451 0.276084
vt 0.498974 0.276067
vt 0.499706 0.298540
vt 0.499183 0.298557
vt 0.522378 0.275318
vt 0.522900 0.275301
vt 0.523632 0.297769
vt 0.523109 0.297786
vt 0.546310 0.274554
vt 0.546832 0.274537
vt 0.547565 0.296999
vt 0.547042 0.297015
vt 0.570249 0.273788
vt 0.570772 0.273772
vt 0.571506 0.296228
vt 0.570983 0.296245
vt 0.594196 0.273016
vt 0.594719 0.272999
vt 0.595454 0.295456
vt 0.594931 0.295473
vt 0.618143 0.272229
vt 0.618666 0.272211
vt 0.619399 0.294685
vt 0.618876 0.294702
vt 0.641965 0.271433
vt 0.642697 0.293936
vt 0.284434 0.306136
vt 0.307731 0.305327
vt 0.285184 0.328631
vt 0.308254 0.305309
vt 0.309006 0.327773
vt 0.308483 0.327792
vt 0.331677 0.304514
vt 0.332200 0.304496
vt 0.332956 0.326944
vt 0.332433 0.326962
vt 0.355627 0.303717
vt 0.356150 0.303700
vt 0.356907 0.326148
vt 0.356384 0.326165
vt 0.379572 0.302934
vt 0.380095 0.302917
vt 0.380849 0.325373
vt 0.380326 0.325390
vt 0.403508 0.302159
vt 0.404031 0.302142
vt 0.404779 0.324608
vt 0.404256 0.324624
vt 0.427436 0.301388
vt 0.427958 0.301372
vt 0.428701 0.323844
vt 0.428178 0.323861
vt 0.451358 0.300619
vt 0.451881 0.300602
vt 0.452618 0.323078
vt 0.452095 0.323095
vt 0.475279 0.299849
vt 0.475801 0.299832
vt 0.476533 0.322309
vt 0.476011 0.322326
vt 0.499200 0.299079
vt 0.499723 0.299062
vt 0.500451 0.321537
vt 0.499928 0.321554
vt 0.523126 0.298308
vt 0.523649 0.298292
vt 0.524373 0.320761
vt 0.523851 0.320778
vt 0.547059 0.297538
vt 0.547581 0.297521
vt 0.548303 0.319983
vt 0.547780 0.320000
vt 0.571000 0.296767
vt 0.571523 0.296750
vt 0.572243 0.319207
vt 0.571720 0.319224
vt 0.594948 0.295995
vt 0.595471 0.295979
vt 0.596191 0.318437
vt 0.595668 0.318454
vt 0.618893 0.295224
vt 0.619416 0.295208
vt 0.620138 0.317681
vt 0.619615 0.317698
vt 0.642714 0.294460
vt 0.643440 0.316960
vt 0.285202 0.329154
vt 0.308500 0.328314
vt 0.285960 0.351647
vt 0.309023 0.328295
vt 0.309787 0.350745
vt 0.309264 0.350764
vt 0.332450 0.327483
vt 0.332974 0.327466
vt 0.333746 0.349903
vt 0.333223 0.349921
vt 0.356402 0.326687
vt 0.356925 0.326670
vt 0.357696 0.349116
vt 0.357173 0.349133
vt 0.380343 0.325912
vt 0.380866 0.325895
vt 0.381629 0.348355
vt 0.381106 0.348372
vt 0.404274 0.325147
vt 0.404796 0.325130
vt 0.405548 0.347601
vt 0.405026 0.347618
vt 0.428196 0.324383
vt 0.428718 0.324367
vt 0.429461 0.346845
vt 0.428939 0.346861
vt 0.452112 0.323618
vt 0.452635 0.323601
vt 0.453371 0.346082
vt 0.452848 0.346099
vt 0.476028 0.322849
vt 0.476550 0.322832
vt 0.477280 0.345313
vt 0.476758 0.345330
vt 0.499945 0.322076
vt 0.500468 0.322059
vt 0.501191 0.344538
vt 0.500669 0.344555
vt 0.523867 0.321300
vt 0.524390 0.321283
vt 0.525107 0.343757
vt 0.524585 0.343774
vt 0.547797 0.320522
vt 0.548320 0.320505
vt 0.549031 0.342971
vt 0.548508 0.342988
vt 0.571737 0.319746
vt 0.572259 0.319729
vt 0.572965 0.342186
vt 0.572442 0.342203
vt 0.595684 0.318976
vt 0.596207 0.318959
vt 0.596912 0.341414
vt 0.596389 0.341431
vt 0.619632 0.318220
vt 0.620155 0.318204
vt 0.620866 0.340671
vt 0.620343 0.340687
vt 0.643457 0.317484
vt 0.644176 0.339983
vt 0.285978 0.352171
vt 0.309281 0.351286
vt 0.286748 0.374662
vt 0.309805 0.351267
vt 0.310590 0.373689
vt 0.310066 0.373709
vt 0.333241 0.350442
vt 0.333764 0.350424
vt 0.334560 0.372848
vt 0.334037 0.372865
vt 0.357191 0.349654
vt 0.357714 0.349638
vt 0.358498 0.372087
vt 0.357975 0.372103
vt 0.381124 0.348894
vt 0.381646 0.348878
vt 0.382412 0.371348
vt 0.381890 0.371364
vt 0.405044 0.348140
vt 0.405566 0.348124
vt 0.406316 0.370605
vt 0.405794 0.370622
vt 0.428956 0.347384
vt 0.429478 0.347368
vt 0.430217 0.369854
vt 0.429695 0.369870
vt 0.452865 0.346622
vt 0.453388 0.346605
vt 0.454120 0.369093
vt 0.453598 0.369109
vt 0.476775 0.345853
vt 0.477297 0.345836
vt 0.478023 0.368323
vt 0.477502 0.368340
vt 0.500686 0.345078
vt 0.501208 0.345061
vt 0.501929 0.367545
vt 0.501407 0.367562
vt 0.524602 0.344296
vt 0.525124 0.344279
vt 0.525837 0.366759
vt 0.525315 0.366776
vt 0.548524 0.343511
vt 0.549047 0.343494
vt 0.549750 0.365966
vt 0.549227 0.365983
vt 0.572458 0.342726
vt 0.572981 0.342709
vt 0.573672 0.365169
vt 0.573149 0.365186
vt 0.596405 0.341953
vt 0.596928 0.341936
vt 0.597612 0.364385
vt 0.597089 0.364401
vt 0.620359 0.341209
vt 0.620882 0.341193
vt 0.621574 0.363646
vt 0.621050 0.363661
vt 0.644193 0.340506
vt 0.644901 0.363004
vt 0.286766 0.375186
vt 0.310085 0.374229
vt 0.287552 0.397671
vt 0.310609 0.374210
vt 0.311444 0.396577
vt 0.310920 0.396598
vt 0.334056 0.373386
vt 0.334579 0.373369
vt 0.335402 0.395788
vt 0.334879 0.395804
vt 0.357994 0.372625
vt 0.358516 0.372609
vt 0.359300 0.395077
vt 0.358778 0.395092
vt 0.381907 0.371886
vt 0.382430 0.371870
vt 0.383183 0.394359
vt 0.382661 0.394375
vt 0.405811 0.371144
vt 0.406333 0.371128
vt 0.407070 0.393622
vt 0.406548 0.393638
vt 0.429712 0.370393
vt 0.430234 0.370377
vt 0.430963 0.392870
vt 0.430441 0.392887
vt 0.453615 0.369632
vt 0.454137 0.369616
vt 0.454862 0.392108
vt 0.454340 0.392125
vt 0.477518 0.368863
vt 0.478040 0.368846
vt 0.478764 0.391337
vt 0.478242 0.391354
vt 0.501424 0.368085
vt 0.501946 0.368068
vt 0.502667 0.390558
vt 0.502145 0.390575
vt 0.525332 0.367299
vt 0.525854 0.367282
vt 0.526569 0.389770
vt 0.526047 0.389787
vt 0.549244 0.366506
vt 0.549766 0.366488
vt 0.550469 0.388971
vt 0.549947 0.388989
vt 0.573165 0.365709
vt 0.573688 0.365691
vt 0.574371 0.388162
vt 0.573849 0.388179
vt 0.597104 0.364923
vt 0.597627 0.364907
vt 0.598287 0.387352
vt 0.597764 0.387370
vt 0.621066 0.364182
vt 0.621589 0.364167
vt 0.622243 0.386592
vt 0.621719 0.386607
vt 0.644918 0.363527
vt 0.645601 0.386013
vt 0.287571 0.398194
vt 0.310940 0.397116
vt 0.288389 0.420612
vt 0.311464 0.397096
vt 0.312395 0.419381
vt 0.311873 0.419401
vt 0.334899 0.396325
vt 0.335421 0.396310
vt 0.336228 0.418773
vt 0.335708 0.418788
vt 0.358796 0.395615
vt 0.359317 0.395600
vt 0.360055 0.418110
vt 0.359534 0.418126
vt 0.382678 0.394898
vt 0.383200 0.394882
vt 0.383913 0.417393
vt 0.383392 0.417409
vt 0.406565 0.394161
vt 0.407086 0.394145
vt 0.407795 0.416648
vt 0.407274 0.416665
vt 0.430458 0.393410
vt 0.430980 0.393393
vt 0.431692 0.415890
vt 0.431170 0.415906
vt 0.454357 0.392648
vt 0.454879 0.392631
vt 0.455596 0.415123
vt 0.455074 0.415139
vt 0.478259 0.391877
vt 0.478781 0.391860
vt 0.479504 0.414350
vt 0.478982 0.414367
vt 0.502162 0.391098
vt 0.502684 0.391080
vt 0.503411 0.413571
vt 0.502889 0.413588
vt 0.526064 0.390310
vt 0.526586 0.390293
vt 0.527314 0.412786
vt 0.526792 0.412803
vt 0.549964 0.389512
vt 0.550486 0.389494
vt 0.551207 0.411990
vt 0.550686 0.412008
vt 0.573864 0.388702
vt 0.574387 0.388685
vt 0.575086 0.411177
vt 0.574565 0.411195
vt 0.597779 0.387892
vt 0.598302 0.387874
vt 0.598950 0.410339
vt 0.598429 0.410358
vt 0.621733 0.387127
vt 0.622257 0.387113
vt 0.622839 0.409502
vt 0.622314 0.409518
vt 0.645617 0.386535
vt 0.646201 0.408960
vt 0.081377 0.581670
vt 0.081596 0.581493
vt 0.082409 0.582142
vt 0.222029 0.105570
vt 0.080417 0.602062
vt 0.102744 0.580297
vt 0.103770 0.580515
vt 0.104209 0.580248
vt 0.105070 0.581020
vt 0.357451 0.109033
vt 0.103245 0.580552
vt 0.104235 0.602198
vt 0.103724 0.602208
vt 0.102351 0.581487
vt 0.246501 0.107055
vt 0.126353 0.579760
vt 0.104231 0.603401
vt 0.104612 0.603048
vt 0.105544 0.603915
vt 0.584130 0.067841
vt 0.103712 0.603408
vt 0.104239 0.624819
vt 0.103716 0.624821
vt 0.103334 0.603080
vt 0.102763 0.604327
vt 0.611788 0.044469
vt 0.103334 0.602571
vt 0.080701 0.603039
vt 0.080714 0.602522
vt 0.102404 0.601700
vt 0.245085 0.130718
vt 0.104608 0.602532
vt 0.105153 0.601254
vt 0.356373 0.132713
vt 0.126958 0.602118
vt 0.126966 0.602640
vt 0.080397 0.603432
vt 0.081621 0.603907
vt 0.587355 0.042405
vt 0.080311 0.624734
vt 0.081309 0.601278
vt 0.220614 0.129233
vt 0.127375 0.579993
vt 0.127850 0.579734
vt 0.128700 0.580510
vt 0.478431 0.099646
vt 0.126838 0.580019
vt 0.127853 0.601754
vt 0.127337 0.601761
vt 0.125921 0.580944
vt 0.381941 0.110169
vt 0.150119 0.579295
vt 0.127871 0.602980
vt 0.128247 0.602621
vt 0.129189 0.603503
vt 0.731920 0.055625
vt 0.127354 0.602988
vt 0.128076 0.624686
vt 0.127557 0.624690
vt 0.126416 0.603926
vt 0.608582 0.069573
vt 0.126013 0.601241
vt 0.380863 0.133850
vt 0.128238 0.602099
vt 0.128777 0.600813
vt 0.477209 0.123320
vt 0.150649 0.601779
vt 0.150656 0.602304
vt 0.151134 0.579536
vt 0.151618 0.579275
vt 0.153056 0.580631
vt 0.126381 0.227555
vt 0.150597 0.579559
vt 0.151546 0.601413
vt 0.151028 0.601420
vt 0.149677 0.580486
vt 0.502912 0.100930
vt 0.174289 0.578940
vt 0.151933 0.601762
vt 0.153057 0.599886
vt 0.125838 0.248834
vt 0.151941 0.602288
vt 0.174730 0.601518
vt 0.174354 0.602049
vt 0.151562 0.602648
vt 0.152883 0.603179
vt 0.299509 0.062170
vt 0.151044 0.602655
vt 0.151826 0.624513
vt 0.151308 0.624517
vt 0.150107 0.603597
vt 0.756355 0.057589
vt 0.149703 0.600892
vt 0.501694 0.124603
vt 0.174807 0.578936
vt 0.174839 0.580320
vt 0.150743 0.226440
vt 0.198240 0.578891
vt 0.175248 0.601513
vt 0.174704 0.600029
vt 0.148282 0.253541
vt 0.175642 0.602037
vt 0.198561 0.601332
vt 0.198182 0.601860
vt 0.175265 0.602397
vt 0.176592 0.602933
vt 0.554854 0.044635
vt 0.174746 0.602401
vt 0.175579 0.624326
vt 0.175061 0.624330
vt 0.173810 0.603344
vt 0.323884 0.064770
vt 0.198763 0.578886
vt 0.198772 0.580256
vt 0.175171 0.229425
vt 0.222093 0.578500
vt 0.199082 0.601326
vt 0.198541 0.599848
vt 0.172606 0.256029
vt 0.199474 0.601847
vt 0.222394 0.601013
vt 0.222016 0.601545
vt 0.199092 0.602203
vt 0.200420 0.602736
vt 0.360823 0.083552
vt 0.198572 0.602209
vt 0.199389 0.624113
vt 0.198869 0.624119
vt 0.197632 0.603151
vt 0.579276 0.046753
vt 0.222614 0.578491
vt 0.222631 0.579870
vt 0.199245 0.232300
vt 0.245882 0.578093
vt 0.222915 0.601006
vt 0.222374 0.599526
vt 0.196703 0.258755
vt 0.223308 0.601526
vt 0.246209 0.600610
vt 0.245832 0.601143
vt 0.222926 0.601885
vt 0.224254 0.602412
vt 0.254884 0.109243
vt 0.222406 0.601893
vt 0.223228 0.623812
vt 0.222708 0.623819
vt 0.221467 0.602840
vt 0.385283 0.085175
vt 0.246403 0.578083
vt 0.246428 0.579461
vt 0.223342 0.235025
vt 0.269752 0.577629
vt 0.246729 0.600601
vt 0.246187 0.599121
vt 0.220777 0.261630
vt 0.247123 0.601119
vt 0.270017 0.600121
vt 0.269639 0.600655
vt 0.246743 0.601480
vt 0.248070 0.602002
vt 0.422620 0.104336
vt 0.246223 0.601490
vt 0.247063 0.623416
vt 0.246543 0.623425
vt 0.245285 0.602441
vt 0.279362 0.110611
vt 0.270273 0.577617
vt 0.270291 0.578989
vt 0.247665 0.237511
vt 0.292955 0.576913
vt 0.270536 0.600110
vt 0.269997 0.598633
vt 0.245206 0.264613
vt 0.270928 0.600627
vt 0.293350 0.599559
vt 0.293357 0.600087
vt 0.270547 0.600989
vt 0.271871 0.601507
vt 0.329157 0.115016
vt 0.270028 0.601001
vt 0.270870 0.622933
vt 0.270351 0.622944
vt 0.269091 0.601956
vt 0.447106 0.105554
vt 0.293439 0.577164
vt 0.291927 0.578721
vt 0.270110 0.242218
vt 0.294429 0.576876
vt 0.316637 0.576603
vt 0.293968 0.577153
vt 0.295283 0.577679
vt 0.616690 0.065516
vt 0.294244 0.599185
vt 0.293726 0.599196
vt 0.291805 0.598108
vt 0.269568 0.263496
vt 0.294631 0.599532
vt 0.295178 0.598229
vt 0.615021 0.089162
vt 0.294639 0.600060
vt 0.317026 0.599113
vt 0.317034 0.599639
vt 0.294261 0.600425
vt 0.295582 0.600946
vt 0.580738 0.093355
vt 0.293744 0.600436
vt 0.294618 0.622390
vt 0.294101 0.622402
vt 0.292812 0.601393
vt 0.353667 0.115426
vt 0.317657 0.576851
vt 0.318137 0.576593
vt 0.318979 0.577387
vt 0.862088 0.046677
vt 0.317120 0.576870
vt 0.317922 0.598746
vt 0.317405 0.598753
vt 0.316194 0.577793
vt 0.641142 0.067262
vt 0.340507 0.576509
vt 0.317939 0.599982
vt 0.318316 0.599620
vt 0.319262 0.600507
vt 0.678527 0.102525
vt 0.317422 0.599990
vt 0.318323 0.621853
vt 0.317805 0.621864
vt 0.316492 0.600938
vt 0.605223 0.094576
vt 0.316084 0.598228
vt 0.639477 0.090907
vt 0.318309 0.599095
vt 0.318859 0.597803
vt 0.860260 0.070312
vt 0.340748 0.598802
vt 0.340755 0.599323
vt 0.341517 0.576760
vt 0.342006 0.576508
vt 0.342835 0.577299
vt 0.481913 0.074025
vt 0.340979 0.576775
vt 0.341646 0.598441
vt 0.341128 0.598447
vt 0.340046 0.577682
vt 0.886528 0.048587
vt 0.364248 0.576525
vt 0.341660 0.599666
vt 0.342039 0.599309
vt 0.342984 0.600192
vt 0.328200 0.085857
vt 0.341142 0.599672
vt 0.342041 0.621328
vt 0.341522 0.621340
vt 0.340211 0.600607
vt 0.703004 0.103897
vt 0.339808 0.597920
vt 0.884704 0.072221
vt 0.342033 0.598789
vt 0.342590 0.597511
vt 0.480093 0.097657
vt 0.364484 0.598576
vt 0.364492 0.599090
vt 0.365195 0.576806
vt 0.365701 0.576559
vt 0.366472 0.577371
vt 0.425950 0.078885
vt 0.364673 0.576807
vt 0.365380 0.598219
vt 0.364862 0.598227
vt 0.363764 0.577690
vt 0.506355 0.075927
vt 0.387030 0.577101
vt 0.365403 0.599425
vt 0.365782 0.599075
vt 0.366731 0.599938
vt 0.189059 0.101664
vt 0.364884 0.599432
vt 0.365862 0.620808
vt 0.365339 0.620820
vt 0.363954 0.600353
vt 0.352665 0.087401
vt 0.363541 0.597703
vt 0.504534 0.099565
vt 0.365775 0.598561
vt 0.366321 0.597293
vt 0.424367 0.102537
vt 0.388217 0.598141
vt 0.388264 0.598658
vt 0.387249 0.577273
vt 0.386568 0.578087
vt 0.450410 0.080543
vt 0.388510 0.597679
vt 0.388581 0.599035
vt 0.387753 0.599892
vt 0.213531 0.103153
vt 0.387258 0.597317
vt 0.448827 0.104195
vt 0.389255 0.620265
vt 0.104248 0.626021
vt 0.104637 0.625676
vt 0.105577 0.626553
vt 0.619823 0.040176
vt 0.103724 0.626023
vt 0.104384 0.647462
vt 0.103865 0.647460
vt 0.103333 0.625683
vt 0.102772 0.626940
vt 0.853985 0.050830
vt 0.103331 0.625169
vt 0.080616 0.625682
vt 0.080613 0.625155
vt 0.102390 0.624290
vt 0.609809 0.068091
vt 0.104635 0.625162
vt 0.105194 0.623900
vt 0.582472 0.091488
vt 0.127174 0.625044
vt 0.127177 0.625564
vt 0.080324 0.626120
vt 0.081560 0.626560
vt 0.829542 0.048912
vt 0.080657 0.647442
vt 0.081182 0.623897
vt 0.585382 0.066027
vt 0.128083 0.625908
vt 0.128467 0.625555
vt 0.129404 0.626442
vt 0.429377 0.053258
vt 0.127563 0.625912
vt 0.128161 0.647595
vt 0.127643 0.647594
vt 0.126614 0.626839
vt 0.644261 0.042143
vt 0.126234 0.624158
vt 0.606931 0.093219
vt 0.128463 0.625034
vt 0.129016 0.623754
vt 0.730039 0.079255
vt 0.150926 0.624874
vt 0.150930 0.625398
vt 0.151836 0.625745
vt 0.152217 0.625389
vt 0.153156 0.626282
vt 0.331917 0.059951
vt 0.151317 0.625749
vt 0.151956 0.647591
vt 0.151437 0.647592
vt 0.150372 0.626685
vt 0.453795 0.055478
vt 0.149985 0.623982
vt 0.754480 0.081218
vt 0.152212 0.624864
vt 0.152763 0.623574
vt 0.297012 0.085743
vt 0.174678 0.624688
vt 0.174684 0.625215
vt 0.175593 0.625562
vt 0.175973 0.625204
vt 0.176917 0.626099
vt 0.489824 0.049105
vt 0.175073 0.625567
vt 0.175784 0.647478
vt 0.175264 0.647481
vt 0.174130 0.626506
vt 0.356313 0.062393
vt 0.173735 0.623794
vt 0.321393 0.088343
vt 0.175967 0.624678
vt 0.176517 0.623384
vt 0.552824 0.068254
vt 0.198487 0.624479
vt 0.198493 0.625005
vt 0.199404 0.625349
vt 0.199785 0.624991
vt 0.200731 0.625882
vt 0.393366 0.081177
vt 0.198884 0.625355
vt 0.199652 0.647278
vt 0.199131 0.647283
vt 0.197942 0.626297
vt 0.514242 0.051315
vt 0.197541 0.623585
vt 0.577252 0.070370
vt 0.199779 0.624464
vt 0.200329 0.623169
vt 0.359272 0.107207
vt 0.222326 0.624180
vt 0.222333 0.624707
vt 0.223245 0.625048
vt 0.223627 0.624688
vt 0.224574 0.625575
vt 0.518982 0.072409
vt 0.222724 0.625055
vt 0.223543 0.646984
vt 0.223022 0.646991
vt 0.221784 0.626002
vt 0.417829 0.082800
vt 0.221379 0.623290
vt 0.383737 0.108828
vt 0.223619 0.624161
vt 0.224168 0.622862
vt 0.253579 0.132909
vt 0.246163 0.623788
vt 0.246171 0.624314
vt 0.247082 0.624653
vt 0.247463 0.624291
vt 0.248411 0.625175
vt 0.301565 0.108716
vt 0.246562 0.624662
vt 0.247434 0.646595
vt 0.246912 0.646605
vt 0.245624 0.625613
vt 0.543442 0.074095
vt 0.245214 0.622900
vt 0.278056 0.134283
vt 0.247455 0.623764
vt 0.248001 0.622463
vt 0.421463 0.128013
vt 0.269973 0.623308
vt 0.269982 0.623835
vt 0.270891 0.624171
vt 0.271271 0.623808
vt 0.272218 0.624690
vt 0.064557 0.131817
vt 0.270372 0.624182
vt 0.271298 0.646119
vt 0.270777 0.646130
vt 0.269438 0.625136
vt 0.326043 0.110076
vt 0.269024 0.622424
vt 0.445950 0.129230
vt 0.271262 0.623281
vt 0.271806 0.621978
vt 0.328778 0.138718
vt 0.293724 0.622765
vt 0.293734 0.623293
vt 0.294641 0.623628
vt 0.295019 0.623264
vt 0.295967 0.624145
vt 0.548186 0.095629
vt 0.294123 0.623640
vt 0.295114 0.645565
vt 0.294594 0.645578
vt 0.293195 0.624595
vt 0.089054 0.132862
vt 0.292776 0.621883
vt 0.353294 0.139128
vt 0.295009 0.622737
vt 0.295551 0.621434
vt 0.579577 0.117032
vt 0.317429 0.622226
vt 0.317440 0.622752
vt 0.318347 0.623086
vt 0.318724 0.622723
vt 0.319675 0.623601
vt 0.152780 0.123512
vt 0.317830 0.623098
vt 0.318877 0.644948
vt 0.318358 0.644962
vt 0.316905 0.624050
vt 0.572674 0.096847
vt 0.316481 0.621347
vt 0.604063 0.118253
vt 0.318713 0.622199
vt 0.319255 0.620902
vt 0.677219 0.126191
vt 0.341144 0.621699
vt 0.341155 0.622220
vt 0.342065 0.622549
vt 0.342442 0.622190
vt 0.343395 0.623059
vt 0.510992 0.097344
vt 0.341547 0.622561
vt 0.342582 0.644241
vt 0.342065 0.644258
vt 0.340621 0.623507
vt 0.177274 0.124571
vt 0.340196 0.620826
vt 0.701696 0.127569
vt 0.342431 0.621670
vt 0.342976 0.620386
vt 0.326726 0.109517
vt 0.364954 0.621172
vt 0.364965 0.621684
vt 0.365889 0.622008
vt 0.366268 0.621653
vt 0.367223 0.622513
vt 0.156133 0.098059
vt 0.365366 0.622019
vt 0.366229 0.643387
vt 0.365711 0.643403
vt 0.364426 0.622954
vt 0.535477 0.098641
vt 0.364003 0.620312
vt 0.351196 0.111058
vt 0.366258 0.621141
vt 0.366800 0.619876
vt 0.187637 0.125326
vt 0.388953 0.620701
vt 0.388980 0.621233
vt 0.389281 0.621663
vt 0.388433 0.622498
vt 0.180604 0.099585
vt 0.388012 0.619850
vt 0.212107 0.126816
vt 0.389556 0.642884
vt 0.104390 0.648670
vt 0.104773 0.648327
vt 0.105705 0.649217
vt 0.522326 0.046864
vt 0.103870 0.648669
vt 0.104263 0.670176
vt 0.103748 0.670154
vt 0.103480 0.648319
vt 0.102915 0.649580
vt 0.821432 0.053072
vt 0.103480 0.647804
vt 0.080999 0.648323
vt 0.080976 0.647809
vt 0.102544 0.646921
vt 0.852146 0.074465
vt 0.104771 0.647811
vt 0.105329 0.646553
vt 0.617942 0.063806
vt 0.127257 0.647946
vt 0.127255 0.648467
vt 0.080715 0.648786
vt 0.081963 0.649172
vt 0.796992 0.051145
vt 0.081659 0.669273
vt 0.081507 0.646580
vt 0.827706 0.072546
vt 0.128158 0.648821
vt 0.128543 0.648472
vt 0.129473 0.649367
vt 0.364463 0.057712
vt 0.127638 0.648820
vt 0.128001 0.670560
vt 0.127469 0.670554
vt 0.126680 0.649738
vt 0.546748 0.049014
vt 0.126323 0.647047
vt 0.642379 0.065773
vt 0.128543 0.647950
vt 0.129107 0.646673
vt 0.427252 0.076865
vt 0.151052 0.647948
vt 0.151052 0.648472
vt 0.151958 0.648824
vt 0.152342 0.648469
vt 0.153277 0.649365
vt 0.396858 0.055489
vt 0.151437 0.648825
vt 0.151911 0.670669
vt 0.151376 0.670668
vt 0.150482 0.649754
vt 0.388859 0.060144
vt 0.150115 0.647049
vt 0.451665 0.079087
vt 0.152341 0.647945
vt 0.152902 0.646657
vt 0.329576 0.083538
vt 0.174879 0.647839
vt 0.174882 0.648364
vt 0.175791 0.648714
vt 0.176174 0.648356
vt 0.177116 0.649251
vt 0.859112 0.071877
vt 0.175270 0.648717
vt 0.175867 0.670613
vt 0.175332 0.670616
vt 0.174320 0.649653
vt 0.421274 0.057749
vt 0.173938 0.646942
vt 0.353968 0.085984
vt 0.176171 0.647830
vt 0.176729 0.646537
vt 0.487711 0.072713
vt 0.198747 0.647642
vt 0.198752 0.648168
vt 0.199664 0.648514
vt 0.200046 0.648155
vt 0.200993 0.649047
vt 0.764436 0.053385
vt 0.199142 0.648519
vt 0.199852 0.670432
vt 0.199316 0.670437
vt 0.198195 0.649460
vt 0.883555 0.073749
vt 0.197801 0.646748
vt 0.512127 0.074927
vt 0.200041 0.647629
vt 0.200595 0.646332
vt 0.391818 0.104831
vt 0.222640 0.647352
vt 0.222647 0.647878
vt 0.223560 0.648221
vt 0.223942 0.647860
vt 0.224892 0.648748
vt 0.551537 0.070150
vt 0.223038 0.648228
vt 0.223850 0.670144
vt 0.223314 0.670152
vt 0.222095 0.649173
vt 0.788884 0.055315
vt 0.221691 0.646461
vt 0.416280 0.106454
vt 0.223935 0.647333
vt 0.224485 0.646034
vt 0.517372 0.096058
vt 0.246532 0.646967
vt 0.246541 0.647493
vt 0.247454 0.647833
vt 0.247835 0.647470
vt 0.248788 0.648355
vt 0.711367 0.105169
vt 0.246933 0.647842
vt 0.247844 0.669760
vt 0.247308 0.669770
vt 0.245994 0.648791
vt 0.575996 0.071838
vt 0.245580 0.646079
vt 0.541829 0.097747
vt 0.247827 0.646944
vt 0.248373 0.645643
vt 0.300270 0.132385
vt 0.270399 0.646493
vt 0.270410 0.647020
vt 0.271323 0.647356
vt 0.271702 0.646992
vt 0.272656 0.647874
vt 0.390006 0.106650
vt 0.270802 0.647367
vt 0.271817 0.669284
vt 0.271281 0.669296
vt 0.269869 0.648320
vt 0.735848 0.106488
vt 0.269445 0.645609
vt 0.324748 0.133746
vt 0.271691 0.646466
vt 0.272233 0.645163
vt 0.063568 0.155500
vt 0.294219 0.645942
vt 0.294232 0.646469
vt 0.295143 0.646803
vt 0.295520 0.646438
vt 0.296477 0.647316
vt 0.613298 0.091032
vt 0.294624 0.646815
vt 0.295753 0.668714
vt 0.295218 0.668728
vt 0.293698 0.647770
vt 0.414496 0.107797
vt 0.293263 0.645061
vt 0.088060 0.156547
vt 0.295508 0.645911
vt 0.296044 0.644607
vt 0.547026 0.119305
vt 0.317985 0.645327
vt 0.318000 0.645852
vt 0.318911 0.646182
vt 0.319286 0.645817
vt 0.320245 0.646689
vt 0.744022 0.109466
vt 0.318393 0.646196
vt 0.319641 0.668038
vt 0.319107 0.668054
vt 0.317474 0.647151
vt 0.637787 0.092268
vt 0.317028 0.644451
vt 0.571511 0.120525
vt 0.319271 0.645292
vt 0.319803 0.643990
vt 0.151776 0.147195
vt 0.341695 0.644623
vt 0.341712 0.645145
vt 0.342618 0.645468
vt 0.342992 0.645104
vt 0.343952 0.645964
vt 0.185544 0.127251
vt 0.342102 0.645484
vt 0.343463 0.667230
vt 0.342931 0.667250
vt 0.341192 0.646440
vt 0.768520 0.110407
vt 0.340739 0.643756
vt 0.176270 0.148255
vt 0.342977 0.644583
vt 0.343507 0.643286
vt 0.509759 0.121015
vt 0.365335 0.643764
vt 0.365348 0.644279
vt 0.366237 0.644586
vt 0.366621 0.644215
vt 0.367567 0.645065
vt 0.031875 0.128170
vt 0.365726 0.644605
vt 0.367090 0.666232
vt 0.366570 0.666265
vt 0.364824 0.645566
vt 0.210046 0.128092
vt 0.364390 0.642915
vt 0.534239 0.122315
vt 0.366613 0.643707
vt 0.367165 0.642450
vt 0.154679 0.121718
vt 0.389244 0.643276
vt 0.389254 0.643798
vt 0.389551 0.644266
vt 0.388682 0.645050
vt 0.056352 0.129512
vt 0.388324 0.642435
vt 0.179146 0.123246
vt 0.388972 0.664599
vt 0.104691 0.670453
vt 0.105193 0.669290
vt 0.520268 0.070479
vt 0.126993 0.670810
vt 0.103255 0.670402
vt 0.081876 0.669449
vt 0.102476 0.669563
vt 0.819593 0.076704
vt 0.082354 0.668470
vt 0.795151 0.074781
vt 0.128477 0.670820
vt 0.128955 0.669646
vt 0.362131 0.081300
vt 0.150903 0.670928
vt 0.126156 0.669995
vt 0.544690 0.072629
vt 0.152394 0.670925
vt 0.152863 0.669743
vt 0.394695 0.079093
vt 0.174860 0.670878
vt 0.150055 0.670119
vt 0.386524 0.083736
vt 0.176354 0.670866
vt 0.176816 0.669679
vt 0.857323 0.095516
vt 0.198846 0.670702
vt 0.174007 0.670073
vt 0.419104 0.081355
vt 0.200340 0.670682
vt 0.200797 0.669493
vt 0.762596 0.077018
vt 0.222845 0.670418
vt 0.197986 0.669900
vt 0.881768 0.097385
vt 0.224340 0.670393
vt 0.224791 0.669202
vt 0.549925 0.093799
vt 0.246841 0.670038
vt 0.221981 0.669620
vt 0.787035 0.078948
vt 0.248336 0.670007
vt 0.248780 0.668814
vt 0.710112 0.128840
vt 0.270817 0.669566
vt 0.245973 0.669243
vt 0.574382 0.095490
vt 0.272310 0.669530
vt 0.272747 0.668334
vt 0.388917 0.130328
vt 0.294756 0.669000
vt 0.269945 0.668774
vt 0.734592 0.130161
vt 0.296247 0.668958
vt 0.296677 0.667761
vt 0.612126 0.114707
vt 0.318648 0.668328
vt 0.293881 0.668212
vt 0.413406 0.131478
vt 0.320136 0.668279
vt 0.320559 0.667083
vt 0.743131 0.133152
vt 0.342478 0.667526
vt 0.317770 0.667546
vt 0.636608 0.115943
vt 0.343959 0.667467
vt 0.344372 0.666273
vt 0.184751 0.150942
vt 0.366154 0.666549
vt 0.341595 0.666752
vt 0.767629 0.134098
vt 0.367601 0.666462
vt 0.367974 0.665263
vt 0.030595 0.151841
vt 0.388757 0.664780
vt 0.365259 0.665786
vt 0.209253 0.151784
vt 0.387931 0.664151
vt 0.055078 0.153182
vt 0.222503 0.106105
vt 0.223419 0.105410
vt 0.224334 0.106974
vt 0.223940 0.107321
vt 0.220470 0.127850
vt 0.245950 0.107526
vt 0.246644 0.108439
vt 0.245089 0.109366
vt 0.244743 0.108971
vt 0.244612 0.130184
vt 0.243696 0.130879
vt 0.242780 0.129315
vt 0.243175 0.128968
vt 0.221165 0.128763
vt 0.222026 0.126923
vt 0.222372 0.127318
vt 0.357932 0.109561
vt 0.358838 0.108852
vt 0.359776 0.110403
vt 0.359387 0.110756
vt 0.356210 0.131332
vt 0.381397 0.110648
vt 0.382105 0.111550
vt 0.380563 0.112499
vt 0.380211 0.112110
vt 0.380382 0.133322
vt 0.379476 0.134030
vt 0.378538 0.132479
vt 0.378928 0.132127
vt 0.356917 0.132234
vt 0.357752 0.130383
vt 0.358104 0.130773
vt 0.478909 0.100177
vt 0.479819 0.099474
vt 0.480747 0.101030
vt 0.480356 0.101381
vt 0.477054 0.121937
vt 0.502365 0.101405
vt 0.503068 0.102312
vt 0.501520 0.103252
vt 0.501171 0.102860
vt 0.501216 0.124072
vt 0.500305 0.124776
vt 0.499377 0.123219
vt 0.499769 0.122868
vt 0.477757 0.122845
vt 0.478603 0.120998
vt 0.478951 0.121390
vt 0.617158 0.066055
vt 0.618081 0.065369
vt 0.618980 0.066943
vt 0.618581 0.067287
vt 0.614892 0.087777
vt 0.640587 0.067727
vt 0.641272 0.068647
vt 0.639706 0.069557
vt 0.639365 0.069159
vt 0.639009 0.090368
vt 0.638085 0.091054
vt 0.637186 0.089480
vt 0.637585 0.089137
vt 0.615577 0.088697
vt 0.616458 0.086867
vt 0.616799 0.087265
vt 0.862552 0.047220
vt 0.863480 0.046540
vt 0.864368 0.048120
vt 0.863967 0.048461
vt 0.860141 0.068926
vt 0.885969 0.049048
vt 0.886648 0.049973
vt 0.885076 0.050872
vt 0.884737 0.050472
vt 0.884240 0.071678
vt 0.883311 0.072358
vt 0.882423 0.070778
vt 0.882824 0.070438
vt 0.860820 0.069850
vt 0.861713 0.068027
vt 0.862051 0.068427
vt 0.482377 0.074567
vt 0.483305 0.073887
vt 0.484194 0.075467
vt 0.483793 0.075808
vt 0.479973 0.096272
vt 0.505796 0.076388
vt 0.506476 0.077312
vt 0.504905 0.078213
vt 0.504566 0.077813
vt 0.504070 0.099022
vt 0.503141 0.099701
vt 0.502254 0.098121
vt 0.502655 0.097781
vt 0.480652 0.097196
vt 0.481544 0.095372
vt 0.481883 0.095773
vt 0.426419 0.079423
vt 0.427340 0.078734
vt 0.428244 0.080304
vt 0.427848 0.080649
vt 0.424233 0.101152
vt 0.449856 0.081010
vt 0.450544 0.081928
vt 0.448982 0.082843
vt 0.448638 0.082446
vt 0.448357 0.103657
vt 0.447436 0.104346
vt 0.446532 0.102776
vt 0.446929 0.102431
vt 0.424921 0.102070
vt 0.425795 0.100237
vt 0.426138 0.100634
vt 0.587816 0.042950
vt 0.588748 0.042276
vt 0.589626 0.043861
vt 0.589224 0.044200
vt 0.585271 0.064640
vt 0.611226 0.044926
vt 0.611898 0.045856
vt 0.610320 0.046744
vt 0.609984 0.046341
vt 0.609348 0.067546
vt 0.608416 0.068219
vt 0.607538 0.066634
vt 0.607941 0.066295
vt 0.585944 0.065569
vt 0.586848 0.063750
vt 0.587185 0.064153
vt 0.584598 0.068380
vt 0.585521 0.067694
vt 0.586420 0.069267
vt 0.586022 0.069611
vt 0.582344 0.090102
vt 0.608027 0.070038
vt 0.608713 0.070958
vt 0.607148 0.071869
vt 0.606806 0.071471
vt 0.606463 0.092680
vt 0.605540 0.093367
vt 0.604640 0.091794
vt 0.605037 0.091450
vt 0.583028 0.091022
vt 0.583909 0.089193
vt 0.584250 0.089591
vt 0.732383 0.056169
vt 0.733313 0.055491
vt 0.734197 0.057073
vt 0.733795 0.057413
vt 0.729923 0.077869
vt 0.755795 0.058049
vt 0.756472 0.058975
vt 0.754899 0.059871
vt 0.754561 0.059470
vt 0.754017 0.080675
vt 0.753088 0.081353
vt 0.752203 0.079771
vt 0.752603 0.079431
vt 0.730600 0.078796
vt 0.731498 0.076974
vt 0.731835 0.077375
vt 0.299957 0.062725
vt 0.300904 0.062072
vt 0.301747 0.063677
vt 0.301337 0.064006
vt 0.296932 0.084354
vt 0.323312 0.065215
vt 0.323965 0.066159
vt 0.322369 0.067014
vt 0.322041 0.066604
vt 0.320944 0.087787
vt 0.319998 0.088441
vt 0.319154 0.086837
vt 0.319564 0.086508
vt 0.297584 0.085298
vt 0.298529 0.083500
vt 0.298856 0.083910
vt 0.555313 0.045182
vt 0.556247 0.044510
vt 0.557122 0.046098
vt 0.556718 0.046435
vt 0.552717 0.066866
vt 0.578713 0.047210
vt 0.579384 0.048140
vt 0.577805 0.049026
vt 0.577470 0.048623
vt 0.576792 0.069824
vt 0.575859 0.070496
vt 0.574983 0.068909
vt 0.575386 0.068572
vt 0.553387 0.067797
vt 0.554297 0.065981
vt 0.554631 0.066385
vt 0.361293 0.084089
vt 0.362214 0.083399
vt 0.363120 0.084969
vt 0.362723 0.085314
vt 0.359137 0.105822
vt 0.384730 0.085643
vt 0.385420 0.086560
vt 0.383859 0.087478
vt 0.383515 0.087081
vt 0.383267 0.108292
vt 0.382347 0.108983
vt 0.381441 0.107414
vt 0.381836 0.107068
vt 0.359826 0.106739
vt 0.360698 0.104905
vt 0.361041 0.105302
vt 0.255360 0.109775
vt 0.256273 0.109075
vt 0.257196 0.110634
vt 0.256803 0.110984
vt 0.253429 0.131526
vt 0.278813 0.111085
vt 0.279513 0.111994
vt 0.277962 0.112928
vt 0.277614 0.112536
vt 0.277580 0.133751
vt 0.276667 0.134450
vt 0.275745 0.132890
vt 0.276138 0.132541
vt 0.254128 0.132436
vt 0.254981 0.130593
vt 0.255328 0.130986
vt 0.423099 0.104866
vt 0.424008 0.104160
vt 0.424940 0.105714
vt 0.424550 0.106066
vt 0.421304 0.126631
vt 0.446560 0.106031
vt 0.447265 0.106936
vt 0.445720 0.107879
vt 0.445369 0.107489
vt 0.445470 0.128701
vt 0.444562 0.129407
vt 0.443630 0.127853
vt 0.444020 0.127501
vt 0.422009 0.127536
vt 0.422850 0.125688
vt 0.423200 0.126078
vt 0.329653 0.115529
vt 0.330538 0.114794
vt 0.331521 0.116317
vt 0.331142 0.116681
vt 0.328575 0.137342
vt 0.353138 0.115921
vt 0.353872 0.116802
vt 0.352358 0.117796
vt 0.351996 0.117417
vt 0.352797 0.138615
vt 0.351913 0.139350
vt 0.350930 0.137828
vt 0.351308 0.137463
vt 0.329308 0.138224
vt 0.330089 0.136349
vt 0.330451 0.136728
vt 0.581217 0.093884
vt 0.582126 0.093179
vt 0.583058 0.094733
vt 0.582667 0.095085
vt 0.579419 0.115650
vt 0.604678 0.095053
vt 0.605382 0.095958
vt 0.603837 0.096901
vt 0.603486 0.096511
vt 0.603584 0.117724
vt 0.602675 0.118428
vt 0.601743 0.116874
vt 0.602134 0.116523
vt 0.580123 0.116555
vt 0.580964 0.114706
vt 0.581315 0.115097
vt 0.679003 0.103057
vt 0.679915 0.102357
vt 0.680838 0.103917
vt 0.680445 0.104267
vt 0.677069 0.124809
vt 0.702456 0.104370
vt 0.703155 0.105279
vt 0.701604 0.106214
vt 0.701256 0.105821
vt 0.701220 0.127036
vt 0.700307 0.127735
vt 0.699385 0.126175
vt 0.699778 0.125826
vt 0.677768 0.125718
vt 0.678621 0.123875
vt 0.678968 0.124268
vt 0.328672 0.086392
vt 0.329590 0.085699
vt 0.330501 0.087266
vt 0.330106 0.087612
vt 0.326586 0.108133
vt 0.352113 0.087870
vt 0.352806 0.088784
vt 0.351248 0.089708
vt 0.350903 0.089312
vt 0.350724 0.110523
vt 0.349807 0.111217
vt 0.348894 0.109651
vt 0.349289 0.109304
vt 0.327278 0.109047
vt 0.328144 0.107210
vt 0.328488 0.107606
vt 0.189532 0.102198
vt 0.190448 0.101503
vt 0.191365 0.103068
vt 0.190969 0.103414
vt 0.187493 0.123943
vt 0.212980 0.103624
vt 0.213673 0.104537
vt 0.212117 0.105463
vt 0.211772 0.105068
vt 0.211634 0.126282
vt 0.210717 0.126977
vt 0.209802 0.125412
vt 0.210197 0.125065
vt 0.188188 0.124855
vt 0.189049 0.123016
vt 0.189395 0.123410
vt 0.830006 0.049455
vt 0.830934 0.048776
vt 0.831823 0.050356
vt 0.831421 0.050696
vt 0.827586 0.071160
vt 0.853425 0.051291
vt 0.854103 0.052217
vt 0.852530 0.053115
vt 0.852192 0.052714
vt 0.851682 0.073922
vt 0.850754 0.074601
vt 0.849866 0.073021
vt 0.850267 0.072680
vt 0.828265 0.072085
vt 0.829158 0.070261
vt 0.829497 0.070661
vt 0.620286 0.040719
vt 0.621215 0.040042
vt 0.622100 0.041624
vt 0.621699 0.041963
vt 0.617825 0.062419
vt 0.643700 0.042603
vt 0.644377 0.043529
vt 0.642803 0.044424
vt 0.642465 0.044023
vt 0.641916 0.065229
vt 0.640986 0.065906
vt 0.640102 0.064325
vt 0.640503 0.063985
vt 0.618502 0.063346
vt 0.619399 0.061524
vt 0.619737 0.061925
vt 0.429834 0.053806
vt 0.430770 0.053137
vt 0.431639 0.054728
vt 0.431234 0.055064
vt 0.427149 0.075478
vt 0.453231 0.055932
vt 0.453897 0.056866
vt 0.452313 0.057744
vt 0.451980 0.057339
vt 0.451208 0.078539
vt 0.450271 0.079206
vt 0.449403 0.077615
vt 0.449808 0.077280
vt 0.427817 0.076411
vt 0.428732 0.074599
vt 0.429066 0.075003
vt 0.332369 0.060503
vt 0.333312 0.059844
vt 0.334166 0.061443
vt 0.333758 0.061775
vt 0.329486 0.082150
vt 0.355744 0.062842
vt 0.356402 0.063781
vt 0.354812 0.064646
vt 0.354481 0.064238
vt 0.353516 0.085431
vt 0.352573 0.086089
vt 0.351721 0.084490
vt 0.352129 0.084159
vt 0.330145 0.083089
vt 0.331078 0.081285
vt 0.331408 0.081693
vt 0.490282 0.049652
vt 0.491218 0.048984
vt 0.492088 0.050574
vt 0.491683 0.050910
vt 0.487608 0.071326
vt 0.513677 0.051769
vt 0.514345 0.052700
vt 0.512761 0.053580
vt 0.512429 0.053178
vt 0.511670 0.074378
vt 0.510733 0.075045
vt 0.509865 0.073454
vt 0.510270 0.073119
vt 0.488275 0.072259
vt 0.489191 0.070446
vt 0.489525 0.070851
vt 0.393837 0.081714
vt 0.394757 0.081024
vt 0.395663 0.082593
vt 0.395267 0.082938
vt 0.391682 0.103447
vt 0.417275 0.083268
vt 0.417965 0.084184
vt 0.416404 0.085102
vt 0.416060 0.084706
vt 0.415810 0.105917
vt 0.414889 0.106608
vt 0.413983 0.105038
vt 0.414380 0.104693
vt 0.392371 0.104363
vt 0.393243 0.102529
vt 0.393586 0.102925
vt 0.519451 0.072948
vt 0.520373 0.072259
vt 0.521276 0.073831
vt 0.520878 0.074175
vt 0.517240 0.094673
vt 0.542887 0.074561
vt 0.543574 0.075480
vt 0.542011 0.076393
vt 0.541668 0.075996
vt 0.541360 0.097209
vt 0.540438 0.097896
vt 0.539536 0.096324
vt 0.539934 0.095980
vt 0.517927 0.095591
vt 0.518804 0.093760
vt 0.519146 0.094157
vt 0.302041 0.109248
vt 0.302953 0.108548
vt 0.303877 0.110107
vt 0.303484 0.110457
vt 0.300119 0.131003
vt 0.325495 0.110550
vt 0.326194 0.111459
vt 0.324643 0.112393
vt 0.324295 0.112001
vt 0.324272 0.133214
vt 0.323360 0.133914
vt 0.322436 0.132354
vt 0.322829 0.132005
vt 0.300819 0.131911
vt 0.301670 0.130068
vt 0.302018 0.130461
vt 0.065040 0.132343
vt 0.065942 0.131630
vt 0.066887 0.133177
vt 0.066499 0.133532
vt 0.063399 0.154119
vt 0.088512 0.133343
vt 0.089222 0.134243
vt 0.087682 0.135196
vt 0.087330 0.134808
vt 0.087577 0.156021
vt 0.086673 0.156732
vt 0.085730 0.155185
vt 0.086119 0.154830
vt 0.064111 0.155019
vt 0.064938 0.153165
vt 0.065291 0.153553
vt 0.548665 0.096158
vt 0.549574 0.095452
vt 0.550507 0.097007
vt 0.550115 0.097358
vt 0.546867 0.117923
vt 0.572127 0.097324
vt 0.572831 0.098230
vt 0.571285 0.099173
vt 0.570935 0.098782
vt 0.571031 0.119995
vt 0.570123 0.120701
vt 0.569191 0.119147
vt 0.569582 0.118795
vt 0.547572 0.118828
vt 0.548412 0.116979
vt 0.548762 0.117370
vt 0.153263 0.124038
vt 0.154167 0.123327
vt 0.155109 0.124875
vt 0.154721 0.125229
vt 0.151609 0.145814
vt 0.176731 0.125052
vt 0.177442 0.125952
vt 0.175902 0.126905
vt 0.175550 0.126517
vt 0.175787 0.147729
vt 0.174883 0.148440
vt 0.173941 0.146892
vt 0.174329 0.146538
vt 0.152319 0.146715
vt 0.153148 0.144861
vt 0.153501 0.145249
vt 0.511470 0.097875
vt 0.512380 0.097172
vt 0.513308 0.098728
vt 0.512917 0.099079
vt 0.509604 0.119633
vt 0.534929 0.099116
vt 0.535631 0.100024
vt 0.534082 0.100962
vt 0.533733 0.100570
vt 0.533762 0.121784
vt 0.532851 0.122486
vt 0.531924 0.120929
vt 0.532316 0.120578
vt 0.510306 0.120540
vt 0.511153 0.118694
vt 0.511502 0.119086
vt 0.156606 0.098594
vt 0.157522 0.097900
vt 0.158436 0.099465
vt 0.158041 0.099812
vt 0.154537 0.120334
vt 0.180052 0.100055
vt 0.180745 0.100969
vt 0.179187 0.101892
vt 0.178843 0.101497
vt 0.178673 0.122710
vt 0.177756 0.123404
vt 0.176843 0.121838
vt 0.177238 0.121492
vt 0.155231 0.121248
vt 0.156094 0.119410
vt 0.156440 0.119805
vt 0.797456 0.051688
vt 0.798385 0.051010
vt 0.799271 0.052591
vt 0.798870 0.052931
vt 0.795032 0.073395
vt 0.820872 0.053533
vt 0.821550 0.054458
vt 0.819978 0.055356
vt 0.819639 0.054955
vt 0.819129 0.076161
vt 0.818200 0.076840
vt 0.817313 0.075260
vt 0.817714 0.074919
vt 0.795710 0.074320
vt 0.796604 0.072497
vt 0.796943 0.072897
vt 0.522785 0.047411
vt 0.523719 0.046741
vt 0.524592 0.048329
vt 0.524188 0.048666
vt 0.520162 0.069093
vt 0.546184 0.049469
vt 0.546854 0.050401
vt 0.545274 0.051284
vt 0.544939 0.050881
vt 0.544231 0.072082
vt 0.543296 0.072752
vt 0.542424 0.071164
vt 0.542828 0.070827
vt 0.520831 0.070024
vt 0.521742 0.068209
vt 0.522077 0.068612
vt 0.364915 0.058264
vt 0.365858 0.057605
vt 0.366712 0.059203
vt 0.366304 0.059535
vt 0.362041 0.079912
vt 0.388290 0.060594
vt 0.388950 0.061533
vt 0.387359 0.062398
vt 0.387029 0.061990
vt 0.386072 0.083184
vt 0.385129 0.083842
vt 0.384276 0.082243
vt 0.384684 0.081912
vt 0.362700 0.080851
vt 0.363632 0.079047
vt 0.363962 0.079454
vt 0.397315 0.056038
vt 0.398252 0.055371
vt 0.399118 0.056963
vt 0.398713 0.057298
vt 0.394595 0.077706
vt 0.420708 0.058203
vt 0.421372 0.059137
vt 0.419787 0.060013
vt 0.419455 0.059608
vt 0.418648 0.080806
vt 0.417710 0.081472
vt 0.416845 0.079880
vt 0.417251 0.079545
vt 0.395260 0.078640
vt 0.396179 0.076829
vt 0.396512 0.077234
vt 0.859576 0.072419
vt 0.860504 0.071738
vt 0.861394 0.073317
vt 0.860994 0.073658
vt 0.857200 0.094130
vt 0.882997 0.074211
vt 0.883677 0.075134
vt 0.882107 0.076036
vt 0.881767 0.075636
vt 0.881303 0.096843
vt 0.880376 0.097524
vt 0.879485 0.095946
vt 0.879886 0.095604
vt 0.857881 0.095054
vt 0.858770 0.093228
vt 0.859110 0.093628
vt 0.764900 0.053928
vt 0.765828 0.053248
vt 0.766716 0.054828
vt 0.766316 0.055169
vt 0.762477 0.075632
vt 0.788320 0.055774
vt 0.788996 0.056699
vt 0.787423 0.057596
vt 0.787086 0.057198
vt 0.786571 0.078405
vt 0.785643 0.079083
vt 0.784756 0.077502
vt 0.785157 0.077162
vt 0.763155 0.076557
vt 0.764049 0.074734
vt 0.764388 0.075134
vt 0.552006 0.070688
vt 0.552928 0.070001
vt 0.553831 0.071572
vt 0.553433 0.071916
vt 0.549793 0.092414
vt 0.575442 0.072304
vt 0.576129 0.073223
vt 0.574566 0.074136
vt 0.574223 0.073739
vt 0.573913 0.094952
vt 0.572991 0.095639
vt 0.572089 0.094066
vt 0.572487 0.093723
vt 0.550480 0.093332
vt 0.551357 0.091501
vt 0.551699 0.091898
vt 0.711844 0.105700
vt 0.712756 0.104999
vt 0.713682 0.106556
vt 0.713289 0.106907
vt 0.709958 0.127457
vt 0.735300 0.106963
vt 0.736002 0.107871
vt 0.734452 0.108808
vt 0.734103 0.108416
vt 0.734115 0.129630
vt 0.733203 0.130332
vt 0.732278 0.128774
vt 0.732670 0.128423
vt 0.710659 0.128365
vt 0.711508 0.126520
vt 0.711857 0.126912
vt 0.390487 0.107177
vt 0.391394 0.106469
vt 0.392331 0.108021
vt 0.391941 0.108374
vt 0.388754 0.128947
vt 0.413952 0.108276
vt 0.414659 0.109178
vt 0.413116 0.110126
vt 0.412765 0.109737
vt 0.412925 0.130950
vt 0.412018 0.131658
vt 0.411082 0.130107
vt 0.411472 0.129754
vt 0.389461 0.129850
vt 0.390297 0.127999
vt 0.390648 0.128389
vt 0.613777 0.091561
vt 0.614686 0.090856
vt 0.615617 0.092410
vt 0.615227 0.092762
vt 0.611967 0.113325
vt 0.637240 0.092744
vt 0.637943 0.093650
vt 0.636396 0.094591
vt 0.636047 0.094200
vt 0.636129 0.115414
vt 0.635220 0.116119
vt 0.634289 0.114564
vt 0.634681 0.114212
vt 0.612672 0.114230
vt 0.613513 0.112382
vt 0.613863 0.112773
vt 0.744508 0.109990
vt 0.745408 0.109274
vt 0.746358 0.110817
vt 0.745971 0.111174
vt 0.742957 0.131772
vt 0.767980 0.110890
vt 0.768696 0.111787
vt 0.767161 0.112748
vt 0.766806 0.112362
vt 0.767144 0.133574
vt 0.766243 0.134289
vt 0.765294 0.132745
vt 0.765681 0.132390
vt 0.743672 0.132669
vt 0.744492 0.130812
vt 0.744847 0.131198
vt 0.186031 0.127773
vt 0.186929 0.127053
vt 0.187885 0.128593
vt 0.187500 0.128950
vt 0.184571 0.149563
vt 0.209508 0.128577
vt 0.210226 0.129471
vt 0.208695 0.130438
vt 0.208339 0.130053
vt 0.208765 0.151262
vt 0.207868 0.151981
vt 0.206912 0.150442
vt 0.207297 0.150084
vt 0.185289 0.150457
vt 0.186102 0.148596
vt 0.186458 0.148981
vt 0.032352 0.128702
vt 0.033264 0.128001
vt 0.034188 0.129560
vt 0.033795 0.129910
vt 0.030444 0.150458
vt 0.055804 0.129987
vt 0.056505 0.130895
vt 0.054954 0.131831
vt 0.054606 0.131439
vt 0.054602 0.152650
vt 0.053690 0.153352
vt 0.052765 0.151793
vt 0.053157 0.151443
vt 0.031144 0.151367
vt 0.031995 0.149523
vt 0.032343 0.149916
vt 0.224395 0.107465
vt 0.222515 0.126860
vt 0.244599 0.109429
vt 0.242719 0.128824
vt 0.359844 0.110893
vt 0.358241 0.130313
vt 0.380074 0.112570
vt 0.378470 0.131989
vt 0.480812 0.101521
vt 0.479092 0.120931
vt 0.501031 0.103319
vt 0.499312 0.122729
vt 0.619035 0.067435
vt 0.616948 0.086809
vt 0.639216 0.069615
vt 0.637131 0.088989
vt 0.864420 0.048612
vt 0.862203 0.067972
vt 0.884586 0.050927
vt 0.882371 0.070286
vt 0.484246 0.075959
vt 0.482035 0.095317
vt 0.504414 0.078269
vt 0.502202 0.097629
vt 0.428302 0.080796
vt 0.426285 0.100177
vt 0.448491 0.082903
vt 0.446475 0.102284
vt 0.589676 0.044353
vt 0.587339 0.063698
vt 0.609828 0.046796
vt 0.607489 0.066141
vt 0.586476 0.069759
vt 0.584400 0.089134
vt 0.606657 0.071928
vt 0.604583 0.091303
vt 0.734248 0.057565
vt 0.731988 0.076920
vt 0.754408 0.059925
vt 0.752151 0.079279
vt 0.301785 0.064170
vt 0.299021 0.083460
vt 0.321877 0.067055
vt 0.319115 0.086344
vt 0.557169 0.046590
vt 0.554788 0.065931
vt 0.577314 0.049077
vt 0.574935 0.068417
vt 0.363178 0.085460
vt 0.361188 0.104845
vt 0.383369 0.087539
vt 0.381382 0.106922
vt 0.257259 0.111125
vt 0.255470 0.130527
vt 0.277473 0.112995
vt 0.275683 0.132399
vt 0.425007 0.106204
vt 0.423339 0.125619
vt 0.445231 0.107948
vt 0.443563 0.127362
vt 0.331603 0.116805
vt 0.330575 0.136264
vt 0.351872 0.117881
vt 0.350847 0.137340
vt 0.583124 0.095224
vt 0.581453 0.114638
vt 0.603348 0.096970
vt 0.601677 0.116384
vt 0.680901 0.104408
vt 0.679110 0.123810
vt 0.701115 0.106280
vt 0.699322 0.125684
vt 0.330561 0.087757
vt 0.328634 0.107148
vt 0.350759 0.089770
vt 0.348834 0.109160
vt 0.191424 0.103559
vt 0.189538 0.122952
vt 0.211627 0.105526
vt 0.209742 0.124921
vt 0.831873 0.050848
vt 0.829649 0.070206
vt 0.852039 0.053169
vt 0.849814 0.072529
vt 0.622151 0.042116
vt 0.619890 0.061470
vt 0.642312 0.044478
vt 0.640051 0.063833
vt 0.431685 0.055220
vt 0.429223 0.074550
vt 0.451821 0.057792
vt 0.449357 0.077123
vt 0.334207 0.061936
vt 0.331569 0.081241
vt 0.354320 0.064690
vt 0.351680 0.083997
vt 0.492134 0.051067
vt 0.489682 0.070397
vt 0.512269 0.053631
vt 0.509819 0.072961
vt 0.395721 0.083084
vt 0.393732 0.102468
vt 0.415914 0.085163
vt 0.413925 0.104547
vt 0.521333 0.074322
vt 0.519294 0.093700
vt 0.541521 0.076453
vt 0.539480 0.095832
vt 0.303940 0.110598
vt 0.302160 0.130002
vt 0.324154 0.112460
vt 0.322373 0.131864
vt 0.066957 0.133667
vt 0.065426 0.153092
vt 0.087193 0.135268
vt 0.085661 0.154695
vt 0.550572 0.097497
vt 0.548901 0.116910
vt 0.570796 0.099241
vt 0.569125 0.118656
vt 0.155179 0.125364
vt 0.153636 0.144789
vt 0.175414 0.126978
vt 0.173871 0.146402
vt 0.513373 0.099219
vt 0.511642 0.118627
vt 0.533592 0.101029
vt 0.531859 0.120439
vt 0.158497 0.099956
vt 0.156584 0.119347
vt 0.178698 0.101955
vt 0.176783 0.121347
vt 0.799323 0.053083
vt 0.797094 0.072442
vt 0.819487 0.055411
vt 0.817261 0.074768
vt 0.524639 0.048822
vt 0.522233 0.068158
vt 0.544783 0.051335
vt 0.542376 0.070671
vt 0.366754 0.059696
vt 0.364123 0.079002
vt 0.386867 0.062443
vt 0.384235 0.081750
vt 0.399164 0.057456
vt 0.396670 0.076781
vt 0.419296 0.060060
vt 0.416800 0.079387
vt 0.861447 0.073809
vt 0.859261 0.093172
vt 0.881616 0.076092
vt 0.879433 0.095454
vt 0.766769 0.055320
vt 0.764540 0.074679
vt 0.786932 0.057653
vt 0.784705 0.077010
vt 0.553887 0.072064
vt 0.551847 0.091441
vt 0.574076 0.074196
vt 0.572033 0.093575
vt 0.713746 0.107047
vt 0.711997 0.126453
vt 0.733963 0.108875
vt 0.732214 0.128283
vt 0.392398 0.108511
vt 0.390786 0.127929
vt 0.412628 0.110197
vt 0.411014 0.129617
vt 0.615684 0.092900
vt 0.614002 0.112313
vt 0.635907 0.094659
vt 0.634224 0.114073
vt 0.746430 0.111307
vt 0.744980 0.130737
vt 0.766673 0.112823
vt 0.765223 0.132256
vt 0.187959 0.129082
vt 0.186590 0.148519
vt 0.208208 0.130515
vt 0.206838 0.149952
vt 0.034251 0.130051
vt 0.032485 0.149457
vt 0.054465 0.131897
vt 0.052701 0.151303
vt 0.126864 0.228035
vt 0.127657 0.227375
vt 0.129416 0.229592
vt 0.129116 0.229910
vt 0.125796 0.247613
vt 0.150763 0.226969
vt 0.151388 0.227068
vt 0.151317 0.230182
vt 0.150794 0.230131
vt 0.175119 0.229951
vt 0.148365 0.253018
vt 0.147754 0.252984
vt 0.148403 0.249884
vt 0.148930 0.249943
vt 0.172135 0.255447
vt 0.126387 0.248429
vt 0.128190 0.246248
vt 0.128457 0.246599
vt 0.175651 0.230023
vt 0.175320 0.233081
vt 0.174796 0.233016
vt 0.199185 0.232825
vt 0.172668 0.255504
vt 0.172511 0.252399
vt 0.173035 0.252454
vt 0.196239 0.258168
vt 0.199709 0.232887
vt 0.199356 0.235934
vt 0.198831 0.235873
vt 0.223279 0.235551
vt 0.196764 0.258230
vt 0.196593 0.255121
vt 0.197117 0.255182
vt 0.220297 0.261032
vt 0.223812 0.235607
vt 0.223437 0.238655
vt 0.222913 0.238601
vt 0.247582 0.238035
vt 0.220830 0.261103
vt 0.220629 0.257974
vt 0.221152 0.258038
vt 0.244562 0.263985
vt 0.248193 0.238069
vt 0.247545 0.241169
vt 0.247018 0.241110
vt 0.269561 0.242623
vt 0.245187 0.264085
vt 0.244632 0.260871
vt 0.245155 0.260922
vt 0.268292 0.263676
vt 0.270152 0.243438
vt 0.267758 0.244803
vt 0.267491 0.244452
vt 0.269085 0.263016
vt 0.266533 0.261459
vt 0.266833 0.261142
vt 0.129542 0.230029
vt 0.128667 0.246202
vt 0.150804 0.230673
vt 0.151295 0.230725
vt 0.174739 0.233545
vt 0.149025 0.249409
vt 0.148510 0.249350
vt 0.172572 0.251870
vt 0.175261 0.233610
vt 0.198770 0.236400
vt 0.173098 0.251926
vt 0.196653 0.254594
vt 0.199295 0.236461
vt 0.222850 0.239129
vt 0.197179 0.254655
vt 0.220687 0.257445
vt 0.223376 0.239184
vt 0.246923 0.241644
vt 0.221209 0.257510
vt 0.244654 0.260329
vt 0.247438 0.241703
vt 0.267281 0.244850
vt 0.245145 0.260380
vt 0.266407 0.261023
vt 0.062370 0.262491
vt 0.060076 0.284695
vt 0.085631 0.264716
vt 0.086152 0.264768
vt 0.109477 0.267197
vt 0.083923 0.287012
vt 0.083403 0.286958
vt 0.083354 0.287474
vt 0.083870 0.287532
vt 0.081379 0.309893
vt 0.080856 0.309839
vt 0.060019 0.285215
vt 0.107158 0.289486
vt 0.107104 0.290007
vt 0.058075 0.307130
vt 0.109998 0.267252
vt 0.133315 0.269688
vt 0.107677 0.289540
vt 0.107622 0.290061
vt 0.105232 0.312363
vt 0.104711 0.312308
vt 0.130925 0.291990
vt 0.130870 0.292511
vt 0.133836 0.269743
vt 0.157169 0.272158
vt 0.131444 0.292045
vt 0.131389 0.292566
vt 0.129070 0.314854
vt 0.128549 0.314799
vt 0.154678 0.294519
vt 0.154624 0.295039
vt 0.157691 0.272213
vt 0.180472 0.274921
vt 0.155193 0.294577
vt 0.155144 0.295093
vt 0.152916 0.317336
vt 0.152395 0.317284
vt 0.178528 0.296837
vt 0.178471 0.297357
vt 0.176178 0.319560
vt 0.827187 0.474634
vt 0.835045 0.693210
vt 0.834532 0.693223
vt 0.280335 0.183856
vt 0.803844 0.475428
vt 0.303770 0.182879
vt 0.281222 0.196400
vt 0.803320 0.475445
vt 0.811450 0.695729
vt 0.810933 0.695770
vt 0.304298 0.182869
vt 0.779918 0.476264
vt 0.327728 0.182128
vt 0.304870 0.195593
vt 0.304351 0.195615
vt 0.328180 0.194844
vt 0.779395 0.476283
vt 0.787605 0.697093
vt 0.787084 0.697117
vt 0.328251 0.182114
vt 0.756008 0.477103
vt 0.351633 0.181349
vt 0.328701 0.194826
vt 0.352069 0.194050
vt 0.755486 0.477122
vt 0.763694 0.698107
vt 0.763172 0.698126
vt 0.352157 0.181334
vt 0.732103 0.477938
vt 0.375551 0.180557
vt 0.352591 0.194032
vt 0.375981 0.193253
vt 0.731580 0.477956
vt 0.739758 0.698980
vt 0.739235 0.698998
vt 0.376075 0.180541
vt 0.708195 0.478767
vt 0.399480 0.179764
vt 0.376504 0.193236
vt 0.399906 0.192459
vt 0.707673 0.478785
vt 0.715815 0.699804
vt 0.715292 0.699821
vt 0.400004 0.179748
vt 0.684286 0.479589
vt 0.423417 0.178976
vt 0.400429 0.192442
vt 0.423837 0.191671
vt 0.683764 0.479607
vt 0.691871 0.700613
vt 0.691348 0.700630
vt 0.423941 0.178960
vt 0.660375 0.480406
vt 0.447357 0.178194
vt 0.424360 0.191654
vt 0.447772 0.190889
vt 0.659852 0.480424
vt 0.667928 0.701421
vt 0.667405 0.701439
vt 0.447881 0.178178
vt 0.636461 0.481217
vt 0.471297 0.177417
vt 0.448295 0.190872
vt 0.471707 0.190113
vt 0.635939 0.481235
vt 0.643986 0.702232
vt 0.643463 0.702249
vt 0.471822 0.177401
vt 0.612547 0.482022
vt 0.495237 0.176646
vt 0.472230 0.190096
vt 0.495640 0.189342
vt 0.612025 0.482040
vt 0.620045 0.703046
vt 0.619522 0.703064
vt 0.495761 0.176630
vt 0.588631 0.482821
vt 0.519172 0.175880
vt 0.496163 0.189325
vt 0.519568 0.188577
vt 0.588109 0.482838
vt 0.596106 0.703861
vt 0.595583 0.703879
vt 0.519696 0.175864
vt 0.564714 0.483614
vt 0.543102 0.175118
vt 0.520091 0.188560
vt 0.543488 0.187817
vt 0.564192 0.483631
vt 0.572169 0.704666
vt 0.571646 0.704684
vt 0.543626 0.175103
vt 0.540791 0.484402
vt 0.567022 0.174358
vt 0.544010 0.187801
vt 0.567393 0.187061
vt 0.540269 0.484419
vt 0.548242 0.705432
vt 0.547720 0.705449
vt 0.567546 0.174343
vt 0.516851 0.485191
vt 0.590932 0.173593
vt 0.567915 0.187045
vt 0.591272 0.186303
vt 0.516328 0.485209
vt 0.524342 0.706068
vt 0.523820 0.706080
vt 0.591457 0.173576
vt 0.492861 0.486000
vt 0.614855 0.172822
vt 0.591792 0.186286
vt 0.615117 0.185506
vt 0.492337 0.486019
vt 0.500510 0.706346
vt 0.499991 0.706340
vt 0.615385 0.172805
vt 0.468813 0.486930
vt 0.638811 0.172341
vt 0.615635 0.185490
vt 0.638633 0.184980
vt 0.476960 0.705442
vt 0.476448 0.705466
vt 0.414611 0.958857
vt 0.424048 0.949354
vt 0.428137 0.950077
vt 0.837047 0.709790
vt 0.439967 0.966271
vt 0.813462 0.712724
vt 0.834758 0.693698
vt 0.440546 0.966562
vt 0.444484 0.956873
vt 0.445067 0.957051
vt 0.812910 0.712752
vt 0.467171 0.972759
vt 0.788785 0.714302
vt 0.811000 0.696297
vt 0.811523 0.696245
vt 0.787639 0.697618
vt 0.467786 0.972902
vt 0.470455 0.962349
vt 0.471020 0.962445
vt 0.788245 0.714318
vt 0.494252 0.976599
vt 0.764491 0.715280
vt 0.787118 0.697646
vt 0.763718 0.698631
vt 0.494853 0.976686
vt 0.496390 0.965879
vt 0.496954 0.965944
vt 0.763961 0.715296
vt 0.520819 0.978966
vt 0.740411 0.716121
vt 0.763195 0.698651
vt 0.739778 0.699503
vt 0.521405 0.979021
vt 0.522159 0.968122
vt 0.522719 0.968167
vt 0.739885 0.716138
vt 0.546986 0.980465
vt 0.716418 0.716932
vt 0.739255 0.699521
vt 0.715834 0.700326
vt 0.547563 0.980499
vt 0.547759 0.969570
vt 0.548316 0.969600
vt 0.715894 0.716950
vt 0.572894 0.981374
vt 0.692458 0.717738
vt 0.715311 0.700344
vt 0.691889 0.701135
vt 0.573465 0.981393
vt 0.573221 0.970458
vt 0.573776 0.970477
vt 0.691935 0.717756
vt 0.598621 0.981821
vt 0.668510 0.718545
vt 0.691366 0.701153
vt 0.667946 0.701943
vt 0.599188 0.981829
vt 0.598561 0.970903
vt 0.599114 0.970912
vt 0.667987 0.718563
vt 0.624208 0.981860
vt 0.644566 0.719356
vt 0.667423 0.701961
vt 0.644004 0.702754
vt 0.624772 0.981857
vt 0.623786 0.970951
vt 0.624336 0.970949
vt 0.644043 0.719374
vt 0.649684 0.981484
vt 0.620622 0.720170
vt 0.643481 0.702772
vt 0.620063 0.703568
vt 0.650246 0.981470
vt 0.648894 0.970597
vt 0.649441 0.970584
vt 0.620099 0.720188
vt 0.675075 0.980635
vt 0.596670 0.720986
vt 0.619540 0.703586
vt 0.596123 0.704383
vt 0.675637 0.980608
vt 0.673881 0.969783
vt 0.674425 0.969756
vt 0.596146 0.721004
vt 0.700421 0.979180
vt 0.572692 0.721797
vt 0.595600 0.704401
vt 0.572185 0.705190
vt 0.700985 0.979137
vt 0.698737 0.968388
vt 0.699278 0.968344
vt 0.572167 0.721814
vt 0.725795 0.976857
vt 0.548637 0.722577
vt 0.571662 0.705207
vt 0.548255 0.705956
vt 0.726365 0.976788
vt 0.723443 0.966185
vt 0.723979 0.966116
vt 0.548108 0.722593
vt 0.751257 0.973039
vt 0.524380 0.723249
vt 0.547732 0.705974
vt 0.524345 0.706595
vt 0.751831 0.972905
vt 0.747943 0.962729
vt 0.748472 0.962619
vt 0.523842 0.723263
vt 0.776167 0.965860
vt 0.499748 0.723549
vt 0.523824 0.706609
vt 0.500478 0.706873
vt 0.776642 0.965497
vt 0.772139 0.956900
vt 0.772694 0.956693
vt 0.499195 0.723556
vt 0.796254 0.959861
vt 0.460345 0.708360
vt 0.499955 0.706863
vt 0.476770 0.705935
vt 0.788182 0.949348
vt 0.788676 0.948594
vt 0.441983 0.756681
vt 0.445724 0.756362
vt 0.449319 0.756178
vt 0.027478 0.788218
vt 0.424378 0.948853
vt 0.461136 0.751713
vt 0.461691 0.751660
vt 0.463360 0.754870
vt 0.042009 0.786562
vt 0.485397 0.749936
vt 0.445365 0.956616
vt 0.444769 0.956468
vt 0.446635 0.953156
vt 0.048130 0.988484
vt 0.470669 0.961832
vt 0.426335 0.949467
vt 0.426269 0.948304
vt 0.033519 0.988129
vt 0.485927 0.749915
vt 0.486901 0.753711
vt 0.065987 0.785753
vt 0.509677 0.749675
vt 0.471236 0.961939
vt 0.471794 0.958066
vt 0.072046 0.987964
vt 0.496546 0.965344
vt 0.510211 0.749675
vt 0.510846 0.753544
vt 0.089921 0.785095
vt 0.534057 0.750032
vt 0.497114 0.965418
vt 0.497262 0.961499
vt 0.095966 0.987319
vt 0.522273 0.967580
vt 0.534594 0.750044
vt 0.535026 0.753921
vt 0.113850 0.784453
vt 0.558535 0.750719
vt 0.522838 0.967632
vt 0.522700 0.963708
vt 0.119886 0.986663
vt 0.547845 0.969023
vt 0.559075 0.750739
vt 0.559367 0.754617
vt 0.137777 0.783810
vt 0.583115 0.751638
vt 0.548406 0.969061
vt 0.548072 0.965146
vt 0.143808 0.986009
vt 0.573284 0.969910
vt 0.583657 0.751665
vt 0.583836 0.755543
vt 0.161703 0.783165
vt 0.607803 0.752774
vt 0.573843 0.969935
vt 0.573360 0.966032
vt 0.167730 0.985356
vt 0.598606 0.970354
vt 0.608349 0.752809
vt 0.608422 0.756686
vt 0.185628 0.782518
vt 0.632607 0.754169
vt 0.599162 0.970368
vt 0.598553 0.966479
vt 0.191653 0.984705
vt 0.623813 0.970401
vt 0.633155 0.754212
vt 0.633118 0.758087
vt 0.209553 0.781869
vt 0.657535 0.755909
vt 0.624367 0.970405
vt 0.623640 0.966532
vt 0.215577 0.984057
vt 0.648904 0.970047
vt 0.658086 0.755963
vt 0.657924 0.759833
vt 0.233477 0.781218
vt 0.682604 0.758139
vt 0.649455 0.970038
vt 0.648611 0.966185
vt 0.239501 0.983410
vt 0.673872 0.969233
vt 0.683157 0.758207
vt 0.682839 0.762067
vt 0.257401 0.780566
vt 0.707838 0.761086
vt 0.674420 0.969211
vt 0.673444 0.965383
vt 0.263426 0.982765
vt 0.698705 0.967838
vt 0.708395 0.761175
vt 0.707863 0.765014
vt 0.281324 0.779911
vt 0.733273 0.765133
vt 0.699249 0.967799
vt 0.698110 0.964007
vt 0.287351 0.982122
vt 0.723378 0.965637
vt 0.733834 0.765254
vt 0.732989 0.769038
vt 0.305247 0.779256
vt 0.758895 0.771000
vt 0.723917 0.965575
vt 0.722550 0.961843
vt 0.311278 0.981479
vt 0.747830 0.962194
vt 0.759455 0.771177
vt 0.758178 0.774808
vt 0.329169 0.778610
vt 0.784236 0.779944
vt 0.748360 0.962093
vt 0.746650 0.958522
vt 0.335210 0.980821
vt 0.771955 0.956444
vt 0.784791 0.780207
vt 0.782880 0.783476
vt 0.353088 0.778089
vt 0.799734 0.787296
vt 0.772503 0.956271
vt 0.770184 0.953415
vt 0.359185 0.980016
vt 0.787538 0.949210
vt 0.803834 0.788538
vt 0.801331 0.788684
vt 0.367700 0.778454
vt 0.788170 0.948409
vt 0.784072 0.948959
vt 0.373716 0.978377
vt 0.028000 0.788246
vt 0.033604 0.987618
vt 0.042065 0.787081
vt 0.042587 0.787059
vt 0.066006 0.786276
vt 0.048127 0.987961
vt 0.047605 0.987967
vt 0.071511 0.987455
vt 0.066528 0.786261
vt 0.089936 0.785618
vt 0.072033 0.987442
vt 0.095429 0.986811
vt 0.090458 0.785604
vt 0.113864 0.784975
vt 0.095952 0.986797
vt 0.119350 0.986155
vt 0.114386 0.784961
vt 0.137791 0.784332
vt 0.119872 0.986141
vt 0.143271 0.985500
vt 0.138313 0.784318
vt 0.161717 0.783687
vt 0.143794 0.985486
vt 0.167194 0.984848
vt 0.162239 0.783673
vt 0.185642 0.783040
vt 0.167716 0.984834
vt 0.191117 0.984197
vt 0.186165 0.783026
vt 0.209567 0.782392
vt 0.191639 0.984183
vt 0.215041 0.983548
vt 0.210090 0.782377
vt 0.233492 0.781741
vt 0.215563 0.983534
vt 0.238965 0.982901
vt 0.234014 0.781727
vt 0.257415 0.781088
vt 0.239487 0.982887
vt 0.262889 0.982256
vt 0.257938 0.781074
vt 0.281339 0.780434
vt 0.263412 0.982242
vt 0.286815 0.981613
vt 0.281861 0.780419
vt 0.305261 0.779778
vt 0.287337 0.981599
vt 0.310741 0.980971
vt 0.305783 0.779763
vt 0.329182 0.779132
vt 0.311263 0.980956
vt 0.334668 0.980314
vt 0.329704 0.779119
vt 0.353091 0.778611
vt 0.335191 0.980299
vt 0.358607 0.979518
vt 0.353613 0.778606
vt 0.367616 0.778965
vt 0.359129 0.979496
vt 0.373194 0.978349
vt 0.368135 0.778908
vt 0.784436 0.948534
vt 0.373307 0.978858
vt 0.770688 0.953311
vt 0.353640 0.778081
vt 0.796741 0.789156
vt 0.358633 0.980041
vt 0.747173 0.958464
vt 0.329695 0.778596
vt 0.782370 0.783216
vt 0.334684 0.980836
vt 0.723084 0.961818
vt 0.305770 0.779241
vt 0.757631 0.774597
vt 0.310755 0.981493
vt 0.698651 0.964003
vt 0.281847 0.779897
vt 0.732431 0.768884
vt 0.286829 0.982136
vt 0.673990 0.965396
vt 0.257924 0.780552
vt 0.707308 0.764894
vt 0.262903 0.982779
vt 0.649160 0.966211
vt 0.234000 0.781204
vt 0.682286 0.761968
vt 0.238979 0.983424
vt 0.624193 0.966568
vt 0.210076 0.781855
vt 0.657373 0.759749
vt 0.215055 0.984071
vt 0.599108 0.966525
vt 0.186151 0.782504
vt 0.632571 0.758013
vt 0.191131 0.984719
vt 0.573917 0.966089
vt 0.162225 0.783151
vt 0.607877 0.756621
vt 0.167208 0.985370
vt 0.548631 0.965215
vt 0.138299 0.783796
vt 0.583295 0.755485
vt 0.143286 0.986023
vt 0.523261 0.963794
vt 0.114372 0.784439
vt 0.558828 0.754565
vt 0.119364 0.986678
vt 0.497824 0.961608
vt 0.090444 0.785081
vt 0.534491 0.753877
vt 0.095443 0.987333
vt 0.472348 0.958211
vt 0.066513 0.785738
vt 0.510317 0.753511
vt 0.047579 0.988491
vt 0.426099 0.948770
vt 0.071520 0.987978
vt 0.447163 0.953315
vt 0.042561 0.786537
vt 0.486380 0.753697
vt 0.027887 0.787738
vt 0.462852 0.754880
vt 0.033084 0.987675
vt 0.443313 0.758689
vt 0.639315 0.171830
vt 0.638799 0.171818
vt 0.615376 0.172284
vt 0.614844 0.172302
vt 0.591443 0.173055
vt 0.590918 0.173073
vt 0.567530 0.173822
vt 0.567007 0.173838
vt 0.543609 0.174582
vt 0.543086 0.174598
vt 0.519679 0.175343
vt 0.519156 0.175360
vt 0.495743 0.176109
vt 0.495220 0.176126
vt 0.471804 0.176880
vt 0.471281 0.176897
vt 0.447863 0.177656
vt 0.447340 0.177674
vt 0.423923 0.178439
vt 0.423400 0.178456
vt 0.399986 0.179227
vt 0.399463 0.179244
vt 0.376056 0.180019
vt 0.375533 0.180037
vt 0.352137 0.180813
vt 0.351615 0.180829
vt 0.328231 0.181593
vt 0.327708 0.181608
vt 0.304277 0.182347
vt 0.303745 0.182360
vt 0.280316 0.183334
vt 0.279802 0.183371
vt 0.844081 0.470892
vt 0.054300 0.717497
vt 0.790047 0.769795
vt 0.763568 0.759958
vt 0.394188 0.713395
vt 0.736662 0.753580
vt 0.370174 0.715214
vt 0.710279 0.749300
vt 0.345797 0.716693
vt 0.684379 0.746240
vt 0.321371 0.717747
vt 0.658805 0.743950
vt 0.296981 0.718512
vt 0.633458 0.742177
vt 0.272629 0.719103
vt 0.608282 0.740765
vt 0.248292 0.719578
vt 0.583234 0.739622
vt 0.223951 0.719955
vt 0.558273 0.738706
vt 0.199588 0.720232
vt 0.533340 0.738031
vt 0.175190 0.720385
vt 0.508320 0.737721
vt 0.150741 0.720361
vt 0.483028 0.738234
vt 0.126250 0.720064
vt 0.457726 0.741396
vt 0.101786 0.719364
vt 0.077539 0.718258
vt 0.814330 0.779423
vt 0.656131 0.172319
vt 0.796698 0.960301
vt 0.796925 0.960042
vt 0.776344 0.966373
vt 0.776794 0.966022
vt 0.751360 0.973573
vt 0.751975 0.973429
vt 0.725859 0.977397
vt 0.726444 0.977325
vt 0.700460 0.979723
vt 0.701027 0.979679
vt 0.675093 0.981179
vt 0.675653 0.981152
vt 0.649684 0.982029
vt 0.650241 0.982014
vt 0.624190 0.982404
vt 0.624749 0.982400
vt 0.598585 0.982365
vt 0.599147 0.982372
vt 0.572839 0.981915
vt 0.573405 0.981934
vt 0.546908 0.981004
vt 0.547483 0.981037
vt 0.520712 0.979501
vt 0.521300 0.979554
vt 0.494103 0.977123
vt 0.494716 0.977212
vt 0.466957 0.973260
vt 0.467603 0.973414
vt 0.439730 0.966763
vt 0.440306 0.967048
vt 0.413818 0.958864
vt 0.414016 0.959242
vt 0.451702 0.484422
vt 0.433862 0.742869
vt 0.789168 0.939634
vt 0.788735 0.947808
vt 0.799006 0.787923
vt 0.797095 0.789516
vt 0.432428 0.949893
vt 0.428662 0.949816
vt 0.445067 0.756751
vt 0.443483 0.758527
vt 0.784791 0.780207
vt 0.475498 0.722150
vt 0.851318 0.694911
vt 0.639145 0.184988
vt 0.280777 0.196843
vt 0.646140 0.386527
vt 0.861802 0.201791
vt 0.287867 0.420649
vt 0.081735 0.223354
vt 0.645440 0.363514
vt 0.838873 0.199972
vt 0.287030 0.397695
vt 0.104514 0.220167
vt 0.644715 0.340491
vt 0.815944 0.198154
vt 0.286226 0.374683
vt 0.127294 0.216980
vt 0.643979 0.317468
vt 0.793014 0.196335
vt 0.285438 0.351667
vt 0.150073 0.213793
vt 0.643237 0.294443
vt 0.770085 0.194517
vt 0.284662 0.328650
vt 0.172853 0.210605
vt 0.642487 0.271416
vt 0.747155 0.192698
vt 0.283894 0.305631
vt 0.195632 0.207418
vt 0.641728 0.248385
vt 0.724226 0.190880
vt 0.283133 0.282609
vt 0.218411 0.204230
vt 0.640955 0.225348
vt 0.701298 0.189062
vt 0.282380 0.259581
vt 0.241182 0.201042
vt 0.640152 0.202334
vt 0.678383 0.187257
vt 0.655579 0.185561
vt 0.281644 0.236549
vt 0.263827 0.198041
vt 0.280968 0.213522
vt 0.417959 0.711885
vt 0.416321 0.689652
vt 0.416287 0.689138
vt 0.262237 0.184991
vt 0.415638 0.667260
vt 0.415645 0.666753
vt 0.217113 0.191170
vt 0.216595 0.191243
vt 0.416493 0.644317
vt 0.416497 0.643780
vt 0.194332 0.194357
vt 0.193815 0.194429
vt 0.416544 0.620720
vt 0.416531 0.620181
vt 0.171553 0.197544
vt 0.171035 0.197616
vt 0.415668 0.597190
vt 0.415644 0.596653
vt 0.148773 0.200731
vt 0.148256 0.200803
vt 0.413781 0.573869
vt 0.413749 0.573362
vt 0.125994 0.203918
vt 0.125476 0.203990
vt 0.413331 0.551437
vt 0.413339 0.550920
vt 0.103214 0.207105
vt 0.102697 0.207178
vt 0.413648 0.528579
vt 0.413657 0.528059
vt 0.080435 0.210292
vt 0.079917 0.210365
vt 0.414022 0.505620
vt 0.862323 0.201832
vt 0.414030 0.505098
vt 0.057655 0.213480
vt 0.057138 0.213552
vt 0.287890 0.421201
vt 0.648088 0.444333
vt 0.414422 0.482727
vt 0.391081 0.482318
vt 0.623837 0.446168
vt 0.367040 0.481929
vt 0.599811 0.446989
vt 0.342951 0.481640
vt 0.575872 0.447777
vt 0.318878 0.481481
vt 0.551947 0.448560
vt 0.295215 0.480906
vt 0.528019 0.449342
vt 0.270498 0.479401
vt 0.504089 0.450121
vt 0.245398 0.479186
vt 0.480157 0.450898
vt 0.220364 0.479545
vt 0.456224 0.451673
vt 0.195327 0.480754
vt 0.432290 0.452445
vt 0.171405 0.482956
vt 0.408356 0.453214
vt 0.147888 0.484100
vt 0.384420 0.453981
vt 0.123820 0.484732
vt 0.360477 0.454742
vt 0.099718 0.485602
vt 0.336497 0.455487
vt 0.075676 0.486596
vt 0.312361 0.456110
vt 0.051816 0.487620
vt 0.288571 0.455184
vt 0.034983 0.216652
vt 0.036800 0.229641
vt 0.646668 0.431684
vt 0.648480 0.443796
vt 0.239901 0.187999
vt 0.239383 0.188070
vt 0.270694 0.243048
vt 0.292164 0.597713
vt 0.268783 0.264181
vt 0.270516 0.598623
vt 0.248321 0.237556
vt 0.291556 0.578348
vt 0.244530 0.264514
vt 0.246707 0.599113
vt 0.223879 0.235082
vt 0.269772 0.579003
vt 0.220239 0.261558
vt 0.222895 0.599518
vt 0.199770 0.232361
vt 0.245907 0.579472
vt 0.196178 0.258694
vt 0.199062 0.599841
vt 0.175710 0.229497
vt 0.222111 0.579879
vt 0.147626 0.253497
vt 0.153431 0.600262
vt 0.172069 0.255973
vt 0.175222 0.600023
vt 0.151420 0.226539
vt 0.198249 0.580260
vt 0.127166 0.226871
vt 0.174320 0.580324
vt 0.125254 0.248004
vt 0.152700 0.581020
vt 0.412483 0.132225
vt 0.273126 0.668706
vt 0.415225 0.108728
vt 0.294239 0.667820
vt 0.390929 0.105902
vt 0.293320 0.647397
vt 0.388188 0.129397
vt 0.272299 0.648268
vt 0.733664 0.130902
vt 0.249158 0.669187
vt 0.736571 0.107425
vt 0.270306 0.668383
vt 0.712295 0.104428
vt 0.269492 0.647945
vt 0.709389 0.127903
vt 0.248429 0.648748
vt 0.573442 0.096216
vt 0.225166 0.669576
vt 0.576705 0.072785
vt 0.246336 0.668854
vt 0.552476 0.069423
vt 0.245618 0.648415
vt 0.549217 0.092851
vt 0.224531 0.649139
vt 0.786088 0.079664
vt 0.201171 0.669869
vt 0.789576 0.056267
vt 0.222346 0.669232
vt 0.765381 0.052666
vt 0.221720 0.648796
vt 0.761897 0.076064
vt 0.200630 0.649437
vt 0.880824 0.098105
vt 0.177188 0.670057
vt 0.884257 0.074701
vt 0.198353 0.669514
vt 0.860056 0.071158
vt 0.197822 0.649082
vt 0.856621 0.094563
vt 0.176752 0.649639
vt 0.418148 0.082060
vt 0.153232 0.670122
vt 0.421959 0.058714
vt 0.174375 0.669689
vt 0.397813 0.054783
vt 0.173949 0.649273
vt 0.394009 0.078130
vt 0.152912 0.649751
vt 0.385563 0.084433
vt 0.129320 0.670026
vt 0.389539 0.061113
vt 0.150426 0.669739
vt 0.365424 0.057014
vt 0.150115 0.649374
vt 0.361452 0.080331
vt 0.129106 0.649749
vt 0.543737 0.073338
vt 0.105550 0.669674
vt 0.547438 0.049974
vt 0.126528 0.669620
vt 0.523278 0.046155
vt 0.126314 0.649358
vt 0.519578 0.069519
vt 0.105339 0.649592
vt 0.818647 0.077421
vt 0.082689 0.668797
vt 0.822131 0.054026
vt 0.102838 0.669201
vt 0.797939 0.050429
vt 0.102547 0.649205
vt 0.794451 0.073827
vt 0.081616 0.649546
vt 0.087140 0.157297
vt 0.272608 0.645537
vt 0.089786 0.133791
vt 0.293620 0.644667
vt 0.065475 0.131065
vt 0.292820 0.624221
vt 0.062835 0.154572
vt 0.271862 0.625084
vt 0.323819 0.134485
vt 0.248748 0.646018
vt 0.326764 0.111014
vt 0.269803 0.645215
vt 0.302494 0.107976
vt 0.269063 0.624761
vt 0.299549 0.131448
vt 0.248053 0.625569
vt 0.540890 0.098473
vt 0.224860 0.646411
vt 0.544150 0.075042
vt 0.245940 0.645687
vt 0.519921 0.071682
vt 0.245250 0.625237
vt 0.516664 0.095110
vt 0.224214 0.625967
vt 0.415343 0.107184
vt 0.200969 0.646711
vt 0.418540 0.083746
vt 0.222051 0.646070
vt 0.394303 0.080448
vt 0.221410 0.625625
vt 0.391107 0.103886
vt 0.200371 0.626272
vt 0.511172 0.075632
vt 0.177101 0.646916
vt 0.514930 0.052270
vt 0.198163 0.646359
vt 0.490778 0.048397
vt 0.197569 0.625919
vt 0.487023 0.071751
vt 0.176556 0.626488
vt 0.353007 0.086680
vt 0.153272 0.647036
vt 0.356992 0.063362
vt 0.174300 0.646554
vt 0.332878 0.059253
vt 0.173759 0.626127
vt 0.328897 0.082569
vt 0.152795 0.626669
vt 0.450710 0.079793
vt 0.129476 0.647052
vt 0.454482 0.056441
vt 0.150478 0.646665
vt 0.430330 0.052550
vt 0.150002 0.626307
vt 0.426564 0.075903
vt 0.129041 0.626826
vt 0.641431 0.066489
vt 0.105699 0.646929
vt 0.644958 0.043098
vt 0.126687 0.646667
vt 0.620770 0.039459
vt 0.126244 0.626463
vt 0.617244 0.062850
vt 0.105214 0.626932
vt 0.851200 0.075182
vt 0.081883 0.646944
vt 0.854683 0.051785
vt 0.102904 0.646543
vt 0.830482 0.048194
vt 0.102399 0.626567
vt 0.827006 0.071593
vt 0.081200 0.626942
vt 0.352394 0.139903
vt 0.272180 0.622353
vt 0.354424 0.116335
vt 0.293133 0.621488
vt 0.330057 0.114241
vt 0.292440 0.601018
vt 0.328022 0.137809
vt 0.271513 0.601901
vt 0.445025 0.129975
vt 0.248375 0.622839
vt 0.447833 0.106488
vt 0.269383 0.622030
vt 0.423545 0.103592
vt 0.268718 0.601581
vt 0.420737 0.127079
vt 0.247712 0.602396
vt 0.277126 0.135022
vt 0.224542 0.623239
vt 0.280083 0.111549
vt 0.245573 0.622508
vt 0.255813 0.108504
vt 0.244911 0.602065
vt 0.252859 0.131971
vt 0.223895 0.602804
vt 0.382801 0.109559
vt 0.200703 0.623546
vt 0.385994 0.086121
vt 0.221738 0.622898
vt 0.361760 0.082823
vt 0.221093 0.602463
vt 0.358562 0.106261
vt 0.200061 0.603126
vt 0.576301 0.071081
vt 0.176890 0.623763
vt 0.579968 0.047713
vt 0.197901 0.623196
vt 0.555806 0.043925
vt 0.197258 0.602772
vt 0.552133 0.067294
vt 0.176233 0.603322
vt 0.320428 0.089035
vt 0.153135 0.623952
vt 0.324557 0.065743
vt 0.174094 0.623405
vt 0.300474 0.061479
vt 0.173437 0.602965
vt 0.296340 0.084769
vt 0.152525 0.603568
vt 0.753533 0.081935
vt 0.129386 0.624130
vt 0.757053 0.058544
vt 0.150346 0.623594
vt 0.732867 0.054909
vt 0.149736 0.603221
vt 0.729342 0.078300
vt 0.128831 0.603891
vt 0.605991 0.093945
vt 0.105564 0.624272
vt 0.609289 0.070521
vt 0.126596 0.623773
vt 0.585070 0.067116
vt 0.126046 0.603554
vt 0.581767 0.090538
vt 0.105183 0.604299
vt 0.608859 0.068803
vt 0.081551 0.624273
vt 0.612480 0.045428
vt 0.102755 0.623909
vt 0.588304 0.041692
vt 0.102395 0.603957
vt 0.584688 0.065069
vt 0.081254 0.604278
vt 0.500767 0.125345
vt 0.129151 0.601187
vt 0.503636 0.101865
vt 0.150061 0.600504
vt 0.479358 0.098904
vt 0.149302 0.580113
vt 0.476486 0.122384
vt 0.128343 0.580898
vt 0.379940 0.134597
vt 0.105524 0.601625
vt 0.382671 0.111100
vt 0.126370 0.600854
vt 0.358374 0.108285
vt 0.125545 0.580574
vt 0.355644 0.131782
vt 0.104721 0.581407
vt 0.244152 0.131453
vt 0.081659 0.601664
vt 0.247217 0.107997
vt 0.102769 0.601311
vt 0.222962 0.104836
vt 0.101985 0.581130
vt 0.219898 0.128292
vt 0.082087 0.582483
vt 0.054150 0.153923
vt 0.368346 0.665612
vt 0.057074 0.130449
vt 0.388247 0.663804
vt 0.032804 0.127430
vt 0.388325 0.644673
vt 0.029875 0.150903
vt 0.367208 0.645462
vt 0.208339 0.152542
vt 0.344754 0.666635
vt 0.210787 0.129014
vt 0.365601 0.665391
vt 0.186457 0.126492
vt 0.364446 0.645202
vt 0.184010 0.150020
vt 0.343601 0.646359
vt 0.766712 0.134853
vt 0.320941 0.667450
vt 0.769258 0.111332
vt 0.341947 0.666360
vt 0.744939 0.108711
vt 0.340812 0.646072
vt 0.742395 0.132227
vt 0.319893 0.647083
vt 0.635683 0.116687
vt 0.297057 0.668131
vt 0.638511 0.093202
vt 0.318125 0.667153
vt 0.614223 0.090287
vt 0.317095 0.646780
vt 0.611400 0.113773
vt 0.296123 0.647710
vt 0.178211 0.123978
vt 0.367538 0.642812
vt 0.181318 0.100528
vt 0.388685 0.642058
vt 0.157066 0.097325
vt 0.388057 0.622130
vt 0.153964 0.120775
vt 0.366864 0.622900
vt 0.533311 0.123056
vt 0.343882 0.643652
vt 0.536200 0.099578
vt 0.364745 0.642525
vt 0.511919 0.096602
vt 0.364050 0.622589
vt 0.509036 0.120079
vt 0.343039 0.623450
vt 0.570586 0.121269
vt 0.296420 0.644981
vt 0.573399 0.097782
vt 0.317383 0.644057
vt 0.549105 0.094884
vt 0.316530 0.623677
vt 0.546299 0.118372
vt 0.295612 0.624540
vt 0.211174 0.127550
vt 0.367179 0.620241
vt 0.214246 0.104096
vt 0.388366 0.619463
vt 0.189986 0.100930
vt 0.387372 0.599537
vt 0.186921 0.124385
vt 0.366377 0.600322
vt 0.350262 0.111791
vt 0.343351 0.620755
vt 0.353379 0.088344
vt 0.364360 0.619928
vt 0.329134 0.085125
vt 0.363579 0.599985
vt 0.326012 0.108573
vt 0.342627 0.600577
vt 0.700766 0.128307
vt 0.319629 0.621275
vt 0.703726 0.104834
vt 0.340552 0.620438
vt 0.679456 0.101786
vt 0.339838 0.600233
vt 0.676499 0.125253
vt 0.318905 0.600898
vt 0.603138 0.118997
vt 0.295924 0.621809
vt 0.605950 0.095510
vt 0.316838 0.620954
vt 0.581663 0.092611
vt 0.316120 0.600562
vt 0.578851 0.116098
vt 0.295226 0.601340
vt 0.447888 0.104923
vt 0.366693 0.597661
vt 0.451119 0.081490
vt 0.387599 0.596938
vt 0.426887 0.078157
vt 0.386228 0.577767
vt 0.423657 0.101590
vt 0.366117 0.577739
vt 0.503588 0.100283
vt 0.342960 0.597885
vt 0.507056 0.076880
vt 0.363901 0.597324
vt 0.482858 0.073306
vt 0.363402 0.577314
vt 0.479393 0.096704
vt 0.342469 0.577677
vt 0.883758 0.072939
vt 0.319230 0.598179
vt 0.887228 0.049541
vt 0.340169 0.597535
vt 0.863033 0.045959
vt 0.339675 0.577307
vt 0.859561 0.069358
vt 0.318616 0.577772
vt 0.638536 0.091632
vt 0.295550 0.598606
vt 0.641849 0.068211
vt 0.316442 0.597837
vt 0.617631 0.064791
vt 0.315822 0.577417
vt 0.614315 0.088213
vt 0.294923 0.578070
vt 0.175349 0.149005
vt 0.320179 0.644361
vt 0.178006 0.125500
vt 0.341092 0.643363
vt 0.153700 0.122761
vt 0.340245 0.623137
vt 0.151044 0.146266
vt 0.319320 0.623994
vt 0.176195 0.320081
vt 0.269516 0.549645
vt 0.152347 0.317804
vt 0.245960 0.549873
vt 0.128496 0.315319
vt 0.222307 0.550276
vt 0.080781 0.310357
vt 0.175405 0.550857
vt 0.104654 0.312828
vt 0.198515 0.551106
vt 0.178992 0.297420
vt 0.292259 0.548424
vt 0.180993 0.274904
vt 0.293082 0.526572
vt 0.157766 0.271694
vt 0.292528 0.504617
vt 0.133893 0.269223
vt 0.268968 0.503273
vt 0.110052 0.266732
vt 0.244746 0.503304
vt 0.057554 0.307147
vt 0.173931 0.528815
vt 0.086201 0.264247
vt 0.220670 0.503606
vt 0.062352 0.261970
vt 0.196815 0.504457
vt 0.059556 0.284631
vt 0.174049 0.506826
vn -0.707047 -0.707167 0.000000
vn -0.707047 -0.707167 0.000000
vn -0.707047 -0.707167 0.000000
vn -0.707047 -0.707167 0.000000
vn 0.000000 -0.707181 0.707033
vn 0.000000 -0.707181 0.707033
vn 0.000000 -0.707181 0.707033
vn 0.000000 -0.707181 0.707033
vn -0.707122 0.000000 0.707091
vn -0.707122 0.000000 0.707091
vn -0.707122 0.000000 0.707091
vn -0.707122 0.000000 0.707091
vn 0.000000 -1.000000 0.000000
vn 0.000000 -1.000000 0.000000
vn 0.000000 -1.000000 0.000000
vn 0.000000 -1.000000 0.000000
vn 0.000000 -0.707181 0.707032
vn 0.000000 -0.707181 0.707032
vn 0.000000 -0.707181 0.707032
vn 0.000000 -0.707181 0.707032
vn 0.000000 0.000000 1.000000
vn 0.000000 0.000000 1.000000
vn 0.000000 0.000000 1.000000
vn 0.000000 0.000000 1.000000
vn 0.000000 -1.000000 0.000000
vn 0.000000 -1.000000 0.000000
vn 0.000000 -1.000000 0.000000
vn 0.000000 -1.000000 0.000000
vn 0.000000 -0.707181 0.707032
vn 0.000000 -0.707181 0.707032
vn 0.000000 -0.707181 0.707032
vn 0.000000 -0.707181 0.707032
vn 0.000000 0.000000 1.000000
vn 0.000000 0.000000 1.000000
vn 0.000000 0.000000 1.000000
vn 0.000000 0.000000 1.000000
vn 0.000000 -1.000000 0.000000
vn 0.000000 -1.000000 0.000000
vn 0.000000 -1.000000 0.000000
vn 0.000000 -1.000000 0.000000
vn 0.000000 -0.707181 0.707032
vn 0.000000 -0.707181 0.707032
vn 0.000000 -0.707181 0.707033
vn 0.000000 -0.707181 0.707033
vn 0.000000 0.000000 1.000000
vn 0.000000 0.000000 1.000000
vn 0.000000 0.000000 1.000000
vn 0.000000 0.000000 1.000000
vn 0.000000 -1.000000 0.000000
vn 0.000000 -1.000000 0.000000
vn 0.000000 -1.000000 0.000000
vn 0.000000 -1.000000 0.000000
vn 0.000000 -0.707181 0.707033
vn 0.000000 -0.707181 0.707033
vn 0.000000 -0.707181 0.707033
vn 0.000000 -0.707181 0.707033
vn 0.000000 0.000000 1.000000
vn 0.000000 0.000000 1.000000
vn 0.000000 0.000000 1.000000
vn 0.000000 0.000000 1.000000
vn 0.000000 -1.000000 0.000000
vn 0.000000 -1.000000 0.000000
vn 0.000000 -1.000000 0.000000
vn 0.000000 -1.000000 0.000000
vn 0.000000 -0.707181 0.707033
vn 0.000000 -0.707181 0.707033
vn 0.000000 -0.707181 0.707033
vn 0.000000 -0.707181 0.707033
vn 0.000000 0.000000 1.000000
vn 0.000000 0.000000 1.000000
vn 0.000000 0.000000 1.000000
vn 0.000000 0.000000 1.000000
vn 0.000000 -1.000000 0.000000
vn 0.000000 -1.000000 0.000000
vn 0.000000 -1.000000 0.000000
vn 0.000000 -1.000000 0.000000
vn 0.000000 -0.707181 0.707032
vn 0.000000 -0.707181 0.707032
vn 0.000000 -0.707181 0.707032
vn 0.000000 -0.707181 0.707032
vn 0.000000 0.000000 1.000000
vn 0.000000 0.000000 1.000000
vn 0.000000 0.000000 1.000000
vn 0.000000 0.000000 1.000000
vn 0.000000 -1.000000 0.000000
vn 0.000000 -1.000000 0.000000
vn 0.000000 -1.000000 0.000000
vn 0.000000 -1.000000 0.000000
vn 0.000000 -0.707181 0.707033
vn 0.000000 -0.707181 0.707033
vn 0.000000 -0.707181 0.707033
vn 0.000000 -0.707181 0.707033
vn 0.000000 0.000000 1.000000
vn 0.000000 0.000000 1.000000
vn 0.000000 0.000000 1.000000
vn 0.000000 0.000000 1.000000
vn 0.000000 -1.000000 0.000000
vn 0.000000 -1.000000 0.000000
vn 0.000000 -1.000000 0.000000
vn 0.000000 -1.000000 0.000000
vn 0.000000 -0.707181 0.707033
vn 0.000000 -0.707181 0.707033
vn 0.000000 -0.707181 0.707033
vn 0.000000 -0.707181 0.707033
vn 0.000000 0.000000 1.000000
vn 0.000000 0.000000 1.000000
vn 0.000000 0.000000 1.000000
vn 0.000000 0.000000 1.000000
vn 0.000000 -1.000000 0.000000
vn 0.000000 -1.000000 0.000000
vn 0.000000 -1.000000 0.000000
vn 0.000000 -1.000000 0.000000
vn 0.000000 -0.707181 0.707032
vn 0.000000 -0.707181 0.707032
vn 0.000000 -0.707181 0.707032
vn 0.000000 -0.707181 0.707032
vn 0.000000 0.000000 1.000000
vn 0.000000 0.000000 1.000000
vn 0.000000 0.000000 1.000000
vn 0.000000 0.000000 1.000000
vn 0.000000 -1.000000 0.000000
vn 0.000000 -1.000000 0.000000
vn 0.000000 -1.000000 0.000000
vn 0.000000 -1.000000 0.000000
vn 0.000000 -0.707181 0.707032
vn 0.000000 -0.707181 0.707032
vn 0.000000 -0.707181 0.707032
vn 0.000000 -0.707181 0.707032
vn 0.000000 0.000000 1.000000
vn 0.000000 0.000000 1.000000
vn 0.000000 0.000000 1.000000
vn 0.000000 0.000000 1.000000
vn 0.000000 -1.000000 0.000000
vn 0.000000 -1.000000 0.000000
vn 0.000000 -1.000000 0.000000
vn 0.000000 -1.000000 0.000000
vn 0.000000 -0.707181 0.707033
vn 0.000000 -0.707181 0.707033
vn 0.000000 -0.707181 0.707033
vn 0.000000 -0.707181 0.707033
vn 0.000000 0.000000 1.000000
vn 0.000000 0.000000 1.000000
vn 0.000000 0.000000 1.000000
vn 0.000000 0.000000 1.000000
vn 0.000000 -1.000000 0.000000
vn 0.000000 -1.000000 0.000000
vn 0.000000 -1.000000 0.000000
vn 0.000000 -1.000000 0.000000
vn 0.000000 -0.707181 0.707033
vn 0.000000 -0.707181 0.707033
vn 0.000000 -0.707181 0.707033
vn 0.000000 -0.707181 0.707033
vn 0.000000 0.000000 1.000000
vn 0.000000 0.000000 1.000000
vn 0.000000 0.000000 1.000000
vn 0.000000 0.000000 1.000000
vn 0.000000 -1.000000 0.000000
vn 0.000000 -1.000000 0.000000
vn 0.000000 -1.000000 0.000000
vn 0.000000 -1.000000 0.000000
vn 0.000000 -0.707181 0.707033
vn 0.000000 -0.707181 0.707033
vn 0.000000 -0.707181 0.707033
vn 0.000000 -0.707181 0.707033
vn 0.000000 0.000000 1.000000
vn 0.000000 0.000000 1.000000
vn 0.000000 0.000000 1.000000
vn 0.000000 0.000000 1.000000
vn 0.000000 -1.000000 0.000000
vn 0.000000 -1.000000 0.000000
vn 0.000000 -1.000000 0.000000
vn 0.000000 -1.000000 0.000000
vn 0.000000 -0.707181 0.707033
vn 0.000000 -0.707181 0.707033
vn 0.000000 -0.707181 0.707033
vn 0.000000 -0.707181 0.707033
vn 0.000000 0.000000 1.000000
vn 0.000000 0.000000 1.000000
vn 0.000000 0.000000 1.000000
vn 0.000000 0.000000 1.000000
vn 0.707060 -0.707154 0.000000
vn 0.707060 -0.707154 0.000000
vn 0.707060 -0.707153 0.000000
vn 0.707060 -0.707153 0.000000
vn 0.707133 0.000000 0.707081
vn 0.707133 0.000000 0.707081
vn 0.707133 0.000000 0.707081
vn 0.707133 0.000000 0.707081
vn -0.707193 0.707021 0.000000
vn -0.707193 0.707021 0.000000
vn -0.707193 0.707021 0.000000
vn -0.707193 0.707021 0.000000
vn 0.000000 0.707035 0.707178
vn 0.000000 0.707035 0.707178
vn 0.000000 0.707035 0.707178
vn 0.000000 0.707035 0.707178
vn 0.000000 1.000000 0.000000
vn 0.000000 1.000000 0.000000
vn 0.000000 1.000000 0.000000
vn 0.000000 1.000000 0.000000
vn 0.000000 0.707035 0.707179
vn 0.000000 0.707035 0.707179
vn 0.000000 0.707035 0.707179
vn 0.000000 0.707035 0.707179
vn 0.000000 1.000000 0.000000
vn 0.000000 1.000000 0.000000
vn 0.000000 1.000000 0.000000
vn 0.000000 1.000000 0.000000
vn 0.000000 0.707035 0.707179
vn 0.000000 0.707035 0.707179
vn 0.000000 0.707035 0.707178
vn 0.000000 0.707035 0.707178
vn 0.000000 1.000000 0.000000
vn 0.000000 1.000000 0.000000
vn 0.000000 1.000000 0.000000
vn 0.000000 1.000000 0.000000
vn 0.000000 0.707035 0.707179
vn 0.000000 0.707035 0.707179
vn 0.000000 0.707035 0.707179
vn 0.000000 0.707035 0.707179
vn 0.000000 1.000000 0.000000
vn 0.000000 1.000000 0.000000
vn 0.000000 1.000000 0.000000
vn 0.000000 1.000000 0.000000
vn 0.000000 0.707035 0.707179
vn 0.000000 0.707035 0.707179
vn 0.000000 0.707035 0.707179
vn 0.000000 0.707035 0.707179
vn 0.000000 1.000000 -0.000000
vn 0.000000 1.000000 -0.000000
vn 0.000000 1.000000 -0.000000
vn 0.000000 1.000000 -0.000000
vn 0.000000 0.707035 0.707179
vn 0.000000 0.707035 0.707179
vn 0.000000 0.707035 0.707179
vn 0.000000 0.707035 0.707179
vn 0.000000 1.000000 -0.000000
vn 0.000000 1.000000 0.000000
vn 0.000000 1.000000 0.000000
vn 0.000000 1.000000 -0.000000
vn 0.000000 0.707035 0.707179
vn 0.000000 0.707035 0.707179
vn 0.000000 0.707035 0.707179
vn 0.000000 0.707035 0.707179
vn 0.000000 1.000000 0.000000
vn 0.000000 1.000000 0.000000
vn 0.000000 1.000000 0.000000
vn 0.000000 1.000000 0.000000
vn 0.000000 0.707035 0.707179
vn 0.000000 0.707035 0.707179
vn 0.000000 0.707035 0.707179
vn 0.000000 0.707035 0.707179
vn 0.000000 1.000000 0.000000
vn 0.000000 1.000000 0.000000
vn 0.000000 1.000000 0.000000
vn 0.000000 1.000000 0.000000
vn 0.000000 0.707035 0.707179
vn 0.000000 0.707035 0.707179
vn 0.000000 0.707035 0.707179
vn 0.000000 0.707035 0.707179
vn 0.000000 1.000000 0.000000
vn 0.000000 1.000000 -0.000000
vn 0.000000 1.000000 -0.000000
vn 0.000000 1.000000 0.000000
vn 0.000000 0.707035 0.707179
vn 0.000000 0.707035 0.707179
vn 0.000000 0.707035 0.707179
vn 0.000000 0.707035 0.707179
vn 0.000000 1.000000 -0.000000
vn 0.000000 1.000000 -0.000000
vn 0.000000 1.000000 -0.000000
vn 0.000000 1.000000 -0.000000
vn 0.000000 0.707035 0.707179
vn 0.000000 0.707035 0.707179
vn 0.000000 0.707035 0.707179
vn 0.000000 0.707035 0.707179
vn 0.000000 1.000000 -0.000000
vn 0.000000 1.000000 0.000000
vn 0.000000 1.000000 0.000000
vn 0.000000 1.000000 -0.000000
vn 0.000000 0.707035 0.707178
vn 0.000000 0.707035 0.707178
vn 0.000000 0.707035 0.707178
vn 0.000000 0.707035 0.707178
vn 0.000000 1.000000 0.000000
vn 0.000000 1.000000 0.000000
vn 0.000000 1.000000 0.000000
vn 0.000000 1.000000 0.000000
vn 0.000000 0.707035 0.707179
vn 0.000000 0.707035 0.707179
vn 0.000000 0.707035 0.707179
vn 0.000000 0.707035 0.707179
vn 0.000000 1.000000 0.000000
vn 0.000000 1.000000 0.000000
vn 0.000000 1.000000 0.000000
vn 0.000000 1.000000 0.000000
vn 0.000000 0.707035 0.707179
vn 0.000000 0.707035 0.707179
vn 0.000000 0.707035 0.707179
vn 0.000000 0.707035 0.707179
vn 0.000000 1.000000 0.000000
vn 0.000000 1.000000 0.000000
vn 0.000000 1.000000 0.000000
vn 0.000000 1.000000 0.000000
vn 0.000000 0.707035 0.707178
vn 0.000000 0.707035 0.707178
vn 0.000000 0.707035 0.707178
vn 0.000000 0.707035 0.707178
vn 0.707206 0.707008 0.000000
vn 0.707206 0.707008 0.000000
vn 0.707206 0.707008 0.000000
vn 0.707206 0.707008 0.000000
vn -1.000000 0.000000 0.000000
vn -1.000000 0.000000 0.000000
vn -1.000000 0.000000 0.000000
vn -1.000000 0.000000 0.000000
vn 0.000000 1.000000 0.000000
vn 0.000000 1.000000 0.000000
vn 0.000000 1.000000 0.000000
vn -0.707194 0.707020 0.000000
vn -0.707194 0.707020 0.000000
vn -0.707194 0.707020 0.000000
vn -0.707194 0.707020 0.000000
vn 0.000000 1.000000 0.000000
vn 0.000000 1.000000 0.000000
vn 0.000000 1.000000 0.000000
vn 0.000000 1.000000 0.000000
vn 0.000000 1.000000 0.000000
vn 0.000000 1.000000 0.000000
vn 0.000000 1.000000 0.000000
vn 0.000000 1.000000 0.000000
vn 0.000000 1.000000 0.000000
vn 0.000000 1.000000 0.000000
vn 0.000000 1.000000 0.000000
vn 0.000000 1.000000 0.000000
vn 0.000000 1.000000 0.000000
vn 0.000000 1.000000 0.000000
vn 0.000000 1.000000 0.000000
vn 0.000000 1.000000 0.000000
vn 0.707083 0.008783 -0.707076
vn 0.707083 0.008783 -0.707076
vn 0.707083 0.008783 -0.707076
vn 0.707083 0.008783 -0.707076
vn 0.698060 0.715877 -0.015270
vn 0.698325 0.715627 -0.014807
vn 0.706485 0.707728 -0.000401
vn 0.706484 0.707729 -0.000401
vn 0.014285 0.722651 -0.691065
vn 0.014142 0.722577 -0.691146
vn 0.000155 0.715055 -0.699068
vn 0.000155 0.715053 -0.699070
vn 0.000000 0.000000 -1.000000
vn 0.000000 0.000000 -1.000000
vn 0.000000 0.000000 -1.000000
vn 0.000000 0.000000 -1.000000
vn 0.000000 0.707009 -0.707205
vn 0.000000 0.707009 -0.707205
vn 0.000000 0.707009 -0.707205
vn 0.000000 0.707009 -0.707205
vn 0.000000 0.000000 -1.000000
vn 0.000000 0.000000 -1.000000
vn 0.000000 0.000000 -1.000000
vn 0.000000 0.000000 -1.000000
vn 0.000000 0.707009 -0.707205
vn 0.000000 0.707009 -0.707205
vn 0.000000 0.707009 -0.707205
vn 0.000000 0.707009 -0.707205
vn 0.000000 0.000000 -1.000000
vn 0.000000 0.000000 -1.000000
vn 0.000000 0.000000 -1.000000
vn 0.000000 0.000000 -1.000000
vn 0.000000 0.707009 -0.707205
vn 0.000000 0.707009 -0.707205
vn 0.000000 0.707009 -0.707205
vn 0.000000 0.707009 -0.707205
vn 0.000000 0.000000 -1.000000
vn 0.000000 0.000000 -1.000000
vn 0.000000 0.000000 -1.000000
vn 0.000000 0.000000 -1.000000
vn -0.000385 0.707724 -0.706489
vn -0.000385 0.707724 -0.706489
vn -0.014493 0.715461 -0.698502
vn -0.014559 0.715497 -0.698464
vn -0.707093 0.008787 -0.707066
vn -0.707093 0.008787 -0.707066
vn -0.707093 0.008787 -0.707066
vn -0.707093 0.008787 -0.707066
vn 0.000000 1.000000 0.000000
vn 0.000000 1.000000 0.000000
vn -0.690916 0.722789 -0.014526
vn -0.690700 0.722987 -0.014910
vn -0.699057 0.715066 -0.000162
vn -0.699059 0.715064 -0.000162
vn 0.000000 1.000000 0.000000
vn 0.000000 1.000000 0.000000
vn 0.000000 1.000000 0.000000
vn 0.000000 1.000000 0.000000
vn 0.000000 1.000000 0.000000
vn 0.000000 1.000000 0.000000
vn 0.000000 1.000000 0.000000
vn 0.000000 1.000000 0.000000
vn 0.000000 1.000000 0.000000
vn 0.000000 1.000000 0.000000
vn 0.000000 1.000000 0.000000
vn 0.000000 1.000000 0.000000
vn 0.000000 1.000000 0.000000
vn 0.000000 1.000000 0.000000
vn 0.000000 1.000000 0.000000
vn 0.000000 1.000000 0.000000
vn 0.000000 1.000000 0.000000
vn 1.000000 0.000000 0.000000
vn 1.000000 0.000000 0.000000
vn 1.000000 0.000000 0.000000
vn 1.000000 0.000000 0.000000
vn 0.707207 0.707006 0.000000
vn 0.707207 0.707006 0.000000
vn 0.707207 0.707006 0.000000
vn 0.707207 0.707006 0.000000
vn -1.000000 0.000000 0.000000
vn -1.000000 -0.000000 0.000000
vn -1.000000 -0.000000 0.000000
vn -1.000000 -0.000000 0.000000
vn 0.000000 1.000000 0.000000
vn 0.000000 1.000000 0.000000
vn 0.000000 1.000000 0.000000
vn -0.707194 0.707019 0.000000
vn -0.707194 0.707019 0.000000
vn -0.707195 0.707019 0.000000
vn -0.707195 0.707019 0.000000
vn 0.000000 1.000000 0.000000
vn 0.000000 1.000000 0.000000
vn 0.000000 1.000000 0.000000
vn 0.000000 1.000000 0.000000
vn 0.000000 1.000000 0.000000
vn 0.000000 1.000000 0.000000
vn 0.000000 1.000000 0.000000
vn 0.000000 1.000000 0.000000
vn 0.000000 1.000000 0.000000
vn 0.000000 1.000000 0.000000
vn 0.000000 1.000000 0.000000
vn 0.000000 1.000000 0.000000
vn 0.000000 1.000000 0.000000
vn 0.000000 1.000000 0.000000
vn 0.000000 1.000000 0.000000
vn 0.000000 1.000000 0.000000
vn 0.000000 1.000000 0.000000
vn 1.000000 -0.000002 0.000000
vn 1.000000 0.000000 0.000000
vn 1.000000 0.000000 0.000000
vn 1.000000 -0.000002 0.000000
vn 0.699071 0.715053 0.000162
vn 0.699072 0.715051 0.000162
vn 0.690928 0.722778 0.014527
vn 0.690713 0.722975 0.014911
vn -1.000000 0.000000 0.000000
vn -1.000000 0.000000 0.000000
vn -1.000000 0.000000 0.000000
vn -1.000000 0.000000 0.000000
vn 0.000000 1.000000 0.000000
vn 0.000000 1.000000 0.000000
vn 0.000000 1.000000 0.000000
vn -0.706471 0.707742 0.000401
vn -0.706471 0.707742 0.000401
vn -0.698047 0.715889 0.015269
vn -0.698313 0.715640 0.014806
vn 0.000000 1.000000 0.000000
vn 0.000000 1.000000 0.000000
vn 0.000000 1.000000 0.000000
vn 0.000000 1.000000 0.000000
vn 0.000000 1.000000 0.000000
vn 0.000000 1.000000 0.000000
vn 0.000000 1.000000 0.000000
vn 0.000000 1.000000 0.000000
vn 0.000000 1.000000 0.000000
vn 0.000000 1.000000 0.000000
vn 0.000000 1.000000 0.000000
vn 0.000000 1.000000 0.000000
vn 0.000000 1.000000 0.000000
vn 0.000000 1.000000 0.000000
vn 0.000000 1.000000 0.000000
vn 0.000000 1.000000 0.000000
vn 0.000000 1.000000 0.000000
vn 1.000000 0.000000 0.000000
vn 1.000000 0.000000 0.000000
vn 1.000000 0.000000 0.000000
vn 1.000000 -0.000000 0.000000
vn 0.707208 0.707006 0.000000
vn 0.707208 0.707006 0.000000
vn 0.707208 0.707006 0.000000
vn 0.707208 0.707006 0.000000
vn -1.000000 0.000000 0.000000
vn -1.000000 0.000000 0.000000
vn -1.000000 0.000000 0.000000
vn -1.000000 0.000000 0.000000
vn 0.000000 1.000000 0.000000
vn 0.000000 1.000000 0.000000
vn 0.000000 1.000000 -0.000000
vn -0.707194 0.707020 0.000000
vn -0.707194 0.707020 0.000000
vn -0.707194 0.707020 0.000000
vn -0.707194 0.707020 0.000000
vn 0.000000 1.000000 -0.000000
vn 0.000000 1.000000 -0.000000
vn 0.000000 1.000000 -0.000000
vn 0.000000 1.000000 -0.000000
vn 0.000000 1.000000 0.000000
vn 0.000000 1.000000 0.000000
vn 0.000000 1.000000 -0.000000
vn 0.000000 1.000000 0.000000
vn 0.000000 1.000000 0.000000
vn 0.000000 1.000000 0.000000
vn 0.000000 1.000000 0.000000
vn 0.000000 1.000000 0.000000
vn 0.000000 1.000000 0.000000
vn 0.000000 1.000000 0.000000
vn 0.000000 1.000000 0.000000
vn 0.000000 1.000000 0.000000
vn 0.000000 1.000000 0.000000
vn 0.707093 0.008774 0.707066
vn 0.707093 0.008774 0.707066
vn 0.707093 0.008774 0.707066
vn 0.707093 0.008774 0.707066
vn 0.014494 0.715437 0.698527
vn 0.014560 0.715472 0.698490
vn 0.000385 0.707697 0.706516
vn 0.000385 0.707697 0.706516
vn 0.000000 1.000000 0.000000
vn 0.000000 1.000000 0.000000
vn 0.000000 1.000000 0.000000
vn 0.000000 0.000000 1.000000
vn 0.000000 0.000000 1.000000
vn 0.000000 0.000000 1.000000
vn 0.000000 0.000000 1.000000
vn 0.000000 0.706983 0.707231
vn 0.000000 0.706983 0.707231
vn 0.000000 0.706983 0.707231
vn 0.000000 0.706983 0.707231
vn 0.000000 1.000000 0.000000
vn 0.000000 1.000000 0.000000
vn 0.000000 1.000000 0.000000
vn 0.000000 1.000000 0.000000
vn 0.000000 0.000000 1.000000
vn 0.000000 0.000000 1.000000
vn 0.000000 0.000000 1.000000
vn 0.000000 0.000000 1.000000
vn 0.000000 0.706982 0.707231
vn 0.000000 0.706982 0.707231
vn 0.000000 0.706982 0.707231
vn 0.000000 0.706982 0.707231
vn 0.000000 1.000000 0.000000
vn 0.000000 1.000000 0.000000
vn 0.000000 1.000000 0.000000
vn 0.000000 1.000000 0.000000
vn 0.000000 0.000000 1.000000
vn 0.000000 0.000000 1.000000
vn 0.000000 0.000000 1.000000
vn 0.000000 0.000000 1.000000
vn 0.000000 0.706982 0.707231
vn 0.000000 0.706982 0.707231
vn 0.000000 0.706982 0.707231
vn 0.000000 0.706982 0.707231
vn 0.000000 1.000000 0.000000
vn 0.000000 1.000000 0.000000
vn 0.000000 1.000000 0.000000
vn 0.000000 1.000000 0.000000
vn 0.000000 0.000000 1.000000
vn 0.000000 0.000000 1.000000
vn 0.000000 0.000000 1.000000
vn 0.000000 0.000000 1.000000
vn -0.000155 0.715042 0.699081
vn -0.000155 0.715040 0.699083
vn -0.014286 0.722640 0.691077
vn -0.014143 0.722566 0.691158
vn 0.000000 1.000000 0.000000
vn 0.000000 1.000000 0.000000
vn 0.000000 1.000000 0.000000
vn 0.000000 1.000000 0.000000
vn -0.707103 0.008780 0.707056
vn -0.707103 0.008780 0.707056
vn -0.707103 0.008780 0.707056
vn -0.707103 0.008780 0.707056
vn 0.000000 1.000000 0.000000
vn 0.000000 1.000000 0.000000
vn 0.000000 1.000000 0.000000
vn 0.000000 1.000000 0.000000
vn 0.000000 1.000000 0.000000
vn 0.000000 1.000000 0.000000
vn 0.000000 1.000000 0.000000
vn 0.000000 1.000000 0.000000
vn 0.000000 1.000000 0.000000
vn 0.000000 1.000000 0.000000
vn 0.000000 1.000000 0.000000
vn 0.000000 1.000000 0.000000
vn 0.000000 1.000000 0.000000
vn 0.000000 1.000000 0.000000
vn 0.000000 1.000000 -0.000000
vn 0.000000 1.000000 -0.000000
vn 0.000000 1.000000 0.000000
vn 0.000000 1.000000 -0.000000
vn 0.000000 1.000000 -0.000000
vn 0.000000 1.000000 -0.000000
vn 0.000000 1.000000 -0.000000
vn 0.000000 1.000000 0.000000
vn 0.000000 1.000000 -0.000000
vn 1.000000 0.000000 0.000000
vn 1.000000 -0.000000 0.000000
vn 1.000000 -0.000000 0.000000
vn 1.000000 0.000000 0.000000
vn 0.707207 0.707007 0.000000
vn 0.707207 0.707007 0.000000
vn 0.707207 0.707007 0.000000
vn 0.707207 0.707007 0.000000
vn -1.000000 0.000000 0.000000
vn -1.000000 0.000000 0.000000
vn -1.000000 0.000000 0.000000
vn -1.000000 0.000000 0.000000
vn 0.000000 1.000000 0.000000
vn 0.000000 1.000000 0.000000
vn 0.000000 1.000000 0.000000
vn -0.707193 0.707020 0.000000
vn -0.707193 0.707020 0.000000
vn -0.707193 0.707020 0.000000
vn -0.707193 0.707020 0.000000
vn 0.710807 0.000581 -0.703387
vn 0.710807 0.000581 -0.703387
vn 0.710807 0.000581 -0.703386
vn 0.710807 0.000581 -0.703387
vn 0.698046 0.715890 -0.015269
vn 0.698311 0.715641 -0.014807
vn 0.706471 0.707742 -0.000400
vn 0.706470 0.707743 -0.000400
vn 0.014286 0.722664 -0.691052
vn 0.014143 0.722590 -0.691133
vn 0.000156 0.715068 -0.699055
vn 0.000156 0.715066 -0.699057
vn -0.000000 0.000000 -1.000000
vn 0.000000 0.000000 -1.000000
vn 0.000000 0.000000 -1.000000
vn -0.000000 0.000000 -1.000000
vn 0.000000 0.707035 -0.707179
vn 0.000000 0.707035 -0.707179
vn 0.000000 0.707035 -0.707178
vn 0.000000 0.707035 -0.707178
vn 0.000000 0.000000 -1.000000
vn 0.000000 0.000000 -1.000000
vn 0.000000 0.000000 -1.000000
vn 0.000000 0.000000 -1.000000
vn 0.000000 0.707035 -0.707179
vn 0.000000 0.707035 -0.707179
vn 0.000000 0.707035 -0.707179
vn 0.000000 0.707035 -0.707179
vn 0.000000 0.000000 -1.000000
vn 0.000000 0.000000 -1.000000
vn 0.000000 0.000000 -1.000000
vn 0.000000 0.000000 -1.000000
vn 0.000000 0.707035 -0.707179
vn 0.000000 0.707035 -0.707179
vn 0.000000 0.707035 -0.707179
vn 0.000000 0.707035 -0.707179
vn 0.000000 0.000000 -1.000000
vn 0.000000 0.000000 -1.000000
vn 0.000000 0.000000 -1.000000
vn 0.000000 0.000000 -1.000000
vn 0.000000 0.707035 -0.707179
vn 0.000000 0.707035 -0.707179
vn 0.000000 0.707035 -0.707179
vn 0.000000 0.707035 -0.707179
vn 0.000000 0.000000 -1.000000
vn 0.000000 0.000000 -1.000000
vn 0.000000 0.000000 -1.000000
vn 0.000000 0.000000 -1.000000
vn 0.000000 0.707035 -0.707179
vn 0.000000 0.707035 -0.707179
vn 0.000000 0.707035 -0.707179
vn 0.000000 0.707035 -0.707179
vn 0.000000 0.000000 -1.000000
vn 0.000000 0.000000 -1.000000
vn 0.000000 0.000000 -1.000000
vn 0.000000 0.000000 -1.000000
vn 0.000000 0.707035 -0.707179
vn 0.000000 0.707035 -0.707179
vn 0.000000 0.707035 -0.707179
vn 0.000000 0.707035 -0.707179
vn 0.000000 0.000000 -1.000000
vn 0.000000 0.000000 -1.000000
vn 0.000000 0.000000 -1.000000
vn 0.000000 0.000000 -1.000000
vn 0.000000 0.707035 -0.707179
vn 0.000000 0.707035 -0.707179
vn 0.000000 0.707035 -0.707179
vn 0.000000 0.707035 -0.707179
vn 0.000000 0.000000 -1.000000
vn 0.000000 0.000000 -1.000000
vn 0.000000 0.000000 -1.000000
vn 0.000000 0.000000 -1.000000
vn 0.000000 0.707035 -0.707179
vn 0.000000 0.707035 -0.707179
vn 0.000000 0.707035 -0.707179
vn 0.000000 0.707035 -0.707179
vn 0.000000 0.000000 -1.000000
vn 0.000000 0.000000 -1.000000
vn 0.000000 0.000000 -1.000000
vn 0.000000 0.000000 -1.000000
vn 0.000000 0.707035 -0.707179
vn 0.000000 0.707035 -0.707179
vn 0.000000 0.707035 -0.707179
vn 0.000000 0.707035 -0.707179
vn 0.000000 0.000000 -1.000000
vn 0.000000 0.000000 -1.000000
vn 0.000000 0.000000 -1.000000
vn 0.000000 0.000000 -1.000000
vn 0.000000 0.707035 -0.707178
vn 0.000000 0.707035 -0.707178
vn 0.000000 0.707035 -0.707178
vn 0.000000 0.707035 -0.707178
vn 0.000000 0.000000 -1.000000
vn 0.000000 0.000000 -1.000000
vn 0.000000 0.000000 -1.000000
vn 0.000000 0.000000 -1.000000
vn 0.000000 0.707035 -0.707179
vn 0.000000 0.707035 -0.707179
vn 0.000000 0.707035 -0.707179
vn 0.000000 0.707035 -0.707179
vn 0.000000 0.000000 -1.000000
vn 0.000000 0.000000 -1.000000
vn 0.000000 0.000000 -1.000000
vn 0.000000 0.000000 -1.000000
vn -0.000385 0.707750 -0.706463
vn -0.000385 0.707750 -0.706463
vn -0.014493 0.715487 -0.698475
vn -0.014559 0.715523 -0.698437
vn -0.703440 0.000586 -0.710755
vn -0.703440 0.000586 -0.710755
vn -0.703440 0.000586 -0.710755
vn -0.703440 0.000586 -0.710755
vn 0.000000 1.000000 0.000000
vn 0.000000 1.000000 -0.000000
vn 0.000000 1.000000 0.000000
vn -0.690914 0.722790 -0.014527
vn -0.690699 0.722989 -0.014910
vn -0.699057 0.715066 -0.000162
vn -0.699058 0.715065 -0.000162
vn 1.000000 0.000000 0.000000
vn 1.000000 0.000000 0.000000
vn 1.000000 0.000000 0.000000
vn 1.000000 0.000000 0.000000
vn 0.707207 0.707007 0.000000
vn 0.707207 0.707007 0.000000
vn 0.707207 0.707007 0.000000
vn 0.707207 0.707007 0.000000
vn -1.000000 0.000000 0.000000
vn -1.000000 0.000000 0.000000
vn -1.000000 0.000000 0.000000
vn -1.000000 0.000000 0.000000
vn 0.000000 1.000000 0.000000
vn 0.000000 1.000000 0.000000
vn 0.000000 1.000000 0.000000
vn 0.000000 1.000000 0.000000
vn -0.707193 0.707020 0.000000
vn -0.707193 0.707020 0.000000
vn -0.707193 0.707020 0.000000
vn -0.707193 0.707020 0.000000
vn 1.000000 -0.000000 0.000000
vn 1.000000 -0.000003 0.000000
vn 1.000000 -0.000003 0.000000
vn 1.000000 -0.000000 0.000000
vn 0.707193 0.707020 0.000000
vn 0.707193 0.707020 0.000000
vn 0.707193 0.707020 0.000000
vn 0.707193 0.707020 0.000000
vn -1.000000 -0.000003 0.000000
vn -1.000000 -0.000003 0.000000
vn -1.000000 -0.000003 0.000000
vn -1.000000 -0.000003 0.000000
vn 0.000000 1.000000 0.000000
vn 0.000000 1.000000 0.000000
vn 0.000000 1.000000 0.000000
vn 0.000000 1.000000 0.000000
vn -0.707181 0.707033 0.000000
vn -0.707181 0.707033 0.000000
vn -0.707181 0.707033 0.000000
vn -0.707181 0.707033 0.000000
vn 1.000000 0.000000 0.000000
vn 1.000000 0.000000 0.000000
vn 1.000000 0.000000 0.000000
vn 1.000000 0.000000 0.000000
vn 0.707207 0.707007 0.000000
vn 0.707207 0.707007 0.000000
vn 0.707207 0.707007 0.000000
vn 0.707207 0.707007 0.000000
vn -1.000000 0.000000 0.000000
vn -1.000000 0.000000 0.000000
vn -1.000000 0.000000 0.000000
vn -1.000000 0.000000 0.000000
vn 0.000000 1.000000 0.000000
vn 0.000000 1.000000 0.000000
vn 0.000000 1.000000 0.000000
vn 0.000000 1.000000 0.000000
vn -0.707194 0.707019 0.000000
vn -0.707194 0.707019 0.000000
vn -0.707194 0.707019 0.000000
vn -0.707194 0.707019 0.000000
vn 1.000000 -0.000003 0.000000
vn 1.000000 -0.000000 0.000000
vn 1.000000 -0.000000 0.000000
vn 1.000000 -0.000003 0.000000
vn 0.707182 0.707032 0.000000
vn 0.707182 0.707032 0.000000
vn 0.707182 0.707032 0.000000
vn 0.707182 0.707032 0.000000
vn -1.000000 -0.000003 0.000000
vn -1.000000 -0.000003 0.000000
vn -1.000000 -0.000003 0.000000
vn -1.000000 -0.000003 0.000000
vn 0.000000 1.000000 0.000000
vn 0.000000 1.000000 0.000000
vn 0.000000 1.000000 0.000000
vn 0.000000 1.000000 0.000000
vn -0.707182 0.707032 0.000000
vn -0.707182 0.707032 0.000000
vn -0.707182 0.707032 0.000000
vn -0.707182 0.707032 0.000000
vn 1.000000 0.000000 0.000000
vn 1.000000 0.000000 0.000000
vn 1.000000 0.000000 0.000000
vn 1.000000 0.000000 0.000000
vn 0.707208 0.707006 0.000000
vn 0.707208 0.707006 0.000000
vn 0.707208 0.707006 0.000000
vn 0.707208 0.707006 0.000000
vn -1.000000 0.000000 0.000000
vn -1.000000 0.000000 0.000000
vn -1.000000 0.000000 0.000000
vn -1.000000 0.000000 0.000000
vn 0.000000 1.000000 0.000000
vn 0.000000 1.000000 0.000000
vn 0.000000 1.000000 0.000000
vn 0.000000 1.000000 0.000000
vn -0.707195 0.707018 0.000000
vn -0.707195 0.707018 0.000000
vn -0.707195 0.707018 0.000000
vn -0.707195 0.707018 0.000000
vn 1.000000 0.000002 0.000000
vn 1.000000 -0.000003 0.000000
vn 1.000000 -0.000003 0.000000
vn 1.000000 0.000002 0.000000
vn 0.699058 0.715065 0.000162
vn 0.699060 0.715064 0.000162
vn 0.690915 0.722790 0.014527
vn 0.690700 0.722988 0.014910
vn -1.000000 -0.000003 0.000000
vn -1.000000 0.000001 0.000000
vn -1.000000 0.000001 0.000000
vn -1.000000 -0.000003 0.000000
vn 0.000000 1.000000 0.000000
vn 0.000000 1.000000 0.000000
vn 0.000000 1.000000 0.000000
vn 0.000000 1.000000 0.000000
vn -0.706472 0.707741 0.000400
vn -0.706472 0.707741 0.000400
vn -0.698047 0.715889 0.015269
vn -0.698313 0.715639 0.014807
vn 1.000000 0.000000 0.000000
vn 1.000000 0.000000 0.000000
vn 1.000000 0.000000 0.000000
vn 1.000000 0.000000 0.000000
vn 0.707208 0.707005 0.000000
vn 0.707208 0.707005 0.000000
vn 0.707208 0.707005 0.000000
vn 0.707208 0.707005 0.000000
vn -1.000000 0.000000 0.000000
vn -1.000000 0.000000 0.000000
vn -1.000000 0.000000 0.000000
vn -1.000000 0.000000 0.000000
vn 0.000000 1.000000 0.000000
vn 0.000000 1.000000 0.000000
vn 0.000000 1.000000 0.000000
vn 0.000000 1.000000 0.000000
vn -0.707194 0.707019 0.000000
vn -0.707194 0.707019 0.000000
vn -0.707194 0.707019 0.000000
vn -0.707194 0.707019 0.000000
vn 0.703394 0.000583 0.710800
vn 0.703394 0.000583 0.710800
vn 0.703394 0.000583 0.710800
vn 0.703394 0.000583 0.710800
vn 0.014492 0.715488 0.698475
vn 0.014558 0.715523 0.698438
vn 0.000385 0.707750 0.706463
vn 0.000385 0.707750 0.706462
vn 0.000000 1.000000 0.000000
vn 0.000000 1.000000 0.000000
vn 0.000000 1.000000 0.000000
vn -0.000000 0.000000 1.000000
vn -0.000000 0.000000 1.000000
vn -0.000000 0.000000 1.000000
vn 0.000000 0.000000 1.000000
vn 0.000000 0.707035 0.707179
vn 0.000000 0.707035 0.707179
vn 0.000000 0.707035 0.707178
vn 0.000000 0.707035 0.707178
vn 0.000000 1.000000 0.000000
vn 0.000000 1.000000 0.000000
vn 0.000000 1.000000 0.000000
vn 0.000000 1.000000 0.000000
vn -0.000000 0.000000 1.000000
vn -0.000000 0.000000 1.000000
vn -0.000000 0.000000 1.000000
vn 0.000000 0.000000 1.000000
vn 0.000000 0.707035 0.707179
vn 0.000000 0.707035 0.707179
vn 0.000000 0.707035 0.707179
vn 0.000000 0.707035 0.707179
vn 0.000000 1.000000 0.000000
vn 0.000000 1.000000 0.000000
vn 0.000000 1.000000 0.000000
vn 0.000000 1.000000 0.000000
vn -0.000000 0.000000 1.000000
vn -0.000000 0.000000 1.000000
vn -0.000000 0.000000 1.000000
vn 0.000000 0.000000 1.000000
vn 0.000000 0.707035 0.707179
vn 0.000000 0.707035 0.707179
vn 0.000000 0.707035 0.707179
vn 0.000000 0.707035 0.707179
vn 0.000000 1.000000 0.000000
vn 0.000000 1.000000 0.000000
vn 0.000000 1.000000 0.000000
vn 0.000000 1.000000 0.000000
vn -0.000000 0.000000 1.000000
vn -0.000000 0.000000 1.000000
vn -0.000000 0.000000 1.000000
vn 0.000000 0.000000 1.000000
vn 0.000000 0.707035 0.707179
vn 0.000000 0.707035 0.707179
vn 0.000000 0.707035 0.707179
vn 0.000000 0.707035 0.707179
vn 0.000000 1.000000 0.000000
vn 0.000000 1.000000 0.000000
vn 0.000000 1.000000 0.000000
vn 0.000000 1.000000 0.000000
vn -0.000000 0.000000 1.000000
vn -0.000000 0.000000 1.000000
vn -0.000000 0.000000 1.000000
vn 0.000000 0.000000 1.000000
vn 0.000000 0.707035 0.707179
vn 0.000000 0.707035 0.707179
vn 0.000000 0.707035 0.707179
vn 0.000000 0.707035 0.707179
vn 0.000000 1.000000 0.000000
vn 0.000000 1.000000 0.000000
vn 0.000000 1.000000 0.000000
vn 0.000000 1.000000 0.000000
vn -0.000000 0.000000 1.000000
vn -0.000000 0.000000 1.000000
vn -0.000000 0.000000 1.000000
vn 0.000000 0.000000 1.000000
vn 0.000000 0.707035 0.707179
vn 0.000000 0.707035 0.707179
vn 0.000000 0.707035 0.707179
vn 0.000000 0.707035 0.707179
vn 0.000000 1.000000 0.000000
vn 0.000000 1.000000 0.000000
vn 0.000000 1.000000 0.000000
vn 0.000000 1.000000 0.000000
vn -0.000000 0.000000 1.000000
vn -0.000000 0.000000 1.000000
vn -0.000000 0.000000 1.000000
vn 0.000000 0.000000 1.000000
vn 0.000000 0.707035 0.707179
vn 0.000000 0.707035 0.707179
vn 0.000000 0.707035 0.707179
vn 0.000000 0.707035 0.707179
vn 0.000000 1.000000 0.000000
vn 0.000000 1.000000 0.000000
vn 0.000000 1.000000 0.000000
vn 0.000000 1.000000 0.000000
vn -0.000000 0.000000 1.000000
vn -0.000000 0.000000 1.000000
vn -0.000000 0.000000 1.000000
vn 0.000000 0.000000 1.000000
vn 0.000000 0.707035 0.707179
vn 0.000000 0.707035 0.707179
vn 0.000000 0.707035 0.707179
vn 0.000000 0.707035 0.707179
vn 0.000000 1.000000 0.000000
vn 0.000000 1.000000 0.000000
vn 0.000000 1.000000 0.000000
vn 0.000000 1.000000 0.000000
vn -0.000000 0.000000 1.000000
vn -0.000000 0.000000 1.000000
vn -0.000000 0.000000 1.000000
vn 0.000000 0.000000 1.000000
vn 0.000000 0.707035 0.707179
vn 0.000000 0.707035 0.707179
vn 0.000000 0.707035 0.707179
vn 0.000000 0.707035 0.707179
vn 0.000000 1.000000 0.000000
vn 0.000000 1.000000 0.000000
vn 0.000000 1.000000 0.000000
vn 0.000000 1.000000 0.000000
vn -0.000000 0.000000 1.000000
vn -0.000000 0.000000 1.000000
vn -0.000000 0.000000 1.000000
vn 0.000000 0.000000 1.000000
vn 0.000000 0.707035 0.707178
vn 0.000000 0.707035 0.707178
vn 0.000000 0.707035 0.707178
vn 0.000000 0.707035 0.707178
vn 0.000000 1.000000 0.000000
vn 0.000000 1.000000 0.000000
vn 0.000000 1.000000 0.000000
vn 0.000000 1.000000 0.000000
vn -0.000000 0.000000 1.000000
vn -0.000000 0.000000 1.000000
vn -0.000000 0.000000 1.000000
vn 0.000000 0.000000 1.000000
vn 0.000000 0.707035 0.707179
vn 0.000000 0.707035 0.707179
vn 0.000000 0.707035 0.707179
vn 0.000000 0.707035 0.707179
vn 0.000000 1.000000 0.000000
vn 0.000000 1.000000 0.000000
vn 0.000000 1.000000 0.000000
vn 0.000000 1.000000 0.000000
vn 0.000000 0.000000 1.000000
vn -0.000000 0.000000 1.000000
vn -0.000000 0.000000 1.000000
vn 0.000000 0.000000 1.000000
vn -0.000155 0.715094 0.699029
vn -0.000155 0.715092 0.699030
vn -0.014284 0.722689 0.691026
vn -0.014141 0.722615 0.691106
vn 0.000000 1.000000 0.000000
vn 0.000000 1.000000 0.000000
vn 0.000000 1.000000 0.000000
vn 0.000000 1.000000 0.000000
vn -0.710756 0.000578 0.703439
vn -0.710756 0.000578 0.703439
vn -0.710756 0.000578 0.703439
vn -0.710756 0.000578 0.703439
vn 0.000000 1.000000 0.000000
vn 0.000000 1.000000 0.000000
vn 0.000000 1.000000 0.000000
vn 0.000000 1.000000 0.000000
vn 0.000000 1.000000 0.000000
vn 0.000000 1.000000 0.000000
vn 0.000000 1.000000 0.000000
vn 1.000000 0.000000 0.000000
vn 1.000000 0.000000 0.000000
vn 1.000000 0.000000 0.000000
vn 1.000000 0.000000 0.000000
vn 0.707208 0.707006 0.000000
vn 0.707208 0.707006 0.000000
vn 0.707208 0.707006 0.000000
vn 0.707208 0.707006 0.000000
vn -1.000000 0.000000 0.000000
vn -1.000000 0.000000 0.000000
vn -1.000000 0.000000 0.000000
vn -1.000000 0.000000 0.000000
vn 0.000000 1.000000 -0.000000
vn 0.000000 1.000000 0.000000
vn 0.000000 1.000000 -0.000000
vn -0.724006 0.689793 0.000458
vn -0.724005 0.689794 0.000458
vn -0.724400 0.689380 0.000468
vn -0.724400 0.689380 0.000468
vn 0.000000 1.000000 0.000000
vn 0.000000 1.000000 0.000000
vn 0.000000 1.000000 -0.000000
vn 0.000000 1.000000 0.000000
vn 0.000000 1.000000 0.000000
vn 0.000000 1.000000 0.000000
vn 0.000000 1.000000 0.000000
vn 0.000000 1.000000 0.000000
vn 0.000000 1.000000 0.000000
vn 0.000000 1.000000 0.000000
vn 0.000000 1.000000 0.000000
vn 0.000000 1.000000 0.000000
vn 0.000000 1.000000 0.000000
vn 0.000000 1.000000 0.000000
vn 0.000000 1.000000 0.000000
vn 0.000000 1.000000 0.000000
vn 0.000000 1.000000 0.000000
vn 0.000000 1.000000 0.000000
vn 0.000000 1.000000 0.000000
vn 0.000000 1.000000 0.000000
vn 0.000000 1.000000 0.000000
vn 0.000000 1.000000 0.000000
vn 0.000000 1.000000 0.000000
vn 0.000000 1.000000 0.000000
vn 0.000000 1.000000 0.000000
vn 0.000000 1.000000 0.000000
vn 0.000000 1.000000 0.000000
vn 0.000000 1.000000 0.000000
vn 0.000000 1.000000 0.000000
vn 0.000000 1.000000 0.000000
vn 0.000000 1.000000 0.000000
vn 0.000000 1.000000 0.000000
vn 0.000000 1.000000 0.000000
vn 0.000000 1.000000 0.000000
vn 0.000000 1.000000 0.000000
vn 0.000000 1.000000 0.000000
vn 0.000000 1.000000 0.000000
vn 0.000000 1.000000 0.000000
vn 0.000000 1.000000 0.000000
vn 0.000000 1.000000 0.000000
vn 0.000000 1.000000 0.000000
vn 0.000000 1.000000 0.000000
vn 0.000000 1.000000 0.000000
vn 0.000000 1.000000 0.000000
vn 0.000000 1.000000 0.000000
vn 0.000000 1.000000 0.000000
vn 0.000000 1.000000 0.000000
vn 0.000000 1.000000 0.000000
vn 0.000000 1.000000 0.000000
vn 0.000000 1.000000 0.000000
vn 0.000000 1.000000 0.000000
vn 0.000000 1.000000 0.000000
vn 0.000000 1.000000 -0.000000
vn 0.000000 1.000000 -0.000000
vn 0.000000 1.000000 0.000000
vn 0.000000 1.000000 0.000000
vn 0.000000 1.000000 -0.000000
vn 1.000000 -0.000000 0.000000
vn 1.000000 0.000000 0.000000
vn 1.000000 0.000000 0.000000
vn 1.000000 -0.000000 0.000000
vn 0.717586 0.696469 0.000715
vn 0.717585 0.696471 0.000715
vn 0.717834 0.696214 0.000733
vn 0.717834 0.696214 0.000733
vn 0.000019 0.184031 0.982920
vn -0.000004 0.184052 0.982917
vn 0.000001 0.184048 0.982917
vn 0.000001 0.184049 0.982917
vn -0.656373 0.196142 0.728493
vn -0.684595 0.134203 0.716463
vn -0.684592 0.134208 0.716465
vn -0.654770 0.187126 0.732298
vn -1.000000 -0.000000 0.000000
vn -1.000000 0.000000 0.000000
vn -1.000000 0.000000 0.000000
vn -1.000000 0.000000 0.000000
vn -1.000000 -0.000000 0.000000
vn -1.000000 -0.000000 0.000000
vn -1.000000 -0.000000 0.000000
vn 0.000132 0.763880 0.645358
vn 0.000132 0.763880 0.645358
vn 0.000129 0.764004 0.645212
vn 0.000129 0.764003 0.645213
vn -0.000004 0.184052 0.982916
vn 0.000000 0.184051 0.982917
vn 0.000000 0.184051 0.982917
vn -0.000004 0.184052 0.982916
vn 0.000000 0.769479 0.638672
vn 0.000000 0.769479 0.638672
vn 0.000000 0.769479 0.638672
vn 0.000000 0.769479 0.638672
vn 0.000000 0.184051 0.982917
vn 0.000000 0.184051 0.982917
vn 0.000000 0.184051 0.982917
vn 0.000000 0.184051 0.982917
vn 0.000000 0.769479 0.638672
vn 0.000000 0.769479 0.638672
vn 0.000000 0.769479 0.638672
vn 0.000000 0.769479 0.638672
vn 0.000000 0.184051 0.982917
vn 0.000000 0.184051 0.982917
vn 0.000000 0.184051 0.982917
vn 0.000000 0.184051 0.982917
vn 0.000000 0.769479 0.638672
vn 0.000000 0.769479 0.638672
vn 0.000000 0.769479 0.638672
vn 0.000000 0.769479 0.638672
vn 0.000000 0.184051 0.982917
vn 0.000000 0.184051 0.982917
vn 0.000000 0.184051 0.982917
vn 0.000000 0.184051 0.982917
vn 0.000000 0.769479 0.638672
vn 0.000000 0.769479 0.638672
vn 0.000000 0.769479 0.638672
vn 0.000000 0.769479 0.638672
vn 0.000000 0.184051 0.982917
vn 0.000000 0.184051 0.982917
vn 0.000000 0.184051 0.982917
vn 0.000000 0.184051 0.982917
vn 0.000000 0.769479 0.638672
vn 0.000000 0.769479 0.638672
vn 0.000000 0.769479 0.638672
vn 0.000000 0.769479 0.638672
vn 0.000000 0.184051 0.982917
vn 0.000000 0.184051 0.982917
vn 0.000000 0.184051 0.982917
vn 0.000000 0.184051 0.982917
vn 0.000000 0.769479 0.638672
vn 0.000000 0.769479 0.638672
vn 0.000000 0.769479 0.638672
vn 0.000000 0.769479 0.638672
vn 0.000000 0.184051 0.982917
vn 0.000000 0.184051 0.982917
vn 0.000000 0.184051 0.982917
vn 0.000000 0.184051 0.982917
vn 0.000000 0.769478 0.638673
vn 0.000000 0.769478 0.638673
vn 0.000000 0.769478 0.638673
vn 0.000000 0.769478 0.638673
vn 0.000000 0.184051 0.982917
vn 0.000000 0.184051 0.982917
vn 0.000000 0.184051 0.982917
vn 0.000000 0.184051 0.982917
vn 0.000000 0.769478 0.638673
vn 0.000000 0.769478 0.638673
vn 0.000000 0.769479 0.638673
vn 0.000000 0.769479 0.638673
vn 0.000000 0.184051 0.982917
vn 0.000000 0.184051 0.982917
vn 0.000000 0.184051 0.982917
vn 0.000000 0.184051 0.982917
vn 0.000000 0.769479 0.638672
vn 0.000000 0.769479 0.638672
vn 0.000000 0.769479 0.638672
vn 0.000000 0.769479 0.638672
vn 0.000000 0.184051 0.982917
vn 0.000000 0.184051 0.982917
vn 0.000000 0.184051 0.982917
vn 0.000000 0.184051 0.982917
vn 0.000000 0.769479 0.638672
vn 0.000000 0.769479 0.638672
vn 0.000000 0.769479 0.638672
vn 0.000000 0.769479 0.638672
vn 0.000000 0.184051 0.982917
vn 0.000000 0.184051 0.982917
vn 0.000000 0.184051 0.982917
vn 0.000000 0.184051 0.982917
vn 0.000000 0.769478 0.638673
vn 0.000000 0.769478 0.638673
vn 0.000000 0.769478 0.638673
vn 0.000000 0.769478 0.638673
vn 0.000000 0.184051 0.982917
vn 0.000000 0.184051 0.982917
vn 0.000000 0.184051 0.982917
vn 0.000000 0.184051 0.982917
vn 0.000000 0.769479 0.638672
vn 0.000000 0.769479 0.638672
vn 0.000000 0.769479 0.638673
vn 0.000000 0.769479 0.638673
vn 0.000000 0.184051 0.982917
vn 0.000000 0.184051 0.982917
vn 0.000000 0.184051 0.982917
vn 0.000000 0.184051 0.982917
vn 0.000000 0.769478 0.638673
vn 0.000000 0.769478 0.638673
vn 0.000000 0.769478 0.638673
vn 0.000000 0.769478 0.638673
vn 0.000000 0.184051 0.982917
vn 0.000003 0.184051 0.982917
vn 0.000003 0.184051 0.982917
vn 0.000000 0.184051 0.982917
vn -0.000106 0.763369 0.645963
vn -0.000106 0.763370 0.645961
vn -0.000108 0.763232 0.646124
vn -0.000108 0.763232 0.646124
vn 0.000003 0.184051 0.982917
vn -0.000013 0.184039 0.982919
vn -0.000003 0.184050 0.982917
vn 0.000001 0.184049 0.982917
vn 1.000000 -0.000000 0.000000
vn 1.000000 -0.000000 0.000000
vn 1.000000 -0.000000 0.000000
vn 1.000000 -0.000000 0.000000
vn 1.000000 -0.000000 0.000000
vn 1.000000 0.000000 0.000000
vn 1.000000 -0.000000 0.000000
vn 0.692819 0.132759 0.708786
vn 0.664982 0.192872 0.721526
vn 0.664438 0.182265 0.724777
vn 0.692815 0.132764 0.708788
vn -0.707055 -0.707159 0.000000
vn -0.707055 -0.707159 0.000000
vn -0.707055 -0.707159 0.000000
vn -0.707055 -0.707159 0.000000
vn 0.000000 -1.000000 0.000000
vn 0.000000 -1.000000 0.000000
vn 0.000000 -1.000000 0.000000
vn 0.000000 -1.000000 0.000000
vn -0.707048 -0.707166 0.000000
vn -0.707048 -0.707166 0.000000
vn -0.707048 -0.707166 0.000000
vn -0.707048 -0.707166 0.000000
vn 0.000000 -1.000000 0.000000
vn 0.000000 -1.000000 0.000000
vn 0.000000 -1.000000 0.000000
vn 0.000000 -1.000000 0.000000
vn 0.000000 -1.000000 0.000000
vn 0.000000 -1.000000 0.000000
vn 0.000000 -1.000000 0.000000
vn 0.000000 -1.000000 0.000000
vn 0.000000 -1.000000 0.000000
vn 0.000000 -1.000000 0.000000
vn 0.000000 -1.000000 0.000000
vn 0.000000 -1.000000 0.000000
vn 0.000000 -1.000000 0.000000
vn 0.000000 -1.000000 0.000000
vn 0.000000 -1.000000 0.000000
vn 0.000000 -1.000000 0.000000
vn 0.000000 -1.000000 0.000000
vn 0.000000 -1.000000 0.000000
vn 0.000000 -1.000000 0.000000
vn 0.000000 -1.000000 0.000000
vn 0.000000 -1.000000 0.000000
vn 0.000000 -1.000000 0.000000
vn 0.000000 -1.000000 0.000000
vn 0.000000 -1.000000 0.000000
vn 0.000000 -1.000000 0.000000
vn 0.000000 -1.000000 0.000000
vn 0.000000 -1.000000 0.000000
vn 0.000000 -1.000000 0.000000
vn 0.000000 -1.000000 0.000000
vn 0.000000 -1.000000 0.000000
vn 0.000000 -1.000000 0.000000
vn 0.000000 -1.000000 0.000000
vn 0.000000 -1.000000 0.000000
vn 0.000000 -1.000000 0.000000
vn 0.000000 -1.000000 0.000000
vn 0.000000 -1.000000 0.000000
vn 0.000000 -1.000000 0.000000
vn 0.000000 -1.000000 0.000000
vn 0.000000 -1.000000 0.000000
vn 0.000000 -1.000000 0.000000
vn 0.000000 -1.000000 0.000000
vn 0.000000 -1.000000 0.000000
vn 0.000000 -1.000000 0.000000
vn 0.000000 -1.000000 0.000000
vn 0.000000 -1.000000 0.000000
vn 0.000000 -1.000000 0.000000
vn 0.000000 -1.000000 0.000000
vn 0.000000 -1.000000 0.000000
vn 0.000000 -1.000000 0.000000
vn 0.000000 -1.000000 0.000000
vn 0.000000 -1.000000 0.000000
vn 0.000000 -1.000000 0.000000
vn 0.000000 -1.000000 0.000000
vn 0.000000 -1.000000 0.000000
vn 0.000000 -1.000000 0.000000
vn 0.000000 -1.000000 0.000000
vn 0.000000 -1.000000 0.000000
vn 0.000000 -1.000000 0.000000
vn 0.000000 -1.000000 0.000000
vn 0.000000 -1.000000 0.000000
vn 0.000000 -1.000000 0.000000
vn 0.000000 -1.000000 0.000000
vn 0.000000 -1.000000 0.000000
vn 0.000000 -1.000000 0.000000
vn 0.000000 -1.000000 0.000000
vn 0.000000 -1.000000 0.000000
vn 0.000000 -1.000000 0.000000
vn 0.000000 -1.000000 0.000000
vn 0.000000 -1.000000 0.000000
vn 0.000000 -1.000000 0.000000
vn 0.000000 -1.000000 0.000000
vn 0.000000 -1.000000 0.000000
vn 0.000000 -1.000000 0.000000
vn 0.000000 -1.000000 0.000000
vn 0.000000 -1.000000 0.000000
vn 0.000000 -1.000000 0.000000
vn 0.000000 -1.000000 0.000000
vn 0.000000 -1.000000 0.000000
vn 0.000000 -1.000000 0.000000
vn 0.000000 -1.000000 0.000000
vn 0.000000 -1.000000 0.000000
vn 0.000000 -1.000000 0.000000
vn 0.000000 -1.000000 0.000000
vn 0.000000 -1.000000 0.000000
vn 0.000000 -1.000000 0.000000
vn 0.000000 -1.000000 0.000000
vn 0.000000 -1.000000 0.000000
vn 0.000000 -1.000000 0.000000
vn 0.000000 -1.000000 0.000000
vn 0.000000 -1.000000 0.000000
vn 0.000000 -1.000000 0.000000
vn 0.000000 -1.000000 0.000000
vn 0.000000 -1.000000 0.000000
vn 0.000000 -1.000000 0.000000
vn 0.000000 -1.000000 0.000000
vn 0.000000 -1.000000 0.000000
vn 0.000000 -1.000000 0.000000
vn 0.000000 -1.000000 0.000000
vn 0.000000 -1.000000 0.000000
vn 0.000000 -1.000000 0.000000
vn 0.000000 -1.000000 0.000000
vn 0.000000 -1.000000 0.000000
vn 0.000000 -1.000000 0.000000
vn 0.000000 -1.000000 0.000000
vn 0.000000 -1.000000 0.000000
vn 0.000000 -1.000000 0.000000
vn 0.000000 -1.000000 0.000000
vn 0.000000 -1.000000 0.000000
vn 0.000000 -1.000000 0.000000
vn 0.000000 -1.000000 0.000000
vn 0.000000 -1.000000 0.000000
vn 0.000000 -1.000000 0.000000
vn 0.707055 -0.707158 0.000000
vn 0.707055 -0.707158 0.000000
vn 0.707055 -0.707159 0.000000
vn 0.707055 -0.707159 0.000000
vn 0.707061 -0.707153 0.000000
vn 0.707061 -0.707153 0.000000
vn 0.707061 -0.707153 0.000000
vn 0.707061 -0.707153 0.000000
vn 0.000000 -1.000000 0.000000
vn 0.000000 -1.000000 0.000000
vn 0.000000 -1.000000 0.000000
vn -0.707048 -0.707165 0.000000
vn -0.707048 -0.707165 0.000000
vn -0.707048 -0.707165 0.000000
vn -0.707048 -0.707165 0.000000
vn 0.000000 -1.000000 0.000000
vn 0.000000 -1.000000 0.000000
vn 0.000000 -1.000000 0.000000
vn 0.000000 -1.000000 0.000000
vn 0.000000 -1.000000 0.000000
vn 0.000000 -1.000000 0.000000
vn 0.000000 -1.000000 0.000000
vn 0.000000 -1.000000 0.000000
vn 0.000000 -1.000000 0.000000
vn 0.000000 -1.000000 0.000000
vn 0.000000 -1.000000 0.000000
vn 0.000000 -1.000000 0.000000
vn 0.000000 -1.000000 0.000000
vn 0.000000 -1.000000 0.000000
vn 0.000000 -1.000000 0.000000
vn 0.000000 -1.000000 0.000000
vn 0.000000 -1.000000 0.000000
vn 0.000000 -1.000000 0.000000
vn 0.000000 -1.000000 0.000000
vn 0.000000 -1.000000 0.000000
vn 0.000000 -1.000000 0.000000
vn 0.000000 -1.000000 0.000000
vn 0.000000 -1.000000 0.000000
vn 0.000000 -1.000000 0.000000
vn 0.000000 -1.000000 0.000000
vn 0.000000 -1.000000 0.000000
vn 0.000000 -1.000000 0.000000
vn 0.000000 -1.000000 0.000000
vn 0.000000 -1.000000 0.000000
vn 0.000000 -1.000000 0.000000
vn 0.000000 -1.000000 0.000000
vn 0.000000 -1.000000 0.000000
vn 0.000000 -1.000000 0.000000
vn 0.000000 -1.000000 0.000000
vn 0.000000 -1.000000 0.000000
vn 0.000000 -1.000000 0.000000
vn 0.000000 -1.000000 0.000000
vn 0.000000 -1.000000 0.000000
vn 0.000000 -1.000000 0.000000
vn 0.000000 -1.000000 0.000000
vn 0.000000 -1.000000 0.000000
vn 0.000000 -1.000000 0.000000
vn 0.000000 -1.000000 0.000000
vn 0.000000 -1.000000 0.000000
vn 0.000000 -1.000000 0.000000
vn 0.000000 -1.000000 0.000000
vn 0.000000 -1.000000 0.000000
vn 0.000000 -1.000000 0.000000
vn 0.000000 -1.000000 0.000000
vn 0.000000 -1.000000 0.000000
vn 0.000000 -1.000000 0.000000
vn 0.000000 -1.000000 0.000000
vn 0.000000 -1.000000 0.000000
vn 0.000000 -1.000000 0.000000
vn 0.000000 -1.000000 0.000000
vn 0.000000 -1.000000 0.000000
vn 0.000000 -1.000000 0.000000
vn 0.707062 -0.707152 0.000000
vn 0.707062 -0.707152 0.000000
vn 0.707062 -0.707152 0.000000
vn 0.707062 -0.707152 0.000000
vn 0.000000 -1.000000 0.000000
vn 0.000000 -1.000000 0.000000
vn 0.000000 -1.000000 0.000000
vn -0.707049 -0.707164 0.000000
vn -0.707049 -0.707164 0.000000
vn -0.707049 -0.707164 0.000000
vn -0.707049 -0.707164 0.000000
vn 0.000000 -1.000000 0.000000
vn 0.000000 -1.000000 0.000000
vn 0.000000 -1.000000 0.000000
vn 0.000000 -1.000000 0.000000
vn 0.000000 -1.000000 0.000000
vn 0.000000 -1.000000 0.000000
vn 0.000000 -1.000000 0.000000
vn 0.000000 -1.000000 0.000000
vn 0.000000 -1.000000 0.000000
vn 0.000000 -1.000000 0.000000
vn 0.000000 -1.000000 0.000000
vn 0.000000 -1.000000 0.000000
vn 0.000000 -1.000000 0.000000
vn 0.000000 -1.000000 0.000000
vn 0.000000 -1.000000 0.000000
vn 0.000000 -1.000000 0.000000
vn 0.000000 -1.000000 0.000000
vn 0.000000 -1.000000 0.000000
vn 0.000000 -1.000000 0.000000
vn 0.000000 -1.000000 0.000000
vn 0.000000 -1.000000 0.000000
vn 0.000000 -1.000000 0.000000
vn 0.000000 -1.000000 0.000000
vn 0.000000 -1.000000 0.000000
vn 0.000000 -1.000000 0.000000
vn 0.000000 -1.000000 0.000000
vn 0.000000 -1.000000 0.000000
vn 0.000000 -1.000000 0.000000
vn 0.000000 -1.000000 0.000000
vn 0.000000 -1.000000 0.000000
vn 0.000000 -1.000000 0.000000
vn 0.000000 -1.000000 0.000000
vn 0.000000 -1.000000 0.000000
vn 0.000000 -1.000000 0.000000
vn 0.000000 -1.000000 0.000000
vn 0.000000 -1.000000 0.000000
vn 0.000000 -1.000000 0.000000
vn 0.000000 -1.000000 0.000000
vn 0.000000 -1.000000 0.000000
vn 0.000000 -1.000000 0.000000
vn 0.000000 -1.000000 0.000000
vn 0.000000 -1.000000 0.000000
vn 0.000000 -1.000000 0.000000
vn 0.000000 -1.000000 0.000000
vn 0.000000 -1.000000 0.000000
vn 0.000000 -1.000000 0.000000
vn 0.000000 -1.000000 0.000000
vn 0.000000 -1.000000 0.000000
vn 0.000000 -1.000000 0.000000
vn 0.000000 -1.000000 0.000000
vn 0.000000 -1.000000 0.000000
vn 0.000000 -1.000000 0.000000
vn 0.000000 -1.000000 0.000000
vn 0.000000 -1.000000 0.000000
vn 0.000000 -1.000000 0.000000
vn 0.000000 -1.000000 0.000000
vn 0.000000 -1.000000 0.000000
vn 0.707063 -0.707151 0.000000
vn 0.707063 -0.707151 0.000000
vn 0.707062 -0.707151 0.000000
vn 0.707062 -0.707151 0.000000
vn 0.000000 -1.000000 0.000000
vn 0.000000 -1.000000 0.000000
vn 0.000000 -1.000000 0.000000
vn -0.707048 -0.707165 0.000000
vn -0.707048 -0.707165 0.000000
vn -0.707048 -0.707165 0.000000
vn -0.707048 -0.707165 0.000000
vn 0.000000 -1.000000 0.000000
vn 0.000000 -1.000000 0.000000
vn 0.000000 -1.000000 0.000000
vn 0.000000 -1.000000 0.000000
vn 0.000000 -1.000000 0.000000
vn 0.000000 -1.000000 0.000000
vn 0.000000 -1.000000 0.000000
vn 0.000000 -1.000000 0.000000
vn 0.000000 -1.000000 0.000000
vn 0.000000 -1.000000 0.000000
vn 0.000000 -1.000000 0.000000
vn 0.000000 -1.000000 0.000000
vn 0.000000 -1.000000 0.000000
vn 0.000000 -1.000000 0.000000
vn 0.000000 -1.000000 0.000000
vn 0.000000 -1.000000 0.000000
vn 0.000000 -1.000000 0.000000
vn 0.000000 -1.000000 0.000000
vn 0.000000 -1.000000 0.000000
vn 0.000000 -1.000000 0.000000
vn 0.000000 -1.000000 0.000000
vn 0.000000 -1.000000 0.000000
vn 0.000000 -1.000000 0.000000
vn 0.000000 -1.000000 0.000000
vn 0.000000 -1.000000 0.000000
vn 0.000000 -1.000000 0.000000
vn 0.000000 -1.000000 0.000000
vn 0.000000 -1.000000 0.000000
vn 0.000000 -1.000000 0.000000
vn 0.000000 -1.000000 0.000000
vn 0.000000 -1.000000 0.000000
vn 0.000000 -1.000000 0.000000
vn 0.000000 -1.000000 0.000000
vn 0.000000 -1.000000 0.000000
vn 0.000000 -1.000000 0.000000
vn 0.000000 -1.000000 0.000000
vn 0.000000 -1.000000 0.000000
vn 0.000000 -1.000000 0.000000
vn 0.000000 -1.000000 0.000000
vn 0.000000 -1.000000 0.000000
vn 0.000000 -1.000000 0.000000
vn 0.000000 -1.000000 0.000000
vn 0.000000 -1.000000 0.000000
vn 0.000000 -1.000000 0.000000
vn 0.000000 -1.000000 0.000000
vn 0.000000 -1.000000 0.000000
vn 0.000000 -1.000000 0.000000
vn 0.000000 -1.000000 0.000000
vn 0.000000 -1.000000 0.000000
vn 0.000000 -1.000000 0.000000
vn 0.000000 -1.000000 0.000000
vn 0.000000 -1.000000 0.000000
vn 0.000000 -1.000000 0.000000
vn 0.000000 -1.000000 0.000000
vn 0.000000 -1.000000 0.000000
vn 0.000000 -1.000000 0.000000
vn 0.000000 -1.000000 0.000000
vn 0.707062 -0.707152 0.000000
vn 0.707062 -0.707152 0.000000
vn 0.707062 -0.707152 0.000000
vn 0.707062 -0.707152 0.000000
vn 0.000000 -1.000000 0.000000
vn 0.000000 -1.000000 0.000000
vn 0.000000 -1.000000 0.000000
vn -0.707048 -0.707166 0.000000
vn -0.707048 -0.707166 0.000000
vn -0.707048 -0.707166 0.000000
vn -0.707048 -0.707166 0.000000
vn 0.000000 -1.000000 0.000000
vn 0.000000 -1.000000 0.000000
vn 0.000000 -1.000000 0.000000
vn 0.000000 -1.000000 0.000000
vn 0.000000 -1.000000 0.000000
vn 0.000000 -1.000000 0.000000
vn 0.000000 -1.000000 0.000000
vn 0.000000 -1.000000 0.000000
vn 0.000000 -1.000000 0.000000
vn 0.000000 -1.000000 0.000000
vn 0.000000 -1.000000 0.000000
vn 0.000000 -1.000000 0.000000
vn 0.000000 -1.000000 0.000000
vn 0.000000 -1.000000 0.000000
vn 0.000000 -1.000000 0.000000
vn 0.000000 -1.000000 0.000000
vn 0.000000 -1.000000 0.000000
vn 0.000000 -1.000000 0.000000
vn 0.000000 -1.000000 0.000000
vn 0.000000 -1.000000 0.000000
vn 0.000000 -1.000000 0.000000
vn 0.000000 -1.000000 0.000000
vn 0.000000 -1.000000 0.000000
vn 0.000000 -1.000000 0.000000
vn 0.000000 -1.000000 0.000000
vn 0.000000 -1.000000 0.000000
vn 0.000000 -1.000000 0.000000
vn 0.000000 -1.000000 0.000000
vn 0.000000 -1.000000 0.000000
vn 0.000000 -1.000000 0.000000
vn 0.000000 -1.000000 0.000000
vn 0.000000 -1.000000 0.000000
vn 0.000000 -1.000000 0.000000
vn 0.000000 -1.000000 0.000000
vn 0.000000 -1.000000 0.000000
vn 0.000000 -1.000000 0.000000
vn 0.000000 -1.000000 0.000000
vn 0.000000 -1.000000 0.000000
vn 0.000000 -1.000000 0.000000
vn 0.000000 -1.000000 0.000000
vn 0.000000 -1.000000 0.000000
vn 0.000000 -1.000000 0.000000
vn 0.000000 -1.000000 0.000000
vn 0.000000 -1.000000 0.000000
vn 0.000000 -1.000000 0.000000
vn 0.000000 -1.000000 0.000000
vn 0.000000 -1.000000 0.000000
vn 0.000000 -1.000000 0.000000
vn 0.000000 -1.000000 0.000000
vn 0.000000 -1.000000 0.000000
vn 0.000000 -1.000000 0.000000
vn 0.000000 -1.000000 0.000000
vn 0.000000 -1.000000 0.000000
vn 0.000000 -1.000000 0.000000
vn 0.000000 -1.000000 0.000000
vn 0.000000 -1.000000 0.000000
vn 0.000000 -1.000000 0.000000
vn 0.707061 -0.707153 0.000000
vn 0.707061 -0.707153 0.000000
vn 0.707061 -0.707153 0.000000
vn 0.707061 -0.707153 0.000000
vn 0.000000 -1.000000 0.000000
vn 0.000000 -1.000000 0.000000
vn 0.000000 -1.000000 0.000000
vn -0.707048 -0.707166 0.000000
vn -0.707048 -0.707166 0.000000
vn -0.707048 -0.707166 0.000000
vn -0.707048 -0.707166 0.000000
vn 0.000000 -1.000000 0.000000
vn 0.000000 -1.000000 0.000000
vn 0.000000 -1.000000 0.000000
vn 0.000000 -1.000000 0.000000
vn 0.000000 -1.000000 0.000000
vn 0.000000 -1.000000 0.000000
vn 0.000000 -1.000000 0.000000
vn 0.000000 -1.000000 0.000000
vn 0.000000 -1.000000 0.000000
vn 0.000000 -1.000000 0.000000
vn 0.000000 -1.000000 0.000000
vn 0.000000 -1.000000 0.000000
vn 0.000000 -1.000000 0.000000
vn 0.000000 -1.000000 0.000000
vn 0.000000 -1.000000 0.000000
vn 0.000000 -1.000000 0.000000
vn 0.000000 -1.000000 0.000000
vn 0.000000 -1.000000 0.000000
vn 0.000000 -1.000000 0.000000
vn 0.000000 -1.000000 0.000000
vn 0.000000 -1.000000 0.000000
vn 0.000000 -1.000000 0.000000
vn 0.000000 -1.000000 0.000000
vn 0.000000 -1.000000 0.000000
vn 0.000000 -1.000000 0.000000
vn 0.000000 -1.000000 0.000000
vn 0.000000 -1.000000 0.000000
vn 0.000000 -1.000000 0.000000
vn 0.000000 -1.000000 0.000000
vn 0.000000 -1.000000 0.000000
vn 0.000000 -1.000000 0.000000
vn 0.000000 -1.000000 0.000000
vn 0.000000 -1.000000 0.000000
vn 0.000000 -1.000000 0.000000
vn 0.000000 -1.000000 0.000000
vn 0.000000 -1.000000 0.000000
vn 0.000000 -1.000000 0.000000
vn 0.000000 -1.000000 0.000000
vn 0.000000 -1.000000 0.000000
vn 0.000000 -1.000000 0.000000
vn 0.000000 -1.000000 0.000000
vn 0.000000 -1.000000 0.000000
vn 0.000000 -1.000000 0.000000
vn 0.000000 -1.000000 0.000000
vn 0.000000 -1.000000 0.000000
vn 0.000000 -1.000000 0.000000
vn 0.000000 -1.000000 0.000000
vn 0.000000 -1.000000 0.000000
vn 0.000000 -1.000000 0.000000
vn 0.000000 -1.000000 0.000000
vn 0.000000 -1.000000 0.000000
vn 0.000000 -1.000000 0.000000
vn 0.000000 -1.000000 0.000000
vn 0.000000 -1.000000 0.000000
vn 0.000000 -1.000000 0.000000
vn 0.000000 -1.000000 0.000000
vn 0.000000 -1.000000 0.000000
vn 0.707061 -0.707153 0.000000
vn 0.707061 -0.707153 0.000000
vn 0.707061 -0.707153 0.000000
vn 0.707061 -0.707153 0.000000
vn 0.000000 -1.000000 0.000000
vn 0.000000 -1.000000 0.000000
vn 0.000000 -1.000000 0.000000
vn -0.707048 -0.707166 0.000000
vn -0.707048 -0.707166 0.000000
vn -0.707048 -0.707166 0.000000
vn -0.707048 -0.707166 0.000000
vn 0.000000 -1.000000 0.000000
vn 0.000000 -1.000000 0.000000
vn 0.000000 -1.000000 0.000000
vn 0.000000 -1.000000 0.000000
vn 0.000000 -1.000000 0.000000
vn 0.000000 -1.000000 0.000000
vn 0.000000 -1.000000 0.000000
vn 0.000000 -1.000000 0.000000
vn 0.000000 -1.000000 0.000000
vn 0.000000 -1.000000 0.000000
vn 0.000000 -1.000000 0.000000
vn 0.000000 -1.000000 0.000000
vn 0.000000 -1.000000 0.000000
vn 0.000000 -1.000000 0.000000
vn 0.000000 -1.000000 0.000000
vn 0.000000 -1.000000 0.000000
vn 0.000000 -1.000000 0.000000
vn 0.000000 -1.000000 0.000000
vn 0.000000 -1.000000 0.000000
vn 0.000000 -1.000000 0.000000
vn 0.000000 -1.000000 0.000000
vn 0.000000 -1.000000 0.000000
vn 0.000000 -1.000000 0.000000
vn 0.000000 -1.000000 0.000000
vn 0.000000 -1.000000 0.000000
vn 0.000000 -1.000000 0.000000
vn 0.000000 -1.000000 0.000000
vn 0.000000 -1.000000 0.000000
vn 0.000000 -1.000000 0.000000
vn 0.000000 -1.000000 0.000000
vn 0.000000 -1.000000 0.000000
vn 0.000000 -1.000000 0.000000
vn 0.000000 -1.000000 0.000000
vn 0.000000 -1.000000 0.000000
vn 0.000000 -1.000000 0.000000
vn 0.000000 -1.000000 0.000000
vn 0.000000 -1.000000 0.000000
vn 0.000000 -1.000000 0.000000
vn 0.000000 -1.000000 0.000000
vn 0.000000 -1.000000 0.000000
vn 0.000000 -1.000000 0.000000
vn 0.000000 -1.000000 0.000000
vn 0.000000 -1.000000 0.000000
vn 0.000000 -1.000000 0.000000
vn 0.000000 -1.000000 0.000000
vn 0.000000 -1.000000 0.000000
vn 0.000000 -1.000000 0.000000
vn 0.000000 -1.000000 0.000000
vn 0.000000 -1.000000 0.000000
vn 0.000000 -1.000000 0.000000
vn 0.000000 -1.000000 0.000000
vn 0.000000 -1.000000 0.000000
vn 0.000000 -1.000000 0.000000
vn 0.000000 -1.000000 0.000000
vn 0.000000 -1.000000 0.000000
vn 0.000000 -1.000000 0.000000
vn 0.000000 -1.000000 0.000000
vn 0.707061 -0.707153 0.000000
vn 0.707061 -0.707153 0.000000
vn 0.707061 -0.707153 0.000000
vn 0.707061 -0.707153 0.000000
vn 0.000000 -1.000000 0.000000
vn 0.000000 -1.000000 0.000000
vn 0.000000 -1.000000 0.000000
vn -0.707048 -0.707166 0.000000
vn -0.707048 -0.707166 0.000000
vn -0.707048 -0.707166 0.000000
vn -0.707048 -0.707166 0.000000
vn 0.000000 -1.000000 0.000000
vn 0.000000 -1.000000 0.000000
vn 0.000000 -1.000000 0.000000
vn 0.000000 -1.000000 0.000000
vn 0.000000 -1.000000 0.000000
vn 0.000000 -1.000000 0.000000
vn 0.000000 -1.000000 0.000000
vn 0.000000 -1.000000 0.000000
vn 0.000000 -1.000000 0.000000
vn 0.000000 -1.000000 0.000000
vn 0.000000 -1.000000 0.000000
vn 0.000000 -1.000000 0.000000
vn 0.000000 -1.000000 0.000000
vn 0.000000 -1.000000 0.000000
vn 0.000000 -1.000000 0.000000
vn 0.000000 -1.000000 0.000000
vn 0.000000 -1.000000 0.000000
vn 0.000000 -1.000000 0.000000
vn 0.000000 -1.000000 0.000000
vn 0.000000 -1.000000 0.000000
vn 0.000000 -1.000000 0.000000
vn 0.000000 -1.000000 0.000000
vn 0.000000 -1.000000 0.000000
vn 0.000000 -1.000000 0.000000
vn 0.000000 -1.000000 0.000000
vn 0.000000 -1.000000 0.000000
vn 0.000000 -1.000000 0.000000
vn 0.000000 -1.000000 0.000000
vn 0.000000 -1.000000 0.000000
vn 0.000000 -1.000000 0.000000
vn 0.000000 -1.000000 0.000000
vn 0.000000 -1.000000 0.000000
vn 0.000000 -1.000000 0.000000
vn 0.000000 -1.000000 0.000000
vn 0.000000 -1.000000 0.000000
vn 0.000000 -1.000000 0.000000
vn 0.000000 -1.000000 0.000000
vn 0.000000 -1.000000 0.000000
vn 0.000000 -1.000000 0.000000
vn 0.000000 -1.000000 0.000000
vn 0.000000 -1.000000 0.000000
vn 0.000000 -1.000000 0.000000
vn 0.000000 -1.000000 0.000000
vn 0.000000 -1.000000 0.000000
vn 0.000000 -1.000000 0.000000
vn 0.000000 -1.000000 0.000000
vn 0.000000 -1.000000 0.000000
vn 0.000000 -1.000000 0.000000
vn 0.000000 -1.000000 0.000000
vn 0.000000 -1.000000 0.000000
vn 0.000000 -1.000000 0.000000
vn 0.000000 -1.000000 0.000000
vn 0.000000 -1.000000 0.000000
vn 0.000000 -1.000000 0.000000
vn 0.000000 -1.000000 0.000000
vn 0.000000 -1.000000 0.000000
vn 0.000000 -1.000000 0.000000
vn 0.707061 -0.707152 0.000000
vn 0.707061 -0.707152 0.000000
vn 0.707061 -0.707152 0.000000
vn 0.707061 -0.707152 0.000000
vn 0.000000 -1.000000 0.000000
vn 0.000000 -1.000000 0.000000
vn 0.000000 -1.000000 0.000000
vn -0.707048 -0.707165 0.000000
vn -0.707048 -0.707165 0.000000
vn -0.707048 -0.707165 0.000000
vn -0.707048 -0.707165 0.000000
vn 0.000000 -1.000000 0.000000
vn 0.000000 -1.000000 0.000000
vn 0.000000 -1.000000 0.000000
vn 0.000000 -1.000000 0.000000
vn 0.000000 -1.000000 0.000000
vn 0.000000 -1.000000 0.000000
vn 0.000000 -1.000000 0.000000
vn 0.000000 -1.000000 0.000000
vn 0.000000 -1.000000 0.000000
vn 0.000000 -1.000000 0.000000
vn 0.000000 -1.000000 0.000000
vn 0.000000 -1.000000 0.000000
vn 0.000000 -1.000000 0.000000
vn 0.000000 -1.000000 0.000000
vn 0.000000 -1.000000 0.000000
vn 0.000000 -1.000000 0.000000
vn 0.000000 -1.000000 0.000000
vn 0.000000 -1.000000 0.000000
vn 0.000000 -1.000000 0.000000
vn 0.000000 -1.000000 0.000000
vn 0.000000 -1.000000 0.000000
vn 0.000000 -1.000000 0.000000
vn 0.000000 -1.000000 0.000000
vn 0.000000 -1.000000 0.000000
vn 0.000000 -1.000000 0.000000
vn 0.000000 -1.000000 0.000000
vn 0.000000 -1.000000 0.000000
vn 0.000000 -1.000000 0.000000
vn 0.000000 -1.000000 0.000000
vn 0.000000 -1.000000 0.000000
vn 0.000000 -1.000000 0.000000
vn 0.000000 -1.000000 0.000000
vn 0.000000 -1.000000 0.000000
vn 0.000000 -1.000000 0.000000
vn 0.000000 -1.000000 0.000000
vn 0.000000 -1.000000 0.000000
vn 0.000000 -1.000000 0.000000
vn 0.000000 -1.000000 0.000000
vn 0.000000 -1.000000 0.000000
vn 0.000000 -1.000000 0.000000
vn 0.000000 -1.000000 0.000000
vn 0.000000 -1.000000 0.000000
vn 0.000000 -1.000000 0.000000
vn 0.000000 -1.000000 0.000000
vn 0.000000 -1.000000 0.000000
vn 0.000000 -1.000000 0.000000
vn 0.000000 -1.000000 0.000000
vn 0.000000 -1.000000 0.000000
vn 0.000000 -1.000000 0.000000
vn 0.000000 -1.000000 0.000000
vn 0.000000 -1.000000 0.000000
vn 0.000000 -1.000000 0.000000
vn 0.000000 -1.000000 0.000000
vn 0.000000 -1.000000 0.000000
vn 0.000000 -1.000000 0.000000
vn 0.000000 -1.000000 0.000000
vn 0.000000 -1.000000 0.000000
vn 0.707062 -0.707152 0.000000
vn 0.707062 -0.707152 0.000000
vn 0.707062 -0.707152 0.000000
vn 0.707062 -0.707152 0.000000
vn 0.000000 -1.000000 0.000000
vn 0.000000 -1.000000 0.000000
vn 0.000000 -1.000000 0.000000
vn 0.000000 -1.000000 0.000000
vn 0.000000 1.000000 0.000000
vn 0.000000 1.000000 0.000000
vn 0.000000 1.000000 0.000000
vn 0.000000 1.000000 0.000000
vn 0.704581 0.709623 -0.000391
vn 0.704581 0.709623 -0.000391
vn 0.469373 0.883000 -0.000155
vn 0.691685 0.722199 -0.000201
vn 0.010719 0.723434 -0.690310
vn 0.012825 0.724612 -0.689038
vn 0.000104 0.727888 -0.685696
vn 0.000060 0.917692 -0.397293
vn 0.000008 0.999594 -0.028496
vn -0.000000 0.914138 -0.405403
vn 0.000000 1.000000 0.000000
vn -0.000000 1.000000 0.000001
vn 0.000007 0.999652 -0.026382
vn -0.000000 1.000000 0.000001
vn -0.000000 1.000000 0.000001
vn 0.000000 1.000000 0.000001
vn 0.000000 1.000000 0.000000
vn 0.000001 0.712530 -0.701641
vn 0.000000 0.712145 -0.702033
vn -0.000000 0.914205 -0.405252
vn 0.000000 1.000000 -0.000000
vn 0.000000 1.000000 -0.000000
vn 0.000000 1.000000 -0.000000
vn 0.000000 1.000000 -0.000000
vn 0.000000 1.000000 0.000000
vn 0.000000 1.000000 0.000000
vn 0.000000 1.000000 0.000000
vn -0.000001 1.000000 -0.000000
vn 0.000000 1.000000 0.000000
vn -0.000001 1.000000 -0.000000
vn -0.000001 1.000000 -0.000000
vn 0.023776 0.999717 0.000122
vn 0.023512 0.999723 0.000121
vn -0.000001 1.000000 0.000000
vn 0.000000 1.000000 0.000001
vn 0.000000 1.000000 0.000000
vn -0.000000 1.000000 0.000001
vn 0.000000 1.000000 0.000000
vn 0.000000 1.000000 0.000000
vn 0.000000 1.000000 -0.000000
vn 0.474853 0.880065 -0.000007
vn -0.000001 1.000000 -0.000000
vn 0.000000 1.000000 -0.000000
vn 0.704918 0.709289 0.000012
vn 0.476614 0.879113 -0.000007
vn 0.704694 0.709511 0.000015
vn 0.000000 1.000000 0.000000
vn -0.000001 1.000000 0.000000
vn 0.000008 0.999594 -0.028496
vn -0.000000 0.914139 -0.405401
vn 0.000000 1.000000 0.000000
vn -0.000000 1.000000 0.000001
vn 0.000007 0.999652 -0.026382
vn -0.000000 1.000000 0.000001
vn -0.000000 1.000000 0.000001
vn 0.000000 1.000000 0.000001
vn 0.000000 1.000000 0.000000
vn 0.000001 0.712530 -0.701641
vn 0.000000 0.712146 -0.702031
vn -0.000000 0.914206 -0.405250
vn 0.000000 1.000000 -0.000000
vn 0.000000 1.000000 -0.000000
vn 0.000000 1.000000 -0.000000
vn 0.000000 1.000000 -0.000000
vn 0.000000 1.000000 0.000000
vn 0.000000 1.000000 0.000000
vn 0.000000 1.000000 0.000000
vn 0.000000 1.000000 0.000000
vn 0.000000 1.000000 -0.000000
vn 0.000000 1.000000 0.000000
vn 0.000000 1.000000 0.000001
vn 0.000000 1.000000 -0.000000
vn -0.000000 1.000000 0.000001
vn 0.000000 1.000000 -0.000000
vn 0.000000 1.000000 -0.000000
vn 0.000000 1.000000 -0.000000
vn 0.000006 0.999734 -0.023073
vn -0.000051 0.954244 -0.299029
vn 0.000000 1.000000 0.000000
vn -0.000000 1.000000 0.000001
vn 0.000007 0.999652 -0.026384
vn -0.000000 1.000000 0.000001
vn -0.000000 1.000000 0.000001
vn 0.000000 1.000000 0.000001
vn 0.000000 1.000000 0.000000
vn -0.000118 0.715527 -0.698585
vn -0.000132 0.703996 -0.710204
vn -0.000132 0.703996 -0.710204
vn 0.000000 1.000000 -0.000000
vn -0.000000 1.000000 0.000001
vn 0.000000 1.000000 -0.000000
vn 0.000000 1.000000 0.000000
vn 0.000000 1.000000 0.000000
vn 0.000000 1.000000 0.000000
vn 0.000000 1.000000 -0.000000
vn 0.000000 1.000000 0.000000
vn 0.000000 1.000000 0.000000
vn 0.000000 1.000000 -0.000000
vn 0.000000 1.000000 0.000000
vn 0.000000 1.000000 0.000000
vn 0.000000 1.000000 0.000000
vn 0.000000 1.000000 -0.000000
vn 0.000000 1.000000 -0.000000
vn 0.000000 1.000000 0.000001
vn 0.000000 1.000000 0.000000
vn 0.000000 1.000000 0.000000
vn 0.000000 1.000000 0.000000
vn 0.000000 1.000000 0.000000
vn 0.000000 0.707133 -0.707081
vn 0.000000 0.707133 -0.707081
vn 0.000000 0.707133 -0.707081
vn 0.000000 0.707133 -0.707081
vn 0.000000 1.000000 0.000000
vn 0.000000 1.000000 0.000000
vn 0.000000 1.000000 0.000000
vn 0.000000 1.000000 -0.000000
vn 0.000000 1.000000 0.000000
vn 0.000000 1.000000 -0.000000
vn 0.000000 1.000000 0.000000
vn 0.000000 1.000000 -0.000000
vn 0.000000 1.000000 0.000000
vn 0.000000 1.000000 0.000000
vn 0.000000 1.000000 0.000000
vn 0.000000 1.000000 0.000000
vn 0.000000 1.000000 0.000000
vn 0.000000 1.000000 0.000000
vn 0.000000 1.000000 0.000000
vn 0.000000 1.000000 0.000000
vn 0.000000 1.000000 0.000000
vn 0.000000 1.000000 0.000000
vn 0.000000 0.707133 -0.707081
vn 0.000000 0.707133 -0.707081
vn 0.000000 0.707133 -0.707081
vn 0.000000 0.707133 -0.707081
vn 0.000000 1.000000 0.000000
vn 0.000000 1.000000 0.000000
vn 0.000000 1.000000 0.000000
vn 0.000000 1.000000 -0.000000
vn 0.000000 1.000000 0.000000
vn 0.000000 1.000000 -0.000000
vn 0.000000 1.000000 -0.000000
vn 0.000000 1.000000 -0.000000
vn 0.000000 1.000000 -0.000000
vn 0.000000 1.000000 0.000000
vn 0.000000 1.000000 -0.000000
vn 0.000000 1.000000 0.000000
vn 0.000000 1.000000 0.000000
vn 0.000000 1.000000 -0.000000
vn 0.000000 1.000000 0.000000
vn 0.000000 1.000000 0.000000
vn 0.000000 1.000000 0.000000
vn 0.000000 1.000000 0.000000
vn 0.000000 0.707132 -0.707081
vn 0.000000 0.707132 -0.707081
vn 0.000000 0.707132 -0.707081
vn 0.000000 0.707132 -0.707081
vn 0.000000 1.000000 0.000000
vn 0.000000 1.000000 0.000000
vn 0.000000 1.000000 0.000000
vn 0.000000 1.000000 -0.000000
vn 0.000000 1.000000 0.000000
vn 0.000000 1.000000 -0.000000
vn 0.000000 1.000000 0.000000
vn 0.000000 1.000000 -0.000000
vn 0.000000 1.000000 0.000000
vn 0.000000 1.000000 0.000000
vn 0.000000 1.000000 0.000000
vn 0.000000 1.000000 0.000000
vn 0.000000 1.000000 0.000000
vn 0.000000 1.000000 -0.000000
vn 0.000000 1.000000 0.000000
vn 0.000000 1.000000 0.000000
vn 0.000000 1.000000 0.000000
vn 0.000000 1.000000 0.000000
vn 0.000000 0.707133 -0.707081
vn 0.000000 0.707133 -0.707081
vn 0.000000 0.707133 -0.707081
vn 0.000000 0.707133 -0.707081
vn 0.000000 1.000000 -0.000000
vn 0.000000 1.000000 0.000000
vn 0.000000 1.000000 0.000000
vn 0.000000 1.000000 -0.000000
vn 0.000000 1.000000 -0.000000
vn 0.000000 1.000000 -0.000000
vn 0.000000 1.000000 0.000000
vn 0.000000 1.000000 0.000000
vn 0.000000 1.000000 0.000000
vn 0.000000 1.000000 0.000000
vn 0.000000 1.000000 -0.000000
vn 0.000000 1.000000 0.000000
vn 0.000000 1.000000 0.000000
vn 0.000000 1.000000 -0.000000
vn 0.000000 1.000000 0.000000
vn 0.000000 1.000000 0.000000
vn 0.000000 1.000000 0.000000
vn 0.000000 1.000000 0.000000
vn 0.000123 0.703736 -0.710461
vn 0.000123 0.703736 -0.710461
vn 0.000268 0.714475 -0.699660
vn 0.000258 0.713752 -0.700399
vn 0.000000 1.000000 -0.000000
vn 0.000000 1.000000 0.000000
vn 0.000000 1.000000 -0.000000
vn 0.000000 1.000000 -0.000000
vn 0.000000 1.000000 -0.000000
vn 0.000000 1.000000 -0.000000
vn 0.000000 1.000000 -0.000000
vn 0.000000 1.000000 -0.000000
vn 0.000000 1.000000 -0.000000
vn 0.000000 1.000000 0.000000
vn 0.000000 1.000000 0.000000
vn 0.000000 1.000000 0.000000
vn 0.000000 1.000000 0.000000
vn 0.000000 1.000000 0.000000
vn 0.000000 1.000000 0.000000
vn 0.000000 1.000000 0.000001
vn 0.000000 1.000000 0.000001
vn 0.000000 1.000000 0.000000
vn -0.000004 0.706723 -0.707491
vn 0.000012 0.707834 -0.706379
vn -0.000137 0.707921 -0.706291
vn -0.000079 0.913912 -0.405913
vn -0.000000 1.000000 0.000001
vn 0.000000 1.000000 -0.000000
vn 0.000000 1.000000 -0.000000
vn -0.000000 1.000000 0.000001
vn -0.000000 1.000000 0.000001
vn 0.000000 1.000000 0.000001
vn 0.000000 1.000000 -0.000000
vn 0.000000 1.000000 0.000001
vn 0.000000 1.000000 -0.000000
vn -0.000000 1.000000 0.000001
vn 0.000000 1.000000 -0.000000
vn 0.000000 1.000000 0.000000
vn 0.000000 1.000000 0.000000
vn 0.000000 1.000000 -0.000000
vn 0.000000 1.000000 0.000000
vn 0.000000 1.000000 -0.000000
vn 0.000000 1.000000 0.000000
vn 0.000000 1.000000 0.000000
vn 0.000000 1.000000 -0.000000
vn 0.000000 1.000000 0.000000
vn 0.000000 1.000000 -0.000000
vn 0.000000 1.000000 -0.000000
vn 0.000008 0.999594 -0.028496
vn -0.000000 0.914138 -0.405403
vn 0.000000 1.000000 -0.000000
vn -0.000000 1.000000 0.000001
vn 0.000007 0.999652 -0.026382
vn -0.000000 1.000000 0.000001
vn -0.000000 1.000000 0.000001
vn 0.000000 1.000000 0.000001
vn 0.000000 1.000000 -0.000000
vn 0.000001 0.712530 -0.701641
vn 0.000000 0.712145 -0.702033
vn -0.000000 0.914205 -0.405252
vn 0.000000 1.000000 0.000000
vn 0.000000 1.000000 -0.000000
vn 0.000000 1.000000 -0.000000
vn 0.000000 1.000000 0.000000
vn 0.000000 1.000000 0.000000
vn 0.000000 1.000000 0.000000
vn 0.000000 1.000000 -0.000000
vn 0.000000 1.000000 0.000000
vn 0.000000 1.000000 -0.000000
vn 0.000000 1.000000 0.000000
vn 0.000000 1.000000 0.000001
vn 0.000000 1.000000 0.000000
vn -0.000000 1.000000 0.000001
vn 0.000000 1.000000 0.000000
vn 0.000000 1.000000 0.000000
vn 0.000000 1.000000 -0.000000
vn 0.000008 0.999594 -0.028497
vn -0.000000 0.914139 -0.405400
vn 0.000000 1.000000 0.000000
vn -0.000000 1.000000 0.000001
vn 0.000007 0.999652 -0.026382
vn -0.000000 1.000000 0.000001
vn -0.000000 1.000000 0.000001
vn 0.000000 1.000000 0.000001
vn 0.000000 1.000000 -0.000000
vn 0.000001 0.712530 -0.701641
vn 0.000000 0.712145 -0.702032
vn -0.000000 0.914206 -0.405251
vn 0.000000 1.000000 -0.000000
vn 0.000000 1.000000 -0.000000
vn 0.000000 1.000000 -0.000000
vn 0.000000 1.000000 0.000000
vn 0.000000 1.000000 0.000000
vn 0.000000 1.000000 -0.000000
vn 0.000000 1.000000 0.000000
vn 0.000000 1.000000 0.000000
vn 0.000000 1.000000 -0.000000
vn 0.000000 1.000000 0.000000
vn 0.000000 1.000000 0.000001
vn 0.000000 1.000000 -0.000000
vn -0.000000 1.000000 0.000001
vn 0.000000 1.000000 -0.000000
vn 0.000000 1.000000 0.000000
vn 0.000000 1.000000 -0.000000
vn 0.000008 0.999594 -0.028497
vn -0.000121 0.916319 -0.400448
vn 0.000000 1.000000 0.000000
vn -0.000000 1.000000 0.000001
vn 0.000007 0.999652 -0.026383
vn -0.000000 1.000000 0.000001
vn -0.000000 1.000000 0.000001
vn 0.000000 1.000000 0.000001
vn 0.000000 1.000000 0.000000
vn -0.000207 0.725089 -0.688655
vn -0.008723 0.719045 -0.694908
vn -0.010469 0.720049 -0.693844
vn 0.000000 1.000000 -0.000000
vn 0.000001 1.000000 -0.000000
vn 0.000001 1.000000 -0.000000
vn 0.000000 1.000000 -0.000000
vn 0.000000 1.000000 0.000000
vn 0.000000 1.000000 -0.000000
vn 0.000000 1.000000 0.000000
vn 0.000000 1.000000 0.000000
vn 0.000000 1.000000 -0.000000
vn 0.000000 1.000000 0.000000
vn 0.000000 1.000000 0.000001
vn 0.000001 1.000000 -0.000000
vn -0.000000 1.000000 0.000001
vn 0.000001 1.000000 0.000000
vn -0.023414 0.999726 -0.000007
vn -0.024182 0.999708 -0.000007
vn 0.000000 1.000000 0.000000
vn 0.000000 1.000000 -0.000000
vn 0.000000 1.000000 -0.000000
vn 0.000000 1.000000 0.000000
vn -0.696694 0.717368 -0.000107
vn -0.696694 0.717368 -0.000107
vn -0.683875 0.729600 -0.000109
vn -0.462932 0.886394 -0.000073
vn -0.473608 0.880736 0.000000
vn 0.000000 1.000000 -0.000000
vn 0.000001 1.000000 -0.000000
vn 0.000001 1.000000 0.000000
vn 0.000000 1.000000 -0.000000
vn -0.699898 0.714243 -0.000001
vn -0.700173 0.713974 -0.000001
vn -0.473376 0.880861 0.000000
vn 0.000000 1.000000 -0.000000
vn 0.000000 1.000000 -0.000000
vn 0.000000 1.000000 -0.000000
vn 0.000000 1.000000 -0.000000
vn 0.000000 1.000000 0.000000
vn 0.000000 1.000000 0.000000
vn 0.000000 1.000000 0.000000
vn -0.000001 1.000000 0.000000
vn 0.000000 1.000000 0.000000
vn -0.000001 1.000000 -0.000000
vn -0.000001 1.000000 0.000000
vn 0.023776 0.999717 0.000123
vn 0.023512 0.999724 0.000121
vn -0.000001 1.000000 0.000000
vn 0.000000 1.000000 0.000000
vn 0.000000 1.000000 0.000000
vn 0.000000 1.000000 0.000000
vn 0.000000 1.000000 0.000000
vn 0.000000 1.000000 0.000000
vn 0.000000 1.000000 0.000000
vn 0.474845 0.880069 -0.000007
vn -0.000001 1.000000 -0.000000
vn 0.000000 1.000000 -0.000000
vn 0.704917 0.709289 0.000012
vn 0.476608 0.879116 -0.000007
vn 0.704694 0.709511 0.000015
vn 0.000000 1.000000 -0.000000
vn -0.000001 1.000000 0.000000
vn 0.000000 1.000000 -0.000000
vn 0.000000 1.000000 -0.000000
vn 0.000000 1.000000 -0.000000
vn 0.000000 1.000000 -0.000000
vn 0.000000 1.000000 0.000000
vn 0.000000 1.000000 0.000000
vn 0.000000 1.000000 0.000000
vn 0.000000 1.000000 0.000000
vn 0.000000 1.000000 -0.000000
vn 0.000000 1.000000 0.000000
vn 0.000000 1.000000 0.000000
vn 0.000000 1.000000 -0.000000
vn 0.000000 1.000000 0.000000
vn 0.000000 1.000000 -0.000000
vn 0.000000 1.000000 -0.000000
vn 0.000000 1.000000 -0.000000
vn 0.000000 1.000000 0.000000
vn 0.000000 1.000000 0.000000
vn 0.000000 1.000000 0.000000
vn 0.000000 1.000000 0.000000
vn 0.000000 1.000000 0.000000
vn 0.000000 1.000000 0.000000
vn 0.000000 1.000000 0.000000
vn 0.000000 1.000000 0.000000
vn 0.000000 1.000000 -0.000000
vn 0.000000 1.000000 -0.000000
vn 0.000000 1.000000 0.000000
vn 0.000000 1.000000 0.000000
vn 0.000000 1.000000 0.000000
vn 0.000000 1.000000 0.000000
vn 0.000000 1.000000 0.000000
vn 0.000000 1.000000 0.000000
vn 0.000000 1.000000 0.000000
vn 0.000000 1.000000 -0.000000
vn 0.000000 1.000000 -0.000000
vn 0.000000 1.000000 0.000000
vn 0.000000 1.000000 0.000000
vn 0.000000 1.000000 0.000000
vn 0.000000 1.000000 0.000000
vn 0.000000 1.000000 0.000000
vn 0.000000 1.000000 0.000000
vn 0.000000 1.000000 0.000000
vn 0.000000 1.000000 0.000000
vn 0.000000 1.000000 0.000000
vn 0.000000 1.000000 0.000000
vn 0.000000 1.000000 0.000000
vn 0.000000 1.000000 0.000000
vn 0.000000 1.000000 -0.000000
vn 0.000000 1.000000 -0.000000
vn 0.000000 1.000000 -0.000000
vn 0.000000 1.000000 -0.000000
vn 0.000000 1.000000 -0.000000
vn 0.000000 1.000000 -0.000000
vn 0.000000 1.000000 0.000000
vn 0.000000 1.000000 0.000000
vn 0.000000 1.000000 0.000000
vn 0.000000 1.000000 -0.000000
vn 0.000000 1.000000 0.000000
vn 0.000000 1.000000 0.000000
vn 0.000000 1.000000 0.000000
vn 0.000000 1.000000 0.000000
vn 0.000000 1.000000 0.000000
vn 0.000000 1.000000 0.000000
vn 0.000000 1.000000 0.000000
vn 0.000000 1.000000 0.000000
vn 0.000000 1.000000 0.000000
vn 0.000000 1.000000 0.000000
vn 0.000000 1.000000 0.000000
vn 0.000000 1.000000 0.000000
vn 0.000000 1.000000 0.000000
vn 0.000000 1.000000 0.000000
vn 0.000000 1.000000 0.000000
vn 0.000000 1.000000 -0.000000
vn 0.000000 1.000000 0.000000
vn 0.000000 1.000000 0.000000
vn 0.000000 1.000000 0.000000
vn 0.000000 1.000000 0.000000
vn 0.000000 1.000000 0.000000
vn 0.000000 1.000000 0.000000
vn 0.000000 1.000000 -0.000000
vn 0.000000 1.000000 -0.000000
vn 0.000000 1.000000 -0.000000
vn 0.000000 1.000000 -0.000000
vn 0.000000 1.000000 0.000000
vn 0.000000 1.000000 -0.000000
vn 0.000000 1.000000 0.000000
vn 0.000000 1.000000 0.000000
vn 0.000000 1.000000 0.000000
vn 0.000000 1.000000 0.000000
vn 0.000000 1.000000 0.000000
vn 0.000000 1.000000 0.000000
vn 0.000000 1.000000 0.000000
vn 0.000000 1.000000 0.000000
vn 0.000000 1.000000 0.000000
vn 0.000000 1.000000 0.000000
vn 0.000000 1.000000 -0.000000
vn 0.000000 1.000000 -0.000000
vn 0.000000 1.000000 -0.000000
vn 0.000000 1.000000 -0.000000
vn 0.000000 1.000000 -0.000000
vn 0.000000 1.000000 0.000000
vn 0.000000 1.000000 0.000000
vn 0.000000 1.000000 0.000000
vn 0.000000 1.000000 0.000000
vn 0.000000 1.000000 -0.000000
vn 0.000000 1.000000 0.000000
vn 0.000000 1.000000 0.000000
vn 0.000000 1.000000 -0.000000
vn 0.000000 1.000000 0.000000
vn 0.000000 1.000000 -0.000000
vn 0.000000 1.000000 -0.000000
vn 0.000000 1.000000 -0.000000
vn 0.000000 1.000000 0.000000
vn 0.000000 1.000000 -0.000000
vn 0.000000 1.000000 -0.000000
vn 0.000000 1.000000 0.000000
vn 0.000000 1.000000 -0.000000
vn 0.000000 1.000000 -0.000000
vn 0.000000 1.000000 0.000000
vn 0.000000 1.000000 -0.000000
vn 0.000000 1.000000 -0.000000
vn 0.000000 1.000000 -0.000000
vn 0.000000 1.000000 -0.000000
vn 0.000000 1.000000 -0.000000
vn 0.000000 1.000000 -0.000000
vn 0.000000 1.000000 -0.000000
vn 0.000000 1.000000 -0.000000
vn 0.000000 1.000000 0.000000
vn 0.000000 1.000000 0.000000
vn 0.000000 1.000000 0.000000
vn 0.000000 1.000000 0.000000
vn 0.000000 1.000000 0.000000
vn 0.000000 1.000000 0.000000
vn 0.000000 1.000000 0.000000
vn 0.000000 1.000000 -0.000000
vn 0.000000 1.000000 0.000000
vn 0.000000 1.000000 -0.000000
vn 0.000000 1.000000 -0.000000
vn 0.000000 1.000000 -0.000000
vn 0.000000 1.000000 0.000000
vn 0.000000 1.000000 0.000000
vn 0.000000 1.000000 0.000000
vn 0.000000 1.000000 0.000000
vn 0.000000 1.000000 0.000000
vn 0.000000 1.000000 -0.000000
vn 0.000000 1.000000 0.000000
vn 0.000000 1.000000 -0.000000
vn 0.000000 1.000000 0.000000
vn 0.000000 1.000000 0.000000
vn 0.000000 1.000000 -0.000000
vn 0.000000 1.000000 0.000000
vn 0.000000 1.000000 0.000000
vn 0.000000 1.000000 0.000000
vn 0.000000 1.000000 0.000000
vn 0.000000 1.000000 0.000000
vn 0.000000 1.000000 0.000000
vn 0.000000 1.000000 0.000000
vn 0.000000 1.000000 0.000000
vn 0.000000 1.000000 0.000000
vn 0.000000 1.000000 -0.000000
vn 0.000000 1.000000 -0.000000
vn 0.000001 1.000000 0.000000
vn 0.000001 1.000000 -0.000000
vn 0.000000 1.000000 -0.000000
vn 0.000000 1.000000 -0.000000
vn 0.000000 1.000000 -0.000000
vn 0.000000 1.000000 0.000000
vn 0.000000 1.000000 0.000000
vn 0.000000 1.000000 0.000000
vn 0.000000 1.000000 0.000000
vn 0.000000 1.000000 0.000000
vn 0.000001 1.000000 0.000000
vn 0.000000 1.000000 0.000000
vn 0.000001 1.000000 -0.000000
vn -0.023415 0.999726 -0.000006
vn -0.024181 0.999708 -0.000007
vn -0.473610 0.880735 0.000000
vn 0.000000 1.000000 -0.000000
vn 0.000001 1.000000 -0.000000
vn 0.000001 1.000000 -0.000000
vn 0.000000 1.000000 0.000000
vn -0.699899 0.714242 -0.000001
vn -0.700174 0.713972 -0.000001
vn -0.473378 0.880859 0.000000
vn -0.000000 1.000000 -0.000001
vn 0.000000 1.000000 -0.000000
vn 0.000000 1.000000 -0.000000
vn -0.000000 1.000000 -0.000001
vn 0.000000 1.000000 -0.000001
vn -0.000000 1.000000 -0.000001
vn 0.000000 1.000000 -0.000001
vn -0.000001 1.000000 -0.000000
vn 0.000000 1.000000 -0.000001
vn -0.000001 1.000000 -0.000000
vn -0.000001 1.000000 0.000000
vn 0.023776 0.999717 0.000123
vn 0.023512 0.999723 0.000121
vn -0.000001 1.000000 0.000000
vn 0.000000 1.000000 0.000000
vn 0.000000 1.000000 0.000000
vn 0.000000 1.000000 0.000000
vn 0.000000 1.000000 0.000000
vn 0.000000 1.000000 0.000000
vn 0.000000 1.000000 -0.000000
vn 0.462865 0.886429 0.000163
vn -0.000001 1.000000 -0.000000
vn 0.000000 1.000000 0.000000
vn 0.684373 0.729132 0.000263
vn 0.696709 0.717354 0.000107
vn 0.696709 0.717354 0.000107
vn 0.000000 1.000000 -0.000000
vn -0.000001 1.000000 0.000000
vn -0.000000 1.000000 -0.000001
vn 0.000000 1.000000 -0.000000
vn 0.000000 1.000000 -0.000000
vn -0.000000 1.000000 -0.000001
vn 0.000000 1.000000 -0.000001
vn -0.000000 1.000000 -0.000001
vn 0.000000 1.000000 -0.000001
vn 0.000000 1.000000 -0.000001
vn 0.000000 1.000000 -0.000000
vn 0.000000 1.000000 0.000000
vn 0.000000 1.000000 0.000000
vn 0.000000 1.000000 -0.000000
vn 0.000000 1.000000 0.000000
vn 0.000000 1.000000 -0.000000
vn 0.000000 1.000000 -0.000000
vn 0.000000 1.000000 -0.000000
vn -0.000000 1.000000 -0.000001
vn 0.000000 1.000000 0.000000
vn 0.000000 1.000000 0.000000
vn -0.000000 1.000000 -0.000001
vn 0.000000 1.000000 -0.000001
vn -0.000000 1.000000 -0.000001
vn 0.000000 1.000000 -0.000001
vn 0.000000 1.000000 -0.000001
vn 0.000000 1.000000 -0.000000
vn 0.000000 1.000000 -0.000000
vn 0.000000 1.000000 0.000000
vn 0.000000 1.000000 0.000000
vn 0.000000 1.000000 0.000000
vn 0.000000 1.000000 0.000000
vn 0.000000 1.000000 0.000000
vn 0.000000 1.000000 0.000000
vn -0.000000 1.000000 -0.000001
vn 0.000000 1.000000 -0.000000
vn 0.000000 1.000000 -0.000000
vn -0.000000 1.000000 -0.000001
vn 0.000000 1.000000 -0.000001
vn -0.000000 1.000000 -0.000001
vn 0.000000 1.000000 -0.000001
vn 0.000000 1.000000 -0.000001
vn 0.000000 1.000000 0.000000
vn 0.000000 1.000000 0.000000
vn 0.000000 1.000000 0.000000
vn 0.000000 1.000000 0.000000
vn 0.000000 1.000000 0.000000
vn 0.000000 1.000000 0.000000
vn 0.000000 1.000000 0.000000
vn 0.000000 1.000000 -0.000000
vn -0.000000 1.000000 -0.000001
vn 0.000000 1.000000 -0.000000
vn 0.000000 1.000000 -0.000000
vn -0.000000 1.000000 -0.000001
vn 0.000000 1.000000 -0.000001
vn -0.000000 1.000000 -0.000001
vn 0.000000 1.000000 -0.000001
vn 0.000000 1.000000 -0.000001
vn 0.000000 1.000000 -0.000000
vn 0.000000 1.000000 0.000000
vn 0.000000 1.000000 0.000000
vn 0.000000 1.000000 0.000000
vn 0.000000 1.000000 0.000000
vn 0.000000 1.000000 0.000000
vn 0.000000 1.000000 0.000000
vn 0.000000 1.000000 -0.000000
vn -0.000000 1.000000 -0.000001
vn 0.000000 1.000000 -0.000000
vn 0.000000 1.000000 -0.000000
vn -0.000000 1.000000 -0.000001
vn 0.000000 1.000000 -0.000001
vn -0.000000 1.000000 -0.000001
vn 0.000000 1.000000 -0.000001
vn 0.000000 1.000000 -0.000001
vn 0.000000 1.000000 -0.000000
vn 0.000000 1.000000 0.000000
vn 0.000000 1.000000 0.000000
vn 0.000000 1.000000 0.000000
vn 0.000000 1.000000 0.000000
vn 0.000000 1.000000 0.000000
vn 0.000000 1.000000 0.000000
vn 0.000000 1.000000 -0.000000
vn -0.000000 1.000000 -0.000001
vn 0.000000 1.000000 0.000000
vn 0.000000 1.000000 0.000000
vn -0.000000 1.000000 -0.000001
vn 0.000000 1.000000 -0.000001
vn -0.000000 1.000000 -0.000001
vn 0.000000 1.000000 -0.000001
vn 0.000000 1.000000 -0.000001
vn 0.000000 1.000000 -0.000000
vn 0.000000 1.000000 0.000000
vn 0.000000 1.000000 0.000000
vn 0.000000 1.000000 -0.000000
vn 0.000000 1.000000 0.000000
vn 0.000000 1.000000 -0.000000
vn 0.000000 1.000000 -0.000000
vn 0.000000 1.000000 0.000000
vn -0.000000 1.000000 -0.000001
vn 0.000000 1.000000 -0.000000
vn 0.000000 1.000000 -0.000000
vn -0.000000 1.000000 -0.000001
vn 0.000000 1.000000 -0.000001
vn -0.000000 1.000000 -0.000001
vn 0.000000 1.000000 -0.000001
vn 0.000000 1.000000 -0.000001
vn 0.000000 1.000000 0.000000
vn 0.000000 1.000000 -0.000000
vn 0.000000 1.000000 0.000000
vn 0.000000 1.000000 0.000000
vn 0.000000 1.000000 0.000000
vn 0.000000 1.000000 0.000000
vn 0.000000 1.000000 0.000000
vn 0.000000 1.000000 -0.000000
vn -0.000000 1.000000 -0.000001
vn 0.000000 1.000000 -0.000000
vn 0.000000 1.000000 -0.000000
vn -0.000000 1.000000 -0.000001
vn 0.000000 1.000000 -0.000001
vn -0.000000 1.000000 -0.000001
vn 0.000000 1.000000 -0.000001
vn 0.000000 1.000000 -0.000001
vn 0.000000 1.000000 -0.000000
vn 0.000000 1.000000 0.000000
vn 0.000000 1.000000 -0.000000
vn 0.000000 1.000000 -0.000000
vn 0.000000 1.000000 -0.000000
vn 0.000000 1.000000 0.000000
vn 0.000000 1.000000 0.000000
vn 0.000000 1.000000 0.000000
vn -0.000000 1.000000 -0.000001
vn 0.000000 1.000000 -0.000000
vn 0.000000 1.000000 -0.000000
vn -0.000000 1.000000 -0.000001
vn 0.000000 1.000000 -0.000001
vn -0.000000 1.000000 -0.000001
vn 0.000000 1.000000 -0.000001
vn 0.000000 1.000000 -0.000001
vn 0.000000 1.000000 -0.000000
vn 0.000000 1.000000 0.000000
vn 0.000000 1.000000 -0.000000
vn 0.000000 1.000000 0.000000
vn 0.000000 1.000000 0.000000
vn 0.000000 1.000000 0.000000
vn 0.000000 1.000000 0.000000
vn 0.000000 1.000000 -0.000000
vn -0.000000 1.000000 -0.000001
vn 0.000000 1.000000 -0.000000
vn 0.000000 1.000000 -0.000000
vn -0.000000 1.000000 -0.000001
vn 0.000000 1.000000 -0.000001
vn -0.000000 1.000000 -0.000001
vn 0.000000 1.000000 -0.000001
vn 0.000000 1.000000 -0.000001
vn 0.000000 1.000000 -0.000000
vn 0.000000 1.000000 0.000000
vn 0.000000 1.000000 0.000000
vn 0.000000 1.000000 -0.000000
vn 0.000000 1.000000 0.000000
vn 0.000000 1.000000 0.000000
vn 0.000000 1.000000 0.000000
vn 0.000000 1.000000 -0.000000
vn -0.000000 1.000000 -0.000001
vn 0.000001 1.000000 -0.000000
vn 0.000001 1.000000 -0.000000
vn -0.000000 1.000000 -0.000001
vn 0.000000 1.000000 -0.000001
vn -0.000000 1.000000 -0.000001
vn 0.000000 1.000000 -0.000001
vn 0.000000 1.000000 -0.000001
vn 0.000000 1.000000 -0.000000
vn 0.000000 1.000000 0.000000
vn 0.000000 1.000000 0.000000
vn 0.000001 1.000000 -0.000000
vn 0.000000 1.000000 0.000000
vn 0.000001 1.000000 -0.000000
vn -0.023413 0.999726 -0.000006
vn -0.024179 0.999708 -0.000007
vn -0.466441 0.884552 0.000148
vn 0.000000 1.000000 0.000000
vn 0.000001 1.000000 -0.000000
vn 0.000001 1.000000 -0.000000
vn 0.000000 1.000000 0.000000
vn -0.686945 0.726710 0.000214
vn -0.700088 0.714056 0.000239
vn -0.700088 0.714056 0.000239
vn 0.000000 1.000000 -0.000000
vn -0.000000 1.000000 -0.000001
vn 0.000000 1.000000 -0.000000
vn -0.000007 0.707451 0.706762
vn 0.000004 0.706666 0.707548
vn 0.000004 0.706697 0.707516
vn -0.000012 0.707809 0.706404
vn 0.000214 0.719525 0.694466
vn 0.000197 0.720587 0.693365
vn 0.008917 0.714751 0.699323
vn 0.010672 0.715785 0.698239
vn 0.000000 1.000000 0.000000
vn 0.000000 1.000000 0.000000
vn 0.000000 1.000000 -0.000001
vn 0.000000 1.000000 0.000000
vn 0.000000 1.000000 0.000000
vn 0.000000 1.000000 0.000000
vn 0.000000 1.000000 0.000000
vn 0.000000 1.000000 -0.000000
vn -0.000000 1.000000 -0.000001
vn 0.000000 1.000000 -0.000000
vn -0.000007 0.707451 0.706763
vn 0.000004 0.706665 0.707548
vn 0.000004 0.706697 0.707516
vn -0.000012 0.707808 0.706404
vn 0.000000 1.000000 -0.000000
vn 0.000000 1.000000 -0.000000
vn 0.000000 1.000000 -0.000001
vn 0.000000 1.000000 -0.000000
vn -0.000000 1.000000 -0.000001
vn 0.000000 1.000000 -0.000000
vn -0.000007 0.707451 0.706763
vn 0.000004 0.706665 0.707548
vn 0.000004 0.706697 0.707516
vn -0.000012 0.707808 0.706404
vn 0.000000 1.000000 -0.000000
vn 0.000000 1.000000 -0.000000
vn 0.000000 1.000000 -0.000001
vn 0.000000 1.000000 -0.000000
vn -0.000000 1.000000 -0.000001
vn 0.000000 1.000000 -0.000000
vn -0.000007 0.707451 0.706762
vn 0.000004 0.706666 0.707548
vn 0.000004 0.706697 0.707516
vn -0.000012 0.707808 0.706404
vn 0.000000 1.000000 -0.000000
vn 0.000000 1.000000 -0.000000
vn 0.000000 1.000000 -0.000001
vn 0.000000 1.000000 -0.000000
vn -0.000000 1.000000 -0.000001
vn 0.000000 1.000000 -0.000000
vn -0.000007 0.707451 0.706762
vn 0.000004 0.706666 0.707548
vn 0.000004 0.706697 0.707516
vn -0.000012 0.707808 0.706404
vn 0.000000 1.000000 -0.000000
vn 0.000000 1.000000 -0.000000
vn 0.000000 1.000000 -0.000001
vn 0.000000 1.000000 -0.000000
vn -0.000000 1.000000 -0.000001
vn 0.000000 1.000000 -0.000000
vn -0.000007 0.707451 0.706763
vn 0.000004 0.706665 0.707548
vn 0.000004 0.706697 0.707516
vn -0.000012 0.707808 0.706405
vn 0.000000 1.000000 -0.000000
vn 0.000000 1.000000 -0.000000
vn 0.000000 1.000000 -0.000001
vn 0.000000 1.000000 0.000000
vn -0.000000 1.000000 -0.000001
vn 0.000000 1.000000 0.000000
vn -0.000007 0.707451 0.706763
vn 0.000004 0.706665 0.707548
vn 0.000004 0.706697 0.707516
vn -0.000012 0.707808 0.706405
vn 0.000000 1.000000 -0.000000
vn 0.000000 1.000000 -0.000000
vn 0.000000 1.000000 -0.000001
vn 0.000000 1.000000 -0.000000
vn -0.000000 1.000000 -0.000001
vn 0.000000 1.000000 -0.000000
vn -0.000007 0.707451 0.706763
vn 0.000004 0.706665 0.707548
vn 0.000004 0.706697 0.707516
vn -0.000012 0.707808 0.706404
vn 0.000000 1.000000 0.000000
vn 0.000000 1.000000 0.000000
vn 0.000000 1.000000 -0.000001
vn 0.000000 1.000000 0.000000
vn -0.000000 1.000000 -0.000001
vn 0.000000 1.000000 0.000000
vn -0.000007 0.707451 0.706762
vn 0.000004 0.706666 0.707548
vn 0.000004 0.706697 0.707516
vn -0.000012 0.707809 0.706404
vn 0.000000 1.000000 -0.000000
vn 0.000000 1.000000 -0.000000
vn 0.000000 1.000000 -0.000001
vn 0.000000 1.000000 -0.000000
vn -0.000000 1.000000 -0.000001
vn 0.000000 1.000000 -0.000000
vn -0.000007 0.707451 0.706762
vn 0.000004 0.706666 0.707548
vn 0.000004 0.706697 0.707516
vn -0.000012 0.707809 0.706404
vn 0.000000 1.000000 0.000000
vn 0.000000 1.000000 0.000000
vn 0.000000 1.000000 -0.000001
vn 0.000000 1.000000 -0.000000
vn -0.000000 1.000000 -0.000001
vn 0.000000 1.000000 -0.000000
vn -0.000007 0.707451 0.706763
vn 0.000004 0.706665 0.707548
vn 0.000004 0.706697 0.707517
vn -0.000012 0.707808 0.706405
vn 0.000000 1.000000 -0.000000
vn 0.000000 1.000000 -0.000000
vn 0.000000 1.000000 -0.000001
vn 0.000000 1.000000 -0.000000
vn -0.000000 1.000000 -0.000001
vn 0.000000 1.000000 -0.000000
vn -0.000249 0.727475 0.686134
vn -0.000238 0.726703 0.686951
vn -0.010719 0.723434 0.690311
vn -0.012824 0.724611 0.689038
vn 0.000000 1.000000 -0.000000
vn 0.000000 1.000000 -0.000000
vn 0.000000 1.000000 -0.000001
vn 0.000000 1.000000 0.000000
vn 0.000000 1.000000 -0.000000
vn 0.000000 1.000000 -0.000000
vn 0.000000 1.000000 0.000000
vn -0.706729 0.002813 0.707478
vn -0.706729 0.002813 0.707478
vn -0.706729 0.002813 0.707478
vn -0.706729 0.002813 0.707478
vn -0.686855 0.726673 0.013306
vn -0.687409 0.726168 0.012223
vn -0.687383 0.726193 -0.012166
vn -0.686831 0.726696 -0.013247
vn -0.012031 0.723929 0.689770
vn -0.012369 0.724089 0.689596
vn 0.012439 0.724057 0.689628
vn 0.012091 0.723893 0.689807
vn 0.706750 0.002817 0.707457
vn 0.706750 0.002817 0.707458
vn 0.706750 0.002817 0.707458
vn 0.706750 0.002817 0.707457
vn 0.687348 0.726226 0.012166
vn 0.686796 0.726730 0.013247
vn 0.686822 0.726704 -0.013304
vn 0.687368 0.726207 -0.012236
vn 0.706777 0.002806 -0.707431
vn 0.706777 0.002806 -0.707431
vn 0.706777 0.002806 -0.707431
vn 0.706777 0.002806 -0.707431
vn 0.012017 0.723886 -0.689814
vn 0.012370 0.724054 -0.689633
vn -0.012443 0.724021 -0.689666
vn -0.012094 0.723856 -0.689845
vn -0.706756 0.002802 -0.707452
vn -0.706756 0.002802 -0.707452
vn -0.706756 0.002802 -0.707452
vn -0.706756 0.002802 -0.707452
vn -0.706750 0.002815 0.707458
vn -0.706750 0.002815 0.707458
vn -0.706750 0.002815 0.707458
vn -0.706750 0.002815 0.707458
vn -0.686828 0.726698 0.013306
vn -0.687382 0.726193 0.012223
vn -0.687349 0.726225 -0.012180
vn -0.686805 0.726721 -0.013245
vn -0.012030 0.723929 0.689770
vn -0.012368 0.724089 0.689596
vn 0.012439 0.724057 0.689628
vn 0.012091 0.723892 0.689807
vn 0.706750 0.002817 0.707457
vn 0.706750 0.002817 0.707458
vn 0.706750 0.002817 0.707458
vn 0.706750 0.002817 0.707457
vn 0.687370 0.726205 0.012166
vn 0.686818 0.726709 0.013248
vn 0.686844 0.726683 -0.013304
vn 0.687389 0.726186 -0.012236
vn 0.706777 0.002803 -0.707431
vn 0.706777 0.002803 -0.707431
vn 0.706777 0.002803 -0.707431
vn 0.706777 0.002803 -0.707431
vn 0.012017 0.723875 -0.689827
vn 0.012371 0.724042 -0.689645
vn -0.012442 0.724010 -0.689678
vn -0.012079 0.723838 -0.689865
vn -0.706777 0.002802 -0.707431
vn -0.706777 0.002802 -0.707431
vn -0.706776 0.002802 -0.707431
vn -0.706776 0.002802 -0.707431
vn -0.706729 0.002815 0.707478
vn -0.706729 0.002815 0.707478
vn -0.706729 0.002815 0.707478
vn -0.706729 0.002815 0.707478
vn -0.686835 0.726691 0.013307
vn -0.687389 0.726187 0.012223
vn -0.687356 0.726218 -0.012180
vn -0.686812 0.726715 -0.013246
vn -0.012030 0.723929 0.689770
vn -0.012368 0.724089 0.689596
vn 0.012439 0.724057 0.689628
vn 0.012091 0.723893 0.689807
vn 0.706730 0.002814 0.707478
vn 0.706730 0.002814 0.707478
vn 0.706730 0.002814 0.707478
vn 0.706730 0.002814 0.707478
vn 0.687377 0.726199 0.012167
vn 0.686825 0.726702 0.013248
vn 0.686851 0.726677 -0.013305
vn 0.687397 0.726179 -0.012237
vn 0.706756 0.002803 -0.707452
vn 0.706756 0.002803 -0.707452
vn 0.706756 0.002803 -0.707452
vn 0.706756 0.002803 -0.707452
vn 0.012017 0.723874 -0.689827
vn 0.012371 0.724042 -0.689645
vn -0.012442 0.724010 -0.689678
vn -0.012079 0.723838 -0.689864
vn -0.706756 0.002804 -0.707452
vn -0.706756 0.002804 -0.707452
vn -0.706756 0.002804 -0.707452
vn -0.706756 0.002804 -0.707452
vn -0.706724 0.002816 0.707483
vn -0.706724 0.002816 0.707483
vn -0.706724 0.002816 0.707483
vn -0.706724 0.002816 0.707483
vn -0.686843 0.726684 0.013307
vn -0.687396 0.726179 0.012223
vn -0.687364 0.726211 -0.012180
vn -0.686819 0.726708 -0.013246
vn -0.012030 0.723929 0.689770
vn -0.012368 0.724089 0.689596
vn 0.012439 0.724057 0.689628
vn 0.012091 0.723893 0.689807
vn 0.706750 0.002812 0.707457
vn 0.706750 0.002812 0.707458
vn 0.706750 0.002812 0.707458
vn 0.706750 0.002812 0.707457
vn 0.687363 0.726212 0.012166
vn 0.686810 0.726716 0.013248
vn 0.686836 0.726691 -0.013304
vn 0.687382 0.726193 -0.012236
vn 0.706777 0.002802 -0.707431
vn 0.706777 0.002802 -0.707431
vn 0.706777 0.002802 -0.707431
vn 0.706777 0.002802 -0.707431
vn 0.012017 0.723874 -0.689827
vn 0.012371 0.724042 -0.689645
vn -0.012442 0.724009 -0.689678
vn -0.012079 0.723837 -0.689865
vn -0.706751 0.002807 -0.707457
vn -0.706751 0.002807 -0.707457
vn -0.706751 0.002807 -0.707457
vn -0.706751 0.002807 -0.707457
vn -0.706737 0.002816 0.707470
vn -0.706737 0.002816 0.707470
vn -0.706737 0.002816 0.707470
vn -0.706737 0.002816 0.707470
vn -0.686850 0.726677 0.013307
vn -0.687404 0.726172 0.012223
vn -0.687371 0.726204 -0.012180
vn -0.686827 0.726700 -0.013246
vn -0.012030 0.723928 0.689771
vn -0.012368 0.724088 0.689596
vn 0.012439 0.724057 0.689628
vn 0.012091 0.723893 0.689807
vn 0.706740 0.002809 0.707468
vn 0.706740 0.002809 0.707468
vn 0.706740 0.002809 0.707468
vn 0.706740 0.002809 0.707468
vn 0.687377 0.726199 0.012167
vn 0.686825 0.726702 0.013248
vn 0.686851 0.726677 -0.013304
vn 0.687397 0.726179 -0.012237
vn 0.706766 0.002800 -0.707442
vn 0.706766 0.002800 -0.707442
vn 0.706766 0.002800 -0.707442
vn 0.706766 0.002800 -0.707442
vn 0.012017 0.723874 -0.689827
vn 0.012371 0.724042 -0.689645
vn -0.012442 0.724009 -0.689678
vn -0.012079 0.723838 -0.689865
vn -0.706764 0.002807 -0.707444
vn -0.706764 0.002807 -0.707444
vn -0.706764 0.002807 -0.707444
vn -0.706764 0.002807 -0.707444
vn -0.706730 0.002816 0.707478
vn -0.706730 0.002816 0.707478
vn -0.706730 0.002816 0.707478
vn -0.706730 0.002816 0.707478
vn -0.686850 0.726677 0.013307
vn -0.687404 0.726172 0.012223
vn -0.687371 0.726204 -0.012180
vn -0.686827 0.726700 -0.013246
vn -0.012030 0.723928 0.689770
vn -0.012368 0.724089 0.689596
vn 0.012439 0.724057 0.689628
vn 0.012091 0.723893 0.689807
vn 0.706740 0.002822 0.707468
vn 0.706740 0.002822 0.707468
vn 0.706740 0.002822 0.707468
vn 0.706740 0.002822 0.707468
vn 0.687363 0.726212 0.012167
vn 0.686810 0.726716 0.013248
vn 0.686836 0.726691 -0.013304
vn 0.687382 0.726193 -0.012236
vn 0.706766 0.002807 -0.707442
vn 0.706766 0.002807 -0.707442
vn 0.706766 0.002807 -0.707442
vn 0.706766 0.002807 -0.707442
vn 0.012017 0.723875 -0.689827
vn 0.012371 0.724042 -0.689645
vn -0.012442 0.724009 -0.689678
vn -0.012079 0.723837 -0.689865
vn -0.706756 0.002807 -0.707452
vn -0.706756 0.002807 -0.707452
vn -0.706756 0.002807 -0.707452
vn -0.706756 0.002807 -0.707452
vn -0.706740 0.002811 0.707468
vn -0.706740 0.002811 0.707468
vn -0.706740 0.002811 0.707468
vn -0.706740 0.002811 0.707468
vn -0.686843 0.726684 0.013307
vn -0.687397 0.726179 0.012223
vn -0.687363 0.726211 -0.012180
vn -0.686819 0.726708 -0.013245
vn -0.012031 0.723929 0.689770
vn -0.012369 0.724089 0.689596
vn 0.012439 0.724057 0.689628
vn 0.012091 0.723892 0.689807
vn 0.706740 0.002817 0.707468
vn 0.706740 0.002817 0.707468
vn 0.706740 0.002817 0.707468
vn 0.706740 0.002817 0.707468
vn 0.687383 0.726193 0.012166
vn 0.686831 0.726697 0.013247
vn 0.686855 0.726672 -0.013306
vn 0.687409 0.726168 -0.012222
vn 0.706766 0.002809 -0.707442
vn 0.706766 0.002809 -0.707442
vn 0.706766 0.002809 -0.707441
vn 0.706766 0.002809 -0.707442
vn 0.012033 0.723893 -0.689808
vn 0.012372 0.724053 -0.689633
vn -0.012441 0.724021 -0.689666
vn -0.012078 0.723849 -0.689852
vn -0.706766 0.002802 -0.707442
vn -0.706766 0.002802 -0.707442
vn -0.706766 0.002802 -0.707442
vn -0.706766 0.002802 -0.707442
vn -0.706729 0.002813 0.707478
vn -0.706729 0.002813 0.707478
vn -0.706729 0.002813 0.707478
vn -0.706729 0.002813 0.707478
vn -0.686841 0.726686 0.013306
vn -0.687394 0.726181 0.012222
vn -0.687369 0.726207 -0.012166
vn -0.686817 0.726710 -0.013247
vn -0.012031 0.723916 0.689783
vn -0.012371 0.724077 0.689608
vn 0.012438 0.724045 0.689640
vn 0.012083 0.723877 0.689823
vn 0.706750 0.002817 0.707458
vn 0.706750 0.002817 0.707458
vn 0.706750 0.002817 0.707458
vn 0.706750 0.002817 0.707458
vn 0.687358 0.726217 0.012173
vn 0.686809 0.726717 0.013247
vn 0.686834 0.726693 -0.013305
vn 0.687391 0.726185 -0.012215
vn 0.706724 0.002825 -0.707484
vn 0.706724 0.002825 -0.707484
vn 0.706724 0.002825 -0.707484
vn 0.706724 0.002825 -0.707484
vn 0.012036 0.723968 -0.689728
vn 0.012366 0.724125 -0.689558
vn -0.012440 0.724093 -0.689591
vn -0.012091 0.723928 -0.689770
vn -0.706701 0.002822 -0.707506
vn -0.706701 0.002822 -0.707506
vn -0.706701 0.002822 -0.707506
vn -0.706701 0.002822 -0.707506
vn -0.706750 0.002815 0.707458
vn -0.706750 0.002815 0.707458
vn -0.706750 0.002815 0.707458
vn -0.706750 0.002815 0.707458
vn -0.686842 0.726685 0.013305
vn -0.687392 0.726184 0.012230
vn -0.687366 0.726210 -0.012173
vn -0.686817 0.726709 -0.013247
vn -0.012024 0.723901 0.689799
vn -0.012370 0.724065 0.689621
vn 0.012440 0.724033 0.689653
vn 0.012084 0.723865 0.689836
vn 0.706750 0.002817 0.707458
vn 0.706750 0.002817 0.707458
vn 0.706750 0.002817 0.707458
vn 0.706750 0.002817 0.707458
vn 0.687380 0.726196 0.012173
vn 0.686832 0.726696 0.013247
vn 0.686857 0.726671 -0.013305
vn 0.687407 0.726170 -0.012230
vn 0.706723 0.002826 -0.707485
vn 0.706723 0.002826 -0.707485
vn 0.706723 0.002826 -0.707485
vn 0.706723 0.002826 -0.707485
vn 0.012022 0.723926 -0.689773
vn 0.012368 0.724089 -0.689595
vn -0.012439 0.724057 -0.689628
vn -0.012084 0.723889 -0.689811
vn -0.706723 0.002822 -0.707485
vn -0.706723 0.002822 -0.707485
vn -0.706723 0.002822 -0.707485
vn -0.706723 0.002822 -0.707485
vn -0.706729 0.002815 0.707478
vn -0.706729 0.002815 0.707478
vn -0.706729 0.002815 0.707478
vn -0.706729 0.002815 0.707478
vn -0.686849 0.726678 0.013306
vn -0.687399 0.726177 0.012230
vn -0.687372 0.726203 -0.012174
vn -0.686824 0.726703 -0.013247
vn -0.012024 0.723901 0.689799
vn -0.012370 0.724065 0.689621
vn 0.012440 0.724033 0.689653
vn 0.012084 0.723865 0.689836
vn 0.706730 0.002814 0.707478
vn 0.706730 0.002814 0.707478
vn 0.706729 0.002814 0.707478
vn 0.706730 0.002814 0.707478
vn 0.687387 0.726189 0.012174
vn 0.686839 0.726689 0.013247
vn 0.686864 0.726664 -0.013306
vn 0.687413 0.726163 -0.012231
vn 0.706702 0.002824 -0.707505
vn 0.706702 0.002824 -0.707505
vn 0.706702 0.002824 -0.707505
vn 0.706702 0.002824 -0.707505
vn 0.012022 0.723925 -0.689773
vn 0.012368 0.724089 -0.689596
vn -0.012439 0.724057 -0.689628
vn -0.012084 0.723889 -0.689811
vn -0.706702 0.002827 -0.707505
vn -0.706702 0.002827 -0.707505
vn -0.706702 0.002827 -0.707505
vn -0.706702 0.002827 -0.707505
vn -0.706719 0.002810 0.707489
vn -0.706719 0.002810 0.707489
vn -0.706719 0.002810 0.707489
vn -0.706719 0.002810 0.707489
vn -0.686848 0.726679 0.013306
vn -0.687398 0.726178 0.012231
vn -0.687372 0.726203 -0.012174
vn -0.686824 0.726703 -0.013248
vn -0.012024 0.723901 0.689799
vn -0.012370 0.724065 0.689620
vn 0.012440 0.724034 0.689653
vn 0.012084 0.723865 0.689835
vn 0.706750 0.002814 0.707458
vn 0.706750 0.002814 0.707458
vn 0.706750 0.002814 0.707458
vn 0.706750 0.002814 0.707458
vn 0.687369 0.726207 0.012173
vn 0.686820 0.726706 0.013247
vn 0.686846 0.726681 -0.013305
vn 0.687395 0.726181 -0.012230
vn 0.706723 0.002825 -0.707485
vn 0.706723 0.002825 -0.707485
vn 0.706723 0.002825 -0.707485
vn 0.706723 0.002825 -0.707485
vn 0.012022 0.723925 -0.689774
vn 0.012368 0.724089 -0.689596
vn -0.012439 0.724057 -0.689628
vn -0.012083 0.723889 -0.689811
vn -0.706692 0.002819 -0.707516
vn -0.706692 0.002819 -0.707516
vn -0.706692 0.002819 -0.707516
vn -0.706692 0.002819 -0.707516
vn -0.706740 0.002812 0.707468
vn -0.706740 0.002812 0.707468
vn -0.706740 0.002812 0.707468
vn -0.706740 0.002812 0.707468
vn -0.686849 0.726678 0.013305
vn -0.687399 0.726177 0.012230
vn -0.687373 0.726203 -0.012174
vn -0.686825 0.726702 -0.013247
vn -0.012024 0.723901 0.689799
vn -0.012370 0.724065 0.689621
vn 0.012440 0.724033 0.689653
vn 0.012084 0.723865 0.689836
vn 0.706740 0.002814 0.707468
vn 0.706740 0.002814 0.707468
vn 0.706740 0.002814 0.707468
vn 0.706740 0.002814 0.707468
vn 0.687380 0.726196 0.012173
vn 0.686831 0.726696 0.013247
vn 0.686857 0.726671 -0.013306
vn 0.687406 0.726170 -0.012230
vn 0.706713 0.002824 -0.707495
vn 0.706713 0.002824 -0.707495
vn 0.706713 0.002824 -0.707495
vn 0.706713 0.002824 -0.707495
vn 0.012022 0.723925 -0.689774
vn 0.012368 0.724089 -0.689596
vn -0.012439 0.724057 -0.689628
vn -0.012084 0.723889 -0.689811
vn -0.706713 0.002824 -0.707495
vn -0.706713 0.002824 -0.707495
vn -0.706713 0.002824 -0.707495
vn -0.706713 0.002824 -0.707495
vn -0.706740 0.002813 0.707468
vn -0.706740 0.002813 0.707468
vn -0.706740 0.002813 0.707468
vn -0.706740 0.002813 0.707468
vn -0.686853 0.726675 0.013306
vn -0.687403 0.726174 0.012230
vn -0.687376 0.726199 -0.012174
vn -0.686828 0.726699 -0.013247
vn -0.012024 0.723901 0.689799
vn -0.012370 0.724065 0.689621
vn 0.012440 0.724033 0.689653
vn 0.012084 0.723865 0.689836
vn 0.706740 0.002814 0.707468
vn 0.706740 0.002814 0.707468
vn 0.706740 0.002814 0.707468
vn 0.706740 0.002814 0.707468
vn 0.687378 0.726198 0.012173
vn 0.686830 0.726698 0.013247
vn 0.686855 0.726673 -0.013306
vn 0.687404 0.726172 -0.012230
vn 0.706713 0.002824 -0.707495
vn 0.706713 0.002824 -0.707495
vn 0.706713 0.002824 -0.707495
vn 0.706713 0.002824 -0.707495
vn 0.012022 0.723926 -0.689773
vn 0.012368 0.724089 -0.689595
vn -0.012439 0.724057 -0.689628
vn -0.012084 0.723889 -0.689811
vn -0.706713 0.002824 -0.707495
vn -0.706713 0.002824 -0.707495
vn -0.706713 0.002824 -0.707495
vn -0.706713 0.002824 -0.707495
vn -0.706735 0.002816 0.707473
vn -0.706735 0.002816 0.707473
vn -0.706735 0.002816 0.707473
vn -0.706735 0.002816 0.707473
vn -0.686860 0.726668 0.013306
vn -0.687410 0.726167 0.012230
vn -0.687384 0.726192 -0.012174
vn -0.686836 0.726692 -0.013247
vn -0.012024 0.723901 0.689799
vn -0.012370 0.724065 0.689621
vn 0.012440 0.724033 0.689653
vn 0.012084 0.723865 0.689836
vn 0.706735 0.002816 0.707473
vn 0.706735 0.002816 0.707473
vn 0.706735 0.002816 0.707473
vn 0.706735 0.002816 0.707473
vn 0.687379 0.726197 0.012173
vn 0.686830 0.726697 0.013247
vn 0.686856 0.726672 -0.013306
vn 0.687405 0.726171 -0.012230
vn 0.706708 0.002826 -0.707500
vn 0.706708 0.002826 -0.707500
vn 0.706708 0.002826 -0.707500
vn 0.706708 0.002826 -0.707500
vn 0.012022 0.723925 -0.689773
vn 0.012368 0.724089 -0.689595
vn -0.012439 0.724057 -0.689628
vn -0.012084 0.723888 -0.689811
vn -0.706708 0.002826 -0.707500
vn -0.706708 0.002826 -0.707500
vn -0.706708 0.002826 -0.707500
vn -0.706708 0.002826 -0.707500
vn -0.706737 0.002815 0.707471
vn -0.706737 0.002815 0.707471
vn -0.706737 0.002815 0.707471
vn -0.706737 0.002815 0.707471
vn -0.686858 0.726669 0.013306
vn -0.687408 0.726168 0.012230
vn -0.687382 0.726194 -0.012174
vn -0.686834 0.726694 -0.013247
vn -0.012024 0.723901 0.689799
vn -0.012370 0.724065 0.689621
vn 0.012440 0.724033 0.689653
vn 0.012084 0.723865 0.689836
vn 0.706740 0.002813 0.707468
vn 0.706740 0.002813 0.707468
vn 0.706740 0.002813 0.707468
vn 0.706740 0.002813 0.707468
vn 0.687376 0.726200 0.012173
vn 0.686828 0.726699 0.013247
vn 0.686853 0.726675 -0.013305
vn 0.687402 0.726174 -0.012230
vn 0.706713 0.002824 -0.707495
vn 0.706713 0.002824 -0.707495
vn 0.706713 0.002824 -0.707495
vn 0.706713 0.002824 -0.707495
vn 0.012022 0.723925 -0.689774
vn 0.012368 0.724089 -0.689596
vn -0.012439 0.724057 -0.689628
vn -0.012084 0.723888 -0.689811
vn -0.706710 0.002826 -0.707498
vn -0.706710 0.002826 -0.707498
vn -0.706710 0.002826 -0.707498
vn -0.706710 0.002826 -0.707497
vn -0.706737 0.002815 0.707471
vn -0.706737 0.002815 0.707471
vn -0.706737 0.002815 0.707471
vn -0.706737 0.002815 0.707471
vn -0.686853 0.726675 0.013306
vn -0.687403 0.726174 0.012230
vn -0.687376 0.726200 -0.012174
vn -0.686828 0.726699 -0.013247
vn -0.012024 0.723901 0.689799
vn -0.012370 0.724065 0.689621
vn 0.012440 0.724033 0.689653
vn 0.012084 0.723865 0.689836
vn 0.706740 0.002812 0.707468
vn 0.706740 0.002812 0.707468
vn 0.706740 0.002812 0.707468
vn 0.706740 0.002812 0.707468
vn 0.687380 0.726196 0.012174
vn 0.686831 0.726696 0.013247
vn 0.686857 0.726671 -0.013306
vn 0.687406 0.726170 -0.012230
vn 0.706713 0.002825 -0.707495
vn 0.706713 0.002825 -0.707495
vn 0.706713 0.002825 -0.707495
vn 0.706713 0.002825 -0.707495
vn 0.012022 0.723926 -0.689773
vn 0.012368 0.724089 -0.689595
vn -0.012439 0.724057 -0.689628
vn -0.012084 0.723889 -0.689811
vn -0.706710 0.002826 -0.707498
vn -0.706710 0.002826 -0.707498
vn -0.706710 0.002826 -0.707498
vn -0.706710 0.002826 -0.707497
vn -0.706724 0.002816 0.707483
vn -0.706724 0.002816 0.707483
vn -0.706724 0.002816 0.707483
vn -0.706724 0.002816 0.707483
vn -0.686860 0.726668 0.013306
vn -0.687410 0.726167 0.012230
vn -0.687383 0.726193 -0.012174
vn -0.686835 0.726692 -0.013247
vn -0.012024 0.723901 0.689799
vn -0.012370 0.724065 0.689621
vn 0.012440 0.724033 0.689653
vn 0.012084 0.723865 0.689836
vn 0.706750 0.002812 0.707458
vn 0.706750 0.002812 0.707458
vn 0.706750 0.002812 0.707458
vn 0.706750 0.002812 0.707458
vn 0.687372 0.726203 0.012173
vn 0.686824 0.726703 0.013247
vn 0.686849 0.726678 -0.013305
vn 0.687399 0.726177 -0.012230
vn 0.706723 0.002823 -0.707485
vn 0.706723 0.002823 -0.707485
vn 0.706723 0.002823 -0.707485
vn 0.706723 0.002823 -0.707485
vn 0.012022 0.723925 -0.689773
vn 0.012368 0.724089 -0.689595
vn -0.012439 0.724057 -0.689628
vn -0.012084 0.723888 -0.689811
vn -0.706697 0.002827 -0.707510
vn -0.706697 0.002827 -0.707511
vn -0.706697 0.002827 -0.707510
vn -0.706697 0.002827 -0.707510
vn -0.706737 0.002816 0.707471
vn -0.706737 0.002816 0.707471
vn -0.706737 0.002816 0.707471
vn -0.706737 0.002816 0.707471
vn -0.686857 0.726671 0.013306
vn -0.687406 0.726170 0.012230
vn -0.687380 0.726196 -0.012174
vn -0.686832 0.726695 -0.013247
vn -0.012024 0.723901 0.689799
vn -0.012370 0.724064 0.689621
vn 0.012440 0.724034 0.689653
vn 0.012084 0.723865 0.689836
vn 0.706740 0.002809 0.707468
vn 0.706740 0.002809 0.707468
vn 0.706740 0.002809 0.707468
vn 0.706740 0.002809 0.707468
vn 0.687387 0.726190 0.012174
vn 0.686838 0.726690 0.013247
vn 0.686864 0.726664 -0.013306
vn 0.687413 0.726163 -0.012231
vn 0.706713 0.002821 -0.707495
vn 0.706713 0.002821 -0.707495
vn 0.706713 0.002821 -0.707495
vn 0.706713 0.002821 -0.707495
vn 0.012022 0.723926 -0.689773
vn 0.012368 0.724089 -0.689595
vn -0.012439 0.724057 -0.689628
vn -0.012084 0.723889 -0.689811
vn -0.706710 0.002827 -0.707498
vn -0.706710 0.002827 -0.707498
vn -0.706710 0.002827 -0.707498
vn -0.706710 0.002827 -0.707497
vn -0.706729 0.002816 0.707478
vn -0.706730 0.002816 0.707478
vn -0.706730 0.002816 0.707478
vn -0.706730 0.002816 0.707478
vn -0.686864 0.726664 0.013306
vn -0.687414 0.726163 0.012230
vn -0.687387 0.726189 -0.012174
vn -0.686839 0.726689 -0.013247
vn -0.012024 0.723901 0.689799
vn -0.012370 0.724065 0.689621
vn 0.012440 0.724033 0.689653
vn 0.012084 0.723865 0.689836
vn 0.706740 0.002822 0.707468
vn 0.706740 0.002822 0.707468
vn 0.706740 0.002822 0.707468
vn 0.706740 0.002822 0.707468
vn 0.687380 0.726196 0.012174
vn 0.686831 0.726696 0.013247
vn 0.686857 0.726671 -0.013306
vn 0.687406 0.726170 -0.012230
vn 0.706713 0.002829 -0.707495
vn 0.706713 0.002829 -0.707495
vn 0.706713 0.002829 -0.707495
vn 0.706713 0.002829 -0.707495
vn 0.012022 0.723925 -0.689774
vn 0.012368 0.724089 -0.689596
vn -0.012439 0.724057 -0.689628
vn -0.012084 0.723888 -0.689811
vn -0.706702 0.002827 -0.707505
vn -0.706702 0.002827 -0.707505
vn -0.706702 0.002827 -0.707505
vn -0.706702 0.002827 -0.707505
vn -0.706740 0.002811 0.707468
vn -0.706740 0.002811 0.707468
vn -0.706740 0.002811 0.707468
vn -0.706740 0.002811 0.707468
vn -0.686871 0.726657 0.013306
vn -0.687421 0.726156 0.012230
vn -0.687395 0.726182 -0.012174
vn -0.686847 0.726682 -0.013247
vn -0.012023 0.723913 0.689786
vn -0.012368 0.724077 0.689609
vn 0.012441 0.724045 0.689640
vn 0.012092 0.723880 0.689820
vn 0.706740 0.002817 0.707468
vn 0.706740 0.002817 0.707468
vn 0.706740 0.002817 0.707468
vn 0.706740 0.002817 0.707468
vn 0.687384 0.726193 0.012166
vn 0.686831 0.726696 0.013247
vn 0.686856 0.726672 -0.013306
vn 0.687409 0.726167 -0.012223
vn 0.706712 0.002832 -0.707496
vn 0.706712 0.002832 -0.707496
vn 0.706712 0.002832 -0.707496
vn 0.706712 0.002832 -0.707496
vn 0.012030 0.723940 -0.689758
vn 0.012369 0.724101 -0.689583
vn -0.012438 0.724068 -0.689616
vn -0.012083 0.723901 -0.689799
vn -0.706713 0.002822 -0.707495
vn -0.706713 0.002822 -0.707495
vn -0.706713 0.002822 -0.707495
vn -0.706713 0.002822 -0.707495
vn -0.706729 0.002813 0.707478
vn -0.706729 0.002813 0.707478
vn -0.706729 0.002813 0.707478
vn -0.706729 0.002813 0.707478
vn -0.686855 0.726673 0.013306
vn -0.687409 0.726168 0.012223
vn -0.687383 0.726194 -0.012166
vn -0.686830 0.726697 -0.013247
vn -0.012031 0.723941 0.689757
vn -0.012370 0.724102 0.689582
vn 0.012439 0.724069 0.689615
vn 0.012084 0.723901 0.689797
vn 0.706750 0.002817 0.707458
vn 0.706750 0.002817 0.707458
vn 0.706750 0.002817 0.707458
vn 0.706750 0.002817 0.707458
vn 0.687358 0.726217 0.012173
vn 0.686809 0.726717 0.013247
vn 0.686834 0.726693 -0.013305
vn 0.687384 0.726192 -0.012230
vn 0.706725 0.002806 -0.707483
vn 0.706725 0.002806 -0.707483
vn 0.706725 0.002806 -0.707483
vn 0.706725 0.002806 -0.707483
vn 0.012022 0.723913 -0.689786
vn 0.012367 0.724077 -0.689608
vn -0.012441 0.724045 -0.689640
vn -0.012092 0.723880 -0.689820
vn -0.706704 0.002802 -0.707503
vn -0.706704 0.002802 -0.707503
vn -0.706704 0.002802 -0.707503
vn -0.706704 0.002802 -0.707503
vn -0.706750 0.002815 0.707458
vn -0.706750 0.002815 0.707458
vn -0.706750 0.002815 0.707458
vn -0.706750 0.002815 0.707458
vn -0.686842 0.726685 0.013305
vn -0.687392 0.726184 0.012230
vn -0.687365 0.726210 -0.012173
vn -0.686816 0.726710 -0.013247
vn -0.012023 0.723926 0.689773
vn -0.012369 0.724090 0.689595
vn 0.012440 0.724058 0.689627
vn 0.012084 0.723890 0.689810
vn 0.706750 0.002817 0.707458
vn 0.706750 0.002817 0.707458
vn 0.706750 0.002817 0.707458
vn 0.706750 0.002817 0.707458
vn 0.687380 0.726196 0.012173
vn 0.686832 0.726696 0.013247
vn 0.686857 0.726671 -0.013306
vn 0.687406 0.726170 -0.012230
vn 0.706725 0.002806 -0.707483
vn 0.706725 0.002806 -0.707483
vn 0.706725 0.002806 -0.707483
vn 0.706725 0.002806 -0.707483
vn 0.012023 0.723901 -0.689799
vn 0.012369 0.724065 -0.689621
vn -0.012439 0.724034 -0.689653
vn -0.012083 0.723865 -0.689836
vn -0.706725 0.002802 -0.707483
vn -0.706725 0.002802 -0.707483
vn -0.706725 0.002802 -0.707483
vn -0.706725 0.002802 -0.707483
vn -0.706729 0.002815 0.707479
vn -0.706729 0.002815 0.707479
vn -0.706729 0.002815 0.707479
vn -0.706729 0.002815 0.707479
vn -0.686849 0.726679 0.013306
vn -0.687398 0.726178 0.012230
vn -0.687372 0.726204 -0.012174
vn -0.686823 0.726704 -0.013247
vn -0.012023 0.723926 0.689772
vn -0.012369 0.724090 0.689595
vn 0.012440 0.724058 0.689627
vn 0.012084 0.723889 0.689810
vn 0.706729 0.002814 0.707479
vn 0.706729 0.002814 0.707479
vn 0.706729 0.002814 0.707479
vn 0.706729 0.002814 0.707479
vn 0.687394 0.726182 0.012174
vn 0.686846 0.726682 0.013247
vn 0.686870 0.726658 -0.013307
vn 0.687420 0.726157 -0.012231
vn 0.706704 0.002801 -0.707504
vn 0.706704 0.002801 -0.707504
vn 0.706704 0.002801 -0.707504
vn 0.706704 0.002801 -0.707504
vn 0.012023 0.723901 -0.689799
vn 0.012369 0.724065 -0.689621
vn -0.012439 0.724034 -0.689653
vn -0.012083 0.723865 -0.689836
vn -0.706704 0.002804 -0.707504
vn -0.706704 0.002804 -0.707504
vn -0.706704 0.002804 -0.707504
vn -0.706704 0.002804 -0.707504
vn -0.706719 0.002810 0.707489
vn -0.706719 0.002810 0.707489
vn -0.706719 0.002810 0.707489
vn -0.706719 0.002810 0.707489
vn -0.686848 0.726680 0.013306
vn -0.687398 0.726178 0.012231
vn -0.687372 0.726204 -0.012174
vn -0.686823 0.726704 -0.013248
vn -0.012023 0.723927 0.689772
vn -0.012369 0.724091 0.689594
vn 0.012440 0.724058 0.689627
vn 0.012084 0.723890 0.689810
vn 0.706750 0.002814 0.707458
vn 0.706750 0.002814 0.707458
vn 0.706750 0.002814 0.707458
vn 0.706750 0.002814 0.707458
vn 0.687369 0.726207 0.012173
vn 0.686820 0.726706 0.013247
vn 0.686845 0.726682 -0.013305
vn 0.687395 0.726181 -0.012230
vn 0.706725 0.002803 -0.707483
vn 0.706725 0.002803 -0.707483
vn 0.706725 0.002803 -0.707483
vn 0.706725 0.002803 -0.707483
vn 0.012023 0.723901 -0.689799
vn 0.012369 0.724065 -0.689621
vn -0.012439 0.724033 -0.689653
vn -0.012083 0.723865 -0.689836
vn -0.706694 0.002799 -0.707514
vn -0.706694 0.002799 -0.707514
vn -0.706694 0.002799 -0.707514
vn -0.706694 0.002799 -0.707514
vn -0.706739 0.002812 0.707468
vn -0.706739 0.002812 0.707469
vn -0.706739 0.002812 0.707468
vn -0.706739 0.002812 0.707468
vn -0.686852 0.726675 0.013306
vn -0.687402 0.726174 0.012230
vn -0.687376 0.726200 -0.012173
vn -0.686827 0.726700 -0.013247
vn -0.012023 0.723926 0.689772
vn -0.012369 0.724090 0.689595
vn 0.012440 0.724058 0.689627
vn 0.012084 0.723889 0.689810
vn 0.706739 0.002814 0.707469
vn 0.706739 0.002814 0.707468
vn 0.706739 0.002814 0.707468
vn 0.706739 0.002814 0.707468
vn 0.687380 0.726196 0.012173
vn 0.686831 0.726696 0.013247
vn 0.686856 0.726672 -0.013306
vn 0.687406 0.726170 -0.012230
vn 0.706714 0.002804 -0.707494
vn 0.706714 0.002804 -0.707494
vn 0.706714 0.002804 -0.707494
vn 0.706714 0.002804 -0.707494
vn 0.012023 0.723901 -0.689799
vn 0.012369 0.724065 -0.689621
vn -0.012439 0.724033 -0.689653
vn -0.012083 0.723865 -0.689836
vn -0.706714 0.002802 -0.707494
vn -0.706714 0.002802 -0.707494
vn -0.706714 0.002802 -0.707494
vn -0.706714 0.002802 -0.707494
vn -0.706739 0.002813 0.707468
vn -0.706739 0.002813 0.707469
vn -0.706739 0.002813 0.707468
vn -0.706739 0.002813 0.707468
vn -0.686860 0.726668 0.013306
vn -0.687409 0.726167 0.012230
vn -0.687383 0.726193 -0.012173
vn -0.686835 0.726693 -0.013247
vn -0.012023 0.723926 0.689773
vn -0.012369 0.724090 0.689595
vn 0.012440 0.724058 0.689627
vn 0.012084 0.723889 0.689810
vn 0.706739 0.002814 0.707469
vn 0.706739 0.002814 0.707468
vn 0.706739 0.002814 0.707468
vn 0.706739 0.002814 0.707468
vn 0.687379 0.726197 0.012173
vn 0.686831 0.726697 0.013247
vn 0.686855 0.726673 -0.013306
vn 0.687405 0.726171 -0.012230
vn 0.706714 0.002803 -0.707494
vn 0.706714 0.002803 -0.707494
vn 0.706714 0.002803 -0.707494
vn 0.706714 0.002803 -0.707494
vn 0.012023 0.723901 -0.689799
vn 0.012369 0.724065 -0.689621
vn -0.012439 0.724033 -0.689653
vn -0.012083 0.723865 -0.689836
vn -0.706714 0.002803 -0.707494
vn -0.706714 0.002803 -0.707494
vn -0.706714 0.002803 -0.707494
vn -0.706714 0.002803 -0.707494
vn -0.706734 0.002816 0.707474
vn -0.706734 0.002816 0.707474
vn -0.706734 0.002816 0.707474
vn -0.706734 0.002816 0.707474
vn -0.686861 0.726667 0.013306
vn -0.687410 0.726166 0.012230
vn -0.687384 0.726192 -0.012173
vn -0.686836 0.726692 -0.013247
vn -0.012023 0.723926 0.689772
vn -0.012369 0.724090 0.689595
vn 0.012440 0.724058 0.689627
vn 0.012084 0.723889 0.689810
vn 0.706734 0.002816 0.707474
vn 0.706734 0.002816 0.707474
vn 0.706734 0.002816 0.707474
vn 0.706734 0.002816 0.707474
vn 0.687379 0.726197 0.012173
vn 0.686831 0.726697 0.013247
vn 0.686855 0.726673 -0.013306
vn 0.687405 0.726171 -0.012230
vn 0.706709 0.002806 -0.707499
vn 0.706709 0.002806 -0.707499
vn 0.706709 0.002806 -0.707499
vn 0.706709 0.002806 -0.707499
vn 0.012023 0.723901 -0.689799
vn 0.012369 0.724065 -0.689621
vn -0.012439 0.724033 -0.689653
vn -0.012083 0.723865 -0.689836
vn -0.706709 0.002805 -0.707499
vn -0.706709 0.002805 -0.707499
vn -0.706709 0.002805 -0.707499
vn -0.706709 0.002805 -0.707499
vn -0.706737 0.002815 0.707471
vn -0.706737 0.002815 0.707471
vn -0.706737 0.002815 0.707471
vn -0.706737 0.002815 0.707471
vn -0.686856 0.726672 0.013306
vn -0.687406 0.726171 0.012230
vn -0.687379 0.726197 -0.012173
vn -0.686831 0.726697 -0.013247
vn -0.012023 0.723926 0.689772
vn -0.012369 0.724090 0.689595
vn 0.012440 0.724058 0.689627
vn 0.012084 0.723889 0.689810
vn 0.706739 0.002813 0.707469
vn 0.706739 0.002813 0.707468
vn 0.706739 0.002813 0.707468
vn 0.706739 0.002813 0.707468
vn 0.687376 0.726200 0.012174
vn 0.686828 0.726699 0.013247
vn 0.686852 0.726675 -0.013306
vn 0.687402 0.726174 -0.012230
vn 0.706714 0.002803 -0.707494
vn 0.706714 0.002803 -0.707494
vn 0.706714 0.002803 -0.707494
vn 0.706714 0.002803 -0.707494
vn 0.012023 0.723901 -0.689799
vn 0.012369 0.724065 -0.689621
vn -0.012439 0.724033 -0.689653
vn -0.012083 0.723865 -0.689836
vn -0.706712 0.002804 -0.707496
vn -0.706712 0.002804 -0.707496
vn -0.706712 0.002804 -0.707496
vn -0.706712 0.002804 -0.707496
vn -0.706737 0.002815 0.707471
vn -0.706737 0.002815 0.707471
vn -0.706737 0.002815 0.707471
vn -0.706737 0.002815 0.707471
vn -0.686852 0.726675 0.013306
vn -0.687402 0.726174 0.012230
vn -0.687376 0.726200 -0.012173
vn -0.686827 0.726700 -0.013247
vn -0.012023 0.723926 0.689772
vn -0.012369 0.724090 0.689595
vn 0.012440 0.724058 0.689627
vn 0.012084 0.723890 0.689810
vn 0.706739 0.002812 0.707469
vn 0.706739 0.002812 0.707468
vn 0.706739 0.002812 0.707468
vn 0.706739 0.002812 0.707468
vn 0.687380 0.726196 0.012173
vn 0.686831 0.726696 0.013247
vn 0.686856 0.726672 -0.013306
vn 0.687406 0.726170 -0.012230
vn 0.706714 0.002803 -0.707494
vn 0.706714 0.002803 -0.707494
vn 0.706714 0.002803 -0.707494
vn 0.706714 0.002803 -0.707494
vn 0.012023 0.723901 -0.689799
vn 0.012369 0.724065 -0.689621
vn -0.012439 0.724033 -0.689653
vn -0.012083 0.723865 -0.689836
vn -0.706712 0.002804 -0.707496
vn -0.706712 0.002804 -0.707496
vn -0.706712 0.002804 -0.707496
vn -0.706712 0.002804 -0.707496
vn -0.706724 0.002816 0.707484
vn -0.706724 0.002816 0.707484
vn -0.706724 0.002816 0.707484
vn -0.706724 0.002816 0.707484
vn -0.686856 0.726672 0.013306
vn -0.687406 0.726171 0.012230
vn -0.687379 0.726197 -0.012174
vn -0.686831 0.726697 -0.013247
vn -0.012023 0.723926 0.689772
vn -0.012369 0.724090 0.689594
vn 0.012440 0.724058 0.689627
vn 0.012084 0.723890 0.689810
vn 0.706750 0.002812 0.707458
vn 0.706750 0.002812 0.707458
vn 0.706750 0.002812 0.707458
vn 0.706750 0.002812 0.707458
vn 0.687380 0.726196 0.012173
vn 0.686831 0.726696 0.013247
vn 0.686856 0.726672 -0.013306
vn 0.687406 0.726171 -0.012230
vn 0.706725 0.002802 -0.707483
vn 0.706725 0.002802 -0.707483
vn 0.706725 0.002802 -0.707483
vn 0.706725 0.002802 -0.707483
vn 0.012023 0.723901 -0.689799
vn 0.012369 0.724065 -0.689621
vn -0.012439 0.724033 -0.689653
vn -0.012083 0.723865 -0.689836
vn -0.706699 0.002807 -0.707509
vn -0.706699 0.002807 -0.707509
vn -0.706699 0.002807 -0.707509
vn -0.706699 0.002807 -0.707509
vn -0.706737 0.002816 0.707471
vn -0.706737 0.002816 0.707471
vn -0.706737 0.002816 0.707471
vn -0.706737 0.002816 0.707471
vn -0.686856 0.726672 0.013305
vn -0.687406 0.726171 0.012230
vn -0.687379 0.726196 -0.012173
vn -0.686831 0.726696 -0.013247
vn -0.012023 0.723926 0.689772
vn -0.012369 0.724090 0.689594
vn 0.012440 0.724058 0.689627
vn 0.012084 0.723890 0.689810
vn 0.706739 0.002809 0.707469
vn 0.706739 0.002809 0.707468
vn 0.706739 0.002809 0.707468
vn 0.706739 0.002809 0.707468
vn 0.687387 0.726190 0.012174
vn 0.686838 0.726690 0.013247
vn 0.686863 0.726665 -0.013306
vn 0.687413 0.726164 -0.012230
vn 0.706714 0.002800 -0.707494
vn 0.706714 0.002800 -0.707494
vn 0.706714 0.002800 -0.707494
vn 0.706714 0.002800 -0.707494
vn 0.012023 0.723901 -0.689799
vn 0.012369 0.724065 -0.689621
vn -0.012439 0.724033 -0.689653
vn -0.012083 0.723865 -0.689836
vn -0.706712 0.002807 -0.707496
vn -0.706712 0.002807 -0.707496
vn -0.706712 0.002807 -0.707496
vn -0.706712 0.002807 -0.707496
vn -0.706729 0.002816 0.707479
vn -0.706729 0.002816 0.707479
vn -0.706729 0.002816 0.707479
vn -0.706729 0.002816 0.707479
vn -0.686864 0.726665 0.013306
vn -0.687413 0.726163 0.012230
vn -0.687387 0.726190 -0.012173
vn -0.686838 0.726690 -0.013247
vn -0.012023 0.723926 0.689773
vn -0.012369 0.724090 0.689595
vn 0.012440 0.724058 0.689627
vn 0.012084 0.723890 0.689810
vn 0.706739 0.002822 0.707468
vn 0.706739 0.002822 0.707468
vn 0.706739 0.002822 0.707468
vn 0.706739 0.002822 0.707468
vn 0.687372 0.726203 0.012174
vn 0.686824 0.726703 0.013247
vn 0.686849 0.726678 -0.013306
vn 0.687399 0.726177 -0.012230
vn 0.706714 0.002807 -0.707494
vn 0.706714 0.002807 -0.707494
vn 0.706714 0.002807 -0.707494
vn 0.706714 0.002807 -0.707494
vn 0.012023 0.723901 -0.689799
vn 0.012369 0.724064 -0.689622
vn -0.012439 0.724033 -0.689653
vn -0.012083 0.723865 -0.689836
vn -0.706704 0.002807 -0.707504
vn -0.706704 0.002807 -0.707504
vn -0.706704 0.002807 -0.707504
vn -0.706704 0.002807 -0.707504
vn -0.706739 0.002811 0.707468
vn -0.706739 0.002811 0.707469
vn -0.706739 0.002811 0.707468
vn -0.706739 0.002811 0.707468
vn -0.686856 0.726672 0.013306
vn -0.687405 0.726171 0.012230
vn -0.687379 0.726196 -0.012173
vn -0.686831 0.726696 -0.013247
vn -0.012023 0.723939 0.689759
vn -0.012368 0.724102 0.689582
vn 0.012441 0.724070 0.689614
vn 0.012092 0.723905 0.689794
vn 0.706740 0.002817 0.707468
vn 0.706740 0.002817 0.707468
vn 0.706740 0.002817 0.707468
vn 0.706740 0.002817 0.707468
vn 0.687384 0.726193 0.012166
vn 0.686831 0.726696 0.013247
vn 0.686855 0.726672 -0.013306
vn 0.687409 0.726167 -0.012222
vn 0.706715 0.002805 -0.707493
vn 0.706715 0.002805 -0.707493
vn 0.706715 0.002805 -0.707493
vn 0.706715 0.002805 -0.707493
vn 0.012031 0.723916 -0.689783
vn 0.012370 0.724077 -0.689608
vn -0.012438 0.724045 -0.689640
vn -0.012083 0.723877 -0.689823
vn -0.706714 0.002802 -0.707494
vn -0.706714 0.002802 -0.707494
vn -0.706714 0.002802 -0.707494
vn -0.706714 0.002802 -0.707494
vn -0.706651 0.002799 0.707556
vn -0.706651 0.002799 0.707556
vn -0.706651 0.002799 0.707556
vn -0.706651 0.002799 0.707556
vn -0.686840 0.726687 0.013306
vn -0.687394 0.726182 0.012223
vn -0.687369 0.726207 -0.012166
vn -0.686817 0.726710 -0.013247
vn -0.012029 0.723941 0.689757
vn -0.012368 0.724101 0.689583
vn 0.012437 0.724069 0.689615
vn 0.012074 0.723897 0.689802
vn 0.706672 0.002807 0.707536
vn 0.706672 0.002807 0.707536
vn 0.706672 0.002807 0.707536
vn 0.706672 0.002807 0.707536
vn 0.687341 0.726233 0.012180
vn 0.686797 0.726729 0.013245
vn 0.686822 0.726704 -0.013306
vn 0.687375 0.726200 -0.012223
vn 0.706699 0.002816 -0.707509
vn 0.706699 0.002816 -0.707509
vn 0.706699 0.002816 -0.707509
vn 0.706699 0.002816 -0.707509
vn 0.012030 0.723953 -0.689745
vn 0.012368 0.724113 -0.689571
vn -0.012439 0.724081 -0.689603
vn -0.012091 0.723916 -0.689782
vn -0.706678 0.002812 -0.707530
vn -0.706678 0.002812 -0.707530
vn -0.706678 0.002812 -0.707530
vn -0.706678 0.002812 -0.707530
vn -0.706672 0.002802 0.707536
vn -0.706672 0.002802 0.707536
vn -0.706672 0.002802 0.707536
vn -0.706672 0.002802 0.707536
vn -0.686829 0.726697 0.013304
vn -0.687375 0.726200 0.012236
vn -0.687357 0.726218 -0.012166
vn -0.686804 0.726722 -0.013247
vn -0.012014 0.723923 0.689776
vn -0.012367 0.724090 0.689595
vn 0.012438 0.724057 0.689628
vn 0.012075 0.723886 0.689814
vn 0.706672 0.002807 0.707536
vn 0.706672 0.002807 0.707536
vn 0.706672 0.002807 0.707536
vn 0.706672 0.002807 0.707536
vn 0.687363 0.726212 0.012180
vn 0.686819 0.726708 0.013245
vn 0.686844 0.726683 -0.013306
vn 0.687398 0.726179 -0.012223
vn 0.706699 0.002816 -0.707509
vn 0.706699 0.002816 -0.707509
vn 0.706699 0.002816 -0.707509
vn 0.706699 0.002816 -0.707509
vn 0.012030 0.723953 -0.689745
vn 0.012368 0.724113 -0.689570
vn -0.012439 0.724081 -0.689603
vn -0.012091 0.723916 -0.689782
vn -0.706699 0.002812 -0.707509
vn -0.706699 0.002812 -0.707509
vn -0.706699 0.002812 -0.707509
vn -0.706699 0.002812 -0.707509
vn -0.706651 0.002805 0.707556
vn -0.706651 0.002805 0.707556
vn -0.706651 0.002805 0.707556
vn -0.706651 0.002805 0.707556
vn -0.686836 0.726691 0.013304
vn -0.687382 0.726193 0.012237
vn -0.687363 0.726212 -0.012167
vn -0.686811 0.726715 -0.013248
vn -0.012014 0.723922 0.689777
vn -0.012367 0.724090 0.689595
vn 0.012438 0.724057 0.689628
vn 0.012075 0.723885 0.689815
vn 0.706651 0.002802 0.707556
vn 0.706651 0.002802 0.707556
vn 0.706651 0.002802 0.707556
vn 0.706651 0.002802 0.707556
vn 0.687370 0.726205 0.012180
vn 0.686826 0.726701 0.013246
vn 0.686851 0.726677 -0.013307
vn 0.687404 0.726172 -0.012224
vn 0.706678 0.002811 -0.707530
vn 0.706678 0.002811 -0.707530
vn 0.706678 0.002811 -0.707530
vn 0.706678 0.002811 -0.707530
vn 0.012030 0.723953 -0.689744
vn 0.012368 0.724113 -0.689570
vn -0.012439 0.724081 -0.689603
vn -0.012091 0.723916 -0.689782
vn -0.706678 0.002814 -0.707530
vn -0.706678 0.002814 -0.707530
vn -0.706678 0.002814 -0.707530
vn -0.706678 0.002814 -0.707530
vn -0.706641 0.002800 0.707567
vn -0.706641 0.002800 0.707567
vn -0.706641 0.002800 0.707567
vn -0.706641 0.002800 0.707567
vn -0.686836 0.726691 0.013305
vn -0.687381 0.726194 0.012237
vn -0.687363 0.726212 -0.012167
vn -0.686811 0.726715 -0.013248
vn -0.012014 0.723923 0.689777
vn -0.012367 0.724090 0.689595
vn 0.012438 0.724057 0.689628
vn 0.012075 0.723886 0.689814
vn 0.706672 0.002805 0.707536
vn 0.706672 0.002805 0.707536
vn 0.706672 0.002805 0.707536
vn 0.706672 0.002805 0.707536
vn 0.687352 0.726222 0.012180
vn 0.686808 0.726718 0.013245
vn 0.686833 0.726694 -0.013306
vn 0.687386 0.726189 -0.012223
vn 0.706699 0.002814 -0.707509
vn 0.706699 0.002814 -0.707509
vn 0.706699 0.002814 -0.707509
vn 0.706699 0.002814 -0.707509
vn 0.012030 0.723953 -0.689745
vn 0.012368 0.724113 -0.689570
vn -0.012439 0.724081 -0.689603
vn -0.012091 0.723916 -0.689782
vn -0.706667 0.002809 -0.707540
vn -0.706667 0.002809 -0.707540
vn -0.706667 0.002809 -0.707540
vn -0.706667 0.002809 -0.707540
vn -0.706662 0.002805 0.707546
vn -0.706662 0.002805 0.707546
vn -0.706662 0.002805 0.707546
vn -0.706662 0.002805 0.707546
vn -0.686836 0.726690 0.013304
vn -0.687382 0.726193 0.012237
vn -0.687364 0.726211 -0.012167
vn -0.686812 0.726715 -0.013248
vn -0.012014 0.723922 0.689777
vn -0.012367 0.724089 0.689595
vn 0.012438 0.724057 0.689628
vn 0.012075 0.723885 0.689815
vn 0.706662 0.002803 0.707546
vn 0.706662 0.002803 0.707546
vn 0.706662 0.002803 0.707546
vn 0.706662 0.002803 0.707546
vn 0.687363 0.726212 0.012180
vn 0.686819 0.726708 0.013246
vn 0.686844 0.726683 -0.013306
vn 0.687397 0.726179 -0.012223
vn 0.706688 0.002814 -0.707520
vn 0.706688 0.002814 -0.707520
vn 0.706688 0.002814 -0.707520
vn 0.706688 0.002814 -0.707520
vn 0.012030 0.723953 -0.689744
vn 0.012368 0.724113 -0.689570
vn -0.012439 0.724081 -0.689603
vn -0.012091 0.723916 -0.689782
vn -0.706688 0.002814 -0.707520
vn -0.706688 0.002814 -0.707520
vn -0.706688 0.002814 -0.707519
vn -0.706688 0.002814 -0.707520
vn -0.706662 0.002803 0.707546
vn -0.706662 0.002803 0.707546
vn -0.706662 0.002803 0.707546
vn -0.706662 0.002803 0.707546
vn -0.686840 0.726687 0.013304
vn -0.687386 0.726189 0.012237
vn -0.687367 0.726208 -0.012167
vn -0.686815 0.726711 -0.013248
vn -0.012014 0.723922 0.689777
vn -0.012367 0.724089 0.689595
vn 0.012438 0.724057 0.689628
vn 0.012083 0.723889 0.689811
vn 0.706664 0.002803 0.707544
vn 0.706664 0.002803 0.707544
vn 0.706664 0.002803 0.707544
vn 0.706664 0.002803 0.707544
vn 0.687378 0.726198 0.012173
vn 0.686830 0.726698 0.013246
vn 0.686854 0.726673 -0.013307
vn 0.687408 0.726169 -0.012223
vn 0.706688 0.002814 -0.707520
vn 0.706688 0.002814 -0.707520
vn 0.706688 0.002814 -0.707520
vn 0.706688 0.002814 -0.707520
vn 0.012029 0.723953 -0.689744
vn 0.012368 0.724113 -0.689570
vn -0.012439 0.724081 -0.689603
vn -0.012091 0.723916 -0.689782
vn -0.706688 0.002813 -0.707520
vn -0.706688 0.002813 -0.707520
vn -0.706688 0.002813 -0.707519
vn -0.706688 0.002813 -0.707520
vn -0.706659 0.002805 0.707549
vn -0.706659 0.002805 0.707549
vn -0.706659 0.002805 0.707549
vn -0.706659 0.002805 0.707549
vn -0.686860 0.726668 0.013305
vn -0.687409 0.726167 0.012230
vn -0.687388 0.726189 -0.012167
vn -0.686835 0.726692 -0.013248
vn -0.012021 0.723925 0.689774
vn -0.012367 0.724089 0.689596
vn 0.012438 0.724057 0.689628
vn 0.012083 0.723889 0.689811
vn 0.706659 0.002805 0.707549
vn 0.706659 0.002805 0.707549
vn 0.706659 0.002805 0.707549
vn 0.706659 0.002805 0.707549
vn 0.687379 0.726197 0.012173
vn 0.686831 0.726697 0.013246
vn 0.686855 0.726673 -0.013307
vn 0.687409 0.726168 -0.012224
vn 0.706683 0.002816 -0.707525
vn 0.706683 0.002816 -0.707525
vn 0.706683 0.002816 -0.707525
vn 0.706683 0.002816 -0.707525
vn 0.012029 0.723953 -0.689744
vn 0.012368 0.724113 -0.689570
vn -0.012439 0.724081 -0.689603
vn -0.012091 0.723916 -0.689782
vn -0.706683 0.002816 -0.707525
vn -0.706683 0.002816 -0.707525
vn -0.706683 0.002816 -0.707525
vn -0.706683 0.002816 -0.707525
vn -0.706661 0.002804 0.707546
vn -0.706661 0.002804 0.707546
vn -0.706661 0.002804 0.707546
vn -0.706661 0.002804 0.707546
vn -0.686858 0.726670 0.013305
vn -0.687408 0.726169 0.012230
vn -0.687386 0.726191 -0.012167
vn -0.686833 0.726694 -0.013248
vn -0.012021 0.723925 0.689774
vn -0.012367 0.724089 0.689596
vn 0.012438 0.724057 0.689628
vn 0.012083 0.723888 0.689811
vn 0.706664 0.002803 0.707544
vn 0.706664 0.002803 0.707544
vn 0.706664 0.002803 0.707544
vn 0.706664 0.002803 0.707544
vn 0.687376 0.726200 0.012173
vn 0.686828 0.726699 0.013246
vn 0.686852 0.726675 -0.013307
vn 0.687406 0.726170 -0.012223
vn 0.706688 0.002814 -0.707520
vn 0.706688 0.002814 -0.707520
vn 0.706688 0.002814 -0.707520
vn 0.706688 0.002814 -0.707520
vn 0.012029 0.723953 -0.689745
vn 0.012368 0.724113 -0.689571
vn -0.012439 0.724080 -0.689603
vn -0.012091 0.723916 -0.689782
vn -0.706686 0.002815 -0.707522
vn -0.706686 0.002815 -0.707522
vn -0.706686 0.002815 -0.707522
vn -0.706686 0.002815 -0.707522
vn -0.706659 0.002805 0.707549
vn -0.706659 0.002805 0.707549
vn -0.706659 0.002805 0.707549
vn -0.706659 0.002805 0.707549
vn -0.686840 0.726687 0.013304
vn -0.687386 0.726189 0.012237
vn -0.687367 0.726208 -0.012167
vn -0.686815 0.726711 -0.013248
vn -0.012014 0.723922 0.689777
vn -0.012367 0.724090 0.689595
vn 0.012438 0.724057 0.689628
vn 0.012083 0.723888 0.689811
vn 0.706664 0.002805 0.707544
vn 0.706664 0.002805 0.707544
vn 0.706664 0.002805 0.707544
vn 0.706664 0.002805 0.707544
vn 0.687380 0.726196 0.012173
vn 0.686832 0.726696 0.013246
vn 0.686856 0.726672 -0.013307
vn 0.687410 0.726167 -0.012224
vn 0.706688 0.002815 -0.707520
vn 0.706688 0.002815 -0.707520
vn 0.706688 0.002815 -0.707520
vn 0.706688 0.002815 -0.707520
vn 0.012030 0.723953 -0.689745
vn 0.012368 0.724113 -0.689570
vn -0.012439 0.724081 -0.689603
vn -0.012091 0.723916 -0.689782
vn -0.706686 0.002814 -0.707522
vn -0.706686 0.002814 -0.707522
vn -0.706686 0.002814 -0.707522
vn -0.706686 0.002814 -0.707522
vn -0.706646 0.002806 0.707561
vn -0.706646 0.002806 0.707562
vn -0.706646 0.002806 0.707562
vn -0.706646 0.002806 0.707561
vn -0.686847 0.726680 0.013305
vn -0.687393 0.726182 0.012237
vn -0.687374 0.726201 -0.012167
vn -0.686822 0.726705 -0.013248
vn -0.012014 0.723922 0.689777
vn -0.012367 0.724090 0.689595
vn 0.012438 0.724057 0.689628
vn 0.012083 0.723889 0.689811
vn 0.706674 0.002802 0.707534
vn 0.706674 0.002802 0.707534
vn 0.706674 0.002802 0.707533
vn 0.706674 0.002802 0.707533
vn 0.687372 0.726203 0.012173
vn 0.686824 0.726703 0.013246
vn 0.686849 0.726679 -0.013306
vn 0.687402 0.726174 -0.012223
vn 0.706699 0.002813 -0.707509
vn 0.706699 0.002813 -0.707509
vn 0.706699 0.002813 -0.707509
vn 0.706699 0.002813 -0.707509
vn 0.012030 0.723953 -0.689745
vn 0.012368 0.724113 -0.689571
vn -0.012439 0.724081 -0.689603
vn -0.012091 0.723916 -0.689782
vn -0.706673 0.002817 -0.707535
vn -0.706673 0.002817 -0.707535
vn -0.706673 0.002817 -0.707535
vn -0.706673 0.002817 -0.707535
vn -0.706661 0.002806 0.707546
vn -0.706661 0.002806 0.707546
vn -0.706661 0.002806 0.707546
vn -0.706661 0.002806 0.707546
vn -0.686856 0.726671 0.013305
vn -0.687406 0.726170 0.012230
vn -0.687384 0.726193 -0.012167
vn -0.686832 0.726696 -0.013248
vn -0.012021 0.723925 0.689774
vn -0.012367 0.724089 0.689596
vn 0.012438 0.724057 0.689628
vn 0.012083 0.723889 0.689811
vn 0.706664 0.002800 0.707544
vn 0.706664 0.002800 0.707544
vn 0.706664 0.002800 0.707544
vn 0.706664 0.002800 0.707544
vn 0.687387 0.726190 0.012173
vn 0.686838 0.726689 0.013246
vn 0.686863 0.726665 -0.013307
vn 0.687417 0.726160 -0.012224
vn 0.706688 0.002810 -0.707520
vn 0.706688 0.002810 -0.707520
vn 0.706688 0.002810 -0.707520
vn 0.706688 0.002810 -0.707520
vn 0.012029 0.723953 -0.689744
vn 0.012368 0.724113 -0.689570
vn -0.012439 0.724081 -0.689603
vn -0.012091 0.723916 -0.689782
vn -0.706686 0.002817 -0.707522
vn -0.706686 0.002817 -0.707522
vn -0.706686 0.002817 -0.707522
vn -0.706686 0.002817 -0.707522
vn -0.706654 0.002809 0.707554
vn -0.706654 0.002809 0.707554
vn -0.706654 0.002809 0.707554
vn -0.706654 0.002809 0.707554
vn -0.686864 0.726664 0.013305
vn -0.687414 0.726163 0.012230
vn -0.687391 0.726186 -0.012167
vn -0.686839 0.726689 -0.013248
vn -0.012021 0.723925 0.689774
vn -0.012367 0.724089 0.689596
vn 0.012438 0.724057 0.689628
vn 0.012083 0.723889 0.689811
vn 0.706664 0.002807 0.707544
vn 0.706664 0.002807 0.707544
vn 0.706664 0.002807 0.707544
vn 0.706664 0.002807 0.707544
vn 0.687379 0.726197 0.012173
vn 0.686831 0.726696 0.013246
vn 0.686856 0.726671 -0.013307
vn 0.687410 0.726167 -0.012224
vn 0.706688 0.002816 -0.707520
vn 0.706688 0.002816 -0.707520
vn 0.706688 0.002816 -0.707520
vn 0.706688 0.002816 -0.707520
vn 0.012029 0.723952 -0.689745
vn 0.012368 0.724113 -0.689571
vn -0.012439 0.724080 -0.689603
vn -0.012091 0.723916 -0.689782
vn -0.706678 0.002817 -0.707530
vn -0.706678 0.002817 -0.707530
vn -0.706678 0.002817 -0.707530
vn -0.706678 0.002817 -0.707530
vn -0.706662 0.002801 0.707546
vn -0.706662 0.002801 0.707546
vn -0.706662 0.002801 0.707546
vn -0.706662 0.002801 0.707546
vn -0.686858 0.726669 0.013305
vn -0.687404 0.726172 0.012237
vn -0.687386 0.726191 -0.012167
vn -0.686834 0.726694 -0.013248
vn -0.012013 0.723935 0.689764
vn -0.012366 0.724102 0.689582
vn 0.012439 0.724069 0.689615
vn 0.012090 0.723904 0.689795
vn 0.706662 0.002812 0.707546
vn 0.706662 0.002812 0.707546
vn 0.706662 0.002812 0.707546
vn 0.706662 0.002812 0.707546
vn 0.687383 0.726193 0.012166
vn 0.686831 0.726696 0.013247
vn 0.686856 0.726672 -0.013306
vn 0.687410 0.726167 -0.012223
vn 0.706688 0.002818 -0.707520
vn 0.706688 0.002818 -0.707520
vn 0.706688 0.002818 -0.707520
vn 0.706688 0.002818 -0.707520
vn 0.012030 0.723953 -0.689745
vn 0.012368 0.724113 -0.689571
vn -0.012439 0.724081 -0.689603
vn -0.012091 0.723916 -0.689782
vn -0.706688 0.002812 -0.707520
vn -0.706688 0.002812 -0.707520
vn -0.706688 0.002812 -0.707519
vn -0.706688 0.002812 -0.707520
vn -0.707110 0.707104 0.000000
vn -0.707110 0.707104 0.000000
vn -0.707110 0.707104 0.000000
vn -0.707110 0.707104 0.000000
vn 0.000000 0.707108 0.707105
vn 0.000000 0.707108 0.707105
vn 0.000000 0.707108 0.707105
vn 0.000000 0.707108 0.707105
vn 0.707140 0.707073 0.000001
vn 0.707141 0.707073 0.000001
vn 0.707140 0.707073 0.000001
vn 0.707141 0.707073 0.000001
vn -0.000001 0.707108 -0.707105
vn -0.000001 0.707108 -0.707105
vn -0.000001 0.707108 -0.707105
vn -0.000001 0.707108 -0.707105
vn -0.707141 0.707073 0.000001
vn -0.707140 0.707073 0.000001
vn -0.707141 0.707073 0.000001
vn -0.707140 0.707073 0.000001
vn 0.000000 0.707108 0.707105
vn 0.000000 0.707108 0.707105
vn 0.000000 0.707108 0.707105
vn 0.000000 0.707108 0.707105
vn 0.707140 0.707073 0.000001
vn 0.707141 0.707073 0.000001
vn 0.707140 0.707073 0.000001
vn 0.707141 0.707073 0.000001
vn 0.000000 0.707108 -0.707105
vn 0.000000 0.707108 -0.707105
vn 0.000000 0.707108 -0.707105
vn 0.000000 0.707108 -0.707105
vn -0.707117 0.707096 0.000001
vn -0.707117 0.707096 0.000001
vn -0.707117 0.707096 0.000001
vn -0.707117 0.707096 0.000001
vn 0.000000 0.707108 0.707106
vn 0.000000 0.707108 0.707106
vn 0.000000 0.707108 0.707106
vn 0.000000 0.707108 0.707106
vn 0.707117 0.707096 0.000001
vn 0.707117 0.707096 0.000001
vn 0.707117 0.707096 0.000001
vn 0.707117 0.707096 0.000001
vn 0.000000 0.707108 -0.707106
vn 0.000000 0.707108 -0.707106
vn 0.000000 0.707108 -0.707106
vn 0.000000 0.707108 -0.707106
vn -0.707106 0.707108 0.000001
vn -0.707106 0.707108 0.000001
vn -0.707106 0.707108 0.000001
vn -0.707106 0.707108 0.000001
vn 0.000000 0.707108 0.707106
vn 0.000000 0.707108 0.707106
vn 0.000000 0.707108 0.707106
vn 0.000000 0.707108 0.707106
vn 0.707133 0.707081 0.000001
vn 0.707133 0.707081 0.000001
vn 0.707133 0.707081 0.000001
vn 0.707133 0.707081 0.000001
vn 0.000000 0.707108 -0.707105
vn 0.000000 0.707108 -0.707105
vn 0.000000 0.707108 -0.707105
vn 0.000000 0.707108 -0.707105
vn -0.707125 0.707088 0.000001
vn -0.707125 0.707088 0.000001
vn -0.707125 0.707088 0.000001
vn -0.707125 0.707088 0.000001
vn 0.000000 0.707108 0.707105
vn 0.000000 0.707108 0.707105
vn 0.000000 0.707108 0.707105
vn 0.000000 0.707108 0.707105
vn 0.707133 0.707081 0.000001
vn 0.707133 0.707081 0.000001
vn 0.707133 0.707081 0.000001
vn 0.707133 0.707081 0.000001
vn 0.000000 0.707108 -0.707105
vn 0.000000 0.707108 -0.707105
vn 0.000000 0.707108 -0.707105
vn 0.000000 0.707108 -0.707105
vn -0.707110 0.707104 0.000001
vn -0.707110 0.707104 0.000001
vn -0.707110 0.707104 0.000001
vn -0.707110 0.707104 0.000001
vn 0.000000 0.707108 0.707105
vn 0.000000 0.707108 0.707105
vn 0.000000 0.707108 0.707105
vn 0.000000 0.707108 0.707105
vn 0.707125 0.707088 0.000001
vn 0.707125 0.707088 0.000001
vn 0.707125 0.707088 0.000001
vn 0.707125 0.707088 0.000001
vn 0.000000 0.707108 -0.707105
vn 0.000000 0.707108 -0.707105
vn 0.000000 0.707108 -0.707105
vn 0.000000 0.707108 -0.707105
vn -0.707133 0.707081 0.000001
vn -0.707133 0.707081 0.000001
vn -0.707133 0.707081 0.000001
vn -0.707133 0.707081 0.000001
vn 0.000000 0.707109 0.707105
vn 0.000000 0.707109 0.707105
vn 0.000000 0.707109 0.707105
vn 0.000000 0.707109 0.707105
vn 0.707125 0.707088 0.000000
vn 0.707125 0.707088 0.000000
vn 0.707125 0.707088 0.000000
vn 0.707125 0.707088 0.000000
vn 0.000001 0.707108 -0.707105
vn 0.000001 0.707108 -0.707105
vn 0.000001 0.707108 -0.707105
vn 0.000001 0.707108 -0.707105
vn -0.707124 0.707089 0.000000
vn -0.707124 0.707089 0.000000
vn -0.707124 0.707089 0.000000
vn -0.707124 0.707089 0.000000
vn -0.000001 0.707108 0.707105
vn -0.000001 0.707108 0.707105
vn -0.000001 0.707108 0.707105
vn -0.000001 0.707108 0.707105
vn 0.707139 0.707074 0.000000
vn 0.707139 0.707074 0.000000
vn 0.707139 0.707074 0.000000
vn 0.707139 0.707074 0.000000
vn -0.000001 0.707108 -0.707105
vn -0.000001 0.707108 -0.707105
vn -0.000001 0.707108 -0.707105
vn -0.000001 0.707108 -0.707105
vn -0.707139 0.707074 0.000000
vn -0.707139 0.707074 0.000000
vn -0.707139 0.707074 0.000000
vn -0.707139 0.707074 0.000000
vn 0.000000 0.707108 0.707105
vn 0.000000 0.707108 0.707105
vn 0.000000 0.707108 0.707105
vn 0.000000 0.707108 0.707105
vn 0.707139 0.707074 0.000000
vn 0.707139 0.707074 0.000000
vn 0.707139 0.707074 0.000000
vn 0.707139 0.707074 0.000000
vn 0.000000 0.707108 -0.707105
vn 0.000000 0.707108 -0.707105
vn 0.000000 0.707108 -0.707105
vn 0.000000 0.707108 -0.707105
vn -0.707124 0.707089 0.000000
vn -0.707124 0.707089 0.000000
vn -0.707124 0.707089 0.000000
vn -0.707124 0.707089 0.000000
vn 0.000000 0.707108 0.707106
vn 0.000000 0.707108 0.707106
vn 0.000000 0.707108 0.707106
vn 0.000000 0.707108 0.707106
vn 0.707116 0.707097 0.000000
vn 0.707116 0.707097 0.000000
vn 0.707116 0.707097 0.000000
vn 0.707116 0.707097 0.000000
vn 0.000000 0.707108 -0.707106
vn 0.000000 0.707108 -0.707106
vn 0.000000 0.707108 -0.707106
vn 0.000000 0.707108 -0.707106
vn -0.707116 0.707097 0.000000
vn -0.707116 0.707097 0.000000
vn -0.707116 0.707097 0.000000
vn -0.707116 0.707097 0.000000
vn 0.000000 0.707109 0.707105
vn 0.000000 0.707109 0.707105
vn 0.000000 0.707109 0.707105
vn 0.000000 0.707109 0.707105
vn 0.707136 0.707078 0.000000
vn 0.707136 0.707078 0.000000
vn 0.707136 0.707078 0.000000
vn 0.707136 0.707078 0.000000
vn 0.000000 0.707109 -0.707105
vn 0.000000 0.707109 -0.707105
vn 0.000000 0.707109 -0.707105
vn 0.000000 0.707109 -0.707105
vn -0.707124 0.707089 0.000000
vn -0.707124 0.707089 0.000000
vn -0.707124 0.707089 0.000000
vn -0.707124 0.707089 0.000000
vn 0.000000 0.707109 0.707105
vn 0.000000 0.707109 0.707105
vn 0.000000 0.707109 0.707105
vn 0.000000 0.707109 0.707105
vn 0.707128 0.707086 0.000000
vn 0.707128 0.707086 0.000000
vn 0.707128 0.707086 0.000000
vn 0.707128 0.707086 0.000000
vn 0.000000 0.707109 -0.707105
vn 0.000000 0.707109 -0.707105
vn 0.000000 0.707109 -0.707105
vn 0.000000 0.707109 -0.707105
vn -0.707128 0.707086 0.000000
vn -0.707128 0.707086 0.000000
vn -0.707128 0.707086 0.000000
vn -0.707128 0.707086 0.000000
vn 0.000000 0.707108 0.707106
vn 0.000000 0.707108 0.707106
vn 0.000000 0.707108 0.707106
vn 0.000000 0.707108 0.707106
vn 0.707127 0.707087 0.000000
vn 0.707127 0.707087 0.000000
vn 0.707127 0.707087 0.000000
vn 0.707127 0.707087 0.000000
vn 0.000000 0.707108 -0.707106
vn 0.000000 0.707108 -0.707106
vn 0.000000 0.707108 -0.707106
vn 0.000000 0.707108 -0.707106
vn -0.707117 0.707096 0.000000
vn -0.707117 0.707096 0.000000
vn -0.707117 0.707096 0.000000
vn -0.707117 0.707096 0.000000
vn 0.000000 0.707108 0.707105
vn 0.000000 0.707108 0.707105
vn 0.000000 0.707108 0.707105
vn 0.000000 0.707108 0.707105
vn 0.707117 0.707096 0.000000
vn 0.707117 0.707096 0.000000
vn 0.707117 0.707096 0.000000
vn 0.707117 0.707096 0.000000
vn 0.000000 0.707108 -0.707105
vn 0.000000 0.707108 -0.707105
vn 0.000000 0.707108 -0.707105
vn 0.000000 0.707108 -0.707105
vn -0.707122 0.707091 0.000000
vn -0.707122 0.707091 0.000000
vn -0.707122 0.707091 0.000000
vn -0.707122 0.707091 0.000000
vn 0.000000 0.707108 0.707105
vn 0.000000 0.707108 0.707105
vn 0.000000 0.707108 0.707105
vn 0.000000 0.707108 0.707105
vn 0.707128 0.707086 0.000000
vn 0.707128 0.707086 0.000000
vn 0.707128 0.707086 0.000000
vn 0.707128 0.707086 0.000000
vn 0.000000 0.707108 -0.707105
vn 0.000000 0.707108 -0.707105
vn 0.000000 0.707108 -0.707105
vn 0.000000 0.707108 -0.707105
vn -0.707124 0.707089 0.000000
vn -0.707124 0.707089 0.000000
vn -0.707124 0.707089 0.000000
vn -0.707124 0.707089 0.000000
vn 0.000000 0.707109 0.707105
vn 0.000000 0.707109 0.707105
vn 0.000000 0.707109 0.707105
vn 0.000000 0.707109 0.707105
vn 0.707124 0.707089 0.000000
vn 0.707124 0.707089 0.000000
vn 0.707124 0.707089 0.000000
vn 0.707124 0.707089 0.000000
vn 0.000000 0.707109 -0.707105
vn 0.000000 0.707109 -0.707105
vn 0.000000 0.707109 -0.707105
vn 0.000000 0.707109 -0.707105
vn -0.707105 0.707109 0.000000
vn -0.707105 0.707109 0.000000
vn -0.707105 0.707109 0.000000
vn -0.707105 0.707109 0.000000
vn 0.000000 0.707108 0.707105
vn 0.000000 0.707108 0.707105
vn 0.000000 0.707108 0.707105
vn 0.000000 0.707108 0.707105
vn 0.707139 0.707074 0.000000
vn 0.707139 0.707074 0.000000
vn 0.707139 0.707074 0.000000
vn 0.707139 0.707074 0.000000
vn 0.000000 0.707108 -0.707105
vn 0.000000 0.707108 -0.707105
vn 0.000000 0.707108 -0.707105
vn 0.000000 0.707108 -0.707105
vn -0.707116 0.707097 0.000000
vn -0.707116 0.707097 0.000000
vn -0.707116 0.707097 0.000000
vn -0.707116 0.707097 0.000000
vn 0.000000 0.707108 0.707105
vn 0.000000 0.707108 0.707105
vn 0.000000 0.707108 0.707105
vn 0.000000 0.707108 0.707105
vn 0.707132 0.707082 0.000000
vn 0.707132 0.707082 0.000000
vn 0.707132 0.707082 0.000000
vn 0.707132 0.707082 0.000000
vn 0.000000 0.707108 -0.707105
vn 0.000000 0.707108 -0.707105
vn 0.000000 0.707108 -0.707105
vn 0.000000 0.707108 -0.707105
vn -0.707109 0.707105 0.000000
vn -0.707109 0.707105 0.000000
vn -0.707109 0.707105 0.000000
vn -0.707109 0.707105 0.000000
vn 0.000000 0.707108 0.707105
vn 0.000000 0.707108 0.707105
vn 0.000000 0.707108 0.707105
vn 0.000000 0.707108 0.707105
vn 0.707132 0.707082 0.000000
vn 0.707132 0.707082 0.000000
vn 0.707132 0.707082 0.000000
vn 0.707132 0.707082 0.000000
vn 0.000000 0.707108 -0.707105
vn 0.000000 0.707108 -0.707105
vn 0.000000 0.707108 -0.707105
vn 0.000000 0.707108 -0.707105
vn -0.707124 0.707089 0.000000
vn -0.707124 0.707089 0.000000
vn -0.707124 0.707089 0.000000
vn -0.707124 0.707089 0.000000
vn 0.000001 0.707108 0.707105
vn 0.000001 0.707108 0.707105
vn 0.000001 0.707108 0.707105
vn 0.000001 0.707108 0.707105
vn 0.707139 0.707074 0.000000
vn 0.707139 0.707074 0.000000
vn 0.707139 0.707074 0.000000
vn 0.707139 0.707074 0.000000
vn 0.000001 0.707108 -0.707105
vn 0.000001 0.707108 -0.707105
vn 0.000001 0.707108 -0.707105
vn 0.000001 0.707108 -0.707105
vn -0.707110 0.707104 0.000000
vn -0.707110 0.707104 0.000000
vn -0.707110 0.707104 0.000000
vn -0.707110 0.707104 0.000000
vn -0.000001 0.707108 0.707105
vn -0.000001 0.707108 0.707105
vn -0.000001 0.707108 0.707105
vn -0.000001 0.707108 0.707105
vn 0.707140 0.707073 0.000000
vn 0.707140 0.707073 0.000000
vn 0.707140 0.707073 0.000000
vn 0.707140 0.707073 0.000000
vn -0.000001 0.707056 -0.707157
vn -0.000001 0.707056 -0.707157
vn -0.000001 0.707056 -0.707157
vn -0.000001 0.707056 -0.707157
vn -0.707140 0.707073 0.000000
vn -0.707140 0.707073 0.000000
vn -0.707140 0.707073 0.000000
vn -0.707140 0.707073 0.000000
vn 0.000000 0.707108 0.707105
vn 0.000000 0.707108 0.707105
vn 0.000000 0.707108 0.707105
vn 0.000000 0.707108 0.707105
vn 0.707140 0.707073 0.000000
vn 0.707140 0.707073 0.000000
vn 0.707140 0.707073 0.000000
vn 0.707140 0.707073 0.000000
vn 0.000000 0.707056 -0.707158
vn 0.000000 0.707056 -0.707158
vn 0.000000 0.707056 -0.707158
vn 0.000000 0.707056 -0.707158
vn -0.707117 0.707096 0.000000
vn -0.707117 0.707096 0.000000
vn -0.707117 0.707096 0.000000
vn -0.707117 0.707096 0.000000
vn 0.000000 0.707108 0.707106
vn 0.000000 0.707108 0.707106
vn 0.000000 0.707108 0.707106
vn 0.000000 0.707108 0.707106
vn 0.707117 0.707096 0.000000
vn 0.707117 0.707096 0.000000
vn 0.707117 0.707096 0.000000
vn 0.707117 0.707096 0.000000
vn 0.000000 0.707055 -0.707158
vn 0.000000 0.707055 -0.707158
vn 0.000000 0.707055 -0.707158
vn 0.000000 0.707055 -0.707158
vn -0.707117 0.707096 0.000000
vn -0.707117 0.707096 0.000000
vn -0.707117 0.707096 0.000000
vn -0.707117 0.707096 0.000000
vn 0.000000 0.707109 0.707105
vn 0.000000 0.707109 0.707105
vn 0.000000 0.707109 0.707105
vn 0.000000 0.707109 0.707105
vn 0.707137 0.707077 0.000000
vn 0.707137 0.707077 0.000000
vn 0.707137 0.707077 0.000000
vn 0.707137 0.707077 0.000000
vn 0.000000 0.707056 -0.707157
vn 0.000000 0.707056 -0.707157
vn 0.000000 0.707056 -0.707157
vn 0.000000 0.707056 -0.707157
vn -0.707129 0.707085 0.000000
vn -0.707129 0.707085 0.000000
vn -0.707129 0.707085 0.000000
vn -0.707129 0.707085 0.000000
vn 0.000000 0.707109 0.707105
vn 0.000000 0.707109 0.707105
vn 0.000000 0.707109 0.707105
vn 0.000000 0.707109 0.707105
vn 0.707125 0.707089 0.000000
vn 0.707125 0.707089 0.000000
vn 0.707125 0.707089 0.000000
vn 0.707125 0.707089 0.000000
vn 0.000000 0.707056 -0.707157
vn 0.000000 0.707056 -0.707157
vn 0.000000 0.707056 -0.707157
vn 0.000000 0.707056 -0.707157
vn -0.707129 0.707085 0.000000
vn -0.707129 0.707085 0.000000
vn -0.707129 0.707085 0.000000
vn -0.707129 0.707085 0.000000
vn 0.000000 0.707108 0.707106
vn 0.000000 0.707108 0.707106
vn 0.000000 0.707108 0.707106
vn 0.000000 0.707108 0.707106
vn 0.707127 0.707087 0.000000
vn 0.707127 0.707087 0.000000
vn 0.707127 0.707087 0.000000
vn 0.707127 0.707087 0.000000
vn 0.000000 0.707056 -0.707158
vn 0.000000 0.707056 -0.707158
vn 0.000000 0.707056 -0.707158
vn 0.000000 0.707056 -0.707158
vn -0.707116 0.707097 0.000000
vn -0.707116 0.707097 0.000000
vn -0.707116 0.707097 0.000000
vn -0.707116 0.707097 0.000000
vn 0.000000 0.707108 0.707105
vn 0.000000 0.707108 0.707105
vn 0.000000 0.707108 0.707105
vn 0.000000 0.707108 0.707105
vn 0.707116 0.707097 0.000000
vn 0.707116 0.707097 0.000000
vn 0.707116 0.707097 0.000000
vn 0.707116 0.707097 0.000000
vn 0.000000 0.707056 -0.707158
vn 0.000000 0.707056 -0.707158
vn 0.000000 0.707056 -0.707158
vn 0.000000 0.707056 -0.707158
vn -0.707122 0.707091 0.000000
vn -0.707122 0.707091 0.000000
vn -0.707122 0.707091 0.000000
vn -0.707122 0.707091 0.000000
vn 0.000000 0.707108 0.707105
vn 0.000000 0.707108 0.707105
vn 0.000000 0.707108 0.707105
vn 0.000000 0.707108 0.707105
vn 0.707129 0.707085 0.000000
vn 0.707129 0.707085 0.000000
vn 0.707129 0.707085 0.000000
vn 0.707129 0.707085 0.000000
vn 0.000000 0.707056 -0.707158
vn 0.000000 0.707056 -0.707158
vn 0.000000 0.707056 -0.707158
vn 0.000000 0.707056 -0.707158
vn -0.707121 0.707092 0.000000
vn -0.707121 0.707092 0.000000
vn -0.707121 0.707092 0.000000
vn -0.707121 0.707092 0.000000
vn 0.000000 0.707109 0.707105
vn 0.000000 0.707109 0.707105
vn 0.000000 0.707109 0.707105
vn 0.000000 0.707109 0.707105
vn 0.707129 0.707085 0.000000
vn 0.707129 0.707085 0.000000
vn 0.707129 0.707085 0.000000
vn 0.707129 0.707085 0.000000
vn 0.000000 0.707056 -0.707157
vn 0.000000 0.707056 -0.707157
vn 0.000000 0.707056 -0.707157
vn 0.000000 0.707056 -0.707157
vn -0.707106 0.707108 0.000000
vn -0.707106 0.707108 0.000000
vn -0.707106 0.707108 0.000000
vn -0.707106 0.707108 0.000000
vn 0.000000 0.707108 0.707105
vn 0.000000 0.707108 0.707105
vn 0.000000 0.707108 0.707105
vn 0.000000 0.707108 0.707105
vn 0.707133 0.707081 0.000000
vn 0.707133 0.707081 0.000000
vn 0.707133 0.707081 0.000000
vn 0.707133 0.707081 0.000000
vn 0.000000 0.707056 -0.707157
vn 0.000000 0.707056 -0.707157
vn 0.000000 0.707056 -0.707157
vn 0.000000 0.707056 -0.707157
vn -0.707125 0.707089 0.000000
vn -0.707125 0.707089 0.000000
vn -0.707125 0.707089 0.000000
vn -0.707125 0.707089 0.000000
vn 0.000000 0.707108 0.707105
vn 0.000000 0.707108 0.707105
vn 0.000000 0.707108 0.707105
vn 0.000000 0.707108 0.707105
vn 0.707133 0.707081 0.000000
vn 0.707133 0.707081 0.000000
vn 0.707133 0.707081 0.000000
vn 0.707133 0.707081 0.000000
vn 0.000000 0.707056 -0.707158
vn 0.000000 0.707056 -0.707158
vn 0.000000 0.707056 -0.707158
vn 0.000000 0.707056 -0.707158
vn -0.707110 0.707104 0.000000
vn -0.707110 0.707104 0.000000
vn -0.707110 0.707104 0.000000
vn -0.707110 0.707104 0.000000
vn 0.000000 0.707108 0.707105
vn 0.000000 0.707108 0.707105
vn 0.000000 0.707108 0.707105
vn 0.000000 0.707108 0.707105
vn 0.707125 0.707089 0.000000
vn 0.707125 0.707089 0.000000
vn 0.707125 0.707089 0.000000
vn 0.707125 0.707089 0.000000
vn 0.000000 0.707056 -0.707158
vn 0.000000 0.707056 -0.707158
vn 0.000000 0.707056 -0.707158
vn 0.000000 0.707056 -0.707158
vn -0.707133 0.707081 0.000000
vn -0.707133 0.707081 0.000000
vn -0.707133 0.707081 0.000000
vn -0.707133 0.707081 0.000000
vn 0.000001 0.707108 0.707105
vn 0.000001 0.707108 0.707105
vn 0.000001 0.707108 0.707105
vn 0.000001 0.707108 0.707105
vn 0.707125 0.707089 0.000000
vn 0.707125 0.707089 0.000000
vn 0.707125 0.707089 0.000000
vn 0.707125 0.707089 0.000000
vn 0.000001 0.707056 -0.707158
vn 0.000001 0.707056 -0.707158
vn 0.000001 0.707056 -0.707158
vn 0.000001 0.707056 -0.707158
vn -0.707126 0.707088 0.000000
vn -0.707126 0.707088 0.000000
vn -0.707126 0.707088 0.000000
vn -0.707126 0.707088 0.000000
vn -0.000001 0.707003 0.707210
vn -0.000001 0.707003 0.707210
vn -0.000001 0.707003 0.707210
vn -0.000001 0.707003 0.707210
vn 0.707134 0.707080 -0.000001
vn 0.707134 0.707080 -0.000001
vn 0.707134 0.707080 -0.000001
vn 0.707134 0.707080 -0.000001
vn 0.000000 0.707056 -0.707157
vn 0.000000 0.707056 -0.707157
vn 0.000000 0.707056 -0.707157
vn 0.000000 0.707056 -0.707157
vn -0.707134 0.707080 -0.000001
vn -0.707134 0.707080 -0.000001
vn -0.707134 0.707080 -0.000001
vn -0.707134 0.707080 -0.000001
vn 0.000000 0.707004 0.707210
vn 0.000000 0.707004 0.707210
vn 0.000000 0.707004 0.707210
vn 0.000000 0.707004 0.707210
vn 0.707142 0.707072 -0.000001
vn 0.707141 0.707072 -0.000001
vn 0.707142 0.707072 -0.000001
vn 0.707141 0.707072 -0.000001
vn 0.000000 0.707056 -0.707158
vn 0.000000 0.707056 -0.707158
vn 0.000000 0.707056 -0.707158
vn 0.000000 0.707056 -0.707158
vn -0.707118 0.707095 -0.000001
vn -0.707119 0.707095 -0.000001
vn -0.707118 0.707095 -0.000001
vn -0.707119 0.707095 -0.000001
vn 0.000000 0.707003 0.707211
vn 0.000000 0.707003 0.707211
vn 0.000000 0.707003 0.707211
vn 0.000000 0.707003 0.707211
vn 0.707111 0.707103 -0.000001
vn 0.707111 0.707103 -0.000001
vn 0.707111 0.707103 -0.000001
vn 0.707111 0.707103 -0.000001
vn 0.000000 0.707055 -0.707158
vn 0.000000 0.707055 -0.707158
vn 0.000000 0.707055 -0.707158
vn 0.000000 0.707055 -0.707158
vn -0.707111 0.707103 -0.000001
vn -0.707111 0.707103 -0.000001
vn -0.707111 0.707103 -0.000001
vn -0.707111 0.707103 -0.000001
vn 0.000000 0.707004 0.707210
vn 0.000000 0.707004 0.707210
vn 0.000000 0.707004 0.707210
vn 0.000000 0.707004 0.707210
vn 0.707138 0.707076 -0.000001
vn 0.707138 0.707076 -0.000001
vn 0.707138 0.707076 -0.000001
vn 0.707138 0.707076 -0.000001
vn 0.000000 0.707056 -0.707157
vn 0.000000 0.707056 -0.707157
vn 0.000000 0.707056 -0.707157
vn 0.000000 0.707056 -0.707157
vn -0.707126 0.707088 -0.000001
vn -0.707126 0.707087 -0.000001
vn -0.707126 0.707088 -0.000001
vn -0.707126 0.707087 -0.000001
vn 0.000000 0.707004 0.707210
vn 0.000000 0.707004 0.707210
vn 0.000000 0.707004 0.707210
vn 0.000000 0.707004 0.707210
vn 0.707126 0.707087 -0.000001
vn 0.707126 0.707088 -0.000001
vn 0.707126 0.707087 -0.000001
vn 0.707126 0.707088 -0.000001
vn 0.000000 0.707056 -0.707157
vn 0.000000 0.707056 -0.707157
vn 0.000000 0.707056 -0.707157
vn 0.000000 0.707056 -0.707157
vn -0.707126 0.707088 -0.000001
vn -0.707126 0.707087 -0.000001
vn -0.707126 0.707088 -0.000001
vn -0.707126 0.707087 -0.000001
vn 0.000000 0.707003 0.707210
vn 0.000000 0.707003 0.707210
vn 0.000000 0.707003 0.707210
vn 0.000000 0.707003 0.707210
vn 0.707128 0.707085 -0.000001
vn 0.707128 0.707086 -0.000001
vn 0.707128 0.707085 -0.000001
vn 0.707128 0.707086 -0.000001
vn 0.000000 0.707056 -0.707157
vn 0.000000 0.707056 -0.707157
vn 0.000000 0.707056 -0.707157
vn 0.000000 0.707056 -0.707157
vn -0.707118 0.707096 -0.000001
vn -0.707118 0.707096 -0.000001
vn -0.707118 0.707096 -0.000001
vn -0.707118 0.707096 -0.000001
vn 0.000000 0.707003 0.707210
vn 0.000000 0.707003 0.707210
vn 0.000000 0.707003 0.707210
vn 0.000000 0.707003 0.707210
vn 0.707118 0.707096 -0.000001
vn 0.707118 0.707096 -0.000001
vn 0.707118 0.707096 -0.000001
vn 0.707118 0.707096 -0.000001
vn 0.000000 0.707056 -0.707158
vn 0.000000 0.707056 -0.707158
vn 0.000000 0.707056 -0.707158
vn 0.000000 0.707056 -0.707158
vn -0.707122 0.707091 -0.000001
vn -0.707122 0.707091 -0.000001
vn -0.707122 0.707091 -0.000001
vn -0.707122 0.707091 -0.000001
vn 0.000000 0.707003 0.707210
vn 0.000000 0.707003 0.707210
vn 0.000000 0.707003 0.707210
vn 0.000000 0.707003 0.707210
vn 0.707126 0.707087 -0.000001
vn 0.707126 0.707088 -0.000001
vn 0.707126 0.707087 -0.000001
vn 0.707126 0.707088 -0.000001
vn 0.000000 0.707056 -0.707158
vn 0.000000 0.707056 -0.707158
vn 0.000000 0.707056 -0.707158
vn 0.000000 0.707056 -0.707158
vn -0.707122 0.707091 -0.000001
vn -0.707122 0.707091 -0.000001
vn -0.707122 0.707091 -0.000001
vn -0.707122 0.707091 -0.000001
vn 0.000000 0.707004 0.707210
vn 0.000000 0.707004 0.707210
vn 0.000000 0.707004 0.707210
vn 0.000000 0.707004 0.707210
vn 0.707126 0.707087 -0.000001
vn 0.707126 0.707088 -0.000001
vn 0.707126 0.707087 -0.000001
vn 0.707126 0.707088 -0.000001
vn 0.000000 0.707056 -0.707158
vn 0.000000 0.707056 -0.707158
vn 0.000000 0.707056 -0.707158
vn 0.000000 0.707056 -0.707158
vn -0.707107 0.707107 -0.000001
vn -0.707107 0.707107 -0.000001
vn -0.707107 0.707107 -0.000001
vn -0.707107 0.707107 -0.000001
vn 0.000000 0.707003 0.707210
vn 0.000000 0.707003 0.707210
vn 0.000000 0.707003 0.707210
vn 0.000000 0.707003 0.707210
vn 0.707134 0.707080 -0.000001
vn 0.707134 0.707080 -0.000001
vn 0.707134 0.707080 -0.000001
vn 0.707134 0.707080 -0.000001
vn 0.000000 0.707056 -0.707158
vn 0.000000 0.707056 -0.707158
vn 0.000000 0.707056 -0.707158
vn 0.000000 0.707056 -0.707158
vn -0.707118 0.707095 -0.000001
vn -0.707119 0.707095 -0.000001
vn -0.707118 0.707095 -0.000001
vn -0.707119 0.707095 -0.000001
vn 0.000000 0.707004 0.707210
vn 0.000000 0.707004 0.707210
vn 0.000000 0.707004 0.707210
vn 0.000000 0.707004 0.707210
vn 0.707126 0.707087 -0.000001
vn 0.707126 0.707088 -0.000001
vn 0.707126 0.707087 -0.000001
vn 0.707126 0.707088 -0.000001
vn 0.000000 0.707056 -0.707158
vn 0.000000 0.707056 -0.707158
vn 0.000000 0.707056 -0.707158
vn 0.000000 0.707056 -0.707158
vn -0.707111 0.707103 -0.000001
vn -0.707111 0.707103 -0.000001
vn -0.707111 0.707103 -0.000001
vn -0.707111 0.707103 -0.000001
vn 0.000000 0.707004 0.707210
vn 0.000000 0.707004 0.707210
vn 0.000000 0.707004 0.707210
vn 0.000000 0.707004 0.707210
vn 0.707126 0.707087 -0.000001
vn 0.707126 0.707088 -0.000001
vn 0.707126 0.707087 -0.000001
vn 0.707126 0.707088 -0.000001
vn 0.000000 0.707056 -0.707158
vn 0.000000 0.707056 -0.707158
vn 0.000000 0.707056 -0.707158
vn 0.000000 0.707056 -0.707158
vn -0.707126 0.707088 -0.000001
vn -0.707126 0.707087 -0.000001
vn -0.707126 0.707088 -0.000001
vn -0.707126 0.707087 -0.000001
vn 0.000001 0.707003 0.707210
vn 0.000001 0.707003 0.707210
vn 0.000001 0.707003 0.707210
vn 0.000001 0.707003 0.707210
vn 0.707126 0.707088 0.000000
vn 0.707126 0.707088 0.000000
vn 0.707126 0.707088 0.000000
vn 0.707126 0.707088 0.000000
vn 0.000000 0.707056 -0.707157
vn 0.000000 0.707056 -0.707157
vn 0.000000 0.707056 -0.707157
vn 0.000000 0.707056 -0.707157
vn -0.706757 0.001728 0.707454
vn -0.706757 0.001728 0.707454
vn -0.706757 0.001728 0.707454
vn -0.706757 0.001728 0.707454
vn -0.686453 0.727037 0.014112
vn -0.687041 0.726503 0.012965
vn -0.687009 0.726534 -0.012911
vn -0.686427 0.727063 -0.014048
vn -0.000012 0.713496 0.700659
vn -0.000012 0.713496 0.700659
vn -0.000012 0.713343 0.700815
vn -0.000012 0.713342 0.700816
vn -0.000000 0.000000 1.000000
vn 0.000000 0.000000 1.000000
vn 0.000000 0.000000 1.000000
vn -0.000000 0.000000 1.000000
vn 0.000000 0.707080 0.707133
vn 0.000000 0.707080 0.707133
vn 0.000000 0.707080 0.707133
vn 0.000000 0.707080 0.707133
vn 0.000000 0.000000 -1.000000
vn 0.000000 0.000000 -1.000000
vn 0.000000 0.000000 -1.000000
vn 0.000000 0.000000 -1.000000
vn 0.000000 0.707080 -0.707133
vn 0.000000 0.707080 -0.707133
vn 0.000000 0.707080 -0.707133
vn 0.000000 0.707080 -0.707133
vn -0.000071 0.711627 -0.702557
vn -0.000071 0.711628 -0.702556
vn -0.000073 0.711740 -0.702443
vn -0.000073 0.711740 -0.702443
vn -0.706731 0.001733 -0.707480
vn -0.706731 0.001733 -0.707480
vn -0.706731 0.001733 -0.707481
vn -0.706731 0.001733 -0.707480
vn 0.000000 0.000000 1.000000
vn 0.000000 0.000000 1.000000
vn 0.000000 0.000000 1.000000
vn 0.000000 0.000000 1.000000
vn 0.000000 0.707080 0.707133
vn 0.000000 0.707080 0.707133
vn 0.000000 0.707080 0.707133
vn 0.000000 0.707080 0.707133
vn 0.000000 0.000000 -1.000000
vn 0.000000 0.000000 -1.000000
vn 0.000000 0.000000 -1.000000
vn 0.000000 0.000000 -1.000000
vn 0.000000 0.707080 -0.707133
vn 0.000000 0.707080 -0.707133
vn 0.000000 0.707080 -0.707133
vn 0.000000 0.707080 -0.707133
vn 0.000000 0.000000 1.000000
vn 0.000000 0.000000 1.000000
vn 0.000000 0.000000 1.000000
vn 0.000000 0.000000 1.000000
vn 0.000000 0.707080 0.707133
vn 0.000000 0.707080 0.707133
vn 0.000000 0.707080 0.707133
vn 0.000000 0.707080 0.707133
vn 0.000000 0.000000 -1.000000
vn 0.000000 0.000000 -1.000000
vn 0.000000 0.000000 -1.000000
vn 0.000000 0.000000 -1.000000
vn 0.000000 0.707080 -0.707133
vn 0.000000 0.707080 -0.707133
vn 0.000000 0.707080 -0.707133
vn 0.000000 0.707080 -0.707133
vn 0.000000 0.000000 1.000000
vn 0.000000 0.000000 1.000000
vn 0.000000 0.000000 1.000000
vn 0.000000 0.000000 1.000000
vn 0.000000 0.707080 0.707133
vn 0.000000 0.707080 0.707133
vn 0.000000 0.707080 0.707133
vn 0.000000 0.707080 0.707133
vn 0.000000 0.000000 -1.000000
vn 0.000000 0.000000 -1.000000
vn 0.000000 0.000000 -1.000000
vn 0.000000 0.000000 -1.000000
vn 0.000000 0.707080 -0.707133
vn 0.000000 0.707080 -0.707133
vn 0.000000 0.707080 -0.707133
vn 0.000000 0.707080 -0.707133
vn 0.000000 0.000000 1.000000
vn 0.000000 0.000000 1.000000
vn 0.000000 0.000000 1.000000
vn 0.000000 0.000000 1.000000
vn 0.000073 0.711614 0.702570
vn 0.000073 0.711615 0.702569
vn 0.000074 0.711726 0.702457
vn 0.000074 0.711726 0.702457
vn 0.000000 0.000000 -1.000000
vn 0.000000 0.000000 -1.000000
vn 0.000000 0.000000 -1.000000
vn 0.000000 0.000000 -1.000000
vn 0.000012 0.713331 -0.700827
vn 0.000012 0.713330 -0.700828
vn 0.000012 0.713484 -0.700672
vn 0.000012 0.713484 -0.700672
vn 0.706770 0.001725 0.707441
vn 0.706770 0.001725 0.707441
vn 0.706770 0.001725 0.707441
vn 0.706770 0.001725 0.707441
vn 0.686989 0.726553 0.012904
vn 0.686404 0.727085 0.014049
vn 0.686431 0.727058 -0.014110
vn 0.687013 0.726529 -0.012971
vn 0.706744 0.001733 -0.707468
vn 0.706744 0.001733 -0.707468
vn 0.706744 0.001733 -0.707468
vn 0.706744 0.001733 -0.707468
vn -0.707121 0.707093 0.000001
vn -0.707121 0.707093 0.000001
vn -0.707121 0.707093 0.000001
vn -0.707121 0.707093 0.000001
vn 0.000000 0.707108 0.707105
vn 0.000000 0.707108 0.707105
vn 0.000000 0.707108 0.707105
vn 0.000000 0.707108 0.707105
vn 0.000000 0.707108 0.707105
vn 0.000000 0.707108 0.707105
vn 0.000000 0.707108 0.707105
vn 0.000000 0.707108 0.707105
vn 0.000000 1.000000 0.000001
vn 0.000000 1.000000 0.000001
vn 0.000000 1.000000 0.000001
vn 0.000000 1.000000 0.000001
vn 0.000000 0.707108 -0.707105
vn 0.000000 0.707108 -0.707105
vn 0.000000 0.707108 -0.707105
vn 0.000000 0.707108 -0.707105
vn 0.000000 0.707108 -0.707106
vn 0.000000 0.707108 -0.707106
vn 0.000000 0.707108 -0.707106
vn 0.000000 0.707108 -0.707106
vn 0.000000 0.707108 0.707105
vn 0.000000 0.707108 0.707105
vn 0.000000 0.707108 0.707105
vn 0.000000 0.707108 0.707105
vn 0.000000 1.000000 0.000001
vn 0.000000 1.000000 0.000001
vn 0.000000 1.000000 0.000001
vn 0.000000 1.000000 0.000001
vn 0.000000 0.707109 -0.707105
vn 0.000000 0.707109 -0.707105
vn 0.000000 0.707109 -0.707105
vn 0.000000 0.707109 -0.707105
vn 0.000000 0.707108 0.707106
vn 0.000000 0.707108 0.707106
vn 0.000000 0.707108 0.707106
vn 0.000000 0.707108 0.707106
vn 0.000000 1.000000 0.000001
vn 0.000000 1.000000 0.000001
vn 0.000000 1.000000 0.000001
vn 0.000000 1.000000 0.000001
vn 0.000000 0.707108 -0.707105
vn 0.000000 0.707108 -0.707105
vn 0.000000 0.707108 -0.707105
vn 0.000000 0.707108 -0.707105
vn 0.000000 0.707108 0.707106
vn 0.000000 0.707108 0.707106
vn 0.000000 0.707108 0.707105
vn 0.000000 0.707108 0.707105
vn 0.000000 1.000000 0.000001
vn 0.000000 1.000000 0.000001
vn 0.000000 1.000000 0.000001
vn 0.000000 1.000000 0.000001
vn 0.000000 0.707108 -0.707105
vn 0.000000 0.707108 -0.707105
vn 0.000000 0.707108 -0.707105
vn 0.000000 0.707108 -0.707105
vn 0.000000 0.707109 0.707105
vn 0.000000 0.707109 0.707105
vn 0.000000 0.707109 0.707105
vn 0.000000 0.707109 0.707105
vn 0.000000 1.000000 0.000001
vn 0.000000 1.000000 0.000001
vn 0.000000 1.000000 0.000001
vn 0.000000 1.000000 0.000001
vn 0.000000 0.707108 -0.707105
vn 0.000000 0.707108 -0.707105
vn 0.000000 0.707108 -0.707105
vn 0.000000 0.707108 -0.707105
vn 0.707133 0.707080 0.000001
vn 0.707133 0.707080 0.000001
vn 0.707133 0.707080 0.000001
vn 0.707133 0.707080 0.000001
vn 0.707102 0.707111 0.000000
vn 0.707102 0.707111 0.000000
vn 0.707103 0.707111 0.000000
vn 0.707103 0.707111 0.000000
vn 0.000000 0.707133 -0.707081
vn 0.000000 0.707133 -0.707081
vn 0.000000 0.707133 -0.707081
vn 0.000000 0.707133 -0.707081
vn 0.000000 0.707132 -0.707081
vn 0.000000 0.707132 -0.707081
vn 0.000000 0.707132 -0.707081
vn 0.000000 0.707132 -0.707081
vn 0.000000 1.000000 0.000000
vn 0.000000 1.000000 0.000000
vn 0.000000 1.000000 0.000000
vn 0.000000 1.000000 0.000000
vn 0.000000 1.000000 0.000000
vn 0.000000 1.000000 0.000000
vn 0.000000 1.000000 0.000000
vn 0.000000 1.000000 0.000000
vn 0.000000 1.000000 0.000000
vn 0.000000 1.000000 0.000000
vn 0.000000 1.000000 0.000000
vn 0.000000 1.000000 0.000000
vn 0.707103 0.707111 0.000000
vn 0.707103 0.707111 0.000000
vn 0.707103 0.707111 0.000000
vn 0.707103 0.707111 0.000000
vn 0.000000 0.707132 -0.707081
vn 0.000000 0.707132 -0.707081
vn 0.000000 0.707132 -0.707081
vn 0.000000 0.707132 -0.707081
vn 0.000000 1.000000 0.000000
vn 0.000000 1.000000 0.000000
vn 0.000000 1.000000 0.000000
vn 0.000000 1.000000 0.000000
vn 0.000000 1.000000 0.000000
vn 0.000000 1.000000 0.000000
vn 0.000000 1.000000 0.000000
vn 0.000000 1.000000 0.000000
vn 0.000000 0.707133 -0.707081
vn 0.000000 0.707133 -0.707081
vn 0.000000 0.707133 -0.707081
vn 0.000000 0.707133 -0.707081
vn 0.000000 1.000000 0.000000
vn 0.000000 1.000000 0.000000
vn 0.000000 1.000000 0.000000
vn 0.000000 1.000000 0.000000
vn 0.000000 1.000000 0.000000
vn 0.000000 1.000000 0.000000
vn 0.000000 1.000000 0.000000
vn 0.000000 1.000000 0.000000
vn 0.000000 0.707133 -0.707081
vn 0.000000 0.707133 -0.707081
vn 0.000000 0.707133 -0.707081
vn 0.000000 0.707133 -0.707081
vn 0.000000 1.000000 0.000000
vn 0.000000 1.000000 0.000000
vn 0.000000 1.000000 0.000000
vn 0.000000 1.000000 0.000000
vn 0.000000 1.000000 0.000000
vn 0.000000 1.000000 0.000000
vn 0.000000 1.000000 0.000000
vn 0.000000 1.000000 0.000000
vn -0.707109 0.707104 0.000000
vn -0.707109 0.707104 0.000000
vn -0.707109 0.707105 0.000000
vn -0.707109 0.707105 0.000000
vn -0.707103 0.707111 0.000000
vn -0.707103 0.707111 0.000000
vn -0.707103 0.707111 0.000000
vn -0.707103 0.707111 0.000000
vn 0.000000 0.707132 0.707081
vn 0.000000 0.707132 0.707081
vn 0.000000 0.707132 0.707081
vn 0.000000 0.707132 0.707081
vn 0.000000 0.707133 0.707081
vn 0.000000 0.707133 0.707081
vn 0.000000 0.707133 0.707081
vn 0.000000 0.707133 0.707081
vn 0.000000 0.707132 0.707081
vn 0.000000 0.707132 0.707081
vn 0.000000 0.707132 0.707081
vn 0.000000 0.707132 0.707081
vn 0.000000 0.707133 0.707081
vn 0.000000 0.707133 0.707081
vn 0.000000 0.707133 0.707081
vn 0.000000 0.707133 0.707081
vn 0.000000 0.707133 0.707081
vn 0.000000 0.707133 0.707081
vn 0.000000 0.707133 0.707081
vn 0.000000 0.707133 0.707081
vn -0.704567 -0.131337 -0.697378
vn -0.704563 -0.131377 -0.697374
vn -0.704552 -0.131521 -0.697359
vn -0.704552 -0.131521 -0.697359
vn 0.000001 -0.003669 -0.999993
vn 0.000000 -0.185132 -0.982714
vn 0.000000 -0.185131 -0.982714
vn 0.000000 -0.003687 -0.999993
vn -0.707480 -0.002541 -0.706729
vn -0.707474 -0.002379 -0.706735
vn -0.707380 0.000015 -0.706834
vn -0.707380 0.000015 -0.706834
vn -0.000000 -0.185131 -0.982714
vn 0.000000 -0.185347 -0.982673
vn 0.000000 -0.185347 -0.982673
vn -0.000000 -0.003656 -0.999993
vn -0.000000 -0.185131 -0.982714
vn 0.000000 -0.003679 -0.999993
vn -0.000000 0.000000 -1.000000
vn -0.000000 0.000000 -1.000000
vn 0.000000 -0.707181 -0.707032
vn 0.000000 -0.707181 -0.707032
vn 0.000000 -0.707181 -0.707032
vn 0.000000 -0.707181 -0.707032
vn 0.000000 -0.707181 -0.707033
vn 0.000000 -0.707181 -0.707033
vn 0.000000 -0.707181 -0.707033
vn 0.000000 -0.707181 -0.707033
vn -0.000000 -0.185131 -0.982714
vn 0.000000 -0.185347 -0.982673
vn 0.000000 -0.185347 -0.982673
vn -0.000000 -0.003656 -0.999993
vn -0.000000 -0.185131 -0.982714
vn 0.000000 -0.003679 -0.999993
vn -0.000000 0.000000 -1.000000
vn -0.000000 0.000000 -1.000000
vn 0.000000 -0.707181 -0.707032
vn 0.000000 -0.707181 -0.707032
vn 0.000000 -0.707181 -0.707032
vn 0.000000 -0.707181 -0.707032
vn -0.000000 -0.185131 -0.982714
vn 0.000000 -0.185347 -0.982673
vn 0.000000 -0.185347 -0.982673
vn -0.000000 -0.003656 -0.999993
vn -0.000000 -0.185131 -0.982714
vn 0.000000 -0.003679 -0.999993
vn -0.000000 0.000000 -1.000000
vn -0.000000 0.000000 -1.000000
vn 0.000000 -0.707181 -0.707032
vn 0.000000 -0.707181 -0.707032
vn 0.000000 -0.707181 -0.707033
vn 0.000000 -0.707181 -0.707033
vn -0.000000 -0.185131 -0.982714
vn 0.000000 -0.185347 -0.982673
vn 0.000000 -0.185347 -0.982673
vn -0.000000 -0.003656 -0.999993
vn -0.000000 -0.185131 -0.982714
vn 0.000000 -0.003679 -0.999993
vn -0.000000 0.000000 -1.000000
vn -0.000000 0.000000 -1.000000
vn 0.000000 -0.707181 -0.707033
vn 0.000000 -0.707181 -0.707033
vn 0.000000 -0.707181 -0.707033
vn 0.000000 -0.707181 -0.707033
vn -0.000000 -0.185131 -0.982714
vn 0.000000 -0.185347 -0.982673
vn 0.000000 -0.185347 -0.982673
vn -0.000000 -0.003656 -0.999993
vn -0.000000 -0.185131 -0.982714
vn 0.000000 -0.003679 -0.999993
vn -0.000000 0.000000 -1.000000
vn 0.000000 0.000000 -1.000000
vn 0.000000 -0.707181 -0.707033
vn 0.000000 -0.707181 -0.707033
vn 0.000000 -0.707181 -0.707033
vn 0.000000 -0.707181 -0.707033
vn -0.000000 -0.185131 -0.982714
vn 0.000000 -0.185347 -0.982673
vn 0.000000 -0.185347 -0.982673
vn -0.000000 -0.003656 -0.999993
vn -0.000000 -0.185131 -0.982714
vn 0.000000 -0.003679 -0.999993
vn -0.000000 0.000000 -1.000000
vn 0.000000 0.000000 -1.000000
vn 0.000000 -0.707181 -0.707032
vn 0.000000 -0.707181 -0.707032
vn 0.000000 -0.707181 -0.707032
vn 0.000000 -0.707181 -0.707032
vn -0.000000 -0.185131 -0.982714
vn 0.000000 -0.185347 -0.982673
vn 0.000000 -0.185347 -0.982673
vn -0.000000 -0.003656 -0.999993
vn -0.000000 -0.185131 -0.982714
vn 0.000000 -0.003679 -0.999993
vn -0.000000 0.000000 -1.000000
vn -0.000000 0.000000 -1.000000
vn 0.000000 -0.707181 -0.707033
vn 0.000000 -0.707181 -0.707033
vn 0.000000 -0.707181 -0.707033
vn 0.000000 -0.707181 -0.707033
vn -0.000000 -0.185131 -0.982714
vn 0.000000 -0.185347 -0.982673
vn 0.000000 -0.185347 -0.982673
vn -0.000000 -0.003656 -0.999993
vn -0.000000 -0.185131 -0.982714
vn 0.000000 -0.003679 -0.999993
vn -0.000000 0.000000 -1.000000
vn 0.000000 0.000000 -1.000000
vn 0.000000 -0.707181 -0.707033
vn 0.000000 -0.707181 -0.707033
vn 0.000000 -0.707181 -0.707033
vn 0.000000 -0.707181 -0.707033
vn -0.000000 -0.185131 -0.982714
vn 0.000000 -0.185347 -0.982673
vn 0.000000 -0.185347 -0.982673
vn -0.000000 -0.003656 -0.999993
vn -0.000000 -0.185131 -0.982714
vn 0.000000 -0.003679 -0.999993
vn -0.000000 0.000000 -1.000000
vn 0.000000 0.000000 -1.000000
vn 0.000000 -0.707181 -0.707032
vn 0.000000 -0.707181 -0.707032
vn 0.000000 -0.707181 -0.707032
vn 0.000000 -0.707181 -0.707032
vn -0.000000 -0.185131 -0.982714
vn 0.000000 -0.185347 -0.982673
vn 0.000000 -0.185347 -0.982673
vn -0.000000 -0.003656 -0.999993
vn -0.000000 -0.185131 -0.982714
vn 0.000000 -0.003679 -0.999993
vn -0.000000 0.000000 -1.000000
vn -0.000000 0.000000 -1.000000
vn 0.000000 -0.707181 -0.707032
vn 0.000000 -0.707181 -0.707032
vn 0.000000 -0.707181 -0.707032
vn 0.000000 -0.707181 -0.707032
vn -0.000000 -0.185131 -0.982714
vn 0.000000 -0.185347 -0.982673
vn 0.000000 -0.185347 -0.982673
vn -0.000000 -0.003656 -0.999993
vn -0.000000 -0.185131 -0.982714
vn 0.000000 -0.003679 -0.999993
vn -0.000000 0.000000 -1.000000
vn -0.000000 0.000000 -1.000000
vn 0.000000 -0.707181 -0.707033
vn 0.000000 -0.707181 -0.707033
vn 0.000000 -0.707181 -0.707033
vn 0.000000 -0.707181 -0.707033
vn -0.000000 -0.185131 -0.982714
vn 0.000000 -0.185347 -0.982673
vn 0.000000 -0.185347 -0.982673
vn -0.000000 -0.003656 -0.999993
vn -0.000000 -0.185131 -0.982714
vn 0.000000 -0.003679 -0.999993
vn -0.000000 0.000000 -1.000000
vn 0.000000 0.000000 -1.000000
vn 0.000000 -0.707181 -0.707033
vn 0.000000 -0.707181 -0.707033
vn 0.000000 -0.707181 -0.707033
vn 0.000000 -0.707181 -0.707033
vn -0.000000 -0.185131 -0.982714
vn 0.000000 -0.185347 -0.982673
vn 0.000000 -0.185347 -0.982673
vn -0.000000 -0.003656 -0.999993
vn -0.000000 -0.185131 -0.982714
vn 0.000000 -0.003679 -0.999993
vn -0.000000 0.000000 -1.000000
vn 0.000000 0.000000 -1.000000
vn 0.000000 -0.707181 -0.707033
vn 0.000000 -0.707181 -0.707033
vn 0.000000 -0.707181 -0.707033
vn 0.000000 -0.707181 -0.707033
vn -0.000000 -0.185130 -0.982714
vn 0.000000 -0.185347 -0.982673
vn 0.000000 -0.185347 -0.982673
vn -0.000001 -0.003669 -0.999993
vn -0.000000 -0.185131 -0.982714
vn -0.000000 -0.003675 -0.999993
vn -0.000001 0.000000 -1.000000
vn 0.000000 0.000000 -1.000000
vn 0.000000 -0.707181 -0.707033
vn 0.000000 -0.707181 -0.707033
vn 0.000000 -0.707181 -0.707033
vn 0.000000 -0.707181 -0.707033
vn 0.704584 -0.131376 -0.697354
vn 0.704587 -0.131336 -0.697358
vn 0.704572 -0.131520 -0.697339
vn 0.704572 -0.131520 -0.697339
vn 0.707484 -0.002378 -0.706725
vn 0.707491 -0.002540 -0.706718
vn 0.707390 0.000016 -0.706824
vn 0.707390 0.000016 -0.706824
vn -0.000000 0.184050 0.982917
vn -0.000007 0.184052 0.982917
vn 0.000001 0.184049 0.982917
vn -0.000002 0.184051 0.982917
vn -0.000119 0.811954 0.583721
vn -0.000119 0.811954 0.583721
vn -0.000117 0.812113 0.583500
vn -0.000117 0.812115 0.583498
vn -0.704361 0.700257 -0.116256
vn -0.704361 0.700257 -0.116256
vn -0.704361 0.700257 -0.116256
vn -0.704361 0.700257 -0.116256
vn 0.000000 0.184051 0.982917
vn 0.000000 0.184050 0.982917
vn 0.000000 0.184050 0.982917
vn 0.000000 0.184051 0.982917
vn 0.000000 0.819197 0.573513
vn 0.000000 0.819197 0.573513
vn 0.000000 0.819197 0.573513
vn 0.000000 0.819197 0.573513
vn 0.000007 0.986615 -0.163069
vn 0.000000 0.986615 -0.163069
vn 0.000000 0.986615 -0.163069
vn 0.000007 0.986615 -0.163069
vn 0.000000 0.573198 -0.819417
vn 0.000000 0.573198 -0.819417
vn 0.000000 0.573198 -0.819417
vn 0.000000 0.573198 -0.819417
vn 0.000066 0.570776 -0.821106
vn 0.000066 0.570776 -0.821106
vn 0.000067 0.570721 -0.821144
vn 0.000067 0.570721 -0.821144
vn 0.000000 0.184051 0.982917
vn 0.000000 0.184051 0.982917
vn 0.000000 0.184051 0.982917
vn 0.000000 0.184051 0.982917
vn 0.000000 0.819197 0.573512
vn 0.000000 0.819197 0.573512
vn 0.000000 0.819197 0.573513
vn 0.000000 0.819197 0.573513
vn 0.000000 0.986615 -0.163069
vn 0.000000 0.986615 -0.163069
vn 0.000000 0.986615 -0.163069
vn 0.000000 0.986615 -0.163069
vn 0.000000 0.573198 -0.819417
vn 0.000000 0.573198 -0.819417
vn 0.000000 0.573198 -0.819417
vn 0.000000 0.573198 -0.819417
vn 0.000000 0.184051 0.982917
vn 0.000000 0.184051 0.982917
vn 0.000000 0.184051 0.982917
vn 0.000000 0.184051 0.982917
vn 0.000000 0.819197 0.573513
vn 0.000000 0.819197 0.573513
vn 0.000000 0.819197 0.573512
vn 0.000000 0.819197 0.573512
vn 0.000000 0.986615 -0.163069
vn 0.000000 0.986615 -0.163069
vn 0.000000 0.986615 -0.163069
vn 0.000000 0.986615 -0.163069
vn 0.000000 0.573198 -0.819417
vn 0.000000 0.573198 -0.819417
vn 0.000000 0.573198 -0.819417
vn 0.000000 0.573198 -0.819417
vn 0.000000 0.184051 0.982917
vn 0.000000 0.184051 0.982917
vn 0.000000 0.184051 0.982917
vn 0.000000 0.184051 0.982917
vn 0.000000 0.819197 0.573512
vn 0.000000 0.819197 0.573512
vn 0.000000 0.819196 0.573513
vn 0.000000 0.819196 0.573513
vn 0.000000 0.986615 -0.163069
vn 0.000000 0.986615 -0.163069
vn 0.000000 0.986615 -0.163069
vn 0.000000 0.986615 -0.163069
vn 0.000000 0.573198 -0.819417
vn 0.000000 0.573198 -0.819417
vn 0.000000 0.573198 -0.819417
vn 0.000000 0.573198 -0.819417
vn 0.000000 0.184051 0.982917
vn 0.000000 0.184051 0.982917
vn 0.000000 0.184051 0.982917
vn 0.000000 0.184051 0.982917
vn 0.000000 0.819196 0.573513
vn 0.000000 0.819196 0.573513
vn 0.000000 0.819196 0.573513
vn 0.000000 0.819196 0.573513
vn 0.000000 0.986615 -0.163069
vn 0.000000 0.986615 -0.163069
vn 0.000000 0.986615 -0.163069
vn 0.000000 0.986615 -0.163069
vn 0.000000 0.573198 -0.819417
vn 0.000000 0.573198 -0.819417
vn 0.000000 0.573198 -0.819417
vn 0.000000 0.573198 -0.819417
vn 0.000000 0.184051 0.982917
vn 0.000000 0.184051 0.982917
vn 0.000000 0.184051 0.982917
vn 0.000000 0.184051 0.982917
vn 0.000000 0.819197 0.573513
vn 0.000000 0.819197 0.573513
vn 0.000000 0.819197 0.573513
vn 0.000000 0.819197 0.573513
vn 0.000000 0.986615 -0.163069
vn 0.000000 0.986615 -0.163069
vn 0.000000 0.986615 -0.163069
vn 0.000000 0.986615 -0.163069
vn 0.000000 0.573198 -0.819417
vn 0.000000 0.573198 -0.819417
vn 0.000000 0.573198 -0.819417
vn 0.000000 0.573198 -0.819417
vn 0.000000 0.184051 0.982917
vn 0.000000 0.184051 0.982917
vn 0.000000 0.184051 0.982917
vn 0.000000 0.184051 0.982917
vn 0.000000 0.819197 0.573512
vn 0.000000 0.819197 0.573512
vn 0.000000 0.819197 0.573513
vn 0.000000 0.819197 0.573513
vn 0.000000 0.986615 -0.163069
vn 0.000000 0.986615 -0.163067
vn 0.000000 0.986615 -0.163067
vn 0.000000 0.986615 -0.163069
vn 0.000000 0.573177 -0.819432
vn 0.000000 0.573177 -0.819432
vn 0.000000 0.573177 -0.819431
vn 0.000000 0.573177 -0.819431
vn 0.000000 0.184051 0.982917
vn 0.000000 0.184051 0.982917
vn 0.000000 0.184051 0.982917
vn 0.000000 0.184051 0.982917
vn 0.000000 0.819197 0.573512
vn 0.000000 0.819197 0.573512
vn 0.000000 0.819197 0.573512
vn 0.000000 0.819197 0.573512
vn 0.000000 0.986615 -0.163067
vn 0.000000 0.986615 -0.163067
vn 0.000000 0.986615 -0.163067
vn 0.000000 0.986615 -0.163067
vn 0.000000 0.573199 -0.819416
vn 0.000000 0.573199 -0.819416
vn 0.000000 0.573198 -0.819417
vn 0.000000 0.573198 -0.819417
vn 0.000000 0.184051 0.982917
vn 0.000000 0.184051 0.982917
vn 0.000000 0.184051 0.982917
vn 0.000000 0.184051 0.982917
vn 0.000000 0.819197 0.573513
vn 0.000000 0.819197 0.573513
vn 0.000000 0.819197 0.573513
vn 0.000000 0.819197 0.573513
vn 0.000000 0.986615 -0.163067
vn 0.000000 0.986615 -0.163069
vn 0.000000 0.986615 -0.163069
vn 0.000000 0.986615 -0.163067
vn 0.000000 0.573198 -0.819417
vn 0.000000 0.573198 -0.819417
vn 0.000000 0.573198 -0.819417
vn 0.000000 0.573198 -0.819417
vn 0.000000 0.184051 0.982917
vn 0.000000 0.184051 0.982917
vn 0.000000 0.184051 0.982917
vn 0.000000 0.184051 0.982917
vn 0.000000 0.819197 0.573513
vn 0.000000 0.819197 0.573513
vn 0.000000 0.819197 0.573513
vn 0.000000 0.819197 0.573513
vn 0.000000 0.986615 -0.163069
vn 0.000000 0.986615 -0.163069
vn 0.000000 0.986615 -0.163069
vn 0.000000 0.986615 -0.163069
vn 0.000000 0.573198 -0.819417
vn 0.000000 0.573198 -0.819417
vn 0.000000 0.573198 -0.819417
vn 0.000000 0.573198 -0.819417
vn 0.000000 0.184051 0.982917
vn 0.000000 0.184051 0.982917
vn 0.000000 0.184051 0.982917
vn 0.000000 0.184051 0.982917
vn 0.000000 0.819197 0.573513
vn 0.000000 0.819197 0.573513
vn 0.000000 0.819197 0.573513
vn 0.000000 0.819197 0.573513
vn 0.000000 0.986615 -0.163069
vn 0.000000 0.986615 -0.163067
vn 0.000000 0.986615 -0.163067
vn 0.000000 0.986615 -0.163069
vn 0.000000 0.573177 -0.819432
vn 0.000000 0.573177 -0.819432
vn 0.000000 0.573177 -0.819432
vn 0.000000 0.573177 -0.819432
vn 0.000000 0.184051 0.982917
vn 0.000000 0.184051 0.982917
vn 0.000000 0.184051 0.982917
vn 0.000000 0.184051 0.982917
vn 0.000000 0.819197 0.573512
vn 0.000000 0.819197 0.573512
vn 0.000000 0.819197 0.573512
vn 0.000000 0.819197 0.573512
vn 0.000000 0.986615 -0.163067
vn 0.000000 0.986615 -0.163068
vn 0.000000 0.986615 -0.163068
vn 0.000000 0.986615 -0.163067
vn 0.000000 0.573199 -0.819416
vn 0.000000 0.573199 -0.819416
vn 0.000000 0.573199 -0.819416
vn 0.000000 0.573199 -0.819416
vn 0.000000 0.184051 0.982917
vn 0.000000 0.184051 0.982917
vn 0.000000 0.184051 0.982917
vn 0.000000 0.184051 0.982917
vn 0.000000 0.819197 0.573513
vn 0.000000 0.819197 0.573513
vn 0.000000 0.819197 0.573513
vn 0.000000 0.819197 0.573513
vn 0.000000 0.986615 -0.163068
vn 0.000000 0.986615 -0.163067
vn 0.000000 0.986615 -0.163067
vn 0.000000 0.986615 -0.163068
vn 0.000000 0.573177 -0.819432
vn 0.000000 0.573177 -0.819432
vn 0.000000 0.573177 -0.819431
vn 0.000000 0.573177 -0.819431
vn 0.000002 0.184048 0.982917
vn 0.000000 0.184051 0.982917
vn 0.000000 0.184051 0.982917
vn 0.000002 0.184048 0.982917
vn 0.000010 0.809387 0.587275
vn 0.000010 0.809385 0.587278
vn 0.000010 0.809164 0.587583
vn 0.000010 0.809164 0.587583
vn 0.000000 0.986615 -0.163067
vn -0.000002 0.986614 -0.163071
vn -0.000002 0.986614 -0.163071
vn 0.000000 0.986615 -0.163067
vn 0.000000 0.573211 -0.819408
vn 0.000000 0.573211 -0.819408
vn 0.000000 0.573211 -0.819408
vn 0.000000 0.573211 -0.819408
vn -0.000009 0.184054 0.982916
vn 0.000002 0.184048 0.982917
vn 0.000000 0.184049 0.982917
vn -0.000003 0.184050 0.982917
vn 0.709266 0.695407 -0.115544
vn 0.709266 0.695407 -0.115544
vn 0.709267 0.695407 -0.115544
vn 0.709266 0.695407 -0.115544
vn 0.708956 0.693457 -0.128450
vn 0.708956 0.693457 -0.128450
vn 0.708956 0.693457 -0.128450
vn 0.708956 0.693457 -0.128450
vn 0.701040 0.131259 0.700938
vn 0.701040 0.131259 0.700938
vn 0.701040 0.131259 0.700938
vn 0.701040 0.131259 0.700938
vn 0.030099 0.804826 0.592747
vn 0.001192 0.817150 0.576423
vn -0.000031 0.817916 0.575338
vn -0.000031 0.817918 0.575334
vn 0.000001 0.982917 -0.184049
vn 0.000000 0.982918 -0.184046
vn 0.000000 0.982918 -0.184046
vn 0.000001 0.982917 -0.184049
vn 0.000000 0.825186 0.564861
vn 0.000000 0.825186 0.564861
vn 0.000000 0.825186 0.564861
vn 0.000000 0.825186 0.564861
vn 0.000000 -0.982915 0.184059
vn 0.000004 -0.982917 0.184047
vn 0.000004 -0.982917 0.184047
vn 0.000000 -0.982915 0.184059
vn 0.000000 -0.564891 0.825166
vn 0.000000 -0.564891 0.825166
vn 0.000000 -0.564891 0.825166
vn 0.000000 -0.564891 0.825166
vn 0.000031 -0.555666 0.831406
vn 0.000031 -0.555662 0.831408
vn 0.001009 -0.554745 0.832020
vn 0.030372 -0.536930 0.843080
vn 0.709012 -0.692896 0.131136
vn 0.709012 -0.692896 0.131136
vn 0.709012 -0.692896 0.131136
vn 0.709012 -0.692896 0.131136
vn 0.000000 0.982918 -0.184046
vn 0.000000 0.982918 -0.184046
vn 0.000000 0.982918 -0.184046
vn 0.000000 0.982918 -0.184046
vn 0.000000 0.825186 0.564861
vn 0.000000 0.825186 0.564861
vn 0.000000 0.825186 0.564861
vn 0.000000 0.825186 0.564861
vn 0.000000 -0.982915 0.184059
vn 0.000000 -0.982915 0.184059
vn 0.000000 -0.982915 0.184059
vn 0.000000 -0.982915 0.184059
vn 0.000000 -0.564891 0.825166
vn 0.000000 -0.564891 0.825166
vn 0.000000 -0.564891 0.825166
vn 0.000000 -0.564891 0.825166
vn 0.000000 0.982918 -0.184046
vn 0.000000 0.982918 -0.184046
vn 0.000000 0.982918 -0.184046
vn 0.000000 0.982918 -0.184046
vn 0.000000 0.825186 0.564861
vn 0.000000 0.825186 0.564861
vn 0.000000 0.825186 0.564861
vn 0.000000 0.825186 0.564861
vn 0.000000 -0.982915 0.184059
vn 0.000000 -0.982915 0.184059
vn 0.000000 -0.982915 0.184059
vn 0.000000 -0.982915 0.184059
vn 0.000000 -0.564891 0.825166
vn 0.000000 -0.564891 0.825166
vn 0.000000 -0.564891 0.825165
vn 0.000000 -0.564891 0.825165
vn 0.000000 0.982918 -0.184046
vn 0.000000 0.982918 -0.184046
vn 0.000000 0.982918 -0.184046
vn 0.000000 0.982918 -0.184046
vn 0.000000 0.825186 0.564861
vn 0.000000 0.825186 0.564861
vn 0.000000 0.825186 0.564861
vn 0.000000 0.825186 0.564861
vn 0.000000 -0.982915 0.184059
vn 0.000000 -0.982915 0.184059
vn 0.000000 -0.982915 0.184059
vn 0.000000 -0.982915 0.184059
vn 0.000000 -0.564891 0.825165
vn 0.000000 -0.564891 0.825165
vn 0.000000 -0.564891 0.825166
vn 0.000000 -0.564891 0.825166
vn 0.000000 0.982918 -0.184046
vn 0.000000 0.982918 -0.184046
vn 0.000000 0.982918 -0.184046
vn 0.000000 0.982918 -0.184046
vn 0.000000 0.825186 0.564861
vn 0.000000 0.825186 0.564861
vn 0.000000 0.825186 0.564861
vn 0.000000 0.825186 0.564861
vn 0.000000 -0.982915 0.184059
vn 0.000000 -0.982915 0.184059
vn 0.000000 -0.982915 0.184059
vn 0.000000 -0.982915 0.184059
vn 0.000000 -0.564890 0.825166
vn 0.000000 -0.564890 0.825166
vn 0.000000 -0.564890 0.825166
vn 0.000000 -0.564890 0.825166
vn 0.000000 0.982918 -0.184046
vn 0.000000 0.982918 -0.184046
vn 0.000000 0.982918 -0.184046
vn 0.000000 0.982918 -0.184046
vn 0.000000 0.825186 0.564861
vn 0.000000 0.825186 0.564861
vn 0.000000 0.825186 0.564861
vn 0.000000 0.825186 0.564861
vn 0.000000 -0.982915 0.184059
vn 0.000000 -0.982915 0.184059
vn 0.000000 -0.982915 0.184059
vn 0.000000 -0.982915 0.184059
vn 0.000000 -0.564891 0.825166
vn 0.000000 -0.564891 0.825166
vn 0.000000 -0.564891 0.825166
vn 0.000000 -0.564891 0.825166
vn 0.000000 0.982918 -0.184046
vn 0.000000 0.982918 -0.184045
vn 0.000000 0.982918 -0.184045
vn 0.000000 0.982918 -0.184046
vn 0.000000 0.825186 0.564861
vn 0.000000 0.825186 0.564861
vn 0.000000 0.825186 0.564861
vn 0.000000 0.825186 0.564861
vn 0.000000 -0.982915 0.184059
vn 0.000000 -0.982915 0.184059
vn 0.000000 -0.982915 0.184059
vn 0.000000 -0.982915 0.184059
vn 0.000000 -0.564891 0.825166
vn 0.000000 -0.564891 0.825166
vn 0.000000 -0.564891 0.825165
vn 0.000000 -0.564891 0.825165
vn 0.000000 0.982918 -0.184045
vn 0.000000 0.982918 -0.184046
vn 0.000000 0.982918 -0.184046
vn 0.000000 0.982918 -0.184045
vn 0.000000 0.825186 0.564860
vn 0.000000 0.825186 0.564860
vn 0.000000 0.825186 0.564861
vn 0.000000 0.825186 0.564861
vn 0.000000 -0.982915 0.184059
vn 0.000000 -0.982915 0.184059
vn 0.000000 -0.982915 0.184059
vn 0.000000 -0.982915 0.184059
vn 0.000000 -0.564870 0.825180
vn 0.000000 -0.564870 0.825180
vn 0.000000 -0.564870 0.825180
vn 0.000000 -0.564870 0.825180
vn 0.000000 0.982918 -0.184046
vn 0.000000 0.982918 -0.184046
vn 0.000000 0.982918 -0.184046
vn 0.000000 0.982918 -0.184046
vn 0.000000 0.825186 0.564861
vn 0.000000 0.825186 0.564861
vn 0.000000 0.825186 0.564861
vn 0.000000 0.825186 0.564861
vn 0.000000 -0.982915 0.184059
vn 0.000000 -0.982915 0.184059
vn 0.000000 -0.982915 0.184059
vn 0.000000 -0.982915 0.184059
vn 0.000000 -0.564891 0.825166
vn 0.000000 -0.564891 0.825166
vn 0.000000 -0.564891 0.825166
vn 0.000000 -0.564891 0.825166
vn 0.000000 0.982918 -0.184046
vn 0.000000 0.982918 -0.184046
vn 0.000000 0.982918 -0.184046
vn 0.000000 0.982918 -0.184046
vn 0.000000 0.825186 0.564861
vn 0.000000 0.825186 0.564861
vn 0.000000 0.825186 0.564861
vn 0.000000 0.825186 0.564861
vn 0.000000 -0.982915 0.184059
vn 0.000000 -0.982915 0.184059
vn 0.000000 -0.982915 0.184059
vn 0.000000 -0.982915 0.184059
vn 0.000000 -0.564891 0.825166
vn 0.000000 -0.564891 0.825166
vn 0.000000 -0.564891 0.825166
vn 0.000000 -0.564891 0.825166
vn 0.000000 0.982918 -0.184046
vn 0.000000 0.982918 -0.184046
vn 0.000000 0.982918 -0.184046
vn 0.000000 0.982918 -0.184046
vn 0.000000 0.825186 0.564861
vn 0.000000 0.825186 0.564861
vn 0.000000 0.825186 0.564861
vn 0.000000 0.825186 0.564861
vn 0.000000 -0.982915 0.184059
vn 0.000000 -0.982915 0.184059
vn 0.000000 -0.982915 0.184059
vn 0.000000 -0.982915 0.184059
vn 0.000000 -0.564891 0.825166
vn 0.000000 -0.564891 0.825166
vn 0.000000 -0.564891 0.825166
vn 0.000000 -0.564891 0.825166
vn 0.000000 0.982918 -0.184046
vn 0.000000 0.982918 -0.184045
vn 0.000000 0.982918 -0.184045
vn 0.000000 0.982918 -0.184046
vn 0.000000 0.825186 0.564861
vn 0.000000 0.825186 0.564861
vn 0.000000 0.825186 0.564861
vn 0.000000 0.825186 0.564861
vn 0.000000 -0.982915 0.184059
vn 0.000000 -0.982915 0.184059
vn 0.000000 -0.982915 0.184059
vn 0.000000 -0.982915 0.184059
vn 0.000000 -0.564891 0.825166
vn 0.000000 -0.564891 0.825166
vn 0.000000 -0.564891 0.825165
vn 0.000000 -0.564891 0.825165
vn 0.000000 0.982918 -0.184045
vn 0.000000 0.982918 -0.184045
vn 0.000000 0.982918 -0.184045
vn 0.000000 0.982918 -0.184045
vn 0.000000 0.825186 0.564861
vn 0.000000 0.825186 0.564861
vn 0.000000 0.825186 0.564861
vn 0.000000 0.825186 0.564861
vn 0.000000 -0.982915 0.184059
vn 0.000000 -0.982915 0.184059
vn 0.000000 -0.982915 0.184059
vn 0.000000 -0.982915 0.184059
vn 0.000000 -0.564891 0.825165
vn 0.000000 -0.564891 0.825165
vn 0.000000 -0.564891 0.825165
vn 0.000000 -0.564891 0.825165
vn 0.000000 0.982918 -0.184045
vn -0.000001 0.982917 -0.184049
vn -0.000001 0.982917 -0.184049
vn 0.000000 0.982918 -0.184045
vn -0.000027 0.818833 0.574032
vn -0.000027 0.818831 0.574035
vn -0.001260 0.818092 0.575086
vn -0.030055 0.805730 0.591520
vn -0.000004 -0.982919 0.184040
vn 0.000000 -0.982915 0.184059
vn 0.000000 -0.982915 0.184059
vn -0.000004 -0.982919 0.184040
vn 0.000028 -0.554322 0.832302
vn 0.000028 -0.554327 0.832299
vn -0.030403 -0.535633 0.843903
vn -0.000942 -0.553366 0.832938
vn -0.708976 0.693436 -0.128448
vn -0.708976 0.693436 -0.128448
vn -0.708976 0.693436 -0.128448
vn -0.708976 0.693436 -0.128448
vn -0.701031 0.131240 0.700950
vn -0.701031 0.131240 0.700951
vn -0.701031 0.131240 0.700950
vn -0.701031 0.131240 0.700950
vn -0.709031 -0.692879 0.131126
vn -0.709031 -0.692879 0.131126
vn -0.709031 -0.692879 0.131126
vn -0.709031 -0.692879 0.131126
vn 0.707100 0.130146 0.695033
vn 0.707100 0.130146 0.695033
vn 0.707100 0.130146 0.695033
vn 0.707100 0.130146 0.695033
vn 0.000000 0.825164 0.564893
vn 0.000000 0.825164 0.564893
vn 0.000000 0.825164 0.564893
vn 0.000000 0.825164 0.564893
vn 0.000000 0.825163 0.564894
vn 0.000000 0.825163 0.564894
vn 0.000000 0.825163 0.564894
vn 0.000000 0.825163 0.564894
vn 0.000000 0.184049 0.982917
vn 0.000000 0.184049 0.982917
vn 0.000000 0.184049 0.982917
vn 0.000000 0.184049 0.982917
vn 0.000000 -0.564913 0.825150
vn 0.000000 -0.564913 0.825150
vn 0.000000 -0.564913 0.825150
vn 0.000000 -0.564913 0.825150
vn 0.000000 -0.564927 0.825141
vn 0.000000 -0.564927 0.825141
vn 0.000000 -0.564926 0.825141
vn 0.000000 -0.564926 0.825141
vn 0.000000 0.825163 0.564894
vn 0.000000 0.825163 0.564894
vn 0.000000 0.825163 0.564894
vn 0.000000 0.825163 0.564894
vn 0.000000 0.184049 0.982917
vn 0.000000 0.184049 0.982917
vn 0.000000 0.184049 0.982917
vn 0.000000 0.184049 0.982917
vn 0.000000 -0.564913 0.825150
vn 0.000000 -0.564913 0.825150
vn 0.000000 -0.564913 0.825150
vn 0.000000 -0.564913 0.825150
vn 0.000000 0.825163 0.564894
vn 0.000000 0.825163 0.564894
vn 0.000000 0.825163 0.564894
vn 0.000000 0.825163 0.564894
vn 0.000000 0.184049 0.982917
vn 0.000000 0.184049 0.982917
vn 0.000000 0.184049 0.982917
vn 0.000000 0.184049 0.982917
vn 0.000000 -0.564914 0.825150
vn 0.000000 -0.564914 0.825150
vn 0.000000 -0.564914 0.825150
vn 0.000000 -0.564914 0.825150
vn 0.000000 0.825163 0.564894
vn 0.000000 0.825163 0.564894
vn 0.000000 0.825163 0.564894
vn 0.000000 0.825163 0.564894
vn 0.000000 0.184049 0.982917
vn 0.000000 0.184049 0.982917
vn 0.000000 0.184049 0.982917
vn 0.000000 0.184049 0.982917
vn 0.000000 -0.564914 0.825150
vn 0.000000 -0.564914 0.825150
vn 0.000000 -0.564913 0.825150
vn 0.000000 -0.564913 0.825150
vn 0.000000 0.825163 0.564895
vn 0.000000 0.825163 0.564895
vn 0.000000 0.825163 0.564895
vn 0.000000 0.825163 0.564895
vn 0.000000 0.184049 0.982917
vn 0.000000 0.184049 0.982917
vn 0.000000 0.184049 0.982917
vn 0.000000 0.184049 0.982917
vn 0.000000 -0.564913 0.825150
vn 0.000000 -0.564913 0.825150
vn 0.000000 -0.564913 0.825150
vn 0.000000 -0.564913 0.825150
vn 0.000000 0.825163 0.564894
vn 0.000000 0.825163 0.564894
vn 0.000000 0.825163 0.564894
vn 0.000000 0.825163 0.564894
vn 0.000000 0.184049 0.982917
vn 0.000000 0.184049 0.982917
vn 0.000000 0.184049 0.982917
vn 0.000000 0.184049 0.982917
vn 0.000000 -0.564913 0.825150
vn 0.000000 -0.564913 0.825150
vn 0.000000 -0.564914 0.825150
vn 0.000000 -0.564914 0.825150
vn 0.000000 0.825165 0.564892
vn 0.000000 0.825165 0.564892
vn 0.000000 0.825165 0.564892
vn 0.000000 0.825165 0.564892
vn 0.000000 0.184049 0.982917
vn 0.000000 0.184049 0.982917
vn 0.000000 0.184049 0.982917
vn 0.000000 0.184049 0.982917
vn 0.000000 -0.564935 0.825135
vn 0.000000 -0.564935 0.825135
vn 0.000000 -0.564935 0.825136
vn 0.000000 -0.564935 0.825136
vn 0.000000 0.825163 0.564894
vn 0.000000 0.825163 0.564894
vn 0.000000 0.825163 0.564894
vn 0.000000 0.825163 0.564894
vn 0.000000 0.184049 0.982917
vn 0.000000 0.184049 0.982917
vn 0.000000 0.184049 0.982917
vn 0.000000 0.184049 0.982917
vn 0.000000 -0.564935 0.825136
vn 0.000000 -0.564935 0.825136
vn 0.000000 -0.564935 0.825135
vn 0.000000 -0.564935 0.825135
vn 0.000000 0.825163 0.564894
vn 0.000000 0.825163 0.564894
vn 0.000000 0.825163 0.564894
vn 0.000000 0.825163 0.564894
vn 0.000000 0.184049 0.982917
vn 0.000000 0.184049 0.982917
vn 0.000000 0.184049 0.982917
vn 0.000000 0.184049 0.982917
vn 0.000000 -0.564913 0.825150
vn 0.000000 -0.564913 0.825150
vn 0.000000 -0.564914 0.825150
vn 0.000000 -0.564914 0.825150
vn 0.000000 0.825163 0.564894
vn 0.000000 0.825163 0.564894
vn 0.000000 0.825163 0.564894
vn 0.000000 0.825163 0.564894
vn 0.000000 0.184049 0.982917
vn 0.000000 0.184049 0.982917
vn 0.000000 0.184049 0.982917
vn 0.000000 0.184049 0.982917
vn 0.000000 -0.564935 0.825135
vn 0.000000 -0.564935 0.825135
vn 0.000000 -0.564935 0.825136
vn 0.000000 -0.564935 0.825136
vn 0.000000 0.825163 0.564894
vn 0.000000 0.825163 0.564894
vn 0.000000 0.825163 0.564894
vn 0.000000 0.825163 0.564894
vn 0.000000 0.184049 0.982917
vn 0.000000 0.184049 0.982917
vn 0.000000 0.184049 0.982917
vn 0.000000 0.184049 0.982917
vn 0.000000 -0.564913 0.825150
vn 0.000000 -0.564913 0.825150
vn 0.000000 -0.564913 0.825150
vn 0.000000 -0.564913 0.825150
vn 0.000000 0.825165 0.564892
vn 0.000000 0.825165 0.564892
vn 0.000000 0.825165 0.564892
vn 0.000000 0.825165 0.564892
vn 0.000000 0.184049 0.982917
vn 0.000000 0.184049 0.982917
vn 0.000000 0.184049 0.982917
vn 0.000000 0.184049 0.982917
vn 0.000000 -0.564935 0.825135
vn 0.000000 -0.564935 0.825135
vn 0.000000 -0.564935 0.825136
vn 0.000000 -0.564935 0.825136
vn 0.000000 0.825165 0.564892
vn 0.000000 0.825165 0.564892
vn 0.000000 0.825165 0.564892
vn 0.000000 0.825165 0.564892
vn 0.000000 0.184049 0.982917
vn 0.000000 0.184049 0.982917
vn 0.000000 0.184049 0.982917
vn 0.000000 0.184049 0.982917
vn 0.000000 -0.564934 0.825136
vn 0.000000 -0.564934 0.825136
vn 0.000000 -0.564935 0.825136
vn 0.000000 -0.564935 0.825136
vn 0.000000 0.825163 0.564895
vn 0.000000 0.825163 0.564895
vn 0.000000 0.825163 0.564895
vn 0.000000 0.825163 0.564895
vn 0.000000 0.184049 0.982917
vn 0.000000 0.184049 0.982917
vn 0.000000 0.184049 0.982917
vn 0.000000 0.184049 0.982917
vn 0.000000 -0.564927 0.825141
vn 0.000000 -0.564927 0.825141
vn 0.000000 -0.564927 0.825141
vn 0.000000 -0.564927 0.825141
vn -0.707131 0.130140 0.695003
vn -0.707131 0.130140 0.695003
vn -0.707131 0.130140 0.695003
vn -0.707131 0.130140 0.695003
vn 0.000000 0.000000 1.000000
vn 0.000000 0.000000 1.000000
vn 0.000000 0.000000 1.000000
vn 0.000000 0.000000 1.000000
vn 0.000000 1.000000 0.000000
vn 0.000000 1.000000 0.000000
vn 0.000000 1.000000 0.000000
vn 0.000000 1.000000 0.000000
vn 0.000000 1.000000 0.000000
vn 0.000000 1.000000 0.000000
vn -0.000001 1.000000 0.000001
vn -0.000001 1.000000 0.000001
vn -0.000001 1.000000 0.000001
vn -0.000001 1.000000 0.000001
vn 0.000000 1.000000 0.000001
vn 0.000000 1.000000 0.000001
vn 0.000000 1.000000 0.000001
vn 0.000000 1.000000 0.000001
vn 0.000000 1.000000 0.000001
vn 0.000000 1.000000 0.000001
vn 0.000000 1.000000 0.000001
vn 0.000000 1.000000 0.000001
vn 0.000000 1.000000 0.000001
vn 0.000000 1.000000 0.000001
vn 0.000000 1.000000 0.000001
vn 0.000000 1.000000 0.000001
vn 0.000000 1.000000 0.000001
vn 0.000000 1.000000 0.000001
vn 0.000000 1.000000 0.000001
vn 0.000000 1.000000 0.000001
vn 0.000000 1.000000 0.000001
vn 0.000000 1.000000 0.000001
vn 0.000000 1.000000 0.000001
vn 0.000000 1.000000 0.000001
vn 0.000000 1.000000 0.000001
vn 0.000000 1.000000 0.000001
vn 0.000000 1.000000 0.000001
vn 0.000000 1.000000 0.000001
vn 0.000001 1.000000 0.000001
vn 0.000001 1.000000 0.000001
vn 0.000001 1.000000 0.000001
vn 0.000001 1.000000 0.000001
vn -0.000001 1.000000 0.000000
vn -0.000001 1.000000 0.000000
vn -0.000001 1.000000 0.000000
vn -0.000001 1.000000 0.000000
vn 0.000000 1.000000 0.000000
vn 0.000000 1.000000 0.000000
vn 0.000000 1.000000 0.000000
vn 0.000000 1.000000 0.000000
vn 0.000000 1.000000 0.000000
vn 0.000000 1.000000 0.000000
vn 0.000000 1.000000 0.000000
vn 0.000000 1.000000 0.000000
vn 0.000000 1.000000 0.000000
vn 0.000000 1.000000 0.000000
vn 0.000000 1.000000 0.000000
vn 0.000000 1.000000 0.000000
vn 0.000000 1.000000 0.000000
vn 0.000000 1.000000 0.000000
vn 0.000000 1.000000 0.000000
vn 0.000000 1.000000 0.000000
vn 0.000000 1.000000 0.000000
vn 0.000000 1.000000 0.000000
vn 0.000000 1.000000 0.000000
vn 0.000000 1.000000 0.000000
vn 0.000000 1.000000 0.000000
vn 0.000000 1.000000 0.000000
vn 0.000000 1.000000 0.000000
vn 0.000000 1.000000 0.000000
vn 0.000000 1.000000 0.000000
vn 0.000000 1.000000 0.000000
vn 0.000000 1.000000 0.000000
vn 0.000000 1.000000 0.000000
vn 0.000000 1.000000 0.000000
vn 0.000000 1.000000 0.000000
vn 0.000000 1.000000 0.000000
vn 0.000000 1.000000 0.000000
vn 0.000000 1.000000 0.000000
vn 0.000000 1.000000 0.000000
vn 0.000000 1.000000 0.000000
vn 0.000000 1.000000 0.000000
vn 0.000000 1.000000 0.000000
vn 0.000000 1.000000 0.000000
vn 0.000000 1.000000 0.000000
vn 0.000000 1.000000 0.000000
vn 0.000000 1.000000 0.000000
vn 0.000000 1.000000 0.000000
vn 0.000000 1.000000 0.000000
vn 0.000000 1.000000 0.000000
vn 0.000001 1.000000 0.000000
vn 0.000001 1.000000 0.000000
vn 0.000001 1.000000 0.000000
vn 0.000001 1.000000 0.000000
vn -0.000001 1.000000 0.000000
vn -0.000001 1.000000 0.000000
vn -0.000001 1.000000 0.000000
vn -0.000001 1.000000 0.000000
vn 0.000000 1.000000 0.000000
vn 0.000000 1.000000 0.000000
vn 0.000000 1.000000 0.000000
vn 0.000000 1.000000 0.000000
vn 0.000000 1.000000 0.000000
vn 0.000000 1.000000 0.000000
vn 0.000000 1.000000 0.000000
vn 0.000000 1.000000 0.000000
vn 0.000000 1.000000 0.000000
vn 0.000000 1.000000 0.000000
vn 0.000000 1.000000 0.000000
vn 0.000000 1.000000 0.000000
vn 0.000000 1.000000 0.000000
vn 0.000000 1.000000 0.000000
vn 0.000000 1.000000 0.000000
vn 0.000000 1.000000 0.000000
vn 0.000000 1.000000 0.000000
vn 0.000000 1.000000 0.000000
vn 0.000000 1.000000 0.000000
vn 0.000000 1.000000 0.000000
vn 0.000000 1.000000 0.000000
vn 0.000000 1.000000 0.000000
vn 0.000000 1.000000 0.000000
vn 0.000000 1.000000 0.000000
vn 0.000000 1.000000 0.000000
vn 0.000000 1.000000 0.000000
vn 0.000000 1.000000 0.000000
vn 0.000000 1.000000 0.000000
vn 0.000000 1.000000 0.000000
vn 0.000000 1.000000 0.000000
vn 0.000000 1.000000 0.000000
vn 0.000000 1.000000 0.000000
vn 0.000000 1.000000 0.000000
vn 0.000000 1.000000 0.000000
vn 0.000000 1.000000 0.000000
vn 0.000000 1.000000 0.000000
vn 0.000000 1.000000 0.000000
vn 0.000000 1.000000 0.000000
vn 0.000000 1.000000 0.000000
vn 0.000000 1.000000 0.000000
vn 0.000000 1.000000 0.000000
vn 0.000000 1.000000 0.000000
vn 0.000000 1.000000 0.000000
vn 0.000000 1.000000 0.000000
vn 0.000001 1.000000 0.000000
vn 0.000001 1.000000 0.000000
vn 0.000001 1.000000 0.000000
vn 0.000001 1.000000 0.000000
vn -0.000001 1.000000 -0.000001
vn -0.000001 1.000000 -0.000001
vn -0.000001 1.000000 -0.000001
vn -0.000001 1.000000 -0.000001
vn 0.000000 1.000000 -0.000001
vn 0.000000 1.000000 -0.000001
vn 0.000000 1.000000 -0.000001
vn 0.000000 1.000000 -0.000001
vn 0.000000 1.000000 -0.000001
vn 0.000000 1.000000 -0.000001
vn 0.000000 1.000000 -0.000001
vn 0.000000 1.000000 -0.000001
vn 0.000000 1.000000 -0.000001
vn 0.000000 1.000000 -0.000001
vn 0.000000 1.000000 -0.000001
vn 0.000000 1.000000 -0.000001
vn 0.000000 1.000000 -0.000001
vn 0.000000 1.000000 -0.000001
vn 0.000000 1.000000 -0.000001
vn 0.000000 1.000000 -0.000001
vn 0.000000 1.000000 -0.000001
vn 0.000000 1.000000 -0.000001
vn 0.000000 1.000000 -0.000001
vn 0.000000 1.000000 -0.000001
vn 0.000000 1.000000 -0.000001
vn 0.000000 1.000000 -0.000001
vn 0.000000 1.000000 -0.000001
vn 0.000000 1.000000 -0.000001
vn 0.000000 1.000000 -0.000001
vn 0.000000 1.000000 -0.000001
vn 0.000000 1.000000 -0.000001
vn 0.000000 1.000000 -0.000001
vn 0.000000 1.000000 -0.000001
vn 0.000000 1.000000 -0.000001
vn 0.000000 1.000000 -0.000001
vn 0.000000 1.000000 -0.000001
vn 0.000000 1.000000 -0.000001
vn 0.000000 1.000000 -0.000001
vn 0.000000 1.000000 -0.000001
vn 0.000000 1.000000 -0.000001
vn 0.000000 1.000000 -0.000001
vn 0.000000 1.000000 -0.000001
vn 0.000000 1.000000 -0.000001
vn 0.000000 1.000000 -0.000001
vn 0.000000 1.000000 -0.000001
vn 0.000000 1.000000 -0.000001
vn 0.000000 1.000000 -0.000001
vn 0.000000 1.000000 -0.000001
vn 0.000001 1.000000 -0.000001
vn 0.000001 1.000000 -0.000001
vn 0.000001 1.000000 -0.000001
vn 0.000001 1.000000 -0.000001
vn 0.000000 1.000000 -0.000000
vn 0.000000 1.000000 -0.000000
vn 0.000001 0.000000 -1.000000
vn 0.000000 0.000000 -1.000000
vn 0.000000 -1.000000 0.000000
vn 0.000000 -1.000000 0.000000
vn 1.000000 0.000000 0.000000
vn 1.000000 0.000000 0.000000
vn -1.000000 0.000000 0.000000
vn -1.000000 0.000000 0.000000
vn -0.000000 0.000000 -1.000000
vn -0.000000 0.000000 -1.000000
vn 1.000000 -0.000003 0.000000
vn 1.000000 -0.000003 0.000000
vn 0.000000 0.000000 -1.000000
vn 0.000000 0.000000 -1.000000
vn -1.000000 -0.000003 0.000000
vn -1.000000 -0.000003 0.000000
vn -0.000000 0.000000 1.000000
vn -0.000000 0.000000 1.000000
vn 1.000000 0.000002 0.000000
vn 1.000000 0.000002 0.000000
vn -1.000000 0.000001 0.000000
vn -1.000000 0.000001 0.000000
vn 0.000000 0.000000 1.000000
vn 0.000000 0.000000 1.000000
vn 0.000000 0.000000 1.000000
vn 0.000000 0.000000 1.000000
vn 0.000000 0.000000 1.000000
vn 0.000000 0.000000 1.000000
vn 1.000000 -0.000001 0.000000
vn 1.000000 -0.000001 0.000000
vn 1.000000 -0.000001 0.000000
vn 1.000000 -0.000001 0.000000
vn 0.000000 0.000000 -1.000000
vn 0.000000 0.000000 -1.000000
vn 0.000000 0.000000 -1.000000
vn 0.000000 0.000000 -1.000000
vn -1.000000 0.000002 0.000000
vn -1.000000 0.000002 0.000000
vn -1.000000 0.000002 0.000000
vn -1.000000 0.000002 0.000000
vn 0.000000 0.000000 1.000000
vn 0.000000 0.000000 1.000000
vn 0.000000 0.000000 1.000000
vn 0.000000 0.000000 1.000000
vn 1.000000 0.000002 0.000000
vn 1.000000 0.000002 0.000000
vn 1.000000 0.000002 0.000000
vn 1.000000 0.000002 0.000000
vn 0.000000 0.000000 -1.000000
vn 0.000000 0.000000 -1.000000
vn 0.000000 0.000000 -1.000000
vn 0.000000 0.000000 -1.000000
vn -1.000000 0.000001 0.000000
vn -1.000000 0.000001 0.000000
vn -1.000000 0.000001 0.000000
vn -1.000000 0.000001 0.000000
vn 0.000000 0.000000 1.000000
vn 0.000000 0.000000 1.000000
vn 0.000000 0.000000 1.000000
vn 0.000000 0.000000 1.000000
vn 1.000000 0.000001 0.000000
vn 1.000000 0.000001 0.000000
vn 1.000000 0.000001 0.000000
vn 1.000000 0.000001 0.000000
vn 0.000000 0.000000 -1.000000
vn 0.000000 0.000000 -1.000000
vn 0.000000 0.000000 -1.000000
vn 0.000000 0.000000 -1.000000
vn -1.000000 -0.000000 0.000000
vn -1.000000 -0.000000 0.000000
vn -1.000000 -0.000000 0.000000
vn -1.000000 -0.000000 0.000000
vn 0.000000 0.000000 1.000000
vn 0.000000 0.000000 1.000000
vn 0.000000 0.000000 1.000000
vn 0.000000 0.000000 1.000000
vn 1.000000 0.000002 0.000000
vn 1.000000 0.000002 0.000000
vn 1.000000 0.000002 0.000000
vn 1.000000 0.000002 0.000000
vn 0.000000 0.000000 -1.000000
vn 0.000000 0.000000 -1.000000
vn 0.000000 0.000000 -1.000000
vn 0.000000 0.000000 -1.000000
vn -1.000000 0.000000 0.000000
vn -1.000000 0.000000 0.000000
vn -1.000000 0.000000 0.000000
vn -1.000000 0.000000 0.000000
vn 0.000000 0.000000 1.000000
vn 0.000000 0.000000 1.000000
vn 0.000000 0.000000 1.000000
vn 0.000000 0.000000 1.000000
vn 1.000000 0.000001 0.000000
vn 1.000000 0.000001 0.000000
vn 1.000000 0.000001 0.000000
vn 1.000000 0.000001 0.000000
vn 0.000000 0.000000 -1.000000
vn 0.000000 0.000000 -1.000000
vn 0.000000 0.000000 -1.000000
vn 0.000000 0.000000 -1.000000
vn -1.000000 -0.000001 0.000000
vn -1.000000 -0.000001 0.000000
vn -1.000000 -0.000001 0.000000
vn -1.000000 -0.000001 0.000000
vn 0.000000 0.000000 1.000000
vn 0.000000 0.000000 1.000000
vn 0.000000 0.000000 1.000000
vn 0.000000 0.000000 1.000000
vn 1.000000 -0.000005 0.000000
vn 1.000000 -0.000005 0.000000
vn 1.000000 -0.000005 0.000000
vn 1.000000 -0.000005 0.000000
vn 0.000000 0.000000 -1.000000
vn 0.000000 0.000000 -1.000000
vn 0.000000 0.000000 -1.000000
vn 0.000000 0.000000 -1.000000
vn -1.000000 0.000002 0.000000
vn -1.000000 0.000002 0.000000
vn -1.000000 0.000002 0.000000
vn -1.000000 0.000002 0.000000
vn 0.000000 0.000000 1.000000
vn 0.000000 0.000000 1.000000
vn 0.000000 0.000000 1.000000
vn 0.000000 0.000000 1.000000
vn 1.000000 -0.000002 0.000000
vn 1.000000 -0.000002 0.000000
vn 1.000000 -0.000002 0.000000
vn 1.000000 -0.000002 0.000000
vn -0.000000 0.000000 -1.000000
vn -0.000000 0.000000 -1.000000
vn -0.000000 0.000000 -1.000000
vn -0.000000 0.000000 -1.000000
vn -1.000000 0.000001 0.000000
vn -1.000000 0.000001 0.000000
vn -1.000000 0.000001 0.000000
vn -1.000000 0.000001 0.000000
vn 0.000000 0.000000 1.000000
vn 0.000000 0.000000 1.000000
vn 0.000000 0.000000 1.000000
vn 0.000000 0.000000 1.000000
vn 1.000000 -0.000001 0.000000
vn 1.000000 -0.000001 0.000000
vn 1.000000 -0.000001 0.000000
vn 1.000000 -0.000001 0.000000
vn -0.000000 0.000000 -1.000000
vn -0.000000 0.000000 -1.000000
vn -0.000000 0.000000 -1.000000
vn -0.000000 0.000000 -1.000000
vn -1.000000 0.000003 0.000000
vn -1.000000 0.000003 0.000000
vn -1.000000 0.000003 0.000000
vn -1.000000 0.000003 0.000000
vn 0.000000 0.000000 1.000000
vn 0.000000 0.000000 1.000000
vn 0.000000 0.000000 1.000000
vn 0.000000 0.000000 1.000000
vn 1.000000 0.000002 0.000000
vn 1.000000 0.000002 0.000000
vn 1.000000 0.000002 0.000000
vn 1.000000 0.000002 0.000000
vn 0.000000 0.000000 -1.000000
vn 0.000000 0.000000 -1.000000
vn 0.000000 0.000000 -1.000000
vn 0.000000 0.000000 -1.000000
vn -1.000000 -0.000002 0.000000
vn -1.000000 -0.000002 0.000000
vn -1.000000 -0.000002 0.000000
vn -1.000000 -0.000002 0.000000
vn 0.000000 0.000000 1.000000
vn 0.000000 0.000000 1.000000
vn 0.000000 0.000000 1.000000
vn 0.000000 0.000000 1.000000
vn 1.000000 0.000001 0.000000
vn 1.000000 0.000001 0.000000
vn 1.000000 0.000001 0.000000
vn 1.000000 0.000001 0.000000
vn 0.000000 0.000000 -1.000000
vn 0.000000 0.000000 -1.000000
vn 0.000000 0.000000 -1.000000
vn 0.000000 0.000000 -1.000000
vn -1.000000 0.000001 0.000000
vn -1.000000 0.000001 0.000000
vn -1.000000 0.000001 0.000000
vn -1.000000 0.000001 0.000000
vn 0.000000 0.000000 1.000000
vn 0.000000 0.000000 1.000000
vn 0.000000 0.000000 1.000000
vn 0.000000 0.000000 1.000000
vn 1.000000 0.000000 0.000000
vn 1.000000 0.000000 0.000000
vn 1.000000 0.000000 0.000000
vn 1.000000 0.000000 0.000000
vn 0.000000 0.000000 -1.000000
vn 0.000000 0.000000 -1.000000
vn 0.000000 0.000000 -1.000000
vn 0.000000 0.000000 -1.000000
vn -1.000000 -0.000004 0.000000
vn -1.000000 -0.000004 0.000000
vn -1.000000 -0.000004 0.000000
vn -1.000000 -0.000004 0.000000
vn 0.000000 0.000000 1.000000
vn 0.000000 0.000000 1.000000
vn 0.000000 0.000000 1.000000
vn 0.000000 0.000000 1.000000
vn 1.000000 0.000001 0.000000
vn 1.000000 0.000001 0.000000
vn 1.000000 0.000001 0.000000
vn 1.000000 0.000001 0.000000
vn 0.000000 0.000000 -1.000000
vn 0.000000 0.000000 -1.000000
vn 0.000000 0.000000 -1.000000
vn 0.000000 0.000000 -1.000000
vn -1.000000 -0.000002 0.000000
vn -1.000000 -0.000002 0.000000
vn -1.000000 -0.000002 0.000000
vn -1.000000 -0.000002 0.000000
vn 0.000000 0.000000 1.000000
vn 0.000000 0.000000 1.000000
vn 0.000000 0.000000 1.000000
vn 0.000000 0.000000 1.000000
vn 1.000000 -0.000000 0.000000
vn 1.000000 -0.000000 0.000000
vn 1.000000 -0.000000 0.000000
vn 1.000000 -0.000000 0.000000
vn 0.000000 0.000000 -1.000000
vn 0.000000 0.000000 -1.000000
vn 0.000000 0.000000 -1.000000
vn 0.000000 0.000000 -1.000000
vn -1.000000 -0.000001 0.000000
vn -1.000000 -0.000001 0.000000
vn -1.000000 -0.000001 0.000000
vn -1.000000 -0.000001 0.000000
vn 0.000000 0.000000 1.000000
vn 0.000000 0.000000 1.000000
vn 0.000000 0.000000 1.000000
vn 0.000000 0.000000 1.000000
vn 1.000000 -0.000000 0.000000
vn 1.000000 -0.000000 0.000000
vn 1.000000 -0.000000 0.000000
vn 1.000000 -0.000000 0.000000
vn 0.000000 0.000000 -1.000000
vn 0.000000 0.000000 -1.000000
vn 0.000000 0.000000 -1.000000
vn 0.000000 0.000000 -1.000000
vn -1.000000 0.000000 0.000000
vn -1.000000 0.000000 0.000000
vn -1.000000 0.000000 0.000000
vn -1.000000 0.000000 0.000000
vn 0.000000 0.000000 1.000000
vn 0.000000 0.000000 1.000000
vn 0.000000 0.000000 1.000000
vn 0.000000 0.000000 1.000000
vn 1.000000 -0.000002 0.000000
vn 1.000000 -0.000002 0.000000
vn 1.000000 -0.000002 0.000000
vn 1.000000 -0.000002 0.000000
vn 0.000000 0.000000 -1.000000
vn 0.000000 0.000000 -1.000000
vn 0.000000 0.000000 -1.000000
vn 0.000000 0.000000 -1.000000
vn -1.000000 0.000000 0.000000
vn -1.000000 0.000000 0.000000
vn -1.000000 0.000000 0.000000
vn -1.000000 0.000000 0.000000
vn 0.000000 0.000000 1.000000
vn 0.000000 0.000000 1.000000
vn 0.000000 0.000000 1.000000
vn 0.000000 0.000000 1.000000
vn 1.000000 -0.000001 0.000000
vn 1.000000 -0.000001 0.000000
vn 1.000000 -0.000001 0.000000
vn 1.000000 -0.000001 0.000000
vn 0.000000 0.000000 -1.000000
vn 0.000000 0.000000 -1.000000
vn 0.000000 0.000000 -1.000000
vn 0.000000 0.000000 -1.000000
vn -1.000000 0.000003 0.000000
vn -1.000000 0.000003 0.000000
vn -1.000000 0.000003 0.000000
vn -1.000000 0.000003 0.000000
vn 0.000000 0.000000 1.000000
vn 0.000000 0.000000 1.000000
vn 0.000000 0.000000 1.000000
vn 0.000000 0.000000 1.000000
vn 1.000000 0.000002 0.000000
vn 1.000000 0.000002 0.000000
vn 1.000000 0.000002 0.000000
vn 1.000000 0.000002 0.000000
vn 0.000000 0.000000 -1.000000
vn 0.000000 0.000000 -1.000000
vn 0.000000 0.000000 -1.000000
vn 0.000000 0.000000 -1.000000
vn -1.000000 -0.000000 0.000000
vn -1.000000 -0.000000 0.000000
vn -1.000000 -0.000000 0.000000
vn -1.000000 -0.000000 0.000000
vn 0.000000 0.000000 1.000000
vn 0.000000 0.000000 1.000000
vn 0.000000 0.000000 1.000000
vn 0.000000 0.000000 1.000000
vn 1.000000 0.000001 0.000000
vn 1.000000 0.000001 0.000000
vn 1.000000 0.000001 0.000000
vn 1.000000 0.000001 0.000000
vn 0.000000 0.000000 -1.000000
vn 0.000000 0.000000 -1.000000
vn 0.000000 0.000000 -1.000000
vn 0.000000 0.000000 -1.000000
vn -1.000000 -0.000001 0.000000
vn -1.000000 -0.000001 0.000000
vn -1.000000 -0.000001 0.000000
vn -1.000000 -0.000001 0.000000
vn 0.000000 0.000000 1.000000
vn 0.000000 0.000000 1.000000
vn 0.000000 0.000000 1.000000
vn 0.000000 0.000000 1.000000
vn 1.000000 0.000004 0.000000
vn 1.000000 0.000004 0.000000
vn 1.000000 0.000004 0.000000
vn 1.000000 0.000004 0.000000
vn 0.000000 0.000000 -1.000000
vn 0.000000 0.000000 -1.000000
vn 0.000000 0.000000 -1.000000
vn 0.000000 0.000000 -1.000000
vn -1.000000 0.000002 0.000000
vn -1.000000 0.000002 0.000000
vn -1.000000 0.000002 0.000000
vn -1.000000 0.000002 0.000000
vn 0.000000 0.000000 1.000000
vn 0.000000 0.000000 1.000000
vn 0.000000 0.000000 1.000000
vn 0.000000 0.000000 1.000000
vn 1.000000 -0.000002 0.000000
vn 1.000000 -0.000002 0.000000
vn 1.000000 -0.000002 0.000000
vn 1.000000 -0.000002 0.000000
vn 0.000000 0.000000 -1.000000
vn 0.000000 0.000000 -1.000000
vn 0.000000 0.000000 -1.000000
vn 0.000000 0.000000 -1.000000
vn -1.000000 0.000001 0.000000
vn -1.000000 0.000001 0.000000
vn -1.000000 0.000001 0.000000
vn -1.000000 0.000001 0.000000
vn 0.000000 0.000000 1.000000
vn 0.000000 0.000000 1.000000
vn 0.000000 0.000000 1.000000
vn 0.000000 0.000000 1.000000
vn 1.000000 -0.000001 0.000000
vn 1.000000 -0.000001 0.000000
vn 1.000000 -0.000001 0.000000
vn 1.000000 -0.000001 0.000000
vn 0.000000 0.000000 -1.000000
vn 0.000000 0.000000 -1.000000
vn 0.000000 0.000000 -1.000000
vn 0.000000 0.000000 -1.000000
vn -1.000000 0.000002 0.000000
vn -1.000000 0.000002 0.000000
vn -1.000000 0.000002 0.000000
vn -1.000000 0.000002 0.000000
vn 0.000000 0.000000 1.000000
vn 0.000000 0.000000 1.000000
vn 0.000000 0.000000 1.000000
vn 0.000000 0.000000 1.000000
vn 1.000000 0.000002 0.000000
vn 1.000000 0.000002 0.000000
vn 1.000000 0.000002 0.000000
vn 1.000000 0.000002 0.000000
vn 0.000000 0.000000 -1.000000
vn 0.000000 0.000000 -1.000000
vn 0.000000 0.000000 -1.000000
vn 0.000000 0.000000 -1.000000
vn -1.000000 0.000001 0.000000
vn -1.000000 0.000001 0.000000
vn -1.000000 0.000001 0.000000
vn -1.000000 0.000001 0.000000
vn 0.000000 0.000000 1.000000
vn 0.000000 0.000000 1.000000
vn 0.000000 0.000000 1.000000
vn 0.000000 0.000000 1.000000
vn 1.000000 0.000001 0.000000
vn 1.000000 0.000001 0.000000
vn 1.000000 0.000001 0.000000
vn 1.000000 0.000001 0.000000
vn 0.000000 0.000000 -1.000000
vn 0.000000 0.000000 -1.000000
vn 0.000000 0.000000 -1.000000
vn 0.000000 0.000000 -1.000000
vn -1.000000 -0.000000 0.000000
vn -1.000000 -0.000000 0.000000
vn -1.000000 -0.000000 0.000000
vn -1.000000 -0.000000 0.000000
vn 0.000000 0.000000 1.000000
vn 0.000000 0.000000 1.000000
vn 0.000000 0.000000 1.000000
vn 0.000000 0.000000 1.000000
vn 1.000000 0.000000 0.000000
vn 1.000000 0.000000 0.000000
vn 1.000000 0.000000 0.000000
vn 1.000000 0.000000 0.000000
vn 0.000000 0.000000 -1.000000
vn 0.000000 0.000000 -1.000000
vn 0.000000 0.000000 -1.000000
vn 0.000000 0.000000 -1.000000
vn -1.000000 -0.000001 0.000000
vn -1.000000 -0.000001 0.000000
vn -1.000000 -0.000001 0.000000
vn -1.000000 -0.000001 0.000000
vn 0.000000 0.000000 1.000000
vn 0.000000 0.000000 1.000000
vn 0.000000 0.000000 1.000000
vn 0.000000 0.000000 1.000000
vn 1.000000 -0.000001 0.000000
vn 1.000000 -0.000001 0.000000
vn 1.000000 -0.000001 0.000000
vn 1.000000 -0.000001 0.000000
vn 0.000000 0.000000 -1.000000
vn 0.000000 0.000000 -1.000000
vn 0.000000 0.000000 -1.000000
vn 0.000000 0.000000 -1.000000
vn -1.000000 -0.000000 0.000000
vn -1.000000 -0.000000 0.000000
vn -1.000000 -0.000000 0.000000
vn -1.000000 -0.000000 0.000000
vn 0.000000 0.000000 1.000000
vn 0.000000 0.000000 1.000000
vn 0.000000 0.000000 1.000000
vn 0.000000 0.000000 1.000000
vn 1.000000 -0.000000 0.000000
vn 1.000000 -0.000000 0.000000
vn 1.000000 -0.000000 0.000000
vn 1.000000 -0.000000 0.000000
vn 0.000000 0.000000 -1.000000
vn 0.000000 0.000000 -1.000000
vn 0.000000 0.000000 -1.000000
vn 0.000000 0.000000 -1.000000
vn -1.000000 0.000001 0.000000
vn -1.000000 0.000001 0.000000
vn -1.000000 0.000001 0.000000
vn -1.000000 0.000001 0.000000
vn 0.000000 0.000000 1.000000
vn 0.000000 0.000000 1.000000
vn 0.000000 0.000000 1.000000
vn 0.000000 0.000000 1.000000
vn 1.000000 -0.000000 0.000000
vn 1.000000 -0.000000 0.000000
vn 1.000000 -0.000000 0.000000
vn 1.000000 -0.000000 0.000000
vn 0.000000 0.000000 -1.000000
vn 0.000000 0.000000 -1.000000
vn 0.000000 0.000000 -1.000000
vn 0.000000 0.000000 -1.000000
vn -1.000000 0.000000 0.000000
vn -1.000000 0.000000 0.000000
vn -1.000000 0.000000 0.000000
vn -1.000000 0.000000 0.000000
vn 0.000000 0.000000 1.000000
vn 0.000000 0.000000 1.000000
vn 0.000000 0.000000 1.000000
vn 0.000000 0.000000 1.000000
vn 1.000000 -0.000000 0.000000
vn 1.000000 -0.000000 0.000000
vn 1.000000 -0.000000 0.000000
vn 1.000000 -0.000000 0.000000
vn 0.000000 0.000000 -1.000000
vn 0.000000 0.000000 -1.000000
vn 0.000000 0.000000 -1.000000
vn 0.000000 0.000000 -1.000000
vn -1.000000 0.000000 0.000000
vn -1.000000 0.000000 0.000000
vn -1.000000 0.000000 0.000000
vn -1.000000 0.000000 0.000000
vn 0.000000 0.000000 1.000000
vn 0.000000 0.000000 1.000000
vn 0.000000 0.000000 1.000000
vn 0.000000 0.000000 1.000000
vn 1.000000 0.000001 0.000000
vn 1.000000 0.000001 0.000000
vn 1.000000 0.000001 0.000000
vn 1.000000 0.000001 0.000000
vn 0.000000 0.000000 -1.000000
vn 0.000000 0.000000 -1.000000
vn 0.000000 0.000000 -1.000000
vn 0.000000 0.000000 -1.000000
vn -1.000000 -0.000001 0.000000
vn -1.000000 -0.000001 0.000000
vn -1.000000 -0.000001 0.000000
vn -1.000000 -0.000001 0.000000
vn 0.000000 0.000000 1.000000
vn 0.000000 0.000000 1.000000
vn 0.000000 0.000000 1.000000
vn 0.000000 0.000000 1.000000
vn 1.000000 0.000002 0.000000
vn 1.000000 0.000002 0.000000
vn 1.000000 0.000002 0.000000
vn 1.000000 0.000002 0.000000
vn 0.000000 0.000000 -1.000000
vn 0.000000 0.000000 -1.000000
vn 0.000000 0.000000 -1.000000
vn 0.000000 0.000000 -1.000000
vn -1.000000 0.000000 0.000000
vn -1.000000 0.000000 0.000000
vn -1.000000 0.000000 0.000000
vn -1.000000 0.000000 0.000000
vn 0.000000 0.000000 1.000000
vn 0.000000 0.000000 1.000000
vn 0.000000 0.000000 1.000000
vn 0.000000 0.000000 1.000000
vn 1.000000 0.000001 0.000000
vn 1.000000 0.000001 0.000000
vn 1.000000 0.000001 0.000000
vn 1.000000 0.000001 0.000000
vn 0.000000 0.000000 -1.000000
vn 0.000000 0.000000 -1.000000
vn 0.000000 0.000000 -1.000000
vn 0.000000 0.000000 -1.000000
vn -1.000000 -0.000001 0.000000
vn -1.000000 -0.000001 0.000000
vn -1.000000 -0.000001 0.000000
vn -1.000000 -0.000001 0.000000
vn 0.000000 0.000000 1.000000
vn 0.000000 0.000000 1.000000
vn 0.000000 0.000000 1.000000
vn 0.000000 0.000000 1.000000
vn 1.000000 -0.000005 0.000000
vn 1.000000 -0.000005 0.000000
vn 1.000000 -0.000005 0.000000
vn 1.000000 -0.000005 0.000000
vn 0.000000 0.000000 -1.000000
vn 0.000000 0.000000 -1.000000
vn 0.000000 0.000000 -1.000000
vn 0.000000 0.000000 -1.000000
vn -1.000000 0.000002 0.000000
vn -1.000000 0.000002 0.000000
vn -1.000000 0.000002 0.000000
vn -1.000000 0.000002 0.000000
vn -0.000000 0.000000 1.000000
vn -0.000000 0.000000 1.000000
vn -0.000000 0.000000 1.000000
vn -0.000000 0.000000 1.000000
vn 1.000000 -0.000002 0.000000
vn 1.000000 -0.000002 0.000000
vn 1.000000 -0.000002 0.000000
vn 1.000000 -0.000002 0.000000
vn 0.000000 0.000000 -1.000000
vn 0.000000 0.000000 -1.000000
vn 0.000000 0.000000 -1.000000
vn 0.000000 0.000000 -1.000000
vn -1.000000 0.000001 0.000000
vn -1.000000 0.000001 0.000000
vn -1.000000 0.000001 0.000000
vn -1.000000 0.000001 0.000000
vn -0.000000 0.000000 1.000000
vn -0.000000 0.000000 1.000000
vn -0.000000 0.000000 1.000000
vn -0.000000 0.000000 1.000000
vn 1.000000 0.000001 0.000000
vn 1.000000 0.000001 0.000000
vn 1.000000 0.000001 0.000000
vn 1.000000 0.000001 0.000000
vn 0.000000 0.000000 -1.000000
vn 0.000000 0.000000 -1.000000
vn 0.000000 0.000000 -1.000000
vn 0.000000 0.000000 -1.000000
vn -1.000000 -0.000002 0.000000
vn -1.000000 -0.000002 0.000000
vn -1.000000 -0.000002 0.000000
vn -1.000000 -0.000002 0.000000
vn 0.000000 0.000000 1.000000
vn 0.000000 0.000000 1.000000
vn 0.000000 0.000000 1.000000
vn 0.000000 0.000000 1.000000
vn 1.000000 0.000002 0.000000
vn 1.000000 0.000002 0.000000
vn 1.000000 0.000002 0.000000
vn 1.000000 0.000002 0.000000
vn 0.000000 0.000000 -1.000000
vn 0.000000 0.000000 -1.000000
vn 0.000000 0.000000 -1.000000
vn 0.000000 0.000000 -1.000000
vn -1.000000 -0.000005 0.000000
vn -1.000000 -0.000005 0.000000
vn -1.000000 -0.000005 0.000000
vn -1.000000 -0.000005 0.000000
vn 0.000000 0.000000 1.000000
vn 0.000000 0.000000 1.000000
vn 0.000000 0.000000 1.000000
vn 0.000000 0.000000 1.000000
vn 1.000000 -0.000005 0.000000
vn 1.000000 -0.000005 0.000000
vn 1.000000 -0.000005 0.000000
vn 1.000000 -0.000005 0.000000
vn 0.000000 0.000000 -1.000000
vn 0.000000 0.000000 -1.000000
vn 0.000000 0.000000 -1.000000
vn 0.000000 0.000000 -1.000000
vn -1.000000 0.000001 0.000000
vn -1.000000 0.000001 0.000000
vn -1.000000 0.000001 0.000000
vn -1.000000 0.000001 0.000000
vn 0.000000 0.000000 1.000000
vn 0.000000 0.000000 1.000000
vn 0.000000 0.000000 1.000000
vn 0.000000 0.000000 1.000000
vn 1.000000 0.000000 0.000000
vn 1.000000 0.000000 0.000000
vn 1.000000 0.000000 0.000000
vn 1.000000 0.000000 0.000000
vn 0.000000 0.000000 -1.000000
vn 0.000000 0.000000 -1.000000
vn 0.000000 0.000000 -1.000000
vn 0.000000 0.000000 -1.000000
vn -1.000000 -0.000002 0.000000
vn -1.000000 -0.000002 0.000000
vn -1.000000 -0.000002 0.000000
vn -1.000000 -0.000002 0.000000
vn 0.000000 0.000000 1.000000
vn 0.000000 0.000000 1.000000
vn 0.000000 0.000000 1.000000
vn 0.000000 0.000000 1.000000
vn 1.000000 0.000002 0.000000
vn 1.000000 0.000002 0.000000
vn 1.000000 0.000002 0.000000
vn 1.000000 0.000002 0.000000
vn 0.000000 0.000000 -1.000000
vn 0.000000 0.000000 -1.000000
vn 0.000000 0.000000 -1.000000
vn 0.000000 0.000000 -1.000000
vn -1.000000 -0.000001 0.000000
vn -1.000000 -0.000001 0.000000
vn -1.000000 -0.000001 0.000000
vn -1.000000 -0.000001 0.000000
vn 0.000000 0.000000 1.000000
vn 0.000000 0.000000 1.000000
vn 0.000000 0.000000 1.000000
vn 0.000000 0.000000 1.000000
vn 1.000000 0.000000 0.000000
vn 1.000000 0.000000 0.000000
vn 1.000000 0.000000 0.000000
vn 1.000000 0.000000 0.000000
vn 0.000000 0.000000 -1.000000
vn 0.000000 0.000000 -1.000000
vn 0.000000 0.000000 -1.000000
vn 0.000000 0.000000 -1.000000
vn -1.000000 -0.000002 0.000000
vn -1.000000 -0.000002 0.000000
vn -1.000000 -0.000002 0.000000
vn -1.000000 -0.000002 0.000000
vn 0.000000 0.000000 1.000000
vn 0.000000 0.000000 1.000000
vn 0.000000 0.000000 1.000000
vn 0.000000 0.000000 1.000000
vn 1.000000 0.000000 0.000000
vn 1.000000 0.000000 0.000000
vn 1.000000 0.000000 0.000000
vn 1.000000 0.000000 0.000000
vn 0.000000 0.000000 -1.000000
vn 0.000000 0.000000 -1.000000
vn 0.000000 0.000000 -1.000000
vn 0.000000 0.000000 -1.000000
vn -1.000000 -0.000000 0.000000
vn -1.000000 -0.000000 0.000000
vn -1.000000 -0.000000 0.000000
vn -1.000000 -0.000000 0.000000
vn 0.000000 0.000000 1.000000
vn 0.000000 0.000000 1.000000
vn 0.000000 0.000000 1.000000
vn 0.000000 0.000000 1.000000
vn 1.000000 -0.000001 0.000000
vn 1.000000 -0.000001 0.000000
vn 1.000000 -0.000001 0.000000
vn 1.000000 -0.000001 0.000000
vn 0.000000 0.000000 -1.000000
vn 0.000000 0.000000 -1.000000
vn 0.000000 0.000000 -1.000000
vn 0.000000 0.000000 -1.000000
vn -1.000000 -0.000000 0.000000
vn -1.000000 -0.000000 0.000000
vn -1.000000 -0.000000 0.000000
vn -1.000000 -0.000000 0.000000
vn 0.000000 0.000000 1.000000
vn 0.000000 0.000000 1.000000
vn 0.000000 0.000000 1.000000
vn 0.000000 0.000000 1.000000
vn 1.000000 -0.000002 0.000000
vn 1.000000 -0.000002 0.000000
vn 1.000000 -0.000002 0.000000
vn 1.000000 -0.000002 0.000000
vn 0.000000 0.000000 -1.000000
vn 0.000000 0.000000 -1.000000
vn 0.000000 0.000000 -1.000000
vn 0.000000 0.000000 -1.000000
vn -1.000000 0.000001 0.000000
vn -1.000000 0.000001 0.000000
vn -1.000000 0.000001 0.000000
vn -1.000000 0.000001 0.000000
vn 0.000000 0.000000 1.000000
vn 0.000000 0.000000 1.000000
vn 0.000000 0.000000 1.000000
vn 0.000000 0.000000 1.000000
vn 1.000000 -0.000001 0.000000
vn 1.000000 -0.000001 0.000000
vn 1.000000 -0.000001 0.000000
vn 1.000000 -0.000001 0.000000
vn 0.000000 0.000000 -1.000000
vn 0.000000 0.000000 -1.000000
vn 0.000000 0.000000 -1.000000
vn 0.000000 0.000000 -1.000000
vn -1.000000 0.000000 0.000000
vn -1.000000 0.000000 0.000000
vn -1.000000 0.000000 0.000000
vn -1.000000 0.000000 0.000000
vn 0.000000 0.000000 1.000000
vn 0.000000 0.000000 1.000000
vn 0.000000 0.000000 1.000000
vn 0.000000 0.000000 1.000000
vn 1.000000 -0.000000 0.000000
vn 1.000000 -0.000000 0.000000
vn 1.000000 -0.000000 0.000000
vn 1.000000 -0.000000 0.000000
vn 0.000000 0.000000 -1.000000
vn 0.000000 0.000000 -1.000000
vn 0.000000 0.000000 -1.000000
vn 0.000000 0.000000 -1.000000
vn -1.000000 0.000001 0.000000
vn -1.000000 0.000001 0.000000
vn -1.000000 0.000001 0.000000
vn -1.000000 0.000001 0.000000
vn 0.000000 0.000000 1.000000
vn 0.000000 0.000000 1.000000
vn 0.000000 0.000000 1.000000
vn 0.000000 0.000000 1.000000
vn 1.000000 0.000001 0.000000
vn 1.000000 0.000001 0.000000
vn 1.000000 0.000001 0.000000
vn 1.000000 0.000001 0.000000
vn 0.000000 0.000000 -1.000000
vn 0.000000 0.000000 -1.000000
vn 0.000000 0.000000 -1.000000
vn 0.000000 0.000000 -1.000000
vn -1.000000 0.000002 0.000000
vn -1.000000 0.000002 0.000000
vn -1.000000 0.000002 0.000000
vn -1.000000 0.000002 0.000000
vn 0.000000 0.000000 1.000000
vn 0.000000 0.000000 1.000000
vn 0.000000 0.000000 1.000000
vn 0.000000 0.000000 1.000000
vn 1.000000 0.000002 0.000000
vn 1.000000 0.000002 0.000000
vn 1.000000 0.000002 0.000000
vn 1.000000 0.000002 0.000000
vn 0.000000 0.000000 -1.000000
vn 0.000000 0.000000 -1.000000
vn 0.000000 0.000000 -1.000000
vn 0.000000 0.000000 -1.000000
vn -1.000000 -0.000001 0.000000
vn -1.000000 -0.000001 0.000000
vn -1.000000 -0.000001 0.000000
vn -1.000000 -0.000001 0.000000
vn -0.000000 0.000000 1.000000
vn -0.000000 0.000000 1.000000
vn 0.000000 0.000000 -1.000000
vn 0.000000 0.000000 -1.000000
vn -1.000000 -0.000000 0.000000
vn -1.000000 -0.000000 0.000000
vn -1.000000 -0.000000 0.000000
vn -1.000000 -0.000000 0.000000
vn 0.000000 0.000000 1.000000
vn 0.000000 0.000000 1.000000
vn 1.000000 -0.000001 0.000000
vn 1.000000 -0.000001 0.000000
vn 1.000000 -0.000001 0.000000
vn 1.000000 -0.000001 0.000000
vn 0.000000 0.000000 -1.000000
vn 0.000000 0.000000 -1.000000
vn 0.000000 0.000000 -1.000000
vn 0.000000 0.000000 -1.000000
vn 1.000000 0.000000 0.000000
vn 1.000000 0.000000 0.000000
vn 0.000000 0.000000 -1.000000
vn 0.000000 0.000000 -1.000000
vn -1.000000 0.000000 0.000000
vn -1.000000 0.000000 0.000000
vn 0.000000 0.000000 1.000000
vn 0.000000 0.000000 1.000000
vn 1.000000 -0.000002 0.000000
vn 1.000000 -0.000002 0.000000
vn -1.000000 0.000000 0.000000
vn -1.000000 0.000000 0.000000
vn 0.000000 0.000000 1.000000
vn 0.000000 0.000000 1.000000
vn 0.000007 0.986615 -0.163069
vn 0.000007 0.986615 -0.163069
vn 0.000000 -1.000000 0.000000
vn -1.000000 0.000000 0.000000
vn -0.000002 0.986614 -0.163071
vn -0.000002 0.986614 -0.163071
vn 1.000000 0.000000 0.000000
vn 0.000000 -1.000000 0.000000
vn 0.000000 0.184049 0.982917
vn 0.000000 0.184049 0.982917
vn 0.000000 -0.185347 -0.982673
vn -1.000000 0.000000 0.000000
vn -1.000000 0.000000 0.000000
vn 0.000000 0.184049 0.982917
vn 0.000000 0.184049 0.982917
vn 1.000000 -0.000000 0.000000
vn 1.000000 -0.000000 0.000000
vn 0.000000 -0.185347 -0.982673
vn 0.000001 0.982917 -0.184049
vn 0.000001 0.982917 -0.184049
vn 0.000004 -0.982917 0.184047
vn 0.000004 -0.982917 0.184047
vn 1.000000 0.000000 0.000000
vn 1.000000 0.000000 0.000000
vn 1.000000 0.000000 0.000000
vn 1.000000 0.000000 0.000000
vn -0.000001 0.982917 -0.184049
vn -0.000001 0.982917 -0.184049
vn -1.000000 -0.000000 0.000000
vn -1.000000 -0.000000 0.000000
vn -1.000000 -0.000000 0.000000
vn -1.000000 -0.000000 0.000000
vn -0.000004 -0.982919 0.184040
vn -0.000004 -0.982919 0.184040
vn -0.577321 -0.577436 0.577294
vn -0.577321 -0.577436 0.577294
vn -0.577321 -0.577436 0.577294
vn 0.577326 -0.577441 0.577283
vn 0.577326 -0.577441 0.577283
vn 0.577326 -0.577441 0.577283
vn -0.577402 0.577276 0.577372
vn -0.577402 0.577276 0.577372
vn -0.577402 0.577276 0.577372
vn 0.577408 0.577281 0.577361
vn 0.577408 0.577281 0.577361
vn 0.577408 0.577281 0.577361
vn 0.394011 0.831236 -0.392177
vn -0.392180 0.831232 -0.394016
vn 0.392178 0.831232 0.394018
vn -0.394033 0.831233 0.392160
vn 0.394022 0.831236 -0.392164
vn -0.392170 0.831242 -0.394004
vn 0.392155 0.831246 0.394010
vn -0.394011 0.831240 0.392167
vn -0.868435 0.355127 0.345983
vn -0.467951 0.461288 0.753814
vn 0.473708 0.459495 0.751309
vn 0.868606 0.357099 0.343516
vn 0.375628 0.842183 -0.386822
vn 0.375628 0.842183 -0.386822
vn 0.002498 0.863055 -0.505104
vn 0.002498 0.863055 -0.505104
vn -0.363484 0.841768 -0.399131
vn -0.363484 0.841768 -0.399131
vn -0.002512 0.863054 0.505106
vn -0.002512 0.863054 0.505106
vn 0.363465 0.841774 0.399136
vn 0.363465 0.841774 0.399136
vn -0.002512 0.863055 0.505104
vn -0.002512 0.863055 0.505104
vn -0.002512 0.863054 0.505105
vn -0.002512 0.863054 0.505106
vn -0.002512 0.863055 0.505105
vn -0.002512 0.863054 0.505105
vn -0.002512 0.863054 0.505105
vn -0.002512 0.863054 0.505105
vn -0.002512 0.863053 0.505107
vn -0.002512 0.863053 0.505107
vn -0.002512 0.863053 0.505107
vn -0.002512 0.863053 0.505107
vn -0.002512 0.863053 0.505108
vn -0.002512 0.863053 0.505108
vn -0.002512 0.863054 0.505106
vn -0.002512 0.863054 0.505106
vn -0.002512 0.863054 0.505105
vn -0.002512 0.863054 0.505106
vn -0.002512 0.863054 0.505105
vn -0.002512 0.863054 0.505105
vn -0.002512 0.863052 0.505109
vn -0.002512 0.863052 0.505109
vn -0.375615 0.842191 0.386818
vn -0.375615 0.842191 0.386818
vn -0.577354 0.577360 0.577337
vn -0.577354 0.577360 0.577337
vn -0.577354 0.577360 0.577337
vn 0.577378 0.577344 0.577329
vn 0.577378 0.577344 0.577329
vn 0.577378 0.577344 0.577329
vn 0.577380 0.577343 -0.577327
vn 0.577380 0.577343 -0.577327
vn 0.577380 0.577343 -0.577327
vn -0.577356 0.577359 -0.577336
vn -0.577356 0.577359 -0.577336
vn -0.577356 0.577359 -0.577336
vn -0.577378 0.577344 0.577329
vn -0.577378 0.577344 0.577329
vn -0.577378 0.577344 0.577329
vn 0.577392 0.577317 0.577342
vn 0.577392 0.577317 0.577342
vn 0.577392 0.577317 0.577342
vn 0.577394 0.577316 -0.577341
vn 0.577394 0.577316 -0.577341
vn 0.577394 0.577316 -0.577341
vn -0.577380 0.577343 -0.577327
vn -0.577380 0.577343 -0.577327
vn -0.577380 0.577343 -0.577327
vn -0.577361 0.577347 0.577343
vn -0.577361 0.577347 0.577343
vn -0.577361 0.577347 0.577343
vn 0.577361 0.577347 0.577343
vn 0.577361 0.577347 0.577343
vn 0.577361 0.577347 0.577343
vn 0.577362 0.577345 -0.577343
vn 0.577362 0.577345 -0.577343
vn 0.577362 0.577345 -0.577343
vn -0.577362 0.577345 -0.577343
vn -0.577362 0.577345 -0.577343
vn -0.577362 0.577345 -0.577343
vn -0.577348 0.577354 0.577348
vn -0.577348 0.577354 0.577348
vn -0.577348 0.577354 0.577348
vn 0.577378 0.577344 0.577329
vn 0.577378 0.577344 0.577329
vn 0.577378 0.577344 0.577329
vn 0.577380 0.577343 -0.577327
vn 0.577380 0.577343 -0.577327
vn 0.577380 0.577343 -0.577327
vn -0.577350 0.577353 -0.577347
vn -0.577350 0.577354 -0.577347
vn -0.577350 0.577353 -0.577347
vn -0.577370 0.577336 0.577345
vn -0.577370 0.577336 0.577345
vn -0.577370 0.577336 0.577345
vn 0.577366 0.577352 0.577333
vn 0.577366 0.577352 0.577333
vn 0.577366 0.577352 0.577333
vn 0.577368 0.577351 -0.577331
vn 0.577368 0.577351 -0.577331
vn 0.577368 0.577351 -0.577331
vn -0.577372 0.577335 -0.577345
vn -0.577372 0.577335 -0.577344
vn -0.577372 0.577335 -0.577345
vn -0.577348 0.577354 0.577348
vn -0.577348 0.577354 0.577348
vn -0.577348 0.577354 0.577348
vn 0.577373 0.577338 0.577340
vn 0.577373 0.577338 0.577340
vn 0.577373 0.577338 0.577340
vn 0.577375 0.577338 -0.577338
vn 0.577375 0.577338 -0.577338
vn 0.577375 0.577338 -0.577338
vn -0.577350 0.577353 -0.577347
vn -0.577350 0.577354 -0.577347
vn -0.577350 0.577353 -0.577347
vn -0.577373 0.577338 0.577340
vn -0.577373 0.577338 0.577340
vn -0.577373 0.577338 0.577340
vn 0.577386 0.577311 0.577353
vn 0.577386 0.577311 0.577354
vn 0.577386 0.577311 0.577353
vn 0.577388 0.577310 -0.577353
vn 0.577388 0.577310 -0.577353
vn 0.577388 0.577310 -0.577353
vn -0.577375 0.577338 -0.577338
vn -0.577375 0.577338 -0.577338
vn -0.577375 0.577338 -0.577338
vn -0.577356 0.577359 0.577336
vn -0.577356 0.577359 0.577336
vn -0.577356 0.577359 0.577336
vn 0.577381 0.577343 0.577327
vn 0.577380 0.577343 0.577327
vn 0.577381 0.577343 0.577327
vn 0.577383 0.577342 -0.577326
vn 0.577383 0.577342 -0.577326
vn 0.577383 0.577342 -0.577326
vn -0.577358 0.577358 -0.577335
vn -0.577358 0.577358 -0.577335
vn -0.577358 0.577358 -0.577335
vn -0.577381 0.577343 0.577327
vn -0.577380 0.577343 0.577327
vn -0.577381 0.577343 0.577327
vn 0.577394 0.577316 0.577341
vn 0.577394 0.577316 0.577341
vn 0.577394 0.577316 0.577341
vn 0.577396 0.577315 -0.577340
vn 0.577396 0.577315 -0.577340
vn 0.577396 0.577315 -0.577340
vn -0.577383 0.577342 -0.577326
vn -0.577383 0.577342 -0.577326
vn -0.577383 0.577342 -0.577326
vn -0.577362 0.577345 0.577343
vn -0.577362 0.577345 0.577343
vn -0.577362 0.577345 0.577343
vn 0.577362 0.577345 0.577343
vn 0.577362 0.577345 0.577343
vn 0.577362 0.577345 0.577343
vn 0.577364 0.577344 -0.577342
vn 0.577364 0.577344 -0.577342
vn 0.577364 0.577344 -0.577342
vn -0.577364 0.577344 -0.577342
vn -0.577364 0.577344 -0.577342
vn -0.577364 0.577344 -0.577342
vn -0.577362 0.577345 0.577343
vn -0.577362 0.577345 0.577343
vn -0.577362 0.577345 0.577343
vn 0.577381 0.577343 0.577327
vn 0.577380 0.577343 0.577327
vn 0.577381 0.577343 0.577327
vn 0.577383 0.577342 -0.577326
vn 0.577383 0.577342 -0.577326
vn 0.577383 0.577342 -0.577326
vn -0.577364 0.577344 -0.577342
vn -0.577364 0.577344 -0.577342
vn -0.577364 0.577344 -0.577342
vn -0.577375 0.577338 0.577338
vn -0.577375 0.577338 0.577338
vn -0.577375 0.577338 0.577338
vn 0.577372 0.577344 0.577335
vn 0.577372 0.577344 0.577335
vn 0.577372 0.577344 0.577335
vn 0.577374 0.577343 -0.577334
vn 0.577374 0.577344 -0.577334
vn 0.577374 0.577344 -0.577334
vn -0.577377 0.577337 -0.577337
vn -0.577377 0.577337 -0.577337
vn -0.577377 0.577337 -0.577337
vn -0.577375 0.577338 0.577338
vn -0.577375 0.577338 0.577338
vn -0.577375 0.577338 0.577338
vn 0.577373 0.577341 0.577336
vn 0.577373 0.577341 0.577336
vn 0.577373 0.577341 0.577336
vn 0.577375 0.577340 -0.577335
vn 0.577375 0.577340 -0.577335
vn 0.577375 0.577340 -0.577335
vn -0.577377 0.577337 -0.577337
vn -0.577377 0.577337 -0.577337
vn -0.577377 0.577337 -0.577337
vn -0.577362 0.577345 0.577343
vn -0.577362 0.577345 0.577343
vn -0.577362 0.577345 0.577343
vn 0.577362 0.577345 0.577343
vn 0.577362 0.577345 0.577343
vn 0.577362 0.577345 0.577343
vn 0.577364 0.577344 -0.577342
vn 0.577364 0.577344 -0.577342
vn 0.577364 0.577344 -0.577342
vn -0.577364 0.577344 -0.577342
vn -0.577364 0.577344 -0.577342
vn -0.577364 0.577344 -0.577342
vn -0.577368 0.577341 0.577341
vn -0.577369 0.577341 0.577341
vn -0.577368 0.577341 0.577341
vn 0.577375 0.577338 0.577338
vn 0.577375 0.577338 0.577338
vn 0.577375 0.577338 0.577338
vn 0.577377 0.577337 -0.577337
vn 0.577377 0.577337 -0.577337
vn 0.577377 0.577337 -0.577337
vn -0.577370 0.577340 -0.577340
vn -0.577370 0.577340 -0.577340
vn -0.577370 0.577340 -0.577340
vn -0.577368 0.577341 0.577341
vn -0.577369 0.577341 0.577341
vn -0.577368 0.577341 0.577341
vn 0.577375 0.577338 0.577338
vn 0.577375 0.577338 0.577338
vn 0.577375 0.577338 0.577338
vn 0.577377 0.577337 -0.577337
vn 0.577377 0.577337 -0.577337
vn 0.577377 0.577337 -0.577337
vn -0.577370 0.577340 -0.577340
vn -0.577370 0.577340 -0.577340
vn -0.577370 0.577340 -0.577340
vn -0.577350 0.577353 0.577347
vn -0.577350 0.577353 0.577347
vn -0.577350 0.577353 0.577347
vn 0.577381 0.577343 0.577327
vn 0.577380 0.577343 0.577327
vn 0.577381 0.577343 0.577327
vn 0.577383 0.577342 -0.577326
vn 0.577383 0.577342 -0.577326
vn 0.577383 0.577342 -0.577326
vn -0.577352 0.577352 -0.577346
vn -0.577352 0.577352 -0.577346
vn -0.577352 0.577352 -0.577346
vn -0.577372 0.577335 0.577344
vn -0.577372 0.577335 0.577344
vn -0.577372 0.577335 0.577344
vn 0.577368 0.577351 0.577331
vn 0.577368 0.577351 0.577331
vn 0.577368 0.577351 0.577331
vn 0.577370 0.577350 -0.577330
vn 0.577370 0.577350 -0.577330
vn 0.577370 0.577350 -0.577330
vn -0.577374 0.577333 -0.577343
vn -0.577374 0.577333 -0.577343
vn -0.577374 0.577334 -0.577343
vn -0.577350 0.577353 0.577347
vn -0.577350 0.577353 0.577347
vn -0.577350 0.577353 0.577347
vn 0.577375 0.577338 0.577338
vn 0.577375 0.577338 0.577338
vn 0.577375 0.577338 0.577338
vn 0.577377 0.577337 -0.577337
vn 0.577377 0.577337 -0.577337
vn 0.577377 0.577337 -0.577337
vn -0.577352 0.577352 -0.577346
vn -0.577352 0.577352 -0.577346
vn -0.577352 0.577352 -0.577346
vn -0.577375 0.577338 0.577338
vn -0.577375 0.577338 0.577338
vn -0.577375 0.577338 0.577338
vn 0.577388 0.577310 0.577352
vn 0.577388 0.577310 0.577352
vn 0.577388 0.577310 0.577352
vn 0.577390 0.577309 -0.577351
vn 0.577390 0.577309 -0.577351
vn 0.577390 0.577309 -0.577351
vn -0.577377 0.577337 -0.577337
vn -0.577377 0.577337 -0.577337
vn -0.577377 0.577337 -0.577337
vn -0.577358 0.577358 0.577335
vn -0.577358 0.577358 0.577335
vn -0.577358 0.577358 0.577335
vn 0.577383 0.577342 0.577326
vn 0.577383 0.577342 0.577326
vn 0.577383 0.577342 0.577326
vn 0.577371 0.577287 -0.577393
vn 0.577371 0.577287 -0.577393
vn 0.577371 0.577287 -0.577393
vn -0.577346 0.577303 -0.577401
vn -0.577346 0.577303 -0.577401
vn -0.577346 0.577303 -0.577401
vn -0.577383 0.577342 0.577326
vn -0.577383 0.577342 0.577326
vn -0.577383 0.577342 0.577326
vn 0.577396 0.577315 0.577340
vn 0.577396 0.577315 0.577340
vn 0.577396 0.577315 0.577340
vn 0.577371 0.577287 -0.577393
vn 0.577371 0.577287 -0.577393
vn 0.577371 0.577287 -0.577393
vn -0.577357 0.577314 -0.577379
vn -0.577357 0.577314 -0.577379
vn -0.577357 0.577314 -0.577379
vn -0.577364 0.577344 0.577342
vn -0.577364 0.577344 0.577342
vn -0.577364 0.577344 0.577342
vn 0.577364 0.577344 0.577342
vn 0.577364 0.577344 0.577342
vn 0.577364 0.577344 0.577342
vn 0.577339 0.577316 -0.577395
vn 0.577339 0.577316 -0.577395
vn 0.577339 0.577316 -0.577395
vn -0.577339 0.577316 -0.577395
vn -0.577339 0.577316 -0.577395
vn -0.577339 0.577316 -0.577395
vn -0.577364 0.577344 0.577342
vn -0.577364 0.577344 0.577342
vn -0.577364 0.577344 0.577342
vn 0.577383 0.577342 0.577326
vn 0.577383 0.577342 0.577326
vn 0.577383 0.577342 0.577326
vn 0.577364 0.577301 -0.577386
vn 0.577364 0.577301 -0.577386
vn 0.577364 0.577301 -0.577386
vn -0.577339 0.577316 -0.577395
vn -0.577339 0.577316 -0.577395
vn -0.577339 0.577316 -0.577395
vn -0.577377 0.577337 0.577337
vn -0.577377 0.577337 0.577337
vn -0.577377 0.577337 0.577337
vn 0.577374 0.577343 0.577334
vn 0.577374 0.577344 0.577334
vn 0.577374 0.577344 0.577334
vn 0.577355 0.577302 -0.577394
vn 0.577355 0.577302 -0.577394
vn 0.577355 0.577302 -0.577394
vn -0.577352 0.577309 -0.577390
vn -0.577352 0.577309 -0.577390
vn -0.577352 0.577309 -0.577390
vn -0.577377 0.577337 0.577337
vn -0.577377 0.577337 0.577337
vn -0.577377 0.577337 0.577337
vn 0.577375 0.577340 0.577335
vn 0.577375 0.577340 0.577335
vn 0.577375 0.577340 0.577335
vn 0.577352 0.577309 -0.577390
vn 0.577352 0.577309 -0.577390
vn 0.577352 0.577309 -0.577390
vn -0.577352 0.577309 -0.577390
vn -0.577352 0.577309 -0.577390
vn -0.577352 0.577309 -0.577390
vn -0.577364 0.577344 0.577342
vn -0.577364 0.577344 0.577342
vn -0.577364 0.577344 0.577342
vn 0.577364 0.577344 0.577342
vn 0.577364 0.577344 0.577342
vn 0.577364 0.577344 0.577342
vn 0.577341 0.577313 -0.577397
vn 0.577341 0.577313 -0.577397
vn 0.577341 0.577313 -0.577397
vn -0.577341 0.577313 -0.577397
vn -0.577341 0.577313 -0.577397
vn -0.577341 0.577313 -0.577397
vn -0.577370 0.577340 0.577340
vn -0.577370 0.577340 0.577340
vn -0.577370 0.577340 0.577340
vn 0.577377 0.577337 0.577337
vn 0.577377 0.577337 0.577337
vn 0.577377 0.577337 0.577337
vn 0.577352 0.577309 -0.577390
vn 0.577352 0.577309 -0.577390
vn 0.577352 0.577309 -0.577390
vn -0.577345 0.577312 -0.577393
vn -0.577345 0.577312 -0.577393
vn -0.577345 0.577312 -0.577393
vn -0.577370 0.577340 0.577340
vn -0.577370 0.577340 0.577340
vn -0.577370 0.577340 0.577340
vn 0.577377 0.577337 0.577337
vn 0.577377 0.577337 0.577337
vn 0.577377 0.577337 0.577337
vn 0.577352 0.577309 -0.577390
vn 0.577352 0.577309 -0.577390
vn 0.577352 0.577309 -0.577390
vn -0.577345 0.577312 -0.577393
vn -0.577345 0.577312 -0.577393
vn -0.577345 0.577312 -0.577393
vn -0.577352 0.577352 0.577346
vn -0.577352 0.577352 0.577346
vn -0.577352 0.577352 0.577346
vn 0.577383 0.577342 0.577326
vn 0.577383 0.577342 0.577326
vn 0.577383 0.577342 0.577326
vn 0.577364 0.577301 -0.577386
vn 0.577364 0.577301 -0.577386
vn 0.577364 0.577301 -0.577386
vn -0.577327 0.577324 -0.577400
vn -0.577327 0.577324 -0.577400
vn -0.577327 0.577324 -0.577400
vn -0.577374 0.577334 0.577343
vn -0.577374 0.577333 0.577343
vn -0.577374 0.577333 0.577343
vn 0.577370 0.577350 0.577330
vn 0.577370 0.577350 0.577330
vn 0.577370 0.577350 0.577330
vn 0.577345 0.577322 -0.577384
vn 0.577345 0.577322 -0.577383
vn 0.577345 0.577322 -0.577383
vn -0.577349 0.577305 -0.577397
vn -0.577349 0.577305 -0.577397
vn -0.577349 0.577305 -0.577397
vn -0.577352 0.577352 0.577346
vn -0.577352 0.577352 0.577346
vn -0.577352 0.577352 0.577346
vn 0.577377 0.577337 0.577337
vn 0.577377 0.577337 0.577337
vn 0.577377 0.577337 0.577337
vn 0.577352 0.577309 -0.577390
vn 0.577352 0.577309 -0.577390
vn 0.577352 0.577309 -0.577390
vn -0.577327 0.577324 -0.577400
vn -0.577327 0.577324 -0.577400
vn -0.577327 0.577324 -0.577400
vn -0.577377 0.577337 0.577337
vn -0.577377 0.577337 0.577337
vn -0.577377 0.577337 0.577337
vn 0.577390 0.577309 0.577351
vn 0.577390 0.577309 0.577351
vn 0.577390 0.577309 0.577351
vn 0.577351 0.577308 -0.577391
vn 0.577351 0.577308 -0.577391
vn 0.577351 0.577308 -0.577391
vn -0.577352 0.577309 -0.577390
vn -0.577352 0.577309 -0.577390
vn -0.577352 0.577309 -0.577390
vn -0.577295 0.577308 0.577447
vn -0.577295 0.577308 0.577447
vn -0.577295 0.577308 0.577447
vn 0.577334 0.577265 0.577452
vn 0.577334 0.577265 0.577452
vn 0.577334 0.577265 0.577452
vn 0.577362 0.577291 -0.577398
vn 0.577362 0.577291 -0.577398
vn 0.577362 0.577291 -0.577398
vn -0.577338 0.577307 -0.577405
vn -0.577338 0.577307 -0.577405
vn -0.577338 0.577307 -0.577405
vn -0.577334 0.577265 0.577452
vn -0.577334 0.577265 0.577452
vn -0.577334 0.577265 0.577452
vn 0.577334 0.577265 0.577452
vn 0.577334 0.577265 0.577452
vn 0.577334 0.577265 0.577452
vn 0.577362 0.577291 -0.577398
vn 0.577362 0.577291 -0.577398
vn 0.577362 0.577291 -0.577398
vn -0.577349 0.577318 -0.577384
vn -0.577349 0.577318 -0.577384
vn -0.577349 0.577318 -0.577384
vn -0.577309 0.577281 0.577461
vn -0.577309 0.577281 0.577461
vn -0.577309 0.577281 0.577461
vn 0.577302 0.577294 0.577455
vn 0.577302 0.577294 0.577455
vn 0.577302 0.577294 0.577455
vn 0.577332 0.577321 -0.577399
vn 0.577331 0.577321 -0.577399
vn 0.577332 0.577321 -0.577399
vn -0.577332 0.577321 -0.577399
vn -0.577332 0.577321 -0.577399
vn -0.577331 0.577321 -0.577399
vn -0.577309 0.577281 0.577461
vn -0.577309 0.577281 0.577461
vn -0.577309 0.577281 0.577461
vn 0.577327 0.577279 0.577445
vn 0.577327 0.577279 0.577445
vn 0.577327 0.577279 0.577445
vn 0.577356 0.577304 -0.577391
vn 0.577356 0.577304 -0.577391
vn 0.577356 0.577304 -0.577391
vn -0.577332 0.577321 -0.577399
vn -0.577332 0.577321 -0.577399
vn -0.577331 0.577321 -0.577399
vn -0.577321 0.577273 0.577456
vn -0.577321 0.577273 0.577456
vn -0.577321 0.577273 0.577456
vn 0.577318 0.577280 0.577453
vn 0.577318 0.577280 0.577453
vn 0.577318 0.577280 0.577453
vn 0.577347 0.577305 -0.577399
vn 0.577347 0.577305 -0.577399
vn 0.577347 0.577305 -0.577399
vn -0.577343 0.577312 -0.577395
vn -0.577343 0.577312 -0.577395
vn -0.577343 0.577312 -0.577395
vn -0.577315 0.577287 0.577450
vn -0.577315 0.577287 0.577450
vn -0.577315 0.577287 0.577450
vn 0.577316 0.577283 0.577451
vn 0.577316 0.577283 0.577451
vn 0.577316 0.577283 0.577451
vn 0.577343 0.577312 -0.577395
vn 0.577343 0.577312 -0.577395
vn 0.577343 0.577312 -0.577395
vn -0.577343 0.577312 -0.577395
vn -0.577343 0.577312 -0.577395
vn -0.577343 0.577312 -0.577395
vn -0.577304 0.577289 0.577457
vn -0.577304 0.577289 0.577457
vn -0.577304 0.577289 0.577457
vn 0.577304 0.577289 0.577457
vn 0.577304 0.577289 0.577457
vn 0.577304 0.577289 0.577457
vn 0.577333 0.577317 -0.577400
vn 0.577333 0.577317 -0.577400
vn 0.577333 0.577317 -0.577400
vn -0.577333 0.577317 -0.577400
vn -0.577333 0.577317 -0.577400
vn -0.577333 0.577317 -0.577400
vn -0.577310 0.577287 0.577454
vn -0.577310 0.577287 0.577454
vn -0.577310 0.577287 0.577454
vn 0.577315 0.577287 0.577450
vn 0.577315 0.577287 0.577450
vn 0.577315 0.577287 0.577450
vn 0.577343 0.577312 -0.577395
vn 0.577343 0.577312 -0.577395
vn 0.577343 0.577312 -0.577395
vn -0.577337 0.577316 -0.577397
vn -0.577337 0.577316 -0.577397
vn -0.577337 0.577316 -0.577397
vn -0.577311 0.577284 0.577456
vn -0.577311 0.577284 0.577456
vn -0.577311 0.577284 0.577456
vn 0.577321 0.577273 0.577456
vn 0.577321 0.577273 0.577456
vn 0.577321 0.577273 0.577456
vn 0.577343 0.577312 -0.577395
vn 0.577343 0.577312 -0.577395
vn 0.577343 0.577312 -0.577395
vn -0.577337 0.577316 -0.577397
vn -0.577337 0.577316 -0.577397
vn -0.577337 0.577316 -0.577397
vn -0.577290 0.577302 0.577459
vn -0.577290 0.577302 0.577459
vn -0.577290 0.577302 0.577459
vn 0.577327 0.577279 0.577445
vn 0.577327 0.577279 0.577445
vn 0.577327 0.577279 0.577445
vn 0.577356 0.577304 -0.577391
vn 0.577356 0.577304 -0.577391
vn 0.577356 0.577304 -0.577391
vn -0.577319 0.577329 -0.577404
vn -0.577319 0.577328 -0.577404
vn -0.577319 0.577328 -0.577404
vn -0.577318 0.577270 0.577463
vn -0.577318 0.577270 0.577463
vn -0.577318 0.577270 0.577463
vn 0.577308 0.577300 0.577443
vn 0.577308 0.577300 0.577443
vn 0.577308 0.577300 0.577443
vn 0.577337 0.577326 -0.577388
vn 0.577337 0.577326 -0.577388
vn 0.577337 0.577326 -0.577388
vn -0.577341 0.577310 -0.577401
vn -0.577341 0.577309 -0.577401
vn -0.577341 0.577309 -0.577401
vn -0.577290 0.577302 0.577459
vn -0.577290 0.577302 0.577459
vn -0.577290 0.577302 0.577459
vn 0.577328 0.577260 0.577463
vn 0.577328 0.577260 0.577463
vn 0.577328 0.577260 0.577463
vn 0.577343 0.577312 -0.577395
vn 0.577343 0.577312 -0.577395
vn 0.577343 0.577312 -0.577395
vn -0.577319 0.577329 -0.577404
vn -0.577319 0.577328 -0.577404
vn -0.577319 0.577328 -0.577404
vn -0.577315 0.577287 0.577450
vn -0.577315 0.577287 0.577450
vn -0.577315 0.577287 0.577450
vn 0.577328 0.577259 0.577464
vn 0.577328 0.577259 0.577464
vn 0.577328 0.577259 0.577464
vn 0.577343 0.577312 -0.577395
vn 0.577343 0.577312 -0.577395
vn 0.577343 0.577312 -0.577395
vn -0.577343 0.577312 -0.577395
vn -0.577343 0.577312 -0.577395
vn -0.577343 0.577312 -0.577395
vn -0.408199 0.821293 0.398561
vn -0.408199 0.821293 0.398561
vn -0.406343 0.821208 -0.400629
vn -0.406343 0.821208 -0.400629
vn 0.406338 0.821212 0.400625
vn 0.406338 0.821212 0.400625
vn 0.408193 0.821286 -0.398583
vn 0.408193 0.821286 -0.398583
vn -0.577367 0.577333 0.577351
vn -0.577367 0.577333 0.577351
vn -0.577367 0.577333 0.577351
vn -0.577368 0.577332 -0.577351
vn -0.577368 0.577332 -0.577351
vn -0.577368 0.577332 -0.577351
vn 0.577383 0.577328 0.577340
vn 0.577383 0.577328 0.577340
vn 0.577383 0.577328 0.577341
vn 0.577384 0.577327 -0.577340
vn 0.577384 0.577327 -0.577340
vn 0.577384 0.577327 -0.577340
vn 0.577362 0.577364 -0.577325
vn 0.577362 0.577364 -0.577325
vn 0.577362 0.577364 -0.577325
vn -0.577355 0.577377 -0.577318
vn -0.577355 0.577377 -0.577319
vn -0.577355 0.577377 -0.577318
vn 0.577362 0.577364 0.577325
vn 0.577362 0.577364 0.577325
vn 0.577362 0.577364 0.577325
vn -0.577355 0.577377 0.577318
vn -0.577355 0.577377 0.577318
vn -0.577355 0.577377 0.577319
vn -0.577321 -0.577436 -0.577294
vn -0.577321 -0.577436 -0.577294
vn -0.577321 -0.577436 -0.577294
vn 0.577326 -0.577441 -0.577283
vn 0.577326 -0.577441 -0.577283
vn 0.577326 -0.577441 -0.577283
vn -0.432530 0.475921 0.765779
vn -0.432530 0.475921 0.765779
vn -0.577525 0.459954 -0.674468
vn -0.577525 0.459955 -0.674468
vn -0.577525 0.459954 -0.674468
vn 0.444784 0.464462 0.765796
vn 0.444784 0.464462 0.765796
vn 0.573087 0.469729 -0.671510
vn 0.573087 0.469729 -0.671510
vn 0.573087 0.469729 -0.671510
vn 0.385244 0.564051 0.730365
vn 0.385243 0.564051 0.730365
vn 0.382779 -0.262893 0.885645
vn 0.382779 -0.262893 0.885645
vn -0.382794 0.565499 0.730534
vn -0.382794 0.565499 0.730534
vn -0.385164 -0.261595 0.884995
vn -0.385164 -0.261595 0.884995
vn 0.577377 0.673735 0.461213
vn 0.577377 0.673735 0.461213
vn 0.577377 0.673735 0.461213
vn 0.577456 -0.461221 0.673661
vn 0.577456 -0.461221 0.673661
vn 0.577456 -0.461221 0.673661
vn -0.577420 0.673703 0.461205
vn -0.577420 0.673703 0.461205
vn -0.577420 0.673703 0.461205
vn -0.577473 -0.461214 0.673652
vn -0.577473 -0.461215 0.673652
vn -0.577473 -0.461214 0.673652
vn -0.880637 0.346787 0.322826
vn -0.880637 0.346787 0.322826
vn 0.880635 0.348986 0.320454
vn 0.880635 0.348986 0.320454
s 1
g textureEditorIsolateSelectSet laptop
usemtl initialShadingGroup
f 1/1/1 3/2/2 1196/3939/3 1195/4/4
s 2
f 2/5/5 1/1/6 7/6/7 6/7/8
s off
f 3/2/9 2/5/10 64/8/11 63/3971/12
s 3
f 4/10/13 7/6/14 1197/11/15 1200/12/16
s 2
f 5/13/17 4/10/18 11/14/19 10/15/20
s 4
f 6/7/21 5/13/22 68/16/23 67/17/24
s 3
f 8/18/25 11/14/26 1201/19/27 1204/20/28
s 2
f 9/21/29 8/18/30 15/22/31 14/23/32
s 4
f 10/15/33 9/21/34 72/24/35 71/25/36
s 3
f 12/26/37 15/22/38 1205/27/39 1208/28/40
s 2
f 13/29/41 12/26/42 19/30/43 18/31/44
s 4
f 14/23/45 13/29/46 76/32/47 75/33/48
s 3
f 16/34/49 19/30/50 1209/35/51 1212/36/52
s 2
f 17/37/53 16/34/54 23/38/55 22/39/56
s 4
f 18/31/57 17/37/58 80/40/59 79/41/60
s 3
f 20/42/61 23/38/62 1213/43/63 1216/44/64
s 2
f 21/45/65 20/42/66 27/46/67 26/47/68
s 4
f 22/39/69 21/45/70 84/48/71 83/49/72
s 3
f 24/50/73 27/46/74 1217/51/75 1220/52/76
s 2
f 25/53/77 24/50/78 31/54/79 30/55/80
s 4
f 26/47/81 25/53/82 88/56/83 87/57/84
s 3
f 28/58/85 31/54/86 1221/59/87 1224/60/88
s 2
f 29/61/89 28/58/90 35/62/91 34/63/92
s 4
f 30/55/93 29/61/94 92/64/95 91/65/96
s 3
f 32/66/97 35/62/98 1225/67/99 1228/68/100
s 2
f 33/69/101 32/66/102 39/70/103 38/71/104
s 4
f 34/63/105 33/69/106 96/72/107 95/73/108
s 3
f 36/74/109 39/70/110 1229/75/111 1232/76/112
s 2
f 37/77/113 36/74/114 43/78/115 42/79/116
s 4
f 38/71/117 37/77/118 100/80/119 99/81/120
s 3
f 40/82/121 43/78/122 1233/83/123 1236/84/124
s 2
f 41/85/125 40/82/126 47/86/127 46/87/128
s 4
f 42/79/129 41/85/130 104/88/131 103/89/132
s 3
f 44/90/133 47/86/134 1237/91/135 1240/92/136
s 2
f 45/93/137 44/90/138 51/94/139 50/95/140
s 4
f 46/87/141 45/93/142 108/96/143 107/97/144
s 3
f 48/98/145 51/94/146 1241/99/147 1244/100/148
s 2
f 49/101/149 48/98/150 55/102/151 54/103/152
s 4
f 50/95/153 49/101/154 112/104/155 111/105/156
s 3
f 52/106/157 55/102/158 1245/107/159 1248/108/160
s 2
f 53/109/161 52/106/162 59/110/163 58/111/164
s 4
f 54/103/165 53/109/166 116/112/167 115/113/168
s 3
f 56/114/169 59/110/170 1249/115/171 1252/116/172
s 2
f 57/117/173 56/114/174 62/118/175 61/119/176
s 4
f 58/111/177 57/117/178 120/120/179 119/121/180
s 18
f 60/3974/181 62/118/182 1254/123/183 1253/124/184
s off
f 61/119/185 60/3974/186 124/3975/187 123/126/188
s 19
f 63/9/189 65/3972/190 126/3938/191 125/129/192
s 20
f 65/127/193 64/8/194 67/17/195 66/3969/196
s 21
f 66/130/197 69/3968/198 131/132/199 130/133/200
s 20
f 69/131/201 68/16/202 71/25/203 70/3967/204
s 21
f 70/134/205 73/3966/206 135/136/207 134/137/208
s 20
f 73/135/209 72/24/210 75/33/211 74/3965/212
s 21
f 74/138/213 77/3964/214 139/140/215 138/141/216
s 20
f 77/139/217 76/32/218 79/41/219 78/3963/220
s 21
f 78/142/221 81/3962/222 143/144/223 142/145/224
s 20
f 81/143/225 80/40/226 83/49/227 82/3961/228
s 21
f 82/146/229 85/3960/230 148/148/231 147/149/232
s 20
f 85/147/233 84/48/234 87/57/235 86/3959/236
s 21
f 86/150/237 89/3958/238 152/152/239 151/153/240
s 20
f 89/151/241 88/56/242 91/65/243 90/3957/244
s 21
f 90/154/245 93/3956/246 156/156/247 155/157/248
s 20
f 93/155/249 92/64/250 95/73/251 94/3955/252
s 21
f 94/158/253 97/3954/254 160/160/255 159/161/256
s 20
f 97/159/257 96/72/258 99/81/259 98/3953/260
s 21
f 98/162/261 101/3952/262 164/164/263 163/165/264
s 20
f 101/163/265 100/80/266 103/89/267 102/3951/268
s 21
f 102/166/269 105/3950/270 168/168/271 167/169/272
s 20
f 105/167/273 104/88/274 107/97/275 106/3949/276
s 21
f 106/170/277 109/3948/278 173/172/279 172/173/280
s 20
f 109/171/281 108/96/282 111/105/283 110/3947/284
s 21
f 110/174/285 113/3946/286 177/176/287 176/177/288
s 20
f 113/175/289 112/104/290 115/113/291 114/3945/292
s 21
f 114/178/293 117/3944/294 181/180/295 180/181/296
s 20
f 117/179/297 116/112/298 119/121/299 118/3943/300
s 21
f 118/182/301 121/3942/302 185/184/303 184/185/304
s 20
f 121/183/305 120/120/306 123/126/307 122/3940/308
s 35
f 122/186/309 124/125/310 190/187/311 189/188/312
s 36
f 125/129/313 128/189/314 1193/190/315 1196/3/316
s 21
f 127/191/317 126/128/318 130/133/200 129/192/319
s 19
f 128/189/320 127/3937/321 192/3933/322 191/194/323
s 21
f 129/192/319 132/195/324 197/196/325 196/197/326
f 132/195/324 131/132/199 134/137/208 133/198/327
f 133/198/327 136/199/328 201/200/329 200/201/330
f 136/199/328 135/136/207 138/141/216 137/202/331
f 137/202/331 140/203/332 205/204/333 204/205/334
f 140/203/332 139/140/215 142/145/224 141/206/335
f 141/206/335 144/207/336 209/208/337 208/209/338
f 144/207/336 143/144/223 147/149/232 146/210/339
s off
f 145/211/340 149/212/341 3118/213/342 3117/4401/343
s 37
f 146/210/344 145/211/345 214/215/346 213/216/347
f 149/212/348 148/148/349 151/153/350 150/217/351
s 38
f 150/217/352 153/218/353 3123/219/354 3122/4399/355
s 37
f 153/218/356 152/152/357 155/157/358 154/221/359
s 38
f 154/221/360 157/222/361 3135/223/362 3134/4397/363
s 37
f 157/222/364 156/156/365 159/161/366 158/225/367
s 38
f 158/225/368 161/226/369 3143/227/370 3142/4393/371
s 37
f 161/226/372 160/160/373 163/165/374 162/229/375
s 38
f 162/229/376 165/230/377 3151/231/378 3150/4391/379
s 37
f 165/230/380 164/164/381 167/169/382 166/233/383
s off
f 166/233/384 170/234/385 3158/235/386 3157/4389/387
s 21
f 169/237/388 168/168/271 172/173/280 171/238/389
s 37
f 170/234/390 169/237/391 216/239/392 215/240/393
s 21
f 171/238/389 174/241/394 221/242/395 220/243/396
f 174/241/394 173/172/279 176/177/288 175/244/397
f 175/244/397 178/245/398 225/246/399 224/247/400
f 178/245/398 177/176/287 180/181/296 179/248/401
f 179/248/401 182/249/402 229/250/403 228/251/404
f 182/249/402 181/180/295 184/185/304 183/252/405
f 183/252/405 186/253/406 233/254/407 232/255/408
f 186/253/406 185/184/303 189/3936/409 188/3934/410
s 42
f 187/257/411 190/187/412 1253/3935/413 1256/3865/414
s 35
f 188/256/415 187/257/416 238/259/417 237/260/418
s 36
f 191/194/419 194/261/420 1129/262/421 1132/3867/422
s 21
f 193/264/423 192/193/424 196/197/326 195/265/425
s 19
f 194/261/426 193/3932/427 240/3929/428 239/267/429
s 21
f 195/265/425 198/268/430 245/269/431 244/270/432
f 198/268/430 197/196/325 200/201/330 199/271/433
f 199/271/433 202/272/434 249/273/435 248/274/436
f 202/272/434 201/200/329 204/205/334 203/275/437
f 203/275/437 206/276/438 253/277/439 252/278/440
f 206/276/438 205/204/333 208/209/338 207/279/441
f 207/279/441 210/280/442 257/281/443 256/282/444
f 210/280/442 209/208/337 213/216/445 212/283/446
s 44
f 211/284/447 214/215/448 3129/285/449 3128/4395/450
s 37
f 212/283/451 211/284/452 263/287/453 262/288/454
s 45
f 215/240/455 218/289/456 3162/290/457 3161/4387/458
s 21
f 217/292/459 216/239/460 220/243/396 219/293/461
s 37
f 218/289/462 217/292/463 281/294/464 280/295/465
s 21
f 219/293/461 222/296/466 287/297/467 286/298/468
f 222/296/466 221/242/395 224/247/400 223/299/469
f 223/299/469 226/300/470 291/301/471 290/302/472
f 226/300/470 225/246/399 228/251/404 227/303/473
f 227/303/473 230/304/474 295/305/475 294/306/476
f 230/304/474 229/250/403 232/255/408 231/307/477
f 231/307/477 234/308/478 299/309/479 298/310/480
f 234/308/478 233/254/407 237/3931/481 236/3930/482
s 42
f 235/312/483 238/259/484 1189/313/485 1192/3869/486
s 35
f 236/311/487 235/312/488 304/315/489 303/316/490
s 36
f 239/267/491 242/317/492 1065/318/493 1068/3871/494
s 21
f 241/320/495 240/266/496 244/270/432 243/321/497
s 19
f 242/317/498 241/3928/499 306/3925/500 305/323/501
s 21
f 243/321/497 246/324/502 312/325/503 311/326/504
f 246/324/502 245/269/431 248/274/436 247/327/505
f 247/327/505 250/328/506 316/329/507 315/330/508
f 250/328/506 249/273/435 252/278/440 251/331/509
f 251/331/509 254/332/510 320/333/511 319/334/512
f 254/332/510 253/277/439 256/282/444 255/335/513
f 255/335/513 258/336/514 324/337/515 323/338/516
f 258/336/514 257/281/443 262/288/517 261/339/518
s off
f 259/340/519 263/287/520 3169/341/521 3168/4381/522
s 37
f 260/343/523 259/340/524 267/344/525 266/345/526
s 21
f 261/339/518 260/343/527 328/346/528 327/347/529
s 48
f 264/348/530 267/344/531 3164/349/532 3163/4383/533
s 37
f 265/351/534 264/348/535 271/352/536 270/353/537
s 21
f 266/345/538 265/351/539 332/354/540 331/355/541
s 48
f 268/356/542 271/352/543 3171/357/544 3170/4379/545
s 37
f 269/359/546 268/356/547 275/360/548 274/361/549
s 21
f 270/353/550 269/359/551 336/362/552 335/363/553
s 48
f 272/364/554 275/360/555 3175/365/556 3174/4377/557
s 37
f 273/367/558 272/364/559 279/368/560 278/369/561
s 21
f 274/361/562 273/367/563 340/370/564 339/371/565
s 48
f 276/372/566 279/368/567 3179/373/568 3178/4375/569
s 37
f 277/375/570 276/372/571 284/376/572 283/377/573
s 21
f 278/369/574 277/375/575 344/378/576 343/379/577
s off
f 280/295/578 284/376/579 3184/380/580 3183/4385/581
s 21
f 282/382/582 281/294/583 286/298/468 285/383/584
f 283/377/585 282/382/582 348/384/586 347/385/587
f 285/383/584 288/386/588 352/387/589 351/388/590
f 288/386/588 287/297/467 290/302/472 289/389/591
f 289/389/591 292/390/592 356/391/593 355/392/594
f 292/390/592 291/301/471 294/306/476 293/393/595
f 293/393/595 296/394/596 360/395/597 359/396/598
f 296/394/596 295/305/475 298/310/480 297/397/599
f 297/397/599 300/398/600 364/399/601 363/400/602
f 300/398/600 299/309/479 303/3927/603 302/3926/604
s 42
f 301/402/605 304/315/606 1125/403/607 1128/3873/608
s 35
f 302/401/609 301/402/610 370/405/611 369/406/612
s 36
f 305/323/613 308/407/614 1001/408/615 1004/3875/616
s 21
f 307/410/617 306/322/618 311/326/504 310/411/619
s 19
f 308/407/620 307/3924/621 372/3921/622 371/413/623
s off
f 309/414/624 313/415/625 1259/416/626 1258/417/627
s 54
f 310/411/628 309/414/629 378/418/630 377/419/631
f 313/415/632 312/325/633 315/330/634 314/420/635
s 55
f 314/420/636 317/421/637 1265/422/638 1264/423/639
s 54
f 317/421/640 316/329/641 319/334/642 318/424/643
s 55
f 318/424/644 321/425/645 1285/426/646 1284/427/647
s 54
f 321/425/648 320/333/649 323/338/650 322/428/651
s 55
f 322/428/652 325/429/653 1299/430/654 1298/431/655
s 54
f 325/429/656 324/337/657 327/347/658 326/432/659
s 55
f 326/432/660 329/433/661 1311/434/662 1310/435/663
s 54
f 329/433/664 328/346/665 331/355/666 330/436/667
s 55
f 330/436/668 333/437/669 1321/438/670 1320/439/671
s 54
f 333/437/672 332/354/673 335/363/674 334/440/675
s 55
f 334/440/676 337/441/677 1331/442/678 1330/443/679
s 54
f 337/441/680 336/362/681 339/371/682 338/444/683
s 55
f 338/444/684 341/445/685 1341/446/686 1340/447/687
s 54
f 341/445/688 340/370/689 343/379/690 342/448/691
s 55
f 342/448/692 345/449/693 1351/450/694 1350/451/695
s 54
f 345/449/696 344/378/697 347/385/698 346/452/699
s 55
f 346/452/700 349/453/701 1361/454/702 1360/455/703
s 54
f 349/453/704 348/384/705 351/388/706 350/456/707
s 55
f 350/456/708 353/457/709 1377/458/710 1376/459/711
s 54
f 353/457/712 352/387/713 355/392/714 354/460/715
s 55
f 354/460/716 357/461/717 1391/462/718 1390/463/719
s 54
f 357/461/720 356/391/721 359/396/722 358/464/723
s 55
f 358/464/724 361/465/725 1405/466/726 1404/467/727
s 54
f 361/465/728 360/395/729 363/400/730 362/468/731
s off
f 362/468/732 366/469/733 1417/470/734 1416/471/735
s 21
f 365/472/736 364/399/601 369/3923/737 368/3922/738
s 54
f 366/469/739 365/472/740 380/474/741 379/475/742
s 42
f 367/476/743 370/405/744 1061/477/745 1064/3877/746
s 35
f 368/473/747 367/476/748 386/479/749 385/480/750
s 36
f 371/413/751 374/481/752 937/482/753 940/3879/754
s 21
f 373/484/755 372/412/756 377/419/757 376/485/758
s 19
f 374/481/759 373/3920/760 388/3917/761 387/487/762
s 68
f 375/488/763 378/418/764 1277/489/765 1276/490/766
s 54
f 376/485/767 375/488/768 394/491/769 393/492/770
s 69
f 379/475/771 382/493/772 1423/494/773 1422/495/774
s 21
f 381/496/775 380/474/776 385/3919/777 384/3918/778
s 54
f 382/493/779 381/496/780 396/498/781 395/499/782
s 42
f 383/500/783 386/479/784 997/501/785 1000/3881/786
s 35
f 384/497/787 383/500/788 402/503/789 401/504/790
s 36
f 387/487/791 390/505/792 873/506/793 876/3883/794
s 21
f 389/508/795 388/486/796 393/492/797 392/509/798
s 19
f 390/505/799 389/3916/800 404/3913/801 403/511/802
s 68
f 391/512/803 394/491/804 1435/513/805 1434/514/806
s 54
f 392/509/807 391/512/808 410/515/809 409/516/810
s 69
f 395/499/811 398/517/812 1531/518/813 1530/519/814
s 21
f 397/520/815 396/498/816 401/3915/817 400/3914/818
s 54
f 398/517/819 397/520/820 412/522/821 411/523/822
s 42
f 399/524/823 402/503/824 933/525/825 936/3885/826
s 35
f 400/521/827 399/524/828 418/527/829 417/528/830
s 36
f 403/511/831 406/529/832 809/530/833 812/3887/834
s 21
f 405/532/835 404/510/836 409/516/837 408/533/838
s 19
f 406/529/839 405/3912/840 420/3909/841 419/535/842
s 68
f 407/536/843 410/515/844 1543/537/845 1542/538/846
s 54
f 408/533/847 407/536/848 427/539/849 426/540/850
s 69
f 411/523/851 414/541/852 1639/542/853 1638/543/854
s 21
f 413/544/855 412/522/856 417/3911/857 416/3910/858
s 54
f 414/541/859 413/544/860 477/546/861 476/547/862
s 42
f 415/548/863 418/527/864 869/549/865 872/3889/866
s 35
f 416/545/867 415/548/868 484/551/869 483/552/870
s 36
f 419/535/871 422/553/872 745/554/873 748/3891/874
s 21
f 421/556/875 420/534/876 426/540/877 425/557/878
s 19
f 422/553/879 421/3908/880 486/3977/881 485/559/882
s off
f 423/560/883 427/539/884 1649/561/885 1648/562/886
s 54
f 424/563/887 423/560/888 431/564/889 430/565/890
s 21
f 425/557/878 424/563/891 491/566/892 490/567/893
s 76
f 428/568/894 431/564/895 1643/569/896 1642/570/897
s 54
f 429/571/898 428/568/899 435/572/900 434/573/901
s 21
f 430/565/902 429/571/903 495/574/904 494/575/905
s 76
f 432/576/906 435/572/907 1653/577/908 1652/578/909
s 54
f 433/579/910 432/576/911 439/580/912 438/581/913
s 21
f 434/573/914 433/579/915 499/582/916 498/583/917
s 76
f 436/584/918 439/580/919 1659/585/920 1658/586/921
s 54
f 437/587/922 436/584/923 443/588/924 442/589/925
s 21
f 438/581/926 437/587/927 503/590/928 502/591/929
s 76
f 440/592/930 443/588/931 1665/593/932 1664/594/933
s 54
f 441/595/934 440/592/935 447/596/936 446/597/937
s 21
f 442/589/938 441/595/939 507/598/940 506/599/941
s 76
f 444/600/942 447/596/943 1671/601/944 1670/602/945
s 54
f 445/603/946 444/600/947 451/604/948 450/605/949
s 21
f 446/597/950 445/603/951 511/606/952 510/607/953
s 76
f 448/608/954 451/604/955 1677/609/956 1676/610/957
s 54
f 449/611/958 448/608/959 455/612/960 454/613/961
s 21
f 450/605/962 449/611/963 515/614/964 514/615/965
s 76
f 452/616/966 455/612/967 1683/617/968 1682/618/969
s 54
f 453/619/970 452/616/971 459/620/972 458/621/973
s 21
f 454/613/974 453/619/975 519/622/976 518/623/977
s 76
f 456/624/978 459/620/979 1689/625/980 1688/626/981
s 54
f 457/627/982 456/624/983 463/628/984 462/629/985
s 21
f 458/621/986 457/627/987 523/630/988 522/631/989
s 76
f 460/632/990 463/628/991 1695/633/992 1694/634/993
s 54
f 461/635/994 460/632/995 467/636/996 466/637/997
s 21
f 462/629/998 461/635/999 527/638/1000 526/639/1001
s 76
f 464/640/1002 467/636/1003 1701/641/1004 1700/642/1005
s 54
f 465/643/1006 464/640/1007 471/644/1008 470/645/1009
s 21
f 466/637/1010 465/643/1011 531/646/1012 530/647/1013
s 76
f 468/648/1014 471/644/1015 1707/649/1016 1706/650/1017
s 54
f 469/651/1018 468/648/1019 475/652/1020 474/653/1021
s 21
f 470/645/1022 469/651/1023 535/654/1024 534/655/1025
s 76
f 472/656/1026 475/652/1027 1713/657/1028 1712/658/1029
s 54
f 473/659/1030 472/656/1031 480/660/1032 479/661/1033
s 21
f 474/653/1034 473/659/1035 539/662/1036 538/663/1037
s off
f 476/547/1038 480/660/1039 1719/664/1040 1718/665/1041
s 21
f 478/666/1042 477/546/1043 483/3907/1044 482/3906/1045
f 479/661/1046 478/666/1042 543/668/1047 542/669/1048
s 42
f 481/670/1049 484/551/1050 805/671/1051 808/3893/1052
s 35
f 482/667/1053 481/670/1054 548/673/1055 547/674/1056
s 36
f 485/559/1057 488/675/1058 681/676/1059 684/3895/1060
s 21
f 487/678/1061 486/558/1062 490/567/893 489/679/1063
s 19
f 488/675/1064 487/3976/1065 553/3905/1066 552/681/1067
s 21
f 489/679/1063 492/682/1068 557/683/1069 556/3814/1070
f 492/682/1068 491/566/892 494/575/905 493/685/1071
f 493/685/1071 496/686/1072 561/687/1073 560/3813/1074
f 496/686/1072 495/574/904 498/583/917 497/689/1075
f 497/689/1075 500/690/1076 565/691/1077 564/3811/1078
f 500/690/1076 499/582/916 502/591/929 501/693/1079
f 501/693/1079 504/694/1080 569/695/1081 568/3809/1082
f 504/694/1080 503/590/928 506/599/941 505/697/1083
f 505/697/1083 508/698/1084 573/699/1085 572/3807/1086
f 508/698/1084 507/598/940 510/607/953 509/701/1087
f 509/701/1087 512/702/1088 577/703/1089 576/3805/1090
f 512/702/1088 511/606/952 514/615/965 513/705/1091
f 513/705/1091 516/706/1092 581/707/1093 580/3803/1094
f 516/706/1092 515/614/964 518/623/977 517/709/1095
f 517/709/1095 520/710/1096 585/711/1097 584/3801/1098
f 520/710/1096 519/622/976 522/631/989 521/713/1099
f 521/713/1099 524/714/1100 589/715/1101 588/3799/1102
f 524/714/1100 523/630/988 526/639/1001 525/717/1103
f 525/717/1103 528/718/1104 593/719/1105 592/3797/1106
f 528/718/1104 527/638/1000 530/647/1013 529/721/1107
f 529/721/1107 532/722/1108 597/723/1109 596/3795/1110
f 532/722/1108 531/646/1012 534/655/1025 533/725/1111
f 533/725/1111 536/726/1112 601/727/1113 600/3793/1114
f 536/726/1112 535/654/1024 538/663/1037 537/729/1115
f 537/729/1115 540/730/1116 605/731/1117 604/3791/1118
f 540/730/1116 539/662/1036 542/669/1048 541/733/1119
f 541/733/1119 544/734/1120 609/735/1121 608/3789/1122
f 544/734/1120 543/668/1047 547/3904/1123 546/3903/1124
s 42
f 545/738/1125 548/673/1126 741/739/1127 744/3897/1128
s 35
f 546/737/1129 545/738/1130 613/741/1131 612/742/1132
s 90
g laptop
f 549/743/1133 554/744/1134 3439/745/1135 3438/746/1136
s 91
f 550/3850/1137 549/743/1138 3314/748/1139 3313/3847/1140
s 36
g textureEditorIsolateSelectSet laptop
f 551/750/1141 550/747/1142 3188/3784/1143 3187/752/1144
f 552/681/1145 551/750/1141 620/753/1146 619/3900/1147
s 93
g laptop
f 554/744/1148 553/680/1149 556/684/1150 555/755/1151
s 90
f 555/755/1152 558/756/1153 3443/757/1154 3442/758/1155
s 93
f 558/756/1156 557/3812/1157 560/688/1158 559/759/1159
s 90
f 559/759/1160 562/760/1161 3455/761/1162 3454/762/1163
s 93
f 562/760/1164 561/3810/1165 564/692/1166 563/763/1167
s 90
f 563/763/1168 566/764/1169 3463/765/1170 3462/766/1171
s 93
f 566/764/1172 565/3808/1173 568/696/1174 567/767/1175
s 90
f 567/767/1176 570/768/1177 3471/769/1178 3470/770/1179
s 93
f 570/768/1180 569/3806/1181 572/700/1182 571/771/1183
s 90
f 571/771/1184 574/772/1185 3479/773/1186 3478/774/1187
s 93
f 574/772/1188 573/3804/1189 576/704/1190 575/775/1191
s 90
f 575/775/1192 578/776/1193 3487/777/1194 3486/778/1195
s 93
f 578/776/1196 577/3802/1197 580/708/1198 579/779/1199
s 90
f 579/779/1200 582/780/1201 3495/781/1202 3494/782/1203
s 93
f 582/780/1204 581/3800/1205 584/712/1206 583/783/1207
s 90
f 583/783/1208 586/784/1209 3503/785/1210 3502/786/1211
s 93
f 586/784/1212 585/3798/1213 588/716/1214 587/787/1215
s 90
f 587/787/1216 590/788/1217 3511/789/1218 3510/790/1219
s 93
f 590/788/1220 589/3796/1221 592/720/1222 591/791/1223
s 90
f 591/791/1224 594/792/1225 3519/793/1226 3518/794/1227
s 93
f 594/792/1228 593/3794/1229 596/724/1230 595/795/1231
s 90
f 595/795/1232 598/796/1233 3527/797/1234 3526/798/1235
s 93
f 598/796/1236 597/3792/1237 600/728/1238 599/799/1239
s 90
f 599/799/1240 602/800/1241 3535/801/1242 3534/802/1243
s 93
f 602/800/1244 601/3790/1245 604/732/1246 603/803/1247
s 90
f 603/803/1248 606/804/1249 3543/805/1250 3542/806/1251
s 93
f 606/804/1252 605/3788/1253 608/736/1254 607/807/1255
s 90
f 607/807/1256 610/808/1257 3551/809/1258 3550/810/1259
s 93
f 610/808/1260 609/3787/1261 612/3815/1262 611/811/1263
s 90
f 611/811/1264 616/812/1265 3559/813/1266 3558/814/1267
s 42
g textureEditorIsolateSelectSet laptop
f 614/815/1268 613/741/1269 678/816/1270 677/3898/1271
f 615/3816/1272 614/815/1268 3305/819/1273 3304/3753/1274
s 109
g laptop
f 616/812/1275 615/818/1276 3431/3818/1277 3430/822/1278
s 1
g textureEditorIsolateSelectSet laptop
f 617/823/1279 620/3901/1280 3199/3863/1281 3198/825/1282
s 3
f 618/826/1283 617/823/1284 624/827/1285 623/828/1286
s 1
f 619/754/1287 618/826/1288 682/829/1289 681/3899/1290
s 3
f 621/830/1291 624/827/1285 3194/831/1292 3193/832/1293
f 622/833/1294 621/830/1291 628/834/1295 627/835/1296
f 623/828/1286 622/833/1294 687/836/1297 686/837/1298
f 625/838/1299 628/834/1295 3205/839/1300 3204/840/1301
f 626/841/1302 625/838/1299 632/842/1303 631/843/1304
f 627/835/1296 626/841/1302 691/844/1305 690/845/1306
f 629/846/1307 632/842/1303 3213/847/1308 3212/848/1309
f 630/849/1310 629/846/1307 636/850/1311 635/851/1312
f 631/843/1304 630/849/1310 695/852/1313 694/853/1314
f 633/854/1315 636/850/1311 3221/855/1316 3220/856/1317
f 634/857/1318 633/854/1315 640/858/1319 639/859/1320
f 635/851/1312 634/857/1318 699/860/1321 698/861/1322
f 637/862/1323 640/858/1319 3229/863/1324 3228/864/1325
f 638/865/1326 637/862/1323 644/866/1327 643/867/1328
f 639/859/1320 638/865/1326 703/868/1329 702/869/1330
f 641/870/1331 644/866/1327 3237/871/1332 3236/872/1333
f 642/873/1334 641/870/1331 648/874/1335 647/875/1336
f 643/867/1328 642/873/1334 707/876/1337 706/877/1338
f 645/878/1339 648/874/1335 3245/879/1340 3244/880/1341
f 646/881/1342 645/878/1339 652/882/1343 651/883/1344
f 647/875/1336 646/881/1342 711/884/1345 710/885/1346
f 649/886/1347 652/882/1343 3253/887/1348 3252/888/1349
f 650/889/1350 649/886/1347 656/890/1351 655/891/1352
f 651/883/1344 650/889/1350 715/892/1353 714/893/1354
f 653/894/1355 656/890/1351 3261/895/1356 3260/896/1357
f 654/897/1358 653/894/1355 660/898/1359 659/899/1360
f 655/891/1352 654/897/1358 719/900/1361 718/901/1362
f 657/902/1363 660/898/1359 3269/903/1364 3268/904/1365
f 658/905/1366 657/902/1363 664/906/1367 663/907/1368
f 659/899/1360 658/905/1366 723/908/1369 722/909/1370
f 661/910/1371 664/906/1367 3277/911/1372 3276/912/1373
f 662/913/1374 661/910/1371 668/914/1375 667/915/1376
f 663/907/1368 662/913/1374 727/916/1377 726/917/1378
f 665/918/1379 668/914/1375 3285/919/1380 3284/920/1381
f 666/921/1382 665/918/1379 672/922/1383 671/923/1384
f 667/915/1376 666/921/1382 731/924/1385 730/925/1386
f 669/926/1387 672/922/1383 3293/927/1388 3292/928/1389
f 670/929/1390 669/926/1387 676/930/1391 675/931/1392
f 671/923/1384 670/929/1390 735/932/1393 734/933/1394
f 673/934/1395 676/930/1391 3301/935/1396 3300/936/1397
f 674/937/1398 673/934/1395 680/938/1399 679/939/1400
f 675/931/1392 674/937/1398 739/940/1401 738/941/1402
s 18
f 677/817/1403 680/938/1404 3310/942/1405 3309/943/1406
f 679/939/1407 678/3896/1408 744/740/1409 743/944/1410
s 3
f 683/945/1411 682/829/1412 686/837/1298 685/946/1413
s 1
f 684/677/1414 683/945/1415 746/947/1416 745/3894/1417
s 3
f 685/946/1413 688/948/1418 751/949/1419 750/950/1420
f 688/948/1418 687/836/1297 690/845/1306 689/951/1421
f 689/951/1421 692/952/1422 755/953/1423 754/954/1424
f 692/952/1422 691/844/1305 694/853/1314 693/955/1425
f 693/955/1425 696/956/1426 759/957/1427 758/958/1428
f 696/956/1426 695/852/1313 698/861/1322 697/959/1429
f 697/959/1429 700/960/1430 763/961/1431 762/962/1432
f 700/960/1430 699/860/1321 702/869/1330 701/963/1433
f 701/963/1433 704/964/1434 767/965/1435 766/966/1436
f 704/964/1434 703/868/1329 706/877/1338 705/967/1437
f 705/967/1437 708/968/1438 771/969/1439 770/970/1440
f 708/968/1438 707/876/1337 710/885/1346 709/971/1441
f 709/971/1441 712/972/1442 775/973/1443 774/974/1444
f 712/972/1442 711/884/1345 714/893/1354 713/975/1445
f 713/975/1445 716/976/1446 779/977/1447 778/978/1448
f 716/976/1446 715/892/1353 718/901/1362 717/979/1449
f 717/979/1449 720/980/1450 783/981/1451 782/982/1452
f 720/980/1450 719/900/1361 722/909/1370 721/983/1453
f 721/983/1453 724/984/1454 787/985/1455 786/986/1456
f 724/984/1454 723/908/1369 726/917/1378 725/987/1457
f 725/987/1457 728/988/1458 791/989/1459 790/990/1460
f 728/988/1458 727/916/1377 730/925/1386 729/991/1461
f 729/991/1461 732/992/1462 795/993/1463 794/994/1464
f 732/992/1462 731/924/1385 734/933/1394 733/995/1465
f 733/995/1465 736/996/1466 799/997/1467 798/998/1468
f 736/996/1466 735/932/1393 738/941/1402 737/999/1469
f 737/999/1469 740/1000/1470 803/1001/1471 802/1002/1472
f 740/1000/1470 739/940/1401 743/944/1473 742/1003/1474
s 18
f 742/1003/1475 741/3892/1476 808/672/1477 807/1004/1478
s 3
f 747/1005/1479 746/947/1480 750/950/1420 749/1006/1481
s 1
f 748/555/1482 747/1005/1483 810/1007/1484 809/3890/1485
s 3
f 749/1006/1481 752/1008/1486 815/1009/1487 814/1010/1488
f 752/1008/1486 751/949/1419 754/954/1424 753/1011/1489
f 753/1011/1489 756/1012/1490 819/1013/1491 818/1014/1492
f 756/1012/1490 755/953/1423 758/958/1428 757/1015/1493
f 757/1015/1493 760/1016/1494 823/1017/1495 822/1018/1496
f 760/1016/1494 759/957/1427 762/962/1432 761/1019/1497
f 761/1019/1497 764/1020/1498 827/1021/1499 826/1022/1500
f 764/1020/1498 763/961/1431 766/966/1436 765/1023/1501
f 765/1023/1501 768/1024/1502 831/1025/1503 830/1026/1504
f 768/1024/1502 767/965/1435 770/970/1440 769/1027/1505
f 769/1027/1505 772/1028/1506 835/1029/1507 834/1030/1508
f 772/1028/1506 771/969/1439 774/974/1444 773/1031/1509
f 773/1031/1509 776/1032/1510 839/1033/1511 838/1034/1512
f 776/1032/1510 775/973/1443 778/978/1448 777/1035/1513
f 777/1035/1513 780/1036/1514 843/1037/1515 842/1038/1516
f 780/1036/1514 779/977/1447 782/982/1452 781/1039/1517
f 781/1039/1517 784/1040/1518 847/1041/1519 846/1042/1520
f 784/1040/1518 783/981/1451 786/986/1456 785/1043/1521
f 785/1043/1521 788/1044/1522 851/1045/1523 850/1046/1524
f 788/1044/1522 787/985/1455 790/990/1460 789/1047/1525
f 789/1047/1525 792/1048/1526 855/1049/1527 854/1050/1528
f 792/1048/1526 791/989/1459 794/994/1464 793/1051/1529
f 793/1051/1529 796/1052/1530 859/1053/1531 858/1054/1532
f 796/1052/1530 795/993/1463 798/998/1468 797/1055/1533
f 797/1055/1533 800/1056/1534 863/1057/1535 862/1058/1536
f 800/1056/1534 799/997/1467 802/1002/1472 801/1059/1537
f 801/1059/1537 804/1060/1538 867/1061/1539 866/1062/1540
f 804/1060/1538 803/1001/1471 807/1004/1541 806/1063/1542
s 18
f 806/1063/1543 805/3888/1544 872/550/1545 871/1064/1546
s 3
f 811/1065/1547 810/1007/1548 814/1010/1488 813/1066/1549
s 1
f 812/531/1550 811/1065/1551 874/1067/1552 873/3886/1553
s 3
f 813/1066/1549 816/1068/1554 879/1069/1555 878/1070/1556
f 816/1068/1554 815/1009/1487 818/1014/1492 817/1071/1557
f 817/1071/1557 820/1072/1558 883/1073/1559 882/1074/1560
f 820/1072/1558 819/1013/1491 822/1018/1496 821/1075/1561
f 821/1075/1561 824/1076/1562 887/1077/1563 886/1078/1564
f 824/1076/1562 823/1017/1495 826/1022/1500 825/1079/1565
f 825/1079/1565 828/1080/1566 891/1081/1567 890/1082/1568
f 828/1080/1566 827/1021/1499 830/1026/1504 829/1083/1569
f 829/1083/1569 832/1084/1570 895/1085/1571 894/1086/1572
f 832/1084/1570 831/1025/1503 834/1030/1508 833/1087/1573
f 833/1087/1573 836/1088/1574 899/1089/1575 898/1090/1576
f 836/1088/1574 835/1029/1507 838/1034/1512 837/1091/1577
f 837/1091/1577 840/1092/1578 903/1093/1579 902/1094/1580
f 840/1092/1578 839/1033/1511 842/1038/1516 841/1095/1581
f 841/1095/1581 844/1096/1582 907/1097/1583 906/1098/1584
f 844/1096/1582 843/1037/1515 846/1042/1520 845/1099/1585
f 845/1099/1585 848/1100/1586 911/1101/1587 910/1102/1588
f 848/1100/1586 847/1041/1519 850/1046/1524 849/1103/1589
f 849/1103/1589 852/1104/1590 915/1105/1591 914/1106/1592
f 852/1104/1590 851/1045/1523 854/1050/1528 853/1107/1593
f 853/1107/1593 856/1108/1594 919/1109/1595 918/1110/1596
f 856/1108/1594 855/1049/1527 858/1054/1532 857/1111/1597
f 857/1111/1597 860/1112/1598 923/1113/1599 922/1114/1600
f 860/1112/1598 859/1053/1531 862/1058/1536 861/1115/1601
f 861/1115/1601 864/1116/1602 927/1117/1603 926/1118/1604
f 864/1116/1602 863/1057/1535 866/1062/1540 865/1119/1605
f 865/1119/1605 868/1120/1606 931/1121/1607 930/1122/1608
f 868/1120/1606 867/1061/1539 871/1064/1609 870/1123/1610
s 18
f 870/1123/1611 869/3884/1612 936/526/1613 935/1124/1614
s 3
f 875/1125/1615 874/1067/1616 878/1070/1556 877/1126/1617
s 1
f 876/507/1618 875/1125/1619 938/1127/1620 937/3882/1621
s 3
f 877/1126/1617 880/1128/1622 943/1129/1623 942/1130/1624
f 880/1128/1622 879/1069/1555 882/1074/1560 881/1131/1625
f 881/1131/1625 884/1132/1626 947/1133/1627 946/1134/1628
f 884/1132/1626 883/1073/1559 886/1078/1564 885/1135/1629
f 885/1135/1629 888/1136/1630 951/1137/1631 950/1138/1632
f 888/1136/1630 887/1077/1563 890/1082/1568 889/1139/1633
f 889/1139/1633 892/1140/1634 955/1141/1635 954/1142/1636
f 892/1140/1634 891/1081/1567 894/1086/1572 893/1143/1637
f 893/1143/1637 896/1144/1638 959/1145/1639 958/1146/1640
f 896/1144/1638 895/1085/1571 898/1090/1576 897/1147/1641
f 897/1147/1641 900/1148/1642 963/1149/1643 962/1150/1644
f 900/1148/1642 899/1089/1575 902/1094/1580 901/1151/1645
f 901/1151/1645 904/1152/1646 967/1153/1647 966/1154/1648
f 904/1152/1646 903/1093/1579 906/1098/1584 905/1155/1649
f 905/1155/1649 908/1156/1650 971/1157/1651 970/1158/1652
f 908/1156/1650 907/1097/1583 910/1102/1588 909/1159/1653
f 909/1159/1653 912/1160/1654 975/1161/1655 974/1162/1656
f 912/1160/1654 911/1101/1587 914/1106/1592 913/1163/1657
f 913/1163/1657 916/1164/1658 979/1165/1659 978/1166/1660
f 916/1164/1658 915/1105/1591 918/1110/1596 917/1167/1661
f 917/1167/1661 920/1168/1662 983/1169/1663 982/1170/1664
f 920/1168/1662 919/1109/1595 922/1114/1600 921/1171/1665
f 921/1171/1665 924/1172/1666 987/1173/1667 986/1174/1668
f 924/1172/1666 923/1113/1599 926/1118/1604 925/1175/1669
f 925/1175/1669 928/1176/1670 991/1177/1671 990/1178/1672
f 928/1176/1670 927/1117/1603 930/1122/1608 929/1179/1673
f 929/1179/1673 932/1180/1674 995/1181/1675 994/1182/1676
f 932/1180/1674 931/1121/1607 935/1124/1677 934/1183/1678
s 18
f 934/1183/1679 933/3880/1680 1000/502/1681 999/1184/1682
s 3
f 939/1185/1683 938/1127/1684 942/1130/1624 941/1186/1685
s 1
f 940/483/1686 939/1185/1687 1002/1187/1688 1001/3878/1689
s 3
f 941/1186/1685 944/1188/1690 1007/1189/1691 1006/1190/1692
f 944/1188/1690 943/1129/1623 946/1134/1628 945/1191/1693
f 945/1191/1693 948/1192/1694 1011/1193/1695 1010/1194/1696
f 948/1192/1694 947/1133/1627 950/1138/1632 949/1195/1697
f 949/1195/1697 952/1196/1698 1015/1197/1699 1014/1198/1700
f 952/1196/1698 951/1137/1631 954/1142/1636 953/1199/1701
f 953/1199/1701 956/1200/1702 1019/1201/1703 1018/1202/1704
f 956/1200/1702 955/1141/1635 958/1146/1640 957/1203/1705
f 957/1203/1705 960/1204/1706 1023/1205/1707 1022/1206/1708
f 960/1204/1706 959/1145/1639 962/1150/1644 961/1207/1709
f 961/1207/1709 964/1208/1710 1027/1209/1711 1026/1210/1712
f 964/1208/1710 963/1149/1643 966/1154/1648 965/1211/1713
f 965/1211/1713 968/1212/1714 1031/1213/1715 1030/1214/1716
f 968/1212/1714 967/1153/1647 970/1158/1652 969/1215/1717
f 969/1215/1717 972/1216/1718 1035/1217/1719 1034/1218/1720
f 972/1216/1718 971/1157/1651 974/1162/1656 973/1219/1721
f 973/1219/1721 976/1220/1722 1039/1221/1723 1038/1222/1724
f 976/1220/1722 975/1161/1655 978/1166/1660 977/1223/1725
f 977/1223/1725 980/1224/1726 1043/1225/1727 1042/1226/1728
f 980/1224/1726 979/1165/1659 982/1170/1664 981/1227/1729
f 981/1227/1729 984/1228/1730 1047/1229/1731 1046/1230/1732
f 984/1228/1730 983/1169/1663 986/1174/1668 985/1231/1733
f 985/1231/1733 988/1232/1734 1051/1233/1735 1050/1234/1736
f 988/1232/1734 987/1173/1667 990/1178/1672 989/1235/1737
f 989/1235/1737 992/1236/1738 1055/1237/1739 1054/1238/1740
f 992/1236/1738 991/1177/1671 994/1182/1676 993/1239/1741
f 993/1239/1741 996/1240/1742 1059/1241/1743 1058/1242/1744
f 996/1240/1742 995/1181/1675 999/1184/1745 998/1243/1746
s 18
f 998/1243/1747 997/3876/1748 1064/478/1749 1063/1244/1750
s 3
f 1003/1245/1751 1002/1187/1752 1006/1190/1692 1005/1246/1753
s 1
f 1004/409/1754 1003/1245/1755 1066/1247/1756 1065/3874/1757
s 3
f 1005/1246/1753 1008/1248/1758 1071/1249/1759 1070/1250/1760
f 1008/1248/1758 1007/1189/1691 1010/1194/1696 1009/1251/1761
f 1009/1251/1761 1012/1252/1762 1075/1253/1763 1074/1254/1764
f 1012/1252/1762 1011/1193/1695 1014/1198/1700 1013/1255/1765
f 1013/1255/1765 1016/1256/1766 1079/1257/1767 1078/1258/1768
f 1016/1256/1766 1015/1197/1699 1018/1202/1704 1017/1259/1769
f 1017/1259/1769 1020/1260/1770 1083/1261/1771 1082/1262/1772
f 1020/1260/1770 1019/1201/1703 1022/1206/1708 1021/1263/1773
f 1021/1263/1773 1024/1264/1774 1087/1265/1775 1086/1266/1776
f 1024/1264/1774 1023/1205/1707 1026/1210/1712 1025/1267/1777
f 1025/1267/1777 1028/1268/1778 1091/1269/1779 1090/1270/1780
f 1028/1268/1778 1027/1209/1711 1030/1214/1716 1029/1271/1781
f 1029/1271/1781 1032/1272/1782 1095/1273/1783 1094/1274/1784
f 1032/1272/1782 1031/1213/1715 1034/1218/1720 1033/1275/1785
f 1033/1275/1785 1036/1276/1786 1099/1277/1787 1098/1278/1788
f 1036/1276/1786 1035/1217/1719 1038/1222/1724 1037/1279/1789
f 1037/1279/1789 1040/1280/1790 1103/1281/1791 1102/1282/1792
f 1040/1280/1790 1039/1221/1723 1042/1226/1728 1041/1283/1793
f 1041/1283/1793 1044/1284/1794 1107/1285/1795 1106/1286/1796
f 1044/1284/1794 1043/1225/1727 1046/1230/1732 1045/1287/1797
f 1045/1287/1797 1048/1288/1798 1111/1289/1799 1110/1290/1800
f 1048/1288/1798 1047/1229/1731 1050/1234/1736 1049/1291/1801
f 1049/1291/1801 1052/1292/1802 1115/1293/1803 1114/1294/1804
f 1052/1292/1802 1051/1233/1735 1054/1238/1740 1053/1295/1805
f 1053/1295/1805 1056/1296/1806 1119/1297/1807 1118/1298/1808
f 1056/1296/1806 1055/1237/1739 1058/1242/1744 1057/1299/1809
f 1057/1299/1809 1060/1300/1810 1123/1301/1811 1122/1302/1812
f 1060/1300/1810 1059/1241/1743 1063/1244/1813 1062/1303/1814
s 18
f 1062/1303/1815 1061/3872/1816 1128/404/1817 1127/1304/1818
s 3
f 1067/1305/1819 1066/1247/1820 1070/1250/1760 1069/1306/1821
s 1
f 1068/319/1822 1067/1305/1823 1130/1307/1824 1129/3870/1825
s 3
f 1069/1306/1821 1072/1308/1826 1135/1309/1827 1134/1310/1828
f 1072/1308/1826 1071/1249/1759 1074/1254/1764 1073/1311/1829
f 1073/1311/1829 1076/1312/1830 1139/1313/1831 1138/1314/1832
f 1076/1312/1830 1075/1253/1763 1078/1258/1768 1077/1315/1833
f 1077/1315/1833 1080/1316/1834 1143/1317/1835 1142/1318/1836
f 1080/1316/1834 1079/1257/1767 1082/1262/1772 1081/1319/1837
f 1081/1319/1837 1084/1320/1838 1147/1321/1839 1146/1322/1840
f 1084/1320/1838 1083/1261/1771 1086/1266/1776 1085/1323/1841
f 1085/1323/1841 1088/1324/1842 1151/1325/1843 1150/1326/1844
f 1088/1324/1842 1087/1265/1775 1090/1270/1780 1089/1327/1845
f 1089/1327/1845 1092/1328/1846 1155/1329/1847 1154/1330/1848
f 1092/1328/1846 1091/1269/1779 1094/1274/1784 1093/1331/1849
f 1093/1331/1849 1096/1332/1850 1159/1333/1851 1158/1334/1852
f 1096/1332/1850 1095/1273/1783 1098/1278/1788 1097/1335/1853
f 1097/1335/1853 1100/1336/1854 1163/1337/1855 1162/1338/1856
f 1100/1336/1854 1099/1277/1787 1102/1282/1792 1101/1339/1857
f 1101/1339/1857 1104/1340/1858 1167/1341/1859 1166/1342/1860
f 1104/1340/1858 1103/1281/1791 1106/1286/1796 1105/1343/1861
f 1105/1343/1861 1108/1344/1862 1171/1345/1863 1170/1346/1864
f 1108/1344/1862 1107/1285/1795 1110/1290/1800 1109/1347/1865
f 1109/1347/1865 1112/1348/1866 1175/1349/1867 1174/1350/1868
f 1112/1348/1866 1111/1289/1799 1114/1294/1804 1113/1351/1869
f 1113/1351/1869 1116/1352/1870 1179/1353/1871 1178/1354/1872
f 1116/1352/1870 1115/1293/1803 1118/1298/1808 1117/1355/1873
f 1117/1355/1873 1120/1356/1874 1183/1357/1875 1182/1358/1876
f 1120/1356/1874 1119/1297/1807 1122/1302/1812 1121/1359/1877
f 1121/1359/1877 1124/1360/1878 1187/1361/1879 1186/1362/1880
f 1124/1360/1878 1123/1301/1811 1127/1304/1881 1126/1363/1882
s 18
f 1126/1363/1883 1125/3868/1884 1192/314/1885 1191/1364/1886
s 3
f 1131/1365/1887 1130/1307/1888 1134/1310/1828 1133/1366/1889
s 1
f 1132/263/1890 1131/1365/1891 1194/1367/1892 1193/3866/1893
s 3
f 1133/1366/1889 1136/1368/1894 1199/1369/1895 1198/1370/1896
f 1136/1368/1894 1135/1309/1827 1138/1314/1832 1137/1371/1897
f 1137/1371/1897 1140/1372/1898 1203/1373/1899 1202/1374/1900
f 1140/1372/1898 1139/1313/1831 1142/1318/1836 1141/1375/1901
f 1141/1375/1901 1144/1376/1902 1207/1377/1903 1206/1378/1904
f 1144/1376/1902 1143/1317/1835 1146/1322/1840 1145/1379/1905
f 1145/1379/1905 1148/1380/1906 1211/1381/1907 1210/1382/1908
f 1148/1380/1906 1147/1321/1839 1150/1326/1844 1149/1383/1909
f 1149/1383/1909 1152/1384/1910 1215/1385/1911 1214/1386/1912
f 1152/1384/1910 1151/1325/1843 1154/1330/1848 1153/1387/1913
f 1153/1387/1913 1156/1388/1914 1219/1389/1915 1218/1390/1916
f 1156/1388/1914 1155/1329/1847 1158/1334/1852 1157/1391/1917
f 1157/1391/1917 1160/1392/1918 1223/1393/1919 1222/1394/1920
f 1160/1392/1918 1159/1333/1851 1162/1338/1856 1161/1395/1921
f 1161/1395/1921 1164/1396/1922 1227/1397/1923 1226/1398/1924
f 1164/1396/1922 1163/1337/1855 1166/1342/1860 1165/1399/1925
f 1165/1399/1925 1168/1400/1926 1231/1401/1927 1230/1402/1928
f 1168/1400/1926 1167/1341/1859 1170/1346/1864 1169/1403/1929
f 1169/1403/1929 1172/1404/1930 1235/1405/1931 1234/1406/1932
f 1172/1404/1930 1171/1345/1863 1174/1350/1868 1173/1407/1933
f 1173/1407/1933 1176/1408/1934 1239/1409/1935 1238/1410/1936
f 1176/1408/1934 1175/1349/1867 1178/1354/1872 1177/1411/1937
f 1177/1411/1937 1180/1412/1938 1243/1413/1939 1242/1414/1940
f 1180/1412/1938 1179/1353/1871 1182/1358/1876 1181/1415/1941
f 1181/1415/1941 1184/1416/1942 1247/1417/1943 1246/1418/1944
f 1184/1416/1942 1183/1357/1875 1186/1362/1880 1185/1419/1945
f 1185/1419/1945 1188/1420/1946 1251/1421/1947 1250/1422/1948
f 1188/1420/1946 1187/1361/1879 1191/1364/1949 1190/1423/1950
s 18
f 1190/1423/1951 1189/3864/1952 1256/258/1953 1255/1424/1954
s 3
f 1195/4/1955 1194/1367/1956 1198/1370/1896 1197/11/15
f 1200/12/16 1199/1369/1895 1202/1374/1900 1201/19/27
f 1204/20/28 1203/1373/1899 1206/1378/1904 1205/27/39
f 1208/28/40 1207/1377/1903 1210/1382/1908 1209/35/51
f 1212/36/52 1211/1381/1907 1214/1386/1912 1213/43/63
f 1216/44/64 1215/1385/1911 1218/1390/1916 1217/51/75
f 1220/52/76 1219/1389/1915 1222/1394/1920 1221/59/87
f 1224/60/88 1223/1393/1919 1226/1398/1924 1225/67/99
f 1228/68/100 1227/1397/1923 1230/1402/1928 1229/75/111
f 1232/76/112 1231/1401/1927 1234/1406/1932 1233/83/123
f 1236/84/124 1235/1405/1931 1238/1410/1936 1237/91/135
f 1240/92/136 1239/1409/1935 1242/1414/1940 1241/99/147
f 1244/100/148 1243/1413/1939 1246/1418/1944 1245/107/159
f 1248/108/160 1247/1417/1943 1250/1422/1948 1249/115/171
f 1252/116/172 1251/1421/1947 1255/1424/1957 1254/123/1958
s 113
f 1257/1425/1959 1260/1426/1960 1723/1427/1961 1722/4245/1962
f 1258/417/1963 1257/1425/1964 1278/1429/1965 1277/489/1966
f 1260/1426/1967 1259/416/1968 1264/423/1969 1263/1430/1970
f 1261/1431/1971 1266/1432/1972 1739/1433/1973 1738/4237/1974
f 1262/1435/1975 1261/1431/1971 1272/1436/1976 1271/1437/1977
f 1263/1430/1970 1262/1435/1975 1727/1438/1978 1726/4243/1979
f 1266/1432/1972 1265/422/1980 1284/427/1981 1283/1440/1982
f 1267/1441/1983 1274/1442/1984 1851/1443/1985 1850/4213/1986
f 1268/1445/1987 1267/1441/1983 1430/1446/1988 1429/1447/1989
f 1269/1448/1990 1268/1445/1987 1839/1449/1991 1838/4219/1992
f 1270/1451/1993 1269/1448/1990 1280/1452/1994 1279/1453/1995
f 1271/1437/1977 1270/1451/1993 1731/1454/1996 1730/4241/1997
f 1273/1456/1998 1272/1436/1976 1751/1457/1999 1750/4231/2000
f 1274/1442/1984 1273/1456/1998 1290/1459/2001 1289/1460/2002
f 1275/1461/2003 1280/1452/1994 1835/1462/2004 1834/4221/2005
f 1276/490/2006 1275/1461/2003 1436/1464/2007 1435/513/2008
f 1279/1453/1995 1278/1429/1965 1735/1465/2009 1734/4239/2010
f 1281/1467/2011 1286/1468/2012 1755/1469/2013 1754/4229/2014
f 1282/1471/2015 1281/1467/2011 1292/1472/2016 1291/1473/2017
f 1283/1440/1982 1282/1471/2015 1743/1474/2018 1742/4235/2019
f 1286/1468/2012 1285/426/2020 1298/431/2021 1297/1476/2022
f 1287/1477/2023 1294/1478/2024 1867/1479/2025 1866/4205/2026
f 1288/1481/2027 1287/1477/2023 1444/1482/2028 1443/1483/2029
f 1289/1460/2002 1288/1481/2027 1855/1484/2030 1854/4211/2031
f 1291/1473/2017 1290/1459/2001 1747/1486/2032 1746/4233/2033
f 1293/1488/2034 1292/1472/2016 1767/1489/2035 1766/4223/2036
f 1294/1478/2024 1293/1488/2034 1306/1491/2037 1305/1492/2038
f 1295/1493/2039 1300/1494/2040 3011/1495/2041 3010/4005/2042
f 1296/1497/2043 1295/1493/2039 1308/1498/2044 1307/1499/2045
f 1297/1476/2022 1296/1497/2043 1759/1500/2046 1758/4227/2047
f 1300/1494/2040 1299/430/2048 1310/435/2049 1309/1502/2050
f 1301/1503/2051 1308/1498/2044 3023/1504/2052 3022/3997/2053
f 1302/1506/2054 1301/1503/2051 1318/1507/2055 1317/1508/2056
f 1303/1509/2057 1302/1506/2054 1883/1510/2058 1882/4197/2059
f 1304/1512/2060 1303/1509/2057 1452/1513/2061 1451/1514/2062
f 1305/1492/2038 1304/1512/2060 1871/1515/2063 1870/4203/2064
f 1307/1499/2045 1306/1491/2037 1763/1517/2065 1762/4225/2066
f 1309/1502/2067 1312/1519/2068 3015/1520/2069 3014/4003/2070
f 1312/1519/2071 1311/434/2072 1320/439/2073 1319/1522/2074
f 1313/1523/2075 1318/1507/2055 3019/1524/2076 3018/3999/2077
f 1314/1526/2078 1313/1523/2075 1328/1527/2079 1327/1528/2080
f 1315/1529/2081 1314/1526/2078 1899/1530/2082 1898/4189/2083
f 1316/1532/2084 1315/1529/2081 1460/1533/2085 1459/1534/2086
f 1317/1508/2056 1316/1532/2084 1887/1535/2087 1886/4195/2088
f 1319/1522/2089 1322/1537/2090 3027/1538/2091 3026/4001/2092
f 1322/1537/2093 1321/438/2094 1330/443/2095 1329/1540/2096
f 1323/1541/2097 1328/1527/2079 3031/1542/2098 3030/3993/2099
f 1324/1544/2100 1323/1541/2097 1338/1545/2101 1337/1546/2102
f 1325/1547/2103 1324/1544/2100 1915/1548/2104 1914/4181/2105
f 1326/1550/2106 1325/1547/2103 1468/1551/2107 1467/1552/2108
f 1327/1528/2080 1326/1550/2106 1903/1553/2109 1902/4187/2110
f 1329/1540/2111 1332/1555/2112 3035/1556/2113 3034/3995/2114
f 1332/1555/2115 1331/442/2116 1340/447/2117 1339/1558/2118
f 1333/1559/2119 1338/1545/2101 3039/1560/2120 3038/3989/2121
f 1334/1562/2122 1333/1559/2119 1348/1563/2123 1347/1564/2124
f 1335/1565/2125 1334/1562/2122 1931/1566/2126 1930/4173/2127
f 1336/1568/2128 1335/1565/2125 1476/1569/2129 1475/1570/2130
f 1337/1546/2102 1336/1568/2128 1919/1571/2131 1918/4179/2132
f 1339/1558/2133 1342/1573/2134 3043/1574/2135 3042/3991/2136
f 1342/1573/2137 1341/446/2138 1350/451/2139 1349/1576/2140
f 1343/1577/2141 1348/1563/2123 3047/1578/2142 3046/3985/2143
f 1344/1580/2144 1343/1577/2141 1358/1581/2145 1357/1582/2146
f 1345/1583/2147 1344/1580/2144 1947/1584/2148 1946/4165/2149
f 1346/1586/2150 1345/1583/2147 1484/1587/2151 1483/1588/2152
f 1347/1564/2124 1346/1586/2150 1935/1589/2153 1934/4171/2154
f 1349/1576/2155 1352/1591/2156 3051/1592/2157 3050/3987/2158
f 1352/1591/2159 1351/450/2160 1360/455/2161 1359/1594/2162
f 1353/1595/2163 1358/1581/2145 3055/1596/2164 3054/3981/2165
f 1354/1598/2166 1353/1595/2163 1372/1599/2167 1371/1600/2168
f 1355/1601/2169 1354/1598/2166 1963/1602/2170 1962/4157/2171
f 1356/1604/2172 1355/1601/2169 1492/1605/2173 1491/1606/2174
f 1357/1582/2146 1356/1604/2172 1951/1607/2175 1950/4163/2176
f 1359/1594/2177 1364/1609/2178 3059/1610/2179 3058/3983/2180
f 1362/1612/2181 1361/454/2182 1376/459/2183 1375/1613/2184
f 1363/1614/2185 1362/1612/2186 1771/1615/2187 1770/4365/2188
f 1364/1609/2178 1363/1614/2185 1366/1617/2189 1365/1618/2190
f 1365/1618/2190 1372/1599/2167 3063/1619/2191 3062/3979/2192
f 1367/1621/2193 1366/1617/2189 1783/1622/2194 1782/4359/2195
f 1368/1624/2196 1367/1621/2193 1382/1625/2197 1381/1626/2198
f 1369/1627/2199 1368/1624/2196 1979/1628/2200 1978/4333/2201
f 1370/1630/2202 1369/1627/2199 1500/1631/2203 1499/1632/2204
f 1371/1600/2168 1370/1630/2202 1967/1633/2205 1966/4155/2206
f 1373/1635/2207 1378/1636/2208 1787/1637/2209 1786/4357/2210
f 1374/1639/2211 1373/1635/2207 1384/1640/2212 1383/1641/2213
f 1375/1613/2184 1374/1639/2211 1775/1642/2214 1774/4363/2215
f 1378/1636/2208 1377/458/2216 1390/463/2217 1389/1644/2218
f 1379/1645/2219 1386/1646/2220 1995/1647/2221 1994/4325/2222
f 1380/1649/2223 1379/1645/2219 1508/1650/2224 1507/1651/2225
f 1381/1626/2198 1380/1649/2223 1983/1652/2226 1982/4331/2227
f 1383/1641/2213 1382/1625/2197 1779/1654/2228 1778/4361/2229
f 1385/1656/2230 1384/1640/2212 1799/1657/2231 1798/4351/2232
f 1386/1646/2220 1385/1656/2230 1396/1659/2233 1395/1660/2234
f 1387/1661/2235 1392/1662/2236 1803/1663/2237 1802/4349/2238
f 1388/1665/2239 1387/1661/2235 1398/1666/2240 1397/1667/2241
f 1389/1644/2218 1388/1665/2239 1791/1668/2242 1790/4355/2243
f 1392/1662/2236 1391/462/2244 1404/467/2245 1403/1670/2246
f 1393/1671/2247 1400/1672/2248 2011/1673/2249 2010/4317/2250
f 1394/1675/2251 1393/1671/2247 1516/1676/2252 1515/1677/2253
f 1395/1660/2234 1394/1675/2251 1999/1678/2254 1998/4323/2255
f 1397/1667/2241 1396/1659/2233 1795/1680/2256 1794/4353/2257
f 1399/1682/2258 1398/1666/2240 1815/1683/2259 1814/4343/2260
f 1400/1672/2248 1399/1682/2258 1410/1685/2261 1409/1686/2262
f 1401/1687/2263 1406/1688/2264 1819/1689/2265 1818/4341/2266
f 1402/1691/2267 1401/1687/2263 1412/1692/2268 1411/1693/2269
f 1403/1670/2246 1402/1691/2267 1807/1694/2270 1806/4347/2271
f 1406/1688/2264 1405/466/2272 1416/471/2273 1415/1696/2274
f 1407/1697/2275 1414/1698/2276 2027/1699/2277 2026/4309/2278
f 1408/1701/2279 1407/1697/2275 1524/1702/2280 1523/1703/2281
f 1409/1686/2262 1408/1701/2279 2015/1704/2282 2014/4315/2283
f 1411/1693/2269 1410/1685/2261 1811/1706/2284 1810/4345/2285
f 1413/1708/2286 1412/1692/2268 1831/1709/2287 1830/4335/2288
f 1414/1698/2276 1413/1708/2286 1420/1711/2289 1419/1712/2290
f 1415/1696/2291 1418/1713/2292 1823/1714/2293 1822/4339/2294
f 1418/1713/2295 1417/470/2296 1422/495/2297 1421/1716/2298
f 1419/1712/2290 1424/1717/2299 2031/1718/2300 2030/4307/2301
f 1421/1716/2298 1420/1711/2289 1827/1720/2302 1826/4337/2303
f 1424/1717/2299 1423/494/2304 1530/519/2305 1529/1722/2306
f 1425/1723/2307 1432/1724/2308 2059/1725/2309 2058/4141/2310
f 1426/1727/2311 1425/1723/2307 1538/1728/2312 1537/1729/2313
f 1427/1730/2314 1426/1727/2311 2047/1731/2315 2046/4147/2316
f 1428/1733/2317 1427/1730/2314 1438/1734/2318 1437/1735/2319
f 1429/1447/1989 1428/1733/2317 1843/1736/2320 1842/4217/2321
f 1431/1738/2322 1430/1446/1988 1863/1739/2323 1862/4207/2324
f 1432/1724/2308 1431/1738/2322 1442/1741/2325 1441/1742/2326
f 1433/1743/2327 1438/1734/2318 2043/1744/2328 2042/4149/2329
f 1434/514/2330 1433/1743/2327 1544/1746/2331 1543/537/2332
f 1437/1735/2319 1436/1464/2007 1847/1747/2333 1846/4215/2334
f 1439/1749/2335 1446/1750/2336 2075/1751/2337 2074/4133/2338
f 1440/1753/2339 1439/1749/2335 1552/1754/2340 1551/1755/2341
f 1441/1742/2326 1440/1753/2339 2063/1756/2342 2062/4139/2343
f 1443/1483/2029 1442/1741/2325 1859/1758/2344 1858/4209/2345
f 1445/1760/2346 1444/1482/2028 1879/1761/2347 1878/4199/2348
f 1446/1750/2336 1445/1760/2346 1450/1763/2349 1449/1764/2350
f 1447/1765/2351 1454/1766/2352 2091/1767/2353 2090/4125/2354
f 1448/1769/2355 1447/1765/2351 1560/1770/2356 1559/1771/2357
f 1449/1764/2350 1448/1769/2355 2079/1772/2358 2078/4131/2359
f 1451/1514/2062 1450/1763/2349 1875/1774/2360 1874/4201/2361
f 1453/1776/2362 1452/1513/2061 1895/1777/2363 1894/4191/2364
f 1454/1766/2352 1453/1776/2362 1458/1779/2365 1457/1780/2366
f 1455/1781/2367 1462/1782/2368 2107/1783/2369 2106/4117/2370
f 1456/1785/2371 1455/1781/2367 1568/1786/2372 1567/1787/2373
f 1457/1780/2366 1456/1785/2371 2095/1788/2374 2094/4123/2375
f 1459/1534/2086 1458/1779/2365 1891/1790/2376 1890/4193/2377
f 1461/1792/2378 1460/1533/2085 1911/1793/2379 1910/4183/2380
f 1462/1782/2368 1461/1792/2378 1466/1795/2381 1465/1796/2382
f 1463/1797/2383 1470/1798/2384 2123/1799/2385 2122/4109/2386
f 1464/1801/2387 1463/1797/2383 1576/1802/2388 1575/1803/2389
f 1465/1796/2382 1464/1801/2387 2111/1804/2390 2110/4115/2391
f 1467/1552/2108 1466/1795/2381 1907/1806/2392 1906/4185/2393
f 1469/1808/2394 1468/1551/2107 1927/1809/2395 1926/4175/2396
f 1470/1798/2384 1469/1808/2394 1474/1811/2397 1473/1812/2398
f 1471/1813/2399 1478/1814/2400 2139/1815/2401 2138/4101/2402
f 1472/1817/2403 1471/1813/2399 1584/1818/2404 1583/1819/2405
f 1473/1812/2398 1472/1817/2403 2127/1820/2406 2126/4107/2407
f 1475/1570/2130 1474/1811/2397 1923/1822/2408 1922/4177/2409
f 1477/1824/2410 1476/1569/2129 1943/1825/2411 1942/4167/2412
f 1478/1814/2400 1477/1824/2410 1482/1827/2413 1481/1828/2414
f 1479/1829/2415 1486/1830/2416 2155/1831/2417 2154/4093/2418
f 1480/1833/2419 1479/1829/2415 1592/1834/2420 1591/1835/2421
f 1481/1828/2414 1480/1833/2419 2143/1836/2422 2142/4099/2423
f 1483/1588/2152 1482/1827/2413 1939/1838/2424 1938/4169/2425
f 1485/1840/2426 1484/1587/2151 1959/1841/2427 1958/4159/2428
f 1486/1830/2416 1485/1840/2426 1490/1843/2429 1489/1844/2430
f 1487/1845/2431 1494/1846/2432 2171/1847/2433 2170/4085/2434
f 1488/1849/2435 1487/1845/2431 1600/1850/2436 1599/1851/2437
f 1489/1844/2430 1488/1849/2435 2159/1852/2438 2158/4091/2439
f 1491/1606/2174 1490/1843/2429 1955/1854/2440 1954/4161/2441
f 1493/1856/2442 1492/1605/2173 1975/1857/2443 1974/4151/2444
f 1494/1846/2432 1493/1856/2442 1498/1859/2445 1497/1860/2446
f 1495/1861/2447 1502/1862/2448 2187/1863/2449 2186/4301/2450
f 1496/1865/2451 1495/1861/2447 1608/1866/2452 1607/1867/2453
f 1497/1860/2446 1496/1865/2451 2175/1868/2454 2174/4083/2455
f 1499/1632/2204 1498/1859/2445 1971/1870/2456 1970/4153/2457
f 1501/1872/2458 1500/1631/2203 1991/1873/2459 1990/4327/2460
f 1502/1862/2448 1501/1872/2458 1506/1875/2461 1505/1876/2462
f 1503/1877/2463 1510/1878/2464 2203/1879/2465 2202/4373/2466
f 1504/1881/2467 1503/1877/2463 1616/1882/2468 1615/1883/2469
f 1505/1876/2462 1504/1881/2467 2191/1884/2470 2190/4299/2471
f 1507/1651/2225 1506/1875/2461 1987/1886/2472 1986/4329/2473
f 1509/1888/2474 1508/1650/2224 2007/1889/2475 2006/4319/2476
f 1510/1878/2464 1509/1888/2474 1514/1891/2477 1513/1892/2478
f 1511/1893/2479 1518/1894/2480 2219/1895/2481 2218/4293/2482
f 1512/1897/2483 1511/1893/2479 1624/1898/2484 1623/1899/2485
f 1513/1892/2478 1512/1897/2483 2207/1900/2486 2206/4371/2487
f 1515/1677/2253 1514/1891/2477 2003/1902/2488 2002/4321/2489
f 1517/1904/2490 1516/1676/2252 2023/1905/2491 2022/4311/2492
f 1518/1894/2480 1517/1904/2490 1522/1907/2493 1521/1908/2494
f 1519/1909/2495 1526/1910/2496 2235/1911/2497 2234/4285/2498
f 1520/1913/2499 1519/1909/2495 1632/1914/2500 1631/1915/2501
f 1521/1908/2494 1520/1913/2499 2223/1916/2502 2222/4291/2503
f 1523/1703/2281 1522/1907/2493 2019/1918/2504 2018/4313/2505
f 1525/1920/2506 1524/1702/2280 2039/1921/2507 2038/4303/2508
f 1526/1910/2496 1525/1920/2506 1528/1923/2509 1527/1924/2510
f 1527/1924/2510 1532/1925/2511 2239/1926/2512 2238/4283/2513
f 1529/1722/2306 1528/1923/2509 2035/1928/2514 2034/4305/2515
f 1532/1925/2511 1531/518/2516 1638/543/2517 1637/1930/2518
f 1533/1931/2519 1540/1932/2520 2267/1933/2521 2266/4069/2522
f 1534/1935/2523 1533/1931/2519 1646/1936/2524 1645/1937/2525
f 1535/1938/2526 1534/1935/2523 2255/1939/2527 2254/4075/2528
f 1536/1941/2529 1535/1938/2526 1546/1942/2530 1545/1943/2531
f 1537/1729/2313 1536/1941/2529 2051/1944/2532 2050/4145/2533
f 1539/1946/2534 1538/1728/2312 2071/1947/2535 2070/4135/2536
f 1540/1932/2520 1539/1946/2534 1550/1949/2537 1549/1950/2538
f 1541/1951/2539 1546/1942/2530 2251/1952/2540 2250/4077/2541
f 1542/538/2542 1541/1951/2539 1650/1954/2543 1649/561/2544
f 1545/1943/2531 1544/1746/2331 2055/1955/2545 2054/4143/2546
f 1547/1957/2547 1554/1958/2548 2283/1959/2549 2282/4061/2550
f 1548/1961/2551 1547/1957/2547 1656/1962/2552 1655/1963/2553
f 1549/1950/2538 1548/1961/2551 2271/1964/2554 2270/4067/2555
f 1551/1755/2341 1550/1949/2537 2067/1966/2556 2066/4137/2557
f 1553/1968/2558 1552/1754/2340 2087/1969/2559 2086/4127/2560
f 1554/1958/2548 1553/1968/2558 1558/1971/2561 1557/1972/2562
f 1555/1973/2563 1562/1974/2564 2299/1975/2565 2298/4053/2566
f 1556/1977/2567 1555/1973/2563 1662/1978/2568 1661/1979/2569
f 1557/1972/2562 1556/1977/2567 2287/1980/2570 2286/4059/2571
f 1559/1771/2357 1558/1971/2561 2083/1982/2572 2082/4129/2573
f 1561/1984/2574 1560/1770/2356 2103/1985/2575 2102/4119/2576
f 1562/1974/2564 1561/1984/2574 1566/1987/2577 1565/1988/2578
f 1563/1989/2579 1570/1990/2580 2315/1991/2581 2314/4045/2582
f 1564/1993/2583 1563/1989/2579 1668/1994/2584 1667/1995/2585
f 1565/1988/2578 1564/1993/2583 2303/1996/2586 2302/4051/2587
f 1567/1787/2373 1566/1987/2577 2099/1998/2588 2098/4121/2589
f 1569/2000/2590 1568/1786/2372 2119/2001/2591 2118/4111/2592
f 1570/1990/2580 1569/2000/2590 1574/2003/2593 1573/2004/2594
f 1571/2005/2595 1578/2006/2596 2331/2007/2597 2330/4037/2598
f 1572/2009/2599 1571/2005/2595 1674/2010/2600 1673/2011/2601
f 1573/2004/2594 1572/2009/2599 2319/2012/2602 2318/4043/2603
f 1575/1803/2389 1574/2003/2593 2115/2014/2604 2114/4113/2605
f 1577/2016/2606 1576/1802/2388 2135/2017/2607 2134/4103/2608
f 1578/2006/2596 1577/2016/2606 1582/2019/2609 1581/2020/2610
f 1579/2021/2611 1586/2022/2612 2347/2023/2613 2346/4029/2614
f 1580/2025/2615 1579/2021/2611 1680/2026/2616 1679/2027/2617
f 1581/2020/2610 1580/2025/2615 2335/2028/2618 2334/4035/2619
f 1583/1819/2405 1582/2019/2609 2131/2030/2620 2130/4105/2621
f 1585/2032/2622 1584/1818/2404 2151/2033/2623 2150/4095/2624
f 1586/2022/2612 1585/2032/2622 1590/2035/2625 1589/2036/2626
f 1587/2037/2627 1594/2038/2628 2363/2039/2629 2362/4021/2630
f 1588/2041/2631 1587/2037/2627 1686/2042/2632 1685/2043/2633
f 1589/2036/2626 1588/2041/2631 2351/2044/2634 2350/4027/2635
f 1591/1835/2421 1590/2035/2625 2147/2046/2636 2146/4097/2637
f 1593/2048/2638 1592/1834/2420 2167/2049/2639 2166/4087/2640
f 1594/2038/2628 1593/2048/2638 1598/2051/2641 1597/2052/2642
f 1595/2053/2643 1602/2054/2644 2379/2055/2645 2378/4013/2646
f 1596/2057/2647 1595/2053/2643 1692/2058/2648 1691/2059/2649
f 1597/2052/2642 1596/2057/2647 2367/2060/2650 2366/4019/2651
f 1599/1851/2437 1598/2051/2641 2163/2062/2652 2162/4089/2653
f 1601/2064/2654 1600/1850/2436 2183/2065/2655 2182/4079/2656
f 1602/2054/2644 1601/2064/2654 1606/2067/2657 1605/2068/2658
f 1603/2069/2659 1610/2070/2660 2395/2071/2661 2394/4277/2662
f 1604/2073/2663 1603/2069/2659 1698/2074/2664 1697/2075/2665
f 1605/2068/2658 1604/2073/2663 2383/2076/2666 2382/4011/2667
f 1607/1867/2453 1606/2067/2657 2179/2078/2668 2178/4081/2669
f 1609/2080/2670 1608/1866/2452 2199/2081/2671 2198/4295/2672
f 1610/2070/2660 1609/2080/2670 1614/2083/2673 1613/2084/2674
f 1611/2085/2675 1618/2086/2676 2411/2087/2677 2410/4269/2678
f 1612/2089/2679 1611/2085/2675 1704/2090/2680 1703/2091/2681
f 1613/2084/2674 1612/2089/2679 2399/2092/2682 2398/4275/2683
f 1615/1883/2469 1614/2083/2673 2195/2094/2684 2194/4297/2685
f 1617/2096/2686 1616/1882/2468 2215/2097/2687 2214/4367/2688
f 1618/2086/2676 1617/2096/2686 1622/2099/2689 1621/2100/2690
f 1619/2101/2691 1626/2102/2692 2427/2103/2693 2426/4261/2694
f 1620/2105/2695 1619/2101/2691 1710/2106/2696 1709/2107/2697
f 1621/2100/2690 1620/2105/2695 2415/2108/2698 2414/4267/2699
f 1623/1899/2485 1622/2099/2689 2211/2110/2700 2210/4369/2701
f 1625/2112/2702 1624/1898/2484 2231/2113/2703 2230/4287/2704
f 1626/2102/2692 1625/2112/2702 1630/2115/2705 1629/2116/2706
f 1627/2117/2707 1634/2118/2708 2443/2119/2709 2442/4253/2710
f 1628/2121/2711 1627/2117/2707 1716/2122/2712 1715/2123/2713
f 1629/2116/2706 1628/2121/2711 2431/2124/2714 2430/4259/2715
f 1631/1915/2501 1630/2115/2705 2227/2126/2716 2226/4289/2717
f 1633/2128/2718 1632/1914/2500 2247/2129/2719 2246/4279/2720
f 1634/2118/2708 1633/2128/2718 1636/2131/2721 1635/2132/2722
f 1635/2132/2722 1640/2133/2723 2447/2134/2724 2446/4251/2725
f 1637/1930/2518 1636/2131/2721 2243/2136/2726 2242/4281/2727
f 1640/2133/2723 1639/542/2728 1718/665/2729 1717/2138/2730
f 1641/2139/2731 1646/1936/2524 2279/2140/2732 2278/4063/2733
s 124
f 1642/570/2734 1641/2139/2735 1654/2142/2736 1653/577/2737
f 1644/2143/2738 1643/569/2739 1648/562/2740 1647/2144/2741
s 113
f 1645/1937/2525 1644/2143/2742 2259/2145/2743 2258/4073/2744
f 1647/2144/2745 1650/1954/2746 2263/2147/2747 2262/4071/2748
f 1651/2149/2749 1656/1962/2552 2295/2150/2750 2294/4055/2751
s 124
f 1652/578/2752 1651/2149/2753 1660/2152/2754 1659/585/2755
s 113
f 1655/1963/2553 1654/2142/2756 2275/2153/2757 2274/4065/2758
f 1657/2155/2759 1662/1978/2568 2311/2156/2760 2310/4047/2761
s 124
f 1658/586/2762 1657/2155/2763 1666/2158/2764 1665/593/2765
s 113
f 1661/1979/2569 1660/2152/2766 2291/2159/2767 2290/4057/2768
f 1663/2161/2769 1668/1994/2584 2327/2162/2770 2326/4039/2771
s 124
f 1664/594/2772 1663/2161/2773 1672/2164/2774 1671/601/2775
s 113
f 1667/1995/2585 1666/2158/2776 2307/2165/2777 2306/4049/2778
f 1669/2167/2779 1674/2010/2600 2343/2168/2780 2342/4031/2781
s 124
f 1670/602/2782 1669/2167/2783 1678/2170/2784 1677/609/2785
s 113
f 1673/2011/2601 1672/2164/2786 2323/2171/2787 2322/4041/2788
f 1675/2173/2789 1680/2026/2616 2359/2174/2790 2358/4023/2791
s 124
f 1676/610/2792 1675/2173/2793 1684/2176/2794 1683/617/2795
s 113
f 1679/2027/2617 1678/2170/2796 2339/2177/2797 2338/4033/2798
f 1681/2179/2799 1686/2042/2632 2375/2180/2800 2374/4015/2801
s 124
f 1682/618/2802 1681/2179/2803 1690/2182/2804 1689/625/2805
s 113
f 1685/2043/2633 1684/2176/2806 2355/2183/2807 2354/4025/2808
f 1687/2185/2809 1692/2058/2648 2391/2186/2810 2390/4007/2811
s 124
f 1688/626/2812 1687/2185/2813 1696/2188/2814 1695/633/2815
s 113
f 1691/2059/2649 1690/2182/2816 2371/2189/2817 2370/4017/2818
f 1693/2191/2819 1698/2074/2664 2407/2192/2820 2406/4271/2821
s 124
f 1694/634/2822 1693/2191/2823 1702/2194/2824 1701/641/2825
s 113
f 1697/2075/2665 1696/2188/2826 2387/2195/2827 2386/4009/2828
f 1699/2197/2829 1704/2090/2680 2423/2198/2830 2422/4263/2831
s 124
f 1700/642/2832 1699/2197/2833 1708/2200/2834 1707/649/2835
s 113
f 1703/2091/2681 1702/2194/2836 2403/2201/2837 2402/4273/2838
f 1705/2203/2839 1710/2106/2696 2439/2204/2840 2438/4255/2841
s 124
f 1706/650/2842 1705/2203/2843 1714/2206/2844 1713/657/2845
s 113
f 1709/2107/2697 1708/2200/2846 2419/2207/2847 2418/4265/2848
f 1711/2209/2849 1716/2122/2712 2455/2210/2850 2454/4247/2851
s 124
f 1712/658/2852 1711/2209/2853 1720/2212/2854 1719/664/2855
s 113
f 1715/2123/2713 1714/2206/2856 2435/2213/2857 2434/4257/2858
f 1717/2138/2859 1720/2212/2860 2451/2215/2861 2450/4249/2862
s off
f 1721/2217/2863 1724/2218/2864 2458/2219/2865 2457/2220/2866
s 126
f 1722/1428/2867 1721/2217/2868 1736/2221/2869 1735/4244/2870
f 1724/2218/2871 1723/4242/2872 1726/1439/2873 1725/2222/2874
s off
f 1725/2222/2875 1728/2223/2876 2462/2224/2877 2461/2225/2878
s 126
f 1728/2223/2879 1727/4240/2880 1730/1455/2881 1729/2226/2882
s off
f 1729/2226/2883 1732/2227/2884 2465/2228/2885 2464/2229/2886
s 126
f 1732/2227/2887 1731/4238/2888 1734/1466/2889 1733/2230/2890
s off
f 1733/2230/2891 1736/2221/2892 2468/2231/2893 2467/2232/2894
f 1737/2233/2895 1740/2234/2896 2470/2235/2897 2469/2236/2898
s 127
f 1738/1434/2899 1737/2233/2900 1752/2237/2901 1751/4236/2902
f 1740/2234/2903 1739/4234/2904 1742/1475/2905 1741/2238/2906
s off
f 1741/2238/2907 1744/2239/2908 2474/2240/2909 2473/2241/2910
s 127
f 1744/2239/2911 1743/4232/2912 1746/1487/2913 1745/2242/2914
s off
f 1745/2242/2915 1748/2243/2916 2477/2244/2917 2476/2245/2918
s 127
f 1748/2243/2919 1747/4230/2920 1750/1458/2921 1749/2246/2922
s off
f 1749/2246/2923 1752/2237/2924 2480/2247/2925 2479/2248/2926
f 1753/2249/2927 1756/2250/2928 2482/2251/2929 2481/2252/2930
s 128
f 1754/1470/2931 1753/2249/2932 1768/2253/2933 1767/4228/2934
f 1756/2250/2935 1755/4226/2936 1758/1501/2937 1757/2254/2938
s off
f 1757/2254/2939 1760/2255/2940 2486/2256/2941 2485/2257/2942
s 128
f 1760/2255/2943 1759/4224/2944 1762/1518/2945 1761/2258/2946
s off
f 1761/2258/2947 1764/2259/2948 2489/2260/2949 2488/2261/2950
s 128
f 1764/2259/2951 1763/4222/2952 1766/1490/2953 1765/2262/2954
s off
f 1765/2262/2955 1768/2253/2956 2492/2263/2957 2491/2264/2958
f 1769/2265/2959 1772/2266/2960 2494/2267/2961 2493/2268/2962
s 129
f 1770/1616/2963 1769/2265/2964 1784/2269/2965 1783/4364/2966
f 1772/2266/2967 1771/4362/2968 1774/1643/2969 1773/2270/2970
s off
f 1773/2270/2971 1776/2271/2972 2498/2272/2973 2497/2273/2974
s 129
f 1776/2271/2975 1775/4360/2976 1778/1655/2977 1777/2274/2978
s off
f 1777/2274/2979 1780/2275/2980 2501/2276/2981 2500/2277/2982
s 129
f 1780/2275/2983 1779/4358/2984 1782/1623/2985 1781/2278/2986
s off
f 1781/2278/2987 1784/2269/2988 2504/2279/2989 2503/2280/2990
f 1785/2281/2991 1788/2282/2992 2506/2283/2993 2505/2284/2994
s 130
f 1786/1638/2995 1785/2281/2996 1800/2285/2997 1799/4356/2998
f 1788/2282/2999 1787/4354/3000 1790/1669/3001 1789/2286/3002
s off
f 1789/2286/3003 1792/2287/3004 2510/2288/3005 2509/2289/3006
s 130
f 1792/2287/3007 1791/4352/3008 1794/1681/3009 1793/2290/3010
s off
f 1793/2290/3011 1796/2291/3012 2513/2292/3013 2512/2293/3014
s 130
f 1796/2291/3015 1795/4350/3016 1798/1658/3017 1797/2294/3018
s off
f 1797/2294/3019 1800/2285/3020 2516/2295/3021 2515/2296/3022
f 1801/2297/3023 1804/2298/3024 2518/2299/3025 2517/2300/3026
s 131
f 1802/1664/3027 1801/2297/3028 1816/2301/3029 1815/4348/3030
f 1804/2298/3031 1803/4346/3032 1806/1695/3033 1805/2302/3034
s off
f 1805/2302/3035 1808/2303/3036 2522/2304/3037 2521/2305/3038
s 131
f 1808/2303/3039 1807/4344/3040 1810/1707/3041 1809/2306/3042
s off
f 1809/2306/3043 1812/2307/3044 2525/2308/3045 2524/2309/3046
s 131
f 1812/2307/3047 1811/4342/3048 1814/1684/3049 1813/2310/3050
s off
f 1813/2310/3051 1816/2301/3052 2528/2311/3053 2527/2312/3054
f 1817/2313/3055 1820/2314/3056 2530/2315/3057 2529/2316/3058
s 132
f 1818/1690/3059 1817/2313/3060 1832/2317/3061 1831/4340/3062
f 1820/2314/3063 1819/4338/3064 1822/1715/3065 1821/2318/3066
s off
f 1821/2318/3067 1824/2319/3068 2534/2320/3069 2533/2321/3070
s 132
f 1824/2319/3071 1823/4336/3072 1826/1721/3073 1825/2322/3074
s off
f 1825/2322/3075 1828/2323/3076 2537/2324/3077 2536/2325/3078
s 132
f 1828/2323/3079 1827/4334/3080 1830/1710/3081 1829/2326/3082
s off
f 1829/2326/3083 1832/2317/3084 2540/2327/3085 2539/2328/3086
f 1833/2329/3087 1836/2330/3088 2542/2331/3089 2541/2332/3090
s 133
f 1834/1463/3091 1833/2329/3092 1848/2333/3093 1847/4220/3094
f 1836/2330/3095 1835/4218/3096 1838/1450/3097 1837/2334/3098
s off
f 1837/2334/3099 1840/2335/3100 2546/2336/3101 2545/2337/3102
s 133
f 1840/2335/3103 1839/4216/3104 1842/1737/3105 1841/2338/3106
s off
f 1841/2338/3107 1844/2339/3108 2549/2340/3109 2548/2341/3110
s 133
f 1844/2339/3111 1843/4214/3112 1846/1748/3113 1845/2342/3114
s off
f 1845/2342/3115 1848/2333/3116 2552/2343/3117 2551/2344/3118
f 1849/2345/3119 1852/2346/3120 2554/2347/3121 2553/2348/3122
s 134
f 1850/1444/3123 1849/2345/3124 1864/2349/3125 1863/4212/3126
f 1852/2346/3127 1851/4210/3128 1854/1485/3129 1853/2350/3130
s off
f 1853/2350/3131 1856/2351/3132 2558/2352/3133 2557/2353/3134
s 134
f 1856/2351/3135 1855/4208/3136 1858/1759/3137 1857/2354/3138
s off
f 1857/2354/3139 1860/2355/3140 2561/2356/3141 2560/2357/3142
s 134
f 1860/2355/3143 1859/4206/3144 1862/1740/3145 1861/2358/3146
s off
f 1861/2358/3147 1864/2349/3148 2564/2359/3149 2563/2360/3150
f 1865/2361/3151 1868/2362/3152 2566/2363/3153 2565/2364/3154
s 135
f 1866/1480/3155 1865/2361/3156 1880/2365/3157 1879/4204/3158
f 1868/2362/3159 1867/4202/3160 1870/1516/3161 1869/2366/3162
s off
f 1869/2366/3163 1872/2367/3164 2570/2368/3165 2569/2369/3166
s 135
f 1872/2367/3167 1871/4200/3168 1874/1775/3169 1873/2370/3170
s off
f 1873/2370/3171 1876/2371/3172 2573/2372/3173 2572/2373/3174
s 135
f 1876/2371/3175 1875/4198/3176 1878/1762/3177 1877/2374/3178
s off
f 1877/2374/3179 1880/2365/3180 2576/2375/3181 2575/2376/3182
f 1881/2377/3183 1884/2378/3184 2578/2379/3185 2577/2380/3186
s 136
f 1882/1511/3187 1881/2377/3188 1896/2381/3189 1895/4196/3190
f 1884/2378/3191 1883/4194/3192 1886/1536/3193 1885/2382/3194
s off
f 1885/2382/3195 1888/2383/3196 2582/2384/3197 2581/2385/3198
s 136
f 1888/2383/3199 1887/4192/3200 1890/1791/3201 1889/2386/3202
s off
f 1889/2386/3203 1892/2387/3204 2585/2388/3205 2584/2389/3206
s 136
f 1892/2387/3207 1891/4190/3208 1894/1778/3209 1893/2390/3210
s off
f 1893/2390/3211 1896/2381/3212 2588/2391/3213 2587/2392/3214
f 1897/2393/3215 1900/2394/3216 2590/2395/3217 2589/2396/3218
s 137
f 1898/1531/3219 1897/2393/3220 1912/2397/3221 1911/4188/3222
f 1900/2394/3223 1899/4186/3224 1902/1554/3225 1901/2398/3226
s off
f 1901/2398/3227 1904/2399/3228 2594/2400/3229 2593/2401/3230
s 137
f 1904/2399/3231 1903/4184/3232 1906/1807/3233 1905/2402/3234
s off
f 1905/2402/3235 1908/2403/3236 2597/2404/3237 2596/2405/3238
s 137
f 1908/2403/3239 1907/4182/3240 1910/1794/3241 1909/2406/3242
s off
f 1909/2406/3243 1912/2397/3244 2600/2407/3245 2599/2408/3246
f 1913/2409/3247 1916/2410/3248 2602/2411/3249 2601/2412/3250
s 138
f 1914/1549/3251 1913/2409/3252 1928/2413/3253 1927/4180/3254
f 1916/2410/3255 1915/4178/3256 1918/1572/3257 1917/2414/3258
s off
f 1917/2414/3259 1920/2415/3260 2606/2416/3261 2605/2417/3262
s 138
f 1920/2415/3263 1919/4176/3264 1922/1823/3265 1921/2418/3266
s off
f 1921/2418/3267 1924/2419/3268 2609/2420/3269 2608/2421/3270
s 138
f 1924/2419/3271 1923/4174/3272 1926/1810/3273 1925/2422/3274
s off
f 1925/2422/3275 1928/2413/3276 2612/2423/3277 2611/2424/3278
f 1929/2425/3279 1932/2426/3280 2614/2427/3281 2613/2428/3282
s 139
f 1930/1567/3283 1929/2425/3284 1944/2429/3285 1943/4172/3286
f 1932/2426/3287 1931/4170/3288 1934/1590/3289 1933/2430/3290
s off
f 1933/2430/3291 1936/2431/3292 2618/2432/3293 2617/2433/3294
s 139
f 1936/2431/3295 1935/4168/3296 1938/1839/3297 1937/2434/3298
s off
f 1937/2434/3299 1940/2435/3300 2621/2436/3301 2620/2437/3302
s 139
f 1940/2435/3303 1939/4166/3304 1942/1826/3305 1941/2438/3306
s off
f 1941/2438/3307 1944/2429/3308 2624/2439/3309 2623/2440/3310
f 1945/2441/3311 1948/2442/3312 2626/2443/3313 2625/2444/3314
s 140
f 1946/1585/3315 1945/2441/3316 1960/2445/3317 1959/4164/3318
f 1948/2442/3319 1947/4162/3320 1950/1608/3321 1949/2446/3322
s off
f 1949/2446/3323 1952/2447/3324 2630/2448/3325 2629/2449/3326
s 140
f 1952/2447/3327 1951/4160/3328 1954/1855/3329 1953/2450/3330
s off
f 1953/2450/3331 1956/2451/3332 2633/2452/3333 2632/2453/3334
s 140
f 1956/2451/3335 1955/4158/3336 1958/1842/3337 1957/2454/3338
s off
f 1957/2454/3339 1960/2445/3340 2636/2455/3341 2635/2456/3342
f 1961/2457/3343 1964/2458/3344 2638/2459/3345 2637/2460/3346
s 141
f 1962/1603/3347 1961/2457/3348 1976/2461/3349 1975/4156/3350
f 1964/2458/3351 1963/4154/3352 1966/1634/3353 1965/2462/3354
s off
f 1965/2462/3355 1968/2463/3356 2642/2464/3357 2641/2465/3358
s 141
f 1968/2463/3359 1967/4152/3360 1970/1871/3361 1969/2466/3362
s off
f 1969/2466/3363 1972/2467/3364 2645/2468/3365 2644/2469/3366
s 141
f 1972/2467/3367 1971/4150/3368 1974/1858/3369 1973/2470/3370
s off
f 1973/2470/3371 1976/2461/3372 2648/2471/3373 2647/2472/3374
f 1977/2473/3375 1980/2474/3376 2650/2475/3377 2649/2476/3378
s 142
f 1978/1629/3379 1977/2473/3380 1992/2477/3381 1991/4332/3382
f 1980/2474/3383 1979/4330/3384 1982/1653/3385 1981/2478/3386
s off
f 1981/2478/3387 1984/2479/3388 2654/2480/3389 2653/2481/3390
s 142
f 1984/2479/3391 1983/4328/3392 1986/1887/3393 1985/2482/3394
s off
f 1985/2482/3395 1988/2483/3396 2657/2484/3397 2656/2485/3398
s 142
f 1988/2483/3399 1987/4326/3400 1990/1874/3401 1989/2486/3402
s off
f 1989/2486/3403 1992/2477/3404 2660/2487/3405 2659/2488/3406
f 1993/2489/3407 1996/2490/3408 2662/2491/3409 2661/2492/3410
s 143
f 1994/1648/3411 1993/2489/3412 2008/2493/3413 2007/4324/3414
f 1996/2490/3415 1995/4322/3416 1998/1679/3417 1997/2494/3418
s off
f 1997/2494/3419 2000/2495/3420 2666/2496/3421 2665/2497/3422
s 143
f 2000/2495/3423 1999/4320/3424 2002/1903/3425 2001/2498/3426
s off
f 2001/2498/3427 2004/2499/3428 2669/2500/3429 2668/2501/3430
s 143
f 2004/2499/3431 2003/4318/3432 2006/1890/3433 2005/2502/3434
s off
f 2005/2502/3435 2008/2493/3436 2672/2503/3437 2671/2504/3438
f 2009/2505/3439 2012/2506/3440 2674/2507/3441 2673/2508/3442
s 144
f 2010/1674/3443 2009/2505/3444 2024/2509/3445 2023/4316/3446
f 2012/2506/3447 2011/4314/3448 2014/1705/3449 2013/2510/3450
s off
f 2013/2510/3451 2016/2511/3452 2678/2512/3453 2677/2513/3454
s 144
f 2016/2511/3455 2015/4312/3456 2018/1919/3457 2017/2514/3458
s off
f 2017/2514/3459 2020/2515/3460 2681/2516/3461 2680/2517/3462
s 144
f 2020/2515/3463 2019/4310/3464 2022/1906/3465 2021/2518/3466
s off
f 2021/2518/3467 2024/2509/3468 2684/2519/3469 2683/2520/3470
f 2025/2521/3471 2028/2522/3472 2686/2523/3473 2685/2524/3474
s 145
f 2026/1700/3475 2025/2521/3476 2040/2525/3477 2039/4308/3478
f 2028/2522/3479 2027/4306/3480 2030/1719/3481 2029/2526/3482
s off
f 2029/2526/3483 2032/2527/3484 2690/2528/3485 2689/2529/3486
s 145
f 2032/2527/3487 2031/4304/3488 2034/1929/3489 2033/2530/3490
s off
f 2033/2530/3491 2036/2531/3492 2693/2532/3493 2692/2533/3494
s 145
f 2036/2531/3495 2035/4302/3496 2038/1922/3497 2037/2534/3498
s off
f 2037/2534/3499 2040/2525/3500 2696/2535/3501 2695/2536/3502
f 2041/2537/3503 2044/2538/3504 2698/2539/3505 2697/2540/3506
s 146
f 2042/1745/3507 2041/2537/3508 2056/2541/3509 2055/4148/3510
f 2044/2538/3511 2043/4146/3512 2046/1732/3513 2045/2542/3514
s off
f 2045/2542/3515 2048/2543/3516 2702/2544/3517 2701/2545/3518
s 146
f 2048/2543/3519 2047/4144/3520 2050/1945/3521 2049/2546/3522
s off
f 2049/2546/3523 2052/2547/3524 2705/2548/3525 2704/2549/3526
s 146
f 2052/2547/3527 2051/4142/3528 2054/1956/3529 2053/2550/3530
s off
f 2053/2550/3531 2056/2541/3532 2708/2551/3533 2707/2552/3534
f 2057/2553/3535 2060/2554/3536 2710/2555/3537 2709/2556/3538
s 147
f 2058/1726/3539 2057/2553/3540 2072/2557/3541 2071/4140/3542
f 2060/2554/3543 2059/4138/3544 2062/1757/3545 2061/2558/3546
s off
f 2061/2558/3547 2064/2559/3548 2714/2560/3549 2713/2561/3550
s 147
f 2064/2559/3551 2063/4136/3552 2066/1967/3553 2065/2562/3554
s off
f 2065/2562/3555 2068/2563/3556 2717/2564/3557 2716/2565/3558
s 147
f 2068/2563/3559 2067/4134/3560 2070/1948/3561 2069/2566/3562
s off
f 2069/2566/3563 2072/2557/3564 2720/2567/3565 2719/2568/3566
f 2073/2569/3567 2076/2570/3568 2722/2571/3569 2721/2572/3570
s 148
f 2074/1752/3571 2073/2569/3572 2088/2573/3573 2087/4132/3574
f 2076/2570/3575 2075/4130/3576 2078/1773/3577 2077/2574/3578
s off
f 2077/2574/3579 2080/2575/3580 2726/2576/3581 2725/2577/3582
s 148
f 2080/2575/3583 2079/4128/3584 2082/1983/3585 2081/2578/3586
s off
f 2081/2578/3587 2084/2579/3588 2729/2580/3589 2728/2581/3590
s 148
f 2084/2579/3591 2083/4126/3592 2086/1970/3593 2085/2582/3594
s off
f 2085/2582/3595 2088/2573/3596 2732/2583/3597 2731/2584/3598
f 2089/2585/3599 2092/2586/3600 2734/2587/3601 2733/2588/3602
s 149
f 2090/1768/3603 2089/2585/3604 2104/2589/3605 2103/4124/3606
f 2092/2586/3607 2091/4122/3608 2094/1789/3609 2093/2590/3610
s off
f 2093/2590/3611 2096/2591/3612 2738/2592/3613 2737/2593/3614
s 149
f 2096/2591/3615 2095/4120/3616 2098/1999/3617 2097/2594/3618
s off
f 2097/2594/3619 2100/2595/3620 2741/2596/3621 2740/2597/3622
s 149
f 2100/2595/3623 2099/4118/3624 2102/1986/3625 2101/2598/3626
s off
f 2101/2598/3627 2104/2589/3628 2744/2599/3629 2743/2600/3630
f 2105/2601/3631 2108/2602/3632 2746/2603/3633 2745/2604/3634
s 150
f 2106/1784/3635 2105/2601/3636 2120/2605/3637 2119/4116/3638
f 2108/2602/3639 2107/4114/3640 2110/1805/3641 2109/2606/3642
s off
f 2109/2606/3643 2112/2607/3644 2750/2608/3645 2749/2609/3646
s 150
f 2112/2607/3647 2111/4112/3648 2114/2015/3649 2113/2610/3650
s off
f 2113/2610/3651 2116/2611/3652 2753/2612/3653 2752/2613/3654
s 150
f 2116/2611/3655 2115/4110/3656 2118/2002/3657 2117/2614/3658
s off
f 2117/2614/3659 2120/2605/3660 2756/2615/3661 2755/2616/3662
f 2121/2617/3663 2124/2618/3664 2758/2619/3665 2757/2620/3666
s 151
f 2122/1800/3667 2121/2617/3668 2136/2621/3669 2135/4108/3670
f 2124/2618/3671 2123/4106/3672 2126/1821/3673 2125/2622/3674
s off
f 2125/2622/3675 2128/2623/3676 2762/2624/3677 2761/2625/3678
s 151
f 2128/2623/3679 2127/4104/3680 2130/2031/3681 2129/2626/3682
s off
f 2129/2626/3683 2132/2627/3684 2765/2628/3685 2764/2629/3686
s 151
f 2132/2627/3687 2131/4102/3688 2134/2018/3689 2133/2630/3690
s off
f 2133/2630/3691 2136/2621/3692 2768/2631/3693 2767/2632/3694
f 2137/2633/3695 2140/2634/3696 2770/2635/3697 2769/2636/3698
s 152
f 2138/1816/3699 2137/2633/3700 2152/2637/3701 2151/4100/3702
f 2140/2634/3703 2139/4098/3704 2142/1837/3705 2141/2638/3706
s off
f 2141/2638/3707 2144/2639/3708 2774/2640/3709 2773/2641/3710
s 152
f 2144/2639/3711 2143/4096/3712 2146/2047/3713 2145/2642/3714
s off
f 2145/2642/3715 2148/2643/3716 2777/2644/3717 2776/2645/3718
s 152
f 2148/2643/3719 2147/4094/3720 2150/2034/3721 2149/2646/3722
s off
f 2149/2646/3723 2152/2637/3724 2780/2647/3725 2779/2648/3726
f 2153/2649/3727 2156/2650/3728 2782/2651/3729 2781/2652/3730
s 153
f 2154/1832/3731 2153/2649/3732 2168/2653/3733 2167/4092/3734
f 2156/2650/3735 2155/4090/3736 2158/1853/3737 2157/2654/3738
s off
f 2157/2654/3739 2160/2655/3740 2786/2656/3741 2785/2657/3742
s 153
f 2160/2655/3743 2159/4088/3744 2162/2063/3745 2161/2658/3746
s off
f 2161/2658/3747 2164/2659/3748 2789/2660/3749 2788/2661/3750
s 153
f 2164/2659/3751 2163/4086/3752 2166/2050/3753 2165/2662/3754
s off
f 2165/2662/3755 2168/2653/3756 2792/2663/3757 2791/2664/3758
f 2169/2665/3759 2172/2666/3760 2794/2667/3761 2793/2668/3762
s 154
f 2170/1848/3763 2169/2665/3764 2184/2669/3765 2183/4084/3766
f 2172/2666/3767 2171/4082/3768 2174/1869/3769 2173/2670/3770
s off
f 2173/2670/3771 2176/2671/3772 2798/2672/3773 2797/2673/3774
s 154
f 2176/2671/3775 2175/4080/3776 2178/2079/3777 2177/2674/3778
s off
f 2177/2674/3779 2180/2675/3780 2801/2676/3781 2800/2677/3782
s 154
f 2180/2675/3783 2179/4078/3784 2182/2066/3785 2181/2678/3786
s off
f 2181/2678/3787 2184/2669/3788 2804/2679/3789 2803/2680/3790
f 2185/2681/3791 2188/2682/3792 2806/2683/3793 2805/2684/3794
s 155
f 2186/1864/3795 2185/2681/3796 2200/2685/3797 2199/4300/3798
f 2188/2682/3799 2187/4298/3800 2190/1885/3801 2189/2686/3802
s off
f 2189/2686/3803 2192/2687/3804 2810/2688/3805 2809/2689/3806
s 155
f 2192/2687/3807 2191/4296/3808 2194/2095/3809 2193/2690/3810
s off
f 2193/2690/3811 2196/2691/3812 2813/2692/3813 2812/2693/3814
s 155
f 2196/2691/3815 2195/4294/3816 2198/2082/3817 2197/2694/3818
s off
f 2197/2694/3819 2200/2685/3820 2816/2695/3821 2815/2696/3822
f 2201/2697/3823 2204/2698/3824 2818/2699/3825 2817/2700/3826
s 156
f 2202/1880/3827 2201/2697/3828 2216/2701/3829 2215/4372/3830
f 2204/2698/3831 2203/4370/3832 2206/1901/3833 2205/2702/3834
s off
f 2205/2702/3835 2208/2703/3836 2822/2704/3837 2821/2705/3838
s 156
f 2208/2703/3839 2207/4368/3840 2210/2111/3841 2209/2706/3842
s off
f 2209/2706/3843 2212/2707/3844 2825/2708/3845 2824/2709/3846
s 156
f 2212/2707/3847 2211/4366/3848 2214/2098/3849 2213/2710/3850
s off
f 2213/2710/3851 2216/2701/3852 2828/2711/3853 2827/2712/3854
f 2217/2713/3855 2220/2714/3856 2830/2715/3857 2829/2716/3858
s 157
f 2218/1896/3859 2217/2713/3860 2232/2717/3861 2231/4292/3862
f 2220/2714/3863 2219/4290/3864 2222/1917/3865 2221/2718/3866
s off
f 2221/2718/3867 2224/2719/3868 2834/2720/3869 2833/2721/3870
s 157
f 2224/2719/3871 2223/4288/3872 2226/2127/3873 2225/2722/3874
s off
f 2225/2722/3875 2228/2723/3876 2837/2724/3877 2836/2725/3878
s 157
f 2228/2723/3879 2227/4286/3880 2230/2114/3881 2229/2726/3882
s off
f 2229/2726/3883 2232/2717/3884 2840/2727/3885 2839/2728/3886
f 2233/2729/3887 2236/2730/3888 2842/2731/3889 2841/2732/3890
s 158
f 2234/1912/3891 2233/2729/3892 2248/2733/3893 2247/4284/3894
f 2236/2730/3895 2235/4282/3896 2238/1927/3897 2237/2734/3898
s off
f 2237/2734/3899 2240/2735/3900 2846/2736/3901 2845/2737/3902
s 158
f 2240/2735/3903 2239/4280/3904 2242/2137/3905 2241/2738/3906
s off
f 2241/2738/3907 2244/2739/3908 2849/2740/3909 2848/2741/3910
s 158
f 2244/2739/3911 2243/4278/3912 2246/2130/3913 2245/2742/3914
s off
f 2245/2742/3915 2248/2733/3916 2852/2743/3917 2851/2744/3918
f 2249/2745/3919 2252/2746/3920 2854/2747/3921 2853/2748/3922
s 159
f 2250/1953/3923 2249/2745/3924 2264/2749/3925 2263/4076/3926
f 2252/2746/3927 2251/4074/3928 2254/1940/3929 2253/2750/3930
s off
f 2253/2750/3931 2256/2751/3932 2858/2752/3933 2857/2753/3934
s 159
f 2256/2751/3935 2255/4072/3936 2258/2146/3937 2257/2754/3938
s off
f 2257/2754/3939 2260/2755/3940 2861/2756/3941 2860/2757/3942
s 159
f 2260/2755/3943 2259/4070/3944 2262/2148/3945 2261/2758/3946
s off
f 2261/2758/3947 2264/2749/3948 2864/2759/3949 2863/2760/3950
f 2265/2761/3951 2268/2762/3952 2866/2763/3953 2865/2764/3954
s 160
f 2266/1934/3955 2265/2761/3956 2280/2765/3957 2279/4068/3958
f 2268/2762/3959 2267/4066/3960 2270/1965/3961 2269/2766/3962
s off
f 2269/2766/3963 2272/2767/3964 2870/2768/3965 2869/2769/3966
s 160
f 2272/2767/3967 2271/4064/3968 2274/2154/3969 2273/2770/3970
s off
f 2273/2770/3971 2276/2771/3972 2873/2772/3973 2872/2773/3974
s 160
f 2276/2771/3975 2275/4062/3976 2278/2141/3977 2277/2774/3978
s off
f 2277/2774/3979 2280/2765/3980 2876/2775/3981 2875/2776/3982
f 2281/2777/3983 2284/2778/3984 2878/2779/3985 2877/2780/3986
s 161
f 2282/1960/3987 2281/2777/3988 2296/2781/3989 2295/4060/3990
f 2284/2778/3991 2283/4058/3992 2286/1981/3993 2285/2782/3994
s off
f 2285/2782/3995 2288/2783/3996 2882/2784/3997 2881/2785/3998
s 161
f 2288/2783/3999 2287/4056/4000 2290/2160/4001 2289/2786/4002
s off
f 2289/2786/4003 2292/2787/4004 2885/2788/4005 2884/2789/4006
s 161
f 2292/2787/4007 2291/4054/4008 2294/2151/4009 2293/2790/4010
s off
f 2293/2790/4011 2296/2781/4012 2888/2791/4013 2887/2792/4014
f 2297/2793/4015 2300/2794/4016 2890/2795/4017 2889/2796/4018
s 162
f 2298/1976/4019 2297/2793/4020 2312/2797/4021 2311/4052/4022
f 2300/2794/4023 2299/4050/4024 2302/1997/4025 2301/2798/4026
s off
f 2301/2798/4027 2304/2799/4028 2894/2800/4029 2893/2801/4030
s 162
f 2304/2799/4031 2303/4048/4032 2306/2166/4033 2305/2802/4034
s off
f 2305/2802/4035 2308/2803/4036 2897/2804/4037 2896/2805/4038
s 162
f 2308/2803/4039 2307/4046/4040 2310/2157/4041 2309/2806/4042
s off
f 2309/2806/4043 2312/2797/4044 2900/2807/4045 2899/2808/4046
f 2313/2809/4047 2316/2810/4048 2902/2811/4049 2901/2812/4050
s 163
f 2314/1992/4051 2313/2809/4052 2328/2813/4053 2327/4044/4054
f 2316/2810/4055 2315/4042/4056 2318/2013/4057 2317/2814/4058
s off
f 2317/2814/4059 2320/2815/4060 2906/2816/4061 2905/2817/4062
s 163
f 2320/2815/4063 2319/4040/4064 2322/2172/4065 2321/2818/4066
s off
f 2321/2818/4067 2324/2819/4068 2909/2820/4069 2908/2821/4070
s 163
f 2324/2819/4071 2323/4038/4072 2326/2163/4073 2325/2822/4074
s off
f 2325/2822/4075 2328/2813/4076 2912/2823/4077 2911/2824/4078
f 2329/2825/4079 2332/2826/4080 2914/2827/4081 2913/2828/4082
s 164
f 2330/2008/4083 2329/2825/4084 2344/2829/4085 2343/4036/4086
f 2332/2826/4087 2331/4034/4088 2334/2029/4089 2333/2830/4090
s off
f 2333/2830/4091 2336/2831/4092 2918/2832/4093 2917/2833/4094
s 164
f 2336/2831/4095 2335/4032/4096 2338/2178/4097 2337/2834/4098
s off
f 2337/2834/4099 2340/2835/4100 2921/2836/4101 2920/2837/4102
s 164
f 2340/2835/4103 2339/4030/4104 2342/2169/4105 2341/2838/4106
s off
f 2341/2838/4107 2344/2829/4108 2924/2839/4109 2923/2840/4110
f 2345/2841/4111 2348/2842/4112 2926/2843/4113 2925/2844/4114
s 165
f 2346/2024/4115 2345/2841/4116 2360/2845/4117 2359/4028/4118
f 2348/2842/4119 2347/4026/4120 2350/2045/4121 2349/2846/4122
s off
f 2349/2846/4123 2352/2847/4124 2930/2848/4125 2929/2849/4126
s 165
f 2352/2847/4127 2351/4024/4128 2354/2184/4129 2353/2850/4130
s off
f 2353/2850/4131 2356/2851/4132 2933/2852/4133 2932/2853/4134
s 165
f 2356/2851/4135 2355/4022/4136 2358/2175/4137 2357/2854/4138
s off
f 2357/2854/4139 2360/2845/4140 2936/2855/4141 2935/2856/4142
f 2361/2857/4143 2364/2858/4144 2938/2859/4145 2937/2860/4146
s 166
f 2362/2040/4147 2361/2857/4148 2376/2861/4149 2375/4020/4150
f 2364/2858/4151 2363/4018/4152 2366/2061/4153 2365/2862/4154
s off
f 2365/2862/4155 2368/2863/4156 2942/2864/4157 2941/2865/4158
s 166
f 2368/2863/4159 2367/4016/4160 2370/2190/4161 2369/2866/4162
s off
f 2369/2866/4163 2372/2867/4164 2945/2868/4165 2944/2869/4166
s 166
f 2372/2867/4167 2371/4014/4168 2374/2181/4169 2373/2870/4170
s off
f 2373/2870/4171 2376/2861/4172 2948/2871/4173 2947/2872/4174
f 2377/2873/4175 2380/2874/4176 2950/2875/4177 2949/2876/4178
s 167
f 2378/2056/4179 2377/2873/4180 2392/2877/4181 2391/4012/4182
f 2380/2874/4183 2379/4010/4184 2382/2077/4185 2381/2878/4186
s off
f 2381/2878/4187 2384/2879/4188 2954/2880/4189 2953/2881/4190
s 167
f 2384/2879/4191 2383/4008/4192 2386/2196/4193 2385/2882/4194
s off
f 2385/2882/4195 2388/2883/4196 2957/2884/4197 2956/2885/4198
s 167
f 2388/2883/4199 2387/4006/4200 2390/2187/4201 2389/2886/4202
s off
f 2389/2886/4203 2392/2877/4204 2960/2887/4205 2959/2888/4206
f 2393/2889/4207 2396/2890/4208 2962/2891/4209 2961/2892/4210
s 168
f 2394/2072/4211 2393/2889/4212 2408/2893/4213 2407/4276/4214
f 2396/2890/4215 2395/4274/4216 2398/2093/4217 2397/2894/4218
s off
f 2397/2894/4219 2400/2895/4220 2966/2896/4221 2965/2897/4222
s 168
f 2400/2895/4223 2399/4272/4224 2402/2202/4225 2401/2898/4226
s off
f 2401/2898/4227 2404/2899/4228 2969/2900/4229 2968/2901/4230
s 168
f 2404/2899/4231 2403/4270/4232 2406/2193/4233 2405/2902/4234
s off
f 2405/2902/4235 2408/2893/4236 2972/2903/4237 2971/2904/4238
f 2409/2905/4239 2412/2906/4240 2974/2907/4241 2973/2908/4242
s 169
f 2410/2088/4243 2409/2905/4244 2424/2909/4245 2423/4268/4246
f 2412/2906/4247 2411/4266/4248 2414/2109/4249 2413/2910/4250
s off
f 2413/2910/4251 2416/2911/4252 2978/2912/4253 2977/2913/4254
s 169
f 2416/2911/4255 2415/4264/4256 2418/2208/4257 2417/2914/4258
s off
f 2417/2914/4259 2420/2915/4260 2981/2916/4261 2980/2917/4262
s 169
f 2420/2915/4263 2419/4262/4264 2422/2199/4265 2421/2918/4266
s off
f 2421/2918/4267 2424/2909/4268 2984/2919/4269 2983/2920/4270
f 2425/2921/4271 2428/2922/4272 2986/2923/4273 2985/2924/4274
s 170
f 2426/2104/4275 2425/2921/4276 2440/2925/4277 2439/4260/4278
f 2428/2922/4279 2427/4258/4280 2430/2125/4281 2429/2926/4282
s off
f 2429/2926/4283 2432/2927/4284 2990/2928/4285 2989/2929/4286
s 170
f 2432/2927/4287 2431/4256/4288 2434/2214/4289 2433/2930/4290
s off
f 2433/2930/4291 2436/2931/4292 2993/2932/4293 2992/2933/4294
s 170
f 2436/2931/4295 2435/4254/4296 2438/2205/4297 2437/2934/4298
s off
f 2437/2934/4299 2440/2925/4300 2996/2935/4301 2995/2936/4302
f 2441/2937/4303 2444/2938/4304 2998/2939/4305 2997/2940/4306
s 171
f 2442/2120/4307 2441/2937/4308 2456/2941/4309 2455/4252/4310
f 2444/2938/4311 2443/4250/4312 2446/2135/4313 2445/2942/4314
s off
f 2445/2942/4315 2448/2943/4316 3002/2944/4317 3001/2945/4318
s 171
f 2448/2943/4319 2447/4248/4320 2450/2216/4321 2449/2946/4322
s off
f 2449/2946/4323 2452/2947/4324 3005/2948/4325 3004/2949/4326
s 171
f 2452/2947/4327 2451/4246/4328 2454/2211/4329 2453/2950/4330
s off
f 2453/2950/4331 2456/2941/4332 3008/2951/4333 3007/2952/4334
f 2457/2220/4335 2459/2953/4336 2466/2954/4337 2468/2231/4338
f 2459/2953/4339 2458/2219/4340 2461/2225/4341 2460/2955/4342
f 2460/2955/4343 2462/2224/4344 2464/2229/4345 2463/2956/4346
f 2463/2956/4347 2465/2228/4348 2467/2232/4349 2466/2954/4350
f 2469/2236/4351 2471/2957/4352 2478/2958/4353 2480/2247/4354
f 2471/2957/4355 2470/2235/4356 2473/2241/4357 2472/2959/4358
f 2472/2959/4359 2474/2240/4360 2476/2245/4361 2475/2960/4362
f 2475/2960/4363 2477/2244/4364 2479/2248/4365 2478/2958/4366
f 2481/2252/4367 2483/2961/4368 2490/2962/4369 2492/2263/4370
f 2483/2961/4371 2482/2251/4372 2485/2257/4373 2484/2963/4374
f 2484/2963/4375 2486/2256/4376 2488/2261/4377 2487/2964/4378
f 2487/2964/4379 2489/2260/4380 2491/2264/4381 2490/2962/4382
f 2493/2268/4383 2495/2965/4384 2502/2966/4385 2504/2279/4386
f 2495/2965/4387 2494/2267/4388 2497/2273/4389 2496/2967/4390
f 2496/2967/4391 2498/2272/4392 2500/2277/4393 2499/2968/4394
f 2499/2968/4395 2501/2276/4396 2503/2280/4397 2502/2966/4398
f 2505/2284/4399 2507/2969/4400 2514/2970/4401 2516/2295/4402
f 2507/2969/4403 2506/2283/4404 2509/2289/4405 2508/2971/4406
f 2508/2971/4407 2510/2288/4408 2512/2293/4409 2511/2972/4410
f 2511/2972/4411 2513/2292/4412 2515/2296/4413 2514/2970/4414
f 2517/2300/4415 2519/2973/4416 2526/2974/4417 2528/2311/4418
f 2519/2973/4419 2518/2299/4420 2521/2305/4421 2520/2975/4422
f 2520/2975/4423 2522/2304/4424 2524/2309/4425 2523/2976/4426
f 2523/2976/4427 2525/2308/4428 2527/2312/4429 2526/2974/4430
f 2529/2316/4431 2531/2977/4432 2538/2978/4433 2540/2327/4434
f 2531/2977/4435 2530/2315/4436 2533/2321/4437 2532/2979/4438
f 2532/2979/4439 2534/2320/4440 2536/2325/4441 2535/2980/4442
f 2535/2980/4443 2537/2324/4444 2539/2328/4445 2538/2978/4446
f 2541/2332/4447 2543/2981/4448 2550/2982/4449 2552/2343/4450
f 2543/2981/4451 2542/2331/4452 2545/2337/4453 2544/2983/4454
f 2544/2983/4455 2546/2336/4456 2548/2341/4457 2547/2984/4458
f 2547/2984/4459 2549/2340/4460 2551/2344/4461 2550/2982/4462
f 2553/2348/4463 2555/2985/4464 2562/2986/4465 2564/2359/4466
f 2555/2985/4467 2554/2347/4468 2557/2353/4469 2556/2987/4470
f 2556/2987/4471 2558/2352/4472 2560/2357/4473 2559/2988/4474
f 2559/2988/4475 2561/2356/4476 2563/2360/4477 2562/2986/4478
f 2565/2364/4479 2567/2989/4480 2574/2990/4481 2576/2375/4482
f 2567/2989/4483 2566/2363/4484 2569/2369/4485 2568/2991/4486
f 2568/2991/4487 2570/2368/4488 2572/2373/4489 2571/2992/4490
f 2571/2992/4491 2573/2372/4492 2575/2376/4493 2574/2990/4494
f 2577/2380/4495 2579/2993/4496 2586/2994/4497 2588/2391/4498
f 2579/2993/4499 2578/2379/4500 2581/2385/4501 2580/2995/4502
f 2580/2995/4503 2582/2384/4504 2584/2389/4505 2583/2996/4506
f 2583/2996/4507 2585/2388/4508 2587/2392/4509 2586/2994/4510
f 2589/2396/4511 2591/2997/4512 2598/2998/4513 2600/2407/4514
f 2591/2997/4515 2590/2395/4516 2593/2401/4517 2592/2999/4518
f 2592/2999/4519 2594/2400/4520 2596/2405/4521 2595/3000/4522
f 2595/3000/4523 2597/2404/4524 2599/2408/4525 2598/2998/4526
f 2601/2412/4527 2603/3001/4528 2610/3002/4529 2612/2423/4530
f 2603/3001/4531 2602/2411/4532 2605/2417/4533 2604/3003/4534
f 2604/3003/4535 2606/2416/4536 2608/2421/4537 2607/3004/4538
f 2607/3004/4539 2609/2420/4540 2611/2424/4541 2610/3002/4542
f 2613/2428/4543 2615/3005/4544 2622/3006/4545 2624/2439/4546
f 2615/3005/4547 2614/2427/4548 2617/2433/4549 2616/3007/4550
f 2616/3007/4551 2618/2432/4552 2620/2437/4553 2619/3008/4554
f 2619/3008/4555 2621/2436/4556 2623/2440/4557 2622/3006/4558
f 2625/2444/4559 2627/3009/4560 2634/3010/4561 2636/2455/4562
f 2627/3009/4563 2626/2443/4564 2629/2449/4565 2628/3011/4566
f 2628/3011/4567 2630/2448/4568 2632/2453/4569 2631/3012/4570
f 2631/3012/4571 2633/2452/4572 2635/2456/4573 2634/3010/4574
f 2637/2460/4575 2639/3013/4576 2646/3014/4577 2648/2471/4578
f 2639/3013/4579 2638/2459/4580 2641/2465/4581 2640/3015/4582
f 2640/3015/4583 2642/2464/4584 2644/2469/4585 2643/3016/4586
f 2643/3016/4587 2645/2468/4588 2647/2472/4589 2646/3014/4590
f 2649/2476/4591 2651/3017/4592 2658/3018/4593 2660/2487/4594
f 2651/3017/4595 2650/2475/4596 2653/2481/4597 2652/3019/4598
f 2652/3019/4599 2654/2480/4600 2656/2485/4601 2655/3020/4602
f 2655/3020/4603 2657/2484/4604 2659/2488/4605 2658/3018/4606
f 2661/2492/4607 2663/3021/4608 2670/3022/4609 2672/2503/4610
f 2663/3021/4611 2662/2491/4612 2665/2497/4613 2664/3023/4614
f 2664/3023/4615 2666/2496/4616 2668/2501/4617 2667/3024/4618
f 2667/3024/4619 2669/2500/4620 2671/2504/4621 2670/3022/4622
f 2673/2508/4623 2675/3025/4624 2682/3026/4625 2684/2519/4626
f 2675/3025/4627 2674/2507/4628 2677/2513/4629 2676/3027/4630
f 2676/3027/4631 2678/2512/4632 2680/2517/4633 2679/3028/4634
f 2679/3028/4635 2681/2516/4636 2683/2520/4637 2682/3026/4638
f 2685/2524/4639 2687/3029/4640 2694/3030/4641 2696/2535/4642
f 2687/3029/4643 2686/2523/4644 2689/2529/4645 2688/3031/4646
f 2688/3031/4647 2690/2528/4648 2692/2533/4649 2691/3032/4650
f 2691/3032/4651 2693/2532/4652 2695/2536/4653 2694/3030/4654
f 2697/2540/4655 2699/3033/4656 2706/3034/4657 2708/2551/4658
f 2699/3033/4659 2698/2539/4660 2701/2545/4661 2700/3035/4662
f 2700/3035/4663 2702/2544/4664 2704/2549/4665 2703/3036/4666
f 2703/3036/4667 2705/2548/4668 2707/2552/4669 2706/3034/4670
f 2709/2556/4671 2711/3037/4672 2718/3038/4673 2720/2567/4674
f 2711/3037/4675 2710/2555/4676 2713/2561/4677 2712/3039/4678
f 2712/3039/4679 2714/2560/4680 2716/2565/4681 2715/3040/4682
f 2715/3040/4683 2717/2564/4684 2719/2568/4685 2718/3038/4686
f 2721/2572/4687 2723/3041/4688 2730/3042/4689 2732/2583/4690
f 2723/3041/4691 2722/2571/4692 2725/2577/4693 2724/3043/4694
f 2724/3043/4695 2726/2576/4696 2728/2581/4697 2727/3044/4698
f 2727/3044/4699 2729/2580/4700 2731/2584/4701 2730/3042/4702
f 2733/2588/4703 2735/3045/4704 2742/3046/4705 2744/2599/4706
f 2735/3045/4707 2734/2587/4708 2737/2593/4709 2736/3047/4710
f 2736/3047/4711 2738/2592/4712 2740/2597/4713 2739/3048/4714
f 2739/3048/4715 2741/2596/4716 2743/2600/4717 2742/3046/4718
f 2745/2604/4719 2747/3049/4720 2754/3050/4721 2756/2615/4722
f 2747/3049/4723 2746/2603/4724 2749/2609/4725 2748/3051/4726
f 2748/3051/4727 2750/2608/4728 2752/2613/4729 2751/3052/4730
f 2751/3052/4731 2753/2612/4732 2755/2616/4733 2754/3050/4734
f 2757/2620/4735 2759/3053/4736 2766/3054/4737 2768/2631/4738
f 2759/3053/4739 2758/2619/4740 2761/2625/4741 2760/3055/4742
f 2760/3055/4743 2762/2624/4744 2764/2629/4745 2763/3056/4746
f 2763/3056/4747 2765/2628/4748 2767/2632/4749 2766/3054/4750
f 2769/2636/4751 2771/3057/4752 2778/3058/4753 2780/2647/4754
f 2771/3057/4755 2770/2635/4756 2773/2641/4757 2772/3059/4758
f 2772/3059/4759 2774/2640/4760 2776/2645/4761 2775/3060/4762
f 2775/3060/4763 2777/2644/4764 2779/2648/4765 2778/3058/4766
f 2781/2652/4767 2783/3061/4768 2790/3062/4769 2792/2663/4770
f 2783/3061/4771 2782/2651/4772 2785/2657/4773 2784/3063/4774
f 2784/3063/4775 2786/2656/4776 2788/2661/4777 2787/3064/4778
f 2787/3064/4779 2789/2660/4780 2791/2664/4781 2790/3062/4782
f 2793/2668/4783 2795/3065/4784 2802/3066/4785 2804/2679/4786
f 2795/3065/4787 2794/2667/4788 2797/2673/4789 2796/3067/4790
f 2796/3067/4791 2798/2672/4792 2800/2677/4793 2799/3068/4794
f 2799/3068/4795 2801/2676/4796 2803/2680/4797 2802/3066/4798
f 2805/2684/4799 2807/3069/4800 2814/3070/4801 2816/2695/4802
f 2807/3069/4803 2806/2683/4804 2809/2689/4805 2808/3071/4806
f 2808/3071/4807 2810/2688/4808 2812/2693/4809 2811/3072/4810
f 2811/3072/4811 2813/2692/4812 2815/2696/4813 2814/3070/4814
f 2817/2700/4815 2819/3073/4816 2826/3074/4817 2828/2711/4818
f 2819/3073/4819 2818/2699/4820 2821/2705/4821 2820/3075/4822
f 2820/3075/4823 2822/2704/4824 2824/2709/4825 2823/3076/4826
f 2823/3076/4827 2825/2708/4828 2827/2712/4829 2826/3074/4830
f 2829/2716/4831 2831/3077/4832 2838/3078/4833 2840/2727/4834
f 2831/3077/4835 2830/2715/4836 2833/2721/4837 2832/3079/4838
f 2832/3079/4839 2834/2720/4840 2836/2725/4841 2835/3080/4842
f 2835/3080/4843 2837/2724/4844 2839/2728/4845 2838/3078/4846
f 2841/2732/4847 2843/3081/4848 2850/3082/4849 2852/2743/4850
f 2843/3081/4851 2842/2731/4852 2845/2737/4853 2844/3083/4854
f 2844/3083/4855 2846/2736/4856 2848/2741/4857 2847/3084/4858
f 2847/3084/4859 2849/2740/4860 2851/2744/4861 2850/3082/4862
f 2853/2748/4863 2855/3085/4864 2862/3086/4865 2864/2759/4866
f 2855/3085/4867 2854/2747/4868 2857/2753/4869 2856/3087/4870
f 2856/3087/4871 2858/2752/4872 2860/2757/4873 2859/3088/4874
f 2859/3088/4875 2861/2756/4876 2863/2760/4877 2862/3086/4878
f 2865/2764/4879 2867/3089/4880 2874/3090/4881 2876/2775/4882
f 2867/3089/4883 2866/2763/4884 2869/2769/4885 2868/3091/4886
f 2868/3091/4887 2870/2768/4888 2872/2773/4889 2871/3092/4890
f 2871/3092/4891 2873/2772/4892 2875/2776/4893 2874/3090/4894
f 2877/2780/4895 2879/3093/4896 2886/3094/4897 2888/2791/4898
f 2879/3093/4899 2878/2779/4900 2881/2785/4901 2880/3095/4902
f 2880/3095/4903 2882/2784/4904 2884/2789/4905 2883/3096/4906
f 2883/3096/4907 2885/2788/4908 2887/2792/4909 2886/3094/4910
f 2889/2796/4911 2891/3097/4912 2898/3098/4913 2900/2807/4914
f 2891/3097/4915 2890/2795/4916 2893/2801/4917 2892/3099/4918
f 2892/3099/4919 2894/2800/4920 2896/2805/4921 2895/3100/4922
f 2895/3100/4923 2897/2804/4924 2899/2808/4925 2898/3098/4926
f 2901/2812/4927 2903/3101/4928 2910/3102/4929 2912/2823/4930
f 2903/3101/4931 2902/2811/4932 2905/2817/4933 2904/3103/4934
f 2904/3103/4935 2906/2816/4936 2908/2821/4937 2907/3104/4938
f 2907/3104/4939 2909/2820/4940 2911/2824/4941 2910/3102/4942
f 2913/2828/4943 2915/3105/4944 2922/3106/4945 2924/2839/4946
f 2915/3105/4947 2914/2827/4948 2917/2833/4949 2916/3107/4950
f 2916/3107/4951 2918/2832/4952 2920/2837/4953 2919/3108/4954
f 2919/3108/4955 2921/2836/4956 2923/2840/4957 2922/3106/4958
f 2925/2844/4959 2927/3109/4960 2934/3110/4961 2936/2855/4962
f 2927/3109/4963 2926/2843/4964 2929/2849/4965 2928/3111/4966
f 2928/3111/4967 2930/2848/4968 2932/2853/4969 2931/3112/4970
f 2931/3112/4971 2933/2852/4972 2935/2856/4973 2934/3110/4974
f 2937/2860/4975 2939/3113/4976 2946/3114/4977 2948/2871/4978
f 2939/3113/4979 2938/2859/4980 2941/2865/4981 2940/3115/4982
f 2940/3115/4983 2942/2864/4984 2944/2869/4985 2943/3116/4986
f 2943/3116/4987 2945/2868/4988 2947/2872/4989 2946/3114/4990
f 2949/2876/4991 2951/3117/4992 2958/3118/4993 2960/2887/4994
f 2951/3117/4995 2950/2875/4996 2953/2881/4997 2952/3119/4998
f 2952/3119/4999 2954/2880/5000 2956/2885/5001 2955/3120/5002
f 2955/3120/5003 2957/2884/5004 2959/2888/5005 2958/3118/5006
f 2961/2892/5007 2963/3121/5008 2970/3122/5009 2972/2903/5010
f 2963/3121/5011 2962/2891/5012 2965/2897/5013 2964/3123/5014
f 2964/3123/5015 2966/2896/5016 2968/2901/5017 2967/3124/5018
f 2967/3124/5019 2969/2900/5020 2971/2904/5021 2970/3122/5022
f 2973/2908/5023 2975/3125/5024 2982/3126/5025 2984/2919/5026
f 2975/3125/5027 2974/2907/5028 2977/2913/5029 2976/3127/5030
f 2976/3127/5031 2978/2912/5032 2980/2917/5033 2979/3128/5034
f 2979/3128/5035 2981/2916/5036 2983/2920/5037 2982/3126/5038
f 2985/2924/5039 2987/3129/5040 2994/3130/5041 2996/2935/5042
f 2987/3129/5043 2986/2923/5044 2989/2929/5045 2988/3131/5046
f 2988/3131/5047 2990/2928/5048 2992/2933/5049 2991/3132/5050
f 2991/3132/5051 2993/2932/5052 2995/2936/5053 2994/3130/5054
f 2997/2940/5055 2999/3133/5056 3006/3134/5057 3008/2951/5058
f 2999/3133/5059 2998/2939/5060 3001/2945/5061 3000/3135/5062
f 3000/3135/5063 3002/2944/5064 3004/2949/5065 3003/3136/5066
f 3003/3136/5067 3005/2948/5068 3007/2952/5069 3006/3134/5070
f 3009/3137/5071 3012/3138/5072 3066/3139/5073 3065/3140/5074
s 172
f 3010/1496/5075 3009/3137/5076 3024/3141/5077 3023/4004/5078
s 173
f 3012/3138/5079 3011/4002/5080 3014/1521/5081 3013/3142/5082
s 174
f 3013/3142/5083 3016/3143/5084 3071/3144/5085 3070/3145/5086
s 173
f 3016/3143/5087 3015/4000/5088 3026/1539/5089 3025/3146/5090
s 175
f 3017/3147/5091 3020/3148/5092 3073/3149/5093 3072/3150/5094
s 176
f 3018/1525/5095 3017/3147/5096 3032/3151/5097 3031/3998/5098
f 3020/3148/5099 3019/3996/5100 3022/1505/5101 3021/3152/5102
s off
f 3021/3152/5103 3024/3141/5104 3078/3153/5105 3077/3154/5106
s 174
f 3025/3146/5107 3028/3155/5108 3082/3156/5109 3081/3157/5110
s 173
f 3028/3155/5111 3027/3994/5112 3034/1557/5113 3033/3158/5114
s 175
f 3029/3159/5115 3032/3151/5116 3084/3160/5117 3083/3161/5118
s 176
f 3030/1543/5119 3029/3159/5120 3040/3162/5121 3039/3992/5122
s 174
f 3033/3158/5123 3036/3163/5124 3090/3164/5125 3089/3165/5126
s 173
f 3036/3163/5127 3035/3990/5128 3042/1575/5129 3041/3166/5130
s 175
f 3037/3167/5131 3040/3162/5132 3092/3168/5133 3091/3169/5134
s 176
f 3038/1561/5135 3037/3167/5136 3048/3170/5137 3047/3988/5138
s 174
f 3041/3166/5139 3044/3171/5140 3098/3172/5141 3097/3173/5142
s 173
f 3044/3171/5143 3043/3986/5144 3050/1593/5145 3049/3174/5146
s 175
f 3045/3175/5147 3048/3170/5148 3100/3176/5149 3099/3177/5150
s 176
f 3046/1579/5151 3045/3175/5152 3056/3178/5153 3055/3984/5154
s 174
f 3049/3174/5155 3052/3179/5156 3106/3180/5157 3105/3181/5158
s 173
f 3052/3179/5159 3051/3982/5160 3058/1611/5161 3057/3182/5162
s 175
f 3053/3183/5163 3056/3178/5164 3108/3184/5165 3107/3185/5166
s 176
f 3054/1597/5167 3053/3183/5168 3064/3186/5169 3063/3980/5170
s off
f 3057/3182/5171 3060/3187/5172 3113/3188/5173 3112/3189/5174
s 181
f 3060/3187/5175 3059/3978/5176 3062/1620/5177 3061/3190/5178
s off
f 3061/3190/5179 3064/3186/5180 3116/3191/5181 3115/3192/5182
f 3065/3140/5183 3067/3193/5184 3076/3194/5185 3078/3153/5186
s 182
f 3067/3193/5187 3066/3139/5188 3070/3145/5189 3069/3195/5190
f 3068/3196/5191 3071/3144/5192 3081/3157/5193 3080/3197/5194
s 183
f 3069/3195/5195 3068/3196/5196 3075/3198/5197 3074/3199/5198
s 184
f 3072/3150/5199 3075/3198/5200 3085/3200/5201 3084/3160/5202
f 3074/3199/5203 3073/3149/5204 3077/3154/5205 3076/3194/5206
s 182
f 3079/3201/5207 3082/3156/5208 3089/3165/5209 3088/3202/5210
s 183
f 3080/3197/5211 3079/3201/5212 3086/3203/5213 3085/3200/5214
s 184
f 3083/3161/5215 3086/3203/5216 3093/3204/5217 3092/3168/5218
s 182
f 3087/3205/5219 3090/3164/5220 3097/3173/5221 3096/3206/5222
s 183
f 3088/3202/5223 3087/3205/5224 3094/3207/5225 3093/3204/5226
s 184
f 3091/3169/5227 3094/3207/5228 3101/3208/5229 3100/3176/5230
s 182
f 3095/3209/5231 3098/3172/5232 3105/3181/5233 3104/3210/5234
s 183
f 3096/3206/5235 3095/3209/5236 3102/3211/5237 3101/3208/5238
s 184
f 3099/3177/5239 3102/3211/5240 3109/3212/5241 3108/3184/5242
s 182
f 3103/3213/5243 3106/3180/5244 3112/3189/5245 3111/3214/5246
s 183
f 3104/3210/5247 3103/3213/5248 3110/3215/5249 3109/3212/5250
s 184
f 3107/3185/5251 3110/3215/5252 3114/3216/5253 3116/3191/5254
s off
f 3111/3214/5255 3113/3188/5256 3115/3192/5257 3114/3216/5258
s 189
f 3117/214/5259 3119/3217/5260 3130/3218/5261 3129/4400/5262
s 190
f 3119/3217/5263 3118/4398/5264 3122/220/5265 3121/3219/5266
f 3120/3220/5267 3123/4396/5268 3134/224/5269 3133/3221/5270
s 191
f 3121/3219/5271 3120/3220/5272 3126/3222/5273 3125/3223/5274
f 3124/3224/5275 3127/3225/5276 3166/3226/5277 3165/3227/5278
f 3125/3223/5274 3124/3224/5275 3131/3228/5279 3130/3218/5280
f 3127/3225/5276 3126/3222/5273 3137/3229/5281 3136/3230/5282
s 189
f 3128/286/5283 3131/3228/5284 3167/3231/5285 3169/4394/5286
s 190
f 3132/3232/5287 3135/4392/5288 3142/228/5289 3141/3233/5290
s 191
f 3133/3221/5291 3132/3232/5292 3138/3234/5293 3137/3229/5281
f 3136/3230/5282 3139/3235/5294 3173/3236/5295 3172/3237/5296
f 3139/3235/5294 3138/3234/5293 3145/3238/5297 3144/3239/5298
s 190
f 3140/3240/5299 3143/4390/5300 3150/232/5301 3149/3241/5302
s 191
f 3141/3233/5303 3140/3240/5304 3146/3242/5305 3145/3238/5297
f 3144/3239/5298 3147/3243/5306 3177/3244/5307 3176/3245/5308
f 3147/3243/5306 3146/3242/5305 3153/3246/5309 3152/3247/5310
s 190
f 3148/3248/5311 3151/4388/5312 3157/236/5313 3156/3249/5314
s 191
f 3149/3241/5315 3148/3248/5316 3154/3250/5317 3153/3246/5309
f 3152/3247/5310 3155/3251/5318 3181/3252/5319 3180/3253/5320
f 3155/3251/5318 3154/3250/5317 3160/3254/5321 3159/3255/5322
s 195
f 3156/3249/5323 3158/4386/5324 3161/291/5325 3160/3254/5326
f 3159/3255/5327 3162/4384/5328 3183/381/5329 3182/3256/5330
s 196
f 3163/350/5331 3166/3226/5332 3172/3237/5333 3171/4382/5334
f 3165/3227/5335 3164/4380/5336 3168/342/5337 3167/3231/5338
f 3170/358/5339 3173/3236/5340 3176/3245/5341 3175/4378/5342
f 3174/366/5343 3177/3244/5344 3180/3253/5345 3179/4376/5346
f 3178/374/5347 3181/3252/5348 3182/3256/5349 3184/4374/5350
s 197
g laptop
f 3185/3257/5351 3188/751/5352 3325/3258/5353 3324/3259/5354
s 198
g textureEditorIsolateSelectSet laptop
f 3186/3260/5355 3185/3783/5356 3192/3782/5357 3191/3262/5358
s 197
f 3187/752/5359 3186/3260/5360 3197/3263/5361 3199/824/5362
s 198
g laptop
f 3189/3264/5363 3192/3261/5357 3320/3265/5364 3319/3266/5365
g textureEditorIsolateSelectSet laptop
f 3190/3267/5366 3189/3781/5363 3203/3780/5367 3202/3269/5368
f 3191/3262/5358 3190/3267/5366 3196/3270/5369 3195/3271/5370
s 199
f 3193/832/5371 3196/3270/5372 3206/3272/5373 3205/839/5374
f 3195/3271/5375 3194/831/5376 3198/825/5377 3197/3263/5378
s 198
g laptop
f 3200/3273/5379 3203/3268/5367 3331/3274/5380 3330/3275/5381
g textureEditorIsolateSelectSet laptop
f 3201/3276/5382 3200/3779/5379 3211/3778/5383 3210/3278/5384
f 3202/3269/5368 3201/3276/5382 3207/3279/5385 3206/3272/5386
s 199
f 3204/840/5387 3207/3279/5388 3214/3280/5389 3213/847/5390
s 198
g laptop
f 3208/3281/5391 3211/3277/5383 3339/3282/5392 3338/3283/5393
g textureEditorIsolateSelectSet laptop
f 3209/3284/5394 3208/3777/5391 3219/3776/5395 3218/3286/5396
f 3210/3278/5384 3209/3284/5394 3215/3287/5397 3214/3280/5398
s 199
f 3212/848/5399 3215/3287/5400 3222/3288/5401 3221/855/5402
s 198
g laptop
f 3216/3289/5403 3219/3285/5395 3347/3290/5404 3346/3291/5405
g textureEditorIsolateSelectSet laptop
f 3217/3292/5406 3216/3775/5403 3227/3774/5407 3226/3294/5408
f 3218/3286/5396 3217/3292/5406 3223/3295/5409 3222/3288/5410
s 199
f 3220/856/5411 3223/3295/5412 3230/3296/5413 3229/863/5414
s 198
g laptop
f 3224/3297/5415 3227/3293/5407 3355/3298/5416 3354/3299/5417
g textureEditorIsolateSelectSet laptop
f 3225/3300/5418 3224/3773/5415 3235/3772/5419 3234/3302/5420
f 3226/3294/5408 3225/3300/5418 3231/3303/5421 3230/3296/5422
s 199
f 3228/864/5423 3231/3303/5424 3238/3304/5425 3237/871/5426
s 198
g laptop
f 3232/3305/5427 3235/3301/5419 3363/3306/5428 3362/3307/5429
g textureEditorIsolateSelectSet laptop
f 3233/3308/5430 3232/3771/5427 3243/3770/5431 3242/3310/5432
f 3234/3302/5420 3233/3308/5430 3239/3311/5433 3238/3304/5434
s 199
f 3236/872/5435 3239/3311/5436 3246/3312/5437 3245/879/5438
s 198
g laptop
f 3240/3313/5439 3243/3309/5431 3371/3314/5440 3370/3315/5441
g textureEditorIsolateSelectSet laptop
f 3241/3316/5442 3240/3769/5439 3251/3768/5443 3250/3318/5444
f 3242/3310/5432 3241/3316/5442 3247/3319/5445 3246/3312/5446
s 199
f 3244/880/5447 3247/3319/5448 3254/3320/5449 3253/887/5450
s 198
g laptop
f 3248/3321/5451 3251/3317/5443 3379/3322/5452 3378/3323/5453
g textureEditorIsolateSelectSet laptop
f 3249/3324/5454 3248/3767/5451 3259/3766/5455 3258/3326/5456
f 3250/3318/5444 3249/3324/5454 3255/3327/5457 3254/3320/5458
s 199
f 3252/888/5459 3255/3327/5460 3262/3328/5461 3261/895/5462
s 198
g laptop
f 3256/3329/5463 3259/3325/5455 3387/3330/5464 3386/3331/5465
g textureEditorIsolateSelectSet laptop
f 3257/3332/5466 3256/3765/5463 3267/3764/5467 3266/3334/5468
f 3258/3326/5456 3257/3332/5466 3263/3335/5469 3262/3328/5470
s 199
f 3260/896/5471 3263/3335/5472 3270/3336/5473 3269/903/5474
s 198
g laptop
f 3264/3337/5475 3267/3333/5467 3395/3338/5476 3394/3339/5477
g textureEditorIsolateSelectSet laptop
f 3265/3340/5478 3264/3763/5475 3275/3762/5479 3274/3342/5480
f 3266/3334/5468 3265/3340/5478 3271/3343/5481 3270/3336/5482
s 199
f 3268/904/5483 3271/3343/5484 3278/3344/5485 3277/911/5486
s 198
g laptop
f 3272/3345/5487 3275/3341/5479 3403/3346/5488 3402/3347/5489
g textureEditorIsolateSelectSet laptop
f 3273/3348/5490 3272/3761/5487 3283/3760/5491 3282/3350/5492
f 3274/3342/5480 3273/3348/5490 3279/3351/5493 3278/3344/5494
s 199
f 3276/912/5495 3279/3351/5496 3286/3352/5497 3285/919/5498
s 198
g laptop
f 3280/3353/5499 3283/3349/5491 3411/3354/5500 3410/3355/5501
g textureEditorIsolateSelectSet laptop
f 3281/3356/5502 3280/3759/5499 3291/3758/5503 3290/3358/5504
f 3282/3350/5492 3281/3356/5502 3287/3359/5505 3286/3352/5506
s 199
f 3284/920/5507 3287/3359/5508 3294/3360/5509 3293/927/5510
s 198
g laptop
f 3288/3361/5511 3291/3357/5503 3419/3362/5512 3418/3363/5513
g textureEditorIsolateSelectSet laptop
f 3289/3364/5514 3288/3757/5511 3299/3756/5515 3298/3366/5516
f 3290/3358/5504 3289/3364/5514 3295/3367/5517 3294/3360/5518
s 199
f 3292/928/5519 3295/3367/5520 3302/3368/5521 3301/935/5522
s 198
g laptop
f 3296/3369/5523 3299/3365/5515 3427/3370/5524 3426/3371/5525
g textureEditorIsolateSelectSet laptop
f 3297/3372/5526 3296/3755/5523 3307/3754/5527 3306/3374/5528
f 3298/3366/5516 3297/3372/5526 3303/3375/5529 3302/3368/5530
s 199
f 3300/936/5531 3303/3375/5532 3308/3376/5533 3310/942/5534
s 200
g laptop
f 3304/820/5535 3307/3373/5536 3436/3377/5537 3435/3378/5538
g textureEditorIsolateSelectSet laptop
f 3306/3374/5539 3305/819/5540 3309/3862/5541 3308/3376/5542
s 90
g laptop
f 3311/3379/5543 3314/748/5544 3451/3380/5545 3450/3381/5546
s 201
f 3312/3848/5547 3311/3379/5548 3318/3383/5549 3317/3845/5550
s off
f 3313/749/5551 3312/3861/5552 3323/3385/5553 3325/3258/5554
s 90
f 3315/3386/5555 3318/3383/5556 3447/3387/5557 3446/3388/5558
s 201
f 3316/3846/5559 3315/3386/5560 3329/3390/5561 3328/3843/5562
s 202
f 3317/3384/5563 3316/3389/5564 3322/3392/5565 3321/3393/5566
s 203
f 3319/3266/5567 3322/3392/5568 3332/3394/5569 3331/3274/5570
f 3321/3393/5571 3320/3265/5572 3324/3259/5573 3323/3385/5574
s 90
f 3326/3395/5575 3329/3390/5576 3459/3396/5577 3458/3397/5578
s 201
f 3327/3844/5579 3326/3395/5580 3337/3399/5581 3336/3841/5582
s 202
f 3328/3391/5583 3327/3398/5584 3333/3401/5585 3332/3394/5586
s 203
f 3330/3275/5587 3333/3401/5588 3340/3402/5589 3339/3282/5590
s 90
f 3334/3403/5591 3337/3399/5592 3467/3404/5593 3466/3405/5594
s 201
f 3335/3842/5595 3334/3403/5596 3345/3407/5597 3344/3839/5598
s 202
f 3336/3400/5599 3335/3406/5600 3341/3409/5601 3340/3402/5602
s 203
f 3338/3283/5603 3341/3409/5604 3348/3410/5605 3347/3290/5606
s 90
f 3342/3411/5607 3345/3407/5608 3475/3412/5609 3474/3413/5610
s 201
f 3343/3840/5611 3342/3411/5612 3353/3415/5613 3352/3837/5614
s 202
f 3344/3408/5615 3343/3414/5616 3349/3417/5617 3348/3410/5618
s 203
f 3346/3291/5619 3349/3417/5620 3356/3418/5621 3355/3298/5622
s 90
f 3350/3419/5623 3353/3415/5624 3483/3420/5625 3482/3421/5626
s 201
f 3351/3838/5627 3350/3419/5628 3361/3423/5629 3360/3835/5630
s 202
f 3352/3416/5631 3351/3422/5632 3357/3425/5633 3356/3418/5634
s 203
f 3354/3299/5635 3357/3425/5636 3364/3426/5637 3363/3306/5638
s 90
f 3358/3427/5639 3361/3423/5640 3491/3428/5641 3490/3429/5642
s 201
f 3359/3836/5643 3358/3427/5644 3369/3431/5645 3368/3833/5646
s 202
f 3360/3424/5647 3359/3430/5648 3365/3433/5649 3364/3426/5650
s 203
f 3362/3307/5651 3365/3433/5652 3372/3434/5653 3371/3314/5654
s 90
f 3366/3435/5655 3369/3431/5656 3499/3436/5657 3498/3437/5658
s 201
f 3367/3834/5659 3366/3435/5660 3377/3439/5661 3376/3831/5662
s 202
f 3368/3432/5663 3367/3438/5664 3373/3441/5665 3372/3434/5666
s 203
f 3370/3315/5667 3373/3441/5668 3380/3442/5669 3379/3322/5670
s 90
f 3374/3443/5671 3377/3439/5672 3507/3444/5673 3506/3445/5674
s 201
f 3375/3832/5675 3374/3443/5676 3385/3447/5677 3384/3829/5678
s 202
f 3376/3440/5679 3375/3446/5680 3381/3449/5681 3380/3442/5682
s 203
f 3378/3323/5683 3381/3449/5684 3388/3450/5685 3387/3330/5686
s 90
f 3382/3451/5687 3385/3447/5688 3515/3452/5689 3514/3453/5690
s 201
f 3383/3830/5691 3382/3451/5692 3393/3455/5693 3392/3827/5694
s 202
f 3384/3448/5695 3383/3454/5696 3389/3457/5697 3388/3450/5698
s 203
f 3386/3331/5699 3389/3457/5700 3396/3458/5701 3395/3338/5702
s 90
f 3390/3459/5703 3393/3455/5704 3523/3460/5705 3522/3461/5706
s 201
f 3391/3828/5707 3390/3459/5708 3401/3463/5709 3400/3825/5710
s 202
f 3392/3456/5711 3391/3462/5712 3397/3465/5713 3396/3458/5714
s 203
f 3394/3339/5715 3397/3465/5716 3404/3466/5717 3403/3346/5718
s 90
f 3398/3467/5719 3401/3463/5720 3531/3468/5721 3530/3469/5722
s 201
f 3399/3826/5723 3398/3467/5724 3409/3471/5725 3408/3823/5726
s 202
f 3400/3464/5727 3399/3470/5728 3405/3473/5729 3404/3466/5730
s 203
f 3402/3347/5731 3405/3473/5732 3412/3474/5733 3411/3354/5734
s 90
f 3406/3475/5735 3409/3471/5736 3539/3476/5737 3538/3477/5738
s 201
f 3407/3824/5739 3406/3475/5740 3417/3479/5741 3416/3821/5742
s 202
f 3408/3472/5743 3407/3478/5744 3413/3481/5745 3412/3474/5746
s 203
f 3410/3355/5747 3413/3481/5748 3420/3482/5749 3419/3362/5750
s 90
f 3414/3483/5751 3417/3479/5752 3547/3484/5753 3546/3485/5754
s 201
f 3415/3822/5755 3414/3483/5756 3425/3487/5757 3424/3819/5758
s 202
f 3416/3480/5759 3415/3486/5760 3421/3489/5761 3420/3482/5762
s 203
f 3418/3363/5763 3421/3489/5764 3428/3490/5765 3427/3370/5766
s 90
f 3422/3491/5767 3425/3487/5768 3555/3492/5769 3554/3493/5770
s 201
f 3423/3820/5771 3422/3491/5772 3433/3495/5773 3432/3817/5774
s 202
f 3424/3488/5775 3423/3494/5776 3429/3497/5777 3428/3490/5778
s 203
f 3426/3371/5779 3429/3497/5780 3434/3498/5781 3436/3377/5782
s 90
f 3430/822/5783 3433/3495/5784 3563/3499/5785 3562/3500/5786
s off
f 3432/3496/5787 3431/821/5788 3435/3378/5789 3434/3498/5790
f 3437/3501/5791 3440/3857/5792 3566/3858/5793 3565/3752/5794
f 3438/746/5795 3437/3501/5796 3452/3505/5797 3451/3380/5798
s 217
f 3440/3502/5799 3439/745/5800 3442/758/5801 3441/3506/5802
s 218
f 3441/3506/5803 3444/3507/5804 3571/3508/5805 3570/3750/5806
s 217
f 3444/3507/5807 3443/757/5808 3454/762/5809 3453/3510/5810
s 219
f 3445/3511/5811 3448/3512/5812 3573/3513/5813 3572/3746/5814
s 220
f 3446/3388/5815 3445/3511/5816 3460/3515/5817 3459/3396/5818
f 3448/3512/5819 3447/3387/5820 3450/3381/5821 3449/3856/5822
s off
f 3449/3516/5823 3452/3505/5824 3578/3517/5825 3577/3744/5826
s 218
f 3453/3510/5827 3456/3519/5828 3582/3520/5829 3581/3748/5830
s 217
f 3456/3519/5831 3455/761/5832 3462/766/5833 3461/3522/5834
s 219
f 3457/3523/5835 3460/3515/5836 3584/3524/5837 3583/3740/5838
s 220
f 3458/3397/5839 3457/3523/5840 3468/3526/5841 3467/3404/5842
s 218
f 3461/3522/5843 3464/3527/5844 3590/3528/5845 3589/3742/5846
s 217
f 3464/3527/5847 3463/765/5848 3470/770/5849 3469/3530/5850
s 219
f 3465/3531/5851 3468/3526/5852 3592/3532/5853 3591/3736/5854
s 220
f 3466/3405/5855 3465/3531/5856 3476/3534/5857 3475/3412/5858
s 218
f 3469/3530/5859 3472/3535/5860 3598/3536/5861 3597/3738/5862
s 217
f 3472/3535/5863 3471/769/5864 3478/774/5865 3477/3538/5866
s 219
f 3473/3539/5867 3476/3534/5868 3600/3540/5869 3599/3732/5870
s 220
f 3474/3413/5871 3473/3539/5872 3484/3542/5873 3483/3420/5874
s 218
f 3477/3538/5875 3480/3543/5876 3606/3544/5877 3605/3734/5878
s 217
f 3480/3543/5879 3479/773/5880 3486/778/5881 3485/3546/5882
s 219
f 3481/3547/5883 3484/3542/5884 3608/3548/5885 3607/3728/5886
s 220
f 3482/3421/5887 3481/3547/5888 3492/3550/5889 3491/3428/5890
s 218
f 3485/3546/5891 3488/3551/5892 3614/3552/5893 3613/3730/5894
s 217
f 3488/3551/5895 3487/777/5896 3494/782/5897 3493/3554/5898
s 219
f 3489/3555/5899 3492/3550/5900 3616/3556/5901 3615/3724/5902
s 220
f 3490/3429/5903 3489/3555/5904 3500/3558/5905 3499/3436/5906
s 218
f 3493/3554/5907 3496/3559/5908 3622/3560/5909 3621/3726/5910
s 217
f 3496/3559/5911 3495/781/5912 3502/786/5913 3501/3562/5914
s 219
f 3497/3563/5915 3500/3558/5916 3624/3564/5917 3623/3720/5918
s 220
f 3498/3437/5919 3497/3563/5920 3508/3566/5921 3507/3444/5922
s 218
f 3501/3562/5923 3504/3567/5924 3630/3568/5925 3629/3722/5926
s 217
f 3504/3567/5927 3503/785/5928 3510/790/5929 3509/3570/5930
s 219
f 3505/3571/5931 3508/3566/5932 3632/3572/5933 3631/3716/5934
s 220
f 3506/3445/5935 3505/3571/5936 3516/3574/5937 3515/3452/5938
s 218
f 3509/3570/5939 3512/3575/5940 3638/3576/5941 3637/3718/5942
s 217
f 3512/3575/5943 3511/789/5944 3518/794/5945 3517/3578/5946
s 219
f 3513/3579/5947 3516/3574/5948 3640/3580/5949 3639/3712/5950
s 220
f 3514/3453/5951 3513/3579/5952 3524/3582/5953 3523/3460/5954
s 218
f 3517/3578/5955 3520/3583/5956 3646/3584/5957 3645/3714/5958
s 217
f 3520/3583/5959 3519/793/5960 3526/798/5961 3525/3586/5962
s 219
f 3521/3587/5963 3524/3582/5964 3648/3588/5965 3647/3708/5966
s 220
f 3522/3461/5967 3521/3587/5968 3532/3590/5969 3531/3468/5970
s 218
f 3525/3586/5971 3528/3591/5972 3654/3592/5973 3653/3710/5974
s 217
f 3528/3591/5975 3527/797/5976 3534/802/5977 3533/3594/5978
s 219
f 3529/3595/5979 3532/3590/5980 3656/3596/5981 3655/3704/5982
s 220
f 3530/3469/5983 3529/3595/5984 3540/3598/5985 3539/3476/5986
s 218
f 3533/3594/5987 3536/3599/5988 3662/3600/5989 3661/3706/5990
s 217
f 3536/3599/5991 3535/801/5992 3542/806/5993 3541/3602/5994
s 219
f 3537/3603/5995 3540/3598/5996 3664/3604/5997 3663/3700/5998
s 220
f 3538/3477/5999 3537/3603/6000 3548/3606/6001 3547/3484/6002
s 218
f 3541/3602/6003 3544/3607/6004 3670/3608/6005 3669/3702/6006
s 217
f 3544/3607/6007 3543/805/6008 3550/810/6009 3549/3610/6010
s 219
f 3545/3611/6011 3548/3606/6012 3672/3612/6013 3671/3696/6014
s 220
f 3546/3485/6015 3545/3611/6016 3556/3614/6017 3555/3492/6018
s 218
f 3549/3610/6019 3552/3859/6020 3678/3616/6021 3677/3698/6022
s 217
f 3552/3615/6023 3551/809/6024 3558/814/6025 3557/3618/6026
s 219
f 3553/3619/6027 3556/3614/6028 3680/3620/6029 3679/3692/6030
s 220
f 3554/3493/6031 3553/3619/6032 3564/3622/6033 3563/3499/6034
s off
f 3557/3618/6035 3560/3853/6036 3685/3854/6037 3684/3694/6038
f 3560/3623/6039 3559/813/6040 3562/3500/6041 3561/3852/6042
f 3561/3626/6043 3564/3622/6044 3688/3627/6045 3687/3690/6046
f 3565/3504/6047 3567/3629/6048 3576/3630/6049 3578/3751/6050
s 234
f 3567/3629/6051 3566/3749/6052 3570/3509/6053 3569/3631/6054
f 3568/3632/6055 3571/3747/6056 3581/3521/6057 3580/3633/6058
s 235
f 3569/3631/6059 3568/3632/6060 3575/3634/6061 3574/3635/6062
s 236
f 3572/3514/6063 3575/3634/6064 3585/3636/6065 3584/3745/6066
f 3574/3635/6067 3573/3743/6068 3577/3518/6069 3576/3630/6070
s 234
f 3579/3637/6071 3582/3741/6072 3589/3529/6073 3588/3638/6074
s 235
f 3580/3633/6075 3579/3637/6076 3586/3639/6077 3585/3636/6078
s 236
f 3583/3525/6079 3586/3639/6080 3593/3640/6081 3592/3739/6082
s 234
f 3587/3641/6083 3590/3737/6084 3597/3537/6085 3596/3642/6086
s 235
f 3588/3638/6087 3587/3641/6088 3594/3643/6089 3593/3640/6090
s 236
f 3591/3533/6091 3594/3643/6092 3601/3644/6093 3600/3735/6094
s 234
f 3595/3645/6095 3598/3733/6096 3605/3545/6097 3604/3646/6098
s 235
f 3596/3642/6099 3595/3645/6100 3602/3647/6101 3601/3644/6102
s 236
f 3599/3541/6103 3602/3647/6104 3609/3648/6105 3608/3731/6106
s 234
f 3603/3649/6107 3606/3729/6108 3613/3553/6109 3612/3650/6110
s 235
f 3604/3646/6111 3603/3649/6112 3610/3651/6113 3609/3648/6114
s 236
f 3607/3549/6115 3610/3651/6116 3617/3652/6117 3616/3727/6118
s 234
f 3611/3653/6119 3614/3725/6120 3621/3561/6121 3620/3654/6122
s 235
f 3612/3650/6123 3611/3653/6124 3618/3655/6125 3617/3652/6126
s 236
f 3615/3557/6127 3618/3655/6128 3625/3656/6129 3624/3723/6130
s 234
f 3619/3657/6131 3622/3721/6132 3629/3569/6133 3628/3658/6134
s 235
f 3620/3654/6135 3619/3657/6136 3626/3659/6137 3625/3656/6138
s 236
f 3623/3565/6139 3626/3659/6140 3633/3660/6141 3632/3719/6142
s 234
f 3627/3661/6143 3630/3717/6144 3637/3577/6145 3636/3662/6146
s 235
f 3628/3658/6147 3627/3661/6148 3634/3663/6149 3633/3660/6150
s 236
f 3631/3573/6151 3634/3663/6152 3641/3664/6153 3640/3715/6154
s 234
f 3635/3665/6155 3638/3713/6156 3645/3585/6157 3644/3666/6158
s 235
f 3636/3662/6159 3635/3665/6160 3642/3667/6161 3641/3664/6162
s 236
f 3639/3581/6163 3642/3667/6164 3649/3668/6165 3648/3711/6166
s 234
f 3643/3669/6167 3646/3709/6168 3653/3593/6169 3652/3670/6170
s 235
f 3644/3666/6171 3643/3669/6172 3650/3671/6173 3649/3668/6174
s 236
f 3647/3589/6175 3650/3671/6176 3657/3672/6177 3656/3707/6178
s 234
f 3651/3673/6179 3654/3705/6180 3661/3601/6181 3660/3674/6182
s 235
f 3652/3670/6183 3651/3673/6184 3658/3675/6185 3657/3672/6186
s 236
f 3655/3597/6187 3658/3675/6188 3665/3676/6189 3664/3703/6190
s 234
f 3659/3677/6191 3662/3701/6192 3669/3609/6193 3668/3678/6194
s 235
f 3660/3674/6195 3659/3677/6196 3666/3679/6197 3665/3676/6198
s 236
f 3663/3605/6199 3666/3679/6200 3673/3680/6201 3672/3699/6202
s 234
f 3667/3681/6203 3670/3697/6204 3677/3617/6205 3676/3682/6206
s 235
f 3668/3678/6207 3667/3681/6208 3674/3683/6209 3673/3680/6210
s 236
f 3671/3613/6211 3674/3683/6212 3681/3684/6213 3680/3695/6214
s 234
f 3675/3685/6215 3678/3693/6216 3684/3625/6217 3683/3686/6218
s 235
f 3676/3682/6219 3675/3685/6220 3682/3687/6221 3681/3684/6222
s 236
f 3679/3621/6223 3682/3687/6224 3686/3688/6225 3688/3691/6226
s off
f 3683/3686/6227 3685/3689/6228 3687/3628/6229 3686/3688/6230
s 4
g textureEditorIsolateSelectSet laptop
f 2/5/6231 6/7/21 67/17/24 64/8/6232
f 5/13/22 10/15/33 71/25/36 68/16/23
f 9/21/34 14/23/45 75/33/48 72/24/35
f 13/29/46 18/31/57 79/41/60 76/32/47
f 17/37/58 22/39/69 83/49/72 80/40/59
f 21/45/70 26/47/81 87/57/84 84/48/71
f 25/53/82 30/55/93 91/65/96 88/56/83
f 29/61/94 34/63/105 95/73/108 92/64/95
f 33/69/106 38/71/117 99/81/120 96/72/107
f 37/77/118 42/79/129 103/89/132 100/80/119
f 41/85/130 46/87/141 107/97/144 104/88/131
f 45/93/142 50/95/153 111/105/156 108/96/143
f 49/101/154 54/103/165 115/113/168 112/104/155
f 53/109/166 58/111/177 119/121/180 116/112/167
f 57/117/178 61/119/6233 123/126/6234 120/120/179
s 21
f 65/3970/6235 66/130/197 130/133/200 126/128/318
f 69/3968/198 70/134/205 134/137/208 131/132/199
f 73/3966/206 74/138/213 138/141/216 135/136/207
f 77/3964/214 78/142/221 142/145/224 139/140/215
f 81/3962/222 82/146/229 147/149/232 143/144/223
f 85/3960/230 86/150/237 151/153/240 148/148/231
f 89/3958/238 90/154/245 155/157/248 152/152/239
f 93/3956/246 94/158/253 159/161/256 156/156/247
f 97/3954/254 98/162/261 163/165/264 160/160/255
f 101/3952/262 102/166/269 167/169/272 164/164/263
f 105/3950/270 106/170/277 172/173/280 168/168/271
f 109/3948/278 110/174/285 176/177/288 173/172/279
f 113/3946/286 114/178/293 180/181/296 177/176/287
f 117/3944/294 118/182/301 184/185/304 181/180/295
f 121/3942/302 122/3941/6236 189/3936/409 185/184/303
f 127/191/317 129/192/319 196/197/326 192/193/424
f 132/195/324 133/198/327 200/201/330 197/196/325
f 136/199/328 137/202/331 204/205/334 201/200/329
f 140/203/332 141/206/335 208/209/338 205/204/333
f 144/207/336 146/210/339 213/216/445 209/208/337
s 191
f 3119/3217/6237 3121/3219/5271 3125/3223/5274 3130/3218/5280
f 3120/3220/5272 3133/3221/5291 3137/3229/5281 3126/3222/5273
f 3132/3232/5292 3141/3233/5303 3145/3238/5297 3138/3234/5293
f 3140/3240/5304 3149/3241/5315 3153/3246/5309 3146/3242/5305
f 3148/3248/5316 3156/3249/6238 3160/3254/5321 3154/3250/5317
s 21
f 169/237/388 171/238/389 220/243/396 216/239/460
f 174/241/394 175/244/397 224/247/400 221/242/395
f 178/245/398 179/248/401 228/251/404 225/246/399
f 182/249/402 183/252/405 232/255/408 229/250/403
f 186/253/406 188/3934/410 237/3931/481 233/254/407
f 193/264/423 195/265/425 244/270/432 240/266/496
f 198/268/430 199/271/433 248/274/436 245/269/431
f 202/272/434 203/275/437 252/278/440 249/273/435
f 206/276/438 207/279/441 256/282/444 253/277/439
f 210/280/442 212/283/446 262/288/517 257/281/443
s 191
f 3131/3228/5279 3124/3224/5275 3165/3227/5278 3167/3231/6239
f 3127/3225/5276 3136/3230/5282 3172/3237/5296 3166/3226/5277
f 3139/3235/5294 3144/3239/5298 3176/3245/5308 3173/3236/5295
f 3147/3243/5306 3152/3247/5310 3180/3253/5320 3177/3244/5307
f 3155/3251/5318 3159/3255/5322 3182/3256/6240 3181/3252/5319
s 21
f 217/292/459 219/293/461 286/298/468 281/294/583
f 222/296/466 223/299/469 290/302/472 287/297/467
f 226/300/470 227/303/473 294/306/476 291/301/471
f 230/304/474 231/307/477 298/310/480 295/305/475
f 234/308/478 236/3930/482 303/3927/603 299/309/479
f 241/320/495 243/321/497 311/326/504 306/322/618
f 246/324/502 247/327/505 315/330/508 312/325/503
f 250/328/506 251/331/509 319/334/512 316/329/507
f 254/332/510 255/335/513 323/338/516 320/333/511
f 258/336/514 261/339/518 327/347/529 324/337/515
f 260/343/527 266/345/538 331/355/541 328/346/528
f 265/351/539 270/353/550 335/363/553 332/354/540
f 269/359/551 274/361/562 339/371/565 336/362/552
f 273/367/563 278/369/574 343/379/577 340/370/564
f 277/375/575 283/377/585 347/385/587 344/378/576
f 282/382/582 285/383/584 351/388/590 348/384/586
f 288/386/588 289/389/591 355/392/594 352/387/589
f 292/390/592 293/393/595 359/396/598 356/391/593
f 296/394/596 297/397/599 363/400/602 360/395/597
f 300/398/600 302/3926/604 369/3923/737 364/399/601
f 307/410/617 310/411/619 377/419/757 372/412/756
s off
f 2459/2953/6241 2460/2955/6242 2463/2956/6243 2466/2954/6244
f 2471/2957/6245 2472/2959/6246 2475/2960/6247 2478/2958/6248
f 2483/2961/6249 2484/2963/6250 2487/2964/6251 2490/2962/6252
s 183
f 3067/3193/6253 3069/3195/5195 3074/3199/5198 3076/3194/6254
f 3068/3196/5196 3080/3197/5211 3085/3200/5214 3075/3198/5197
f 3079/3201/5212 3088/3202/5223 3093/3204/5226 3086/3203/5213
f 3087/3205/5224 3096/3206/5235 3101/3208/5238 3094/3207/5225
f 3095/3209/5236 3104/3210/5247 3109/3212/5250 3102/3211/5237
f 3103/3213/5248 3111/3214/6255 3114/3216/6256 3110/3215/5249
s off
f 2495/2965/6257 2496/2967/6258 2499/2968/6259 2502/2966/6260
f 2507/2969/6261 2508/2971/6262 2511/2972/6263 2514/2970/6264
f 2519/2973/6265 2520/2975/6266 2523/2976/6267 2526/2974/6268
f 2531/2977/6269 2532/2979/6270 2535/2980/6271 2538/2978/6272
s 21
f 365/472/736 368/3922/738 385/3919/777 380/474/776
f 373/484/755 376/485/758 393/492/797 388/486/796
s off
f 2543/2981/6273 2544/2983/6274 2547/2984/6275 2550/2982/6276
f 2555/2985/6277 2556/2987/6278 2559/2988/6279 2562/2986/6280
f 2567/2989/6281 2568/2991/6282 2571/2992/6283 2574/2990/6284
f 2579/2993/6285 2580/2995/6286 2583/2996/6287 2586/2994/6288
f 2591/2997/6289 2592/2999/6290 2595/3000/6291 2598/2998/6292
f 2603/3001/6293 2604/3003/6294 2607/3004/6295 2610/3002/6296
f 2615/3005/6297 2616/3007/6298 2619/3008/6299 2622/3006/6300
f 2627/3009/6301 2628/3011/6302 2631/3012/6303 2634/3010/6304
f 2639/3013/6305 2640/3015/6306 2643/3016/6307 2646/3014/6308
f 2651/3017/6309 2652/3019/6310 2655/3020/6311 2658/3018/6312
f 2663/3021/6313 2664/3023/6314 2667/3024/6315 2670/3022/6316
f 2675/3025/6317 2676/3027/6318 2679/3028/6319 2682/3026/6320
f 2687/3029/6321 2688/3031/6322 2691/3032/6323 2694/3030/6324
s 21
f 381/496/775 384/3918/778 401/3915/817 396/498/816
f 389/508/795 392/509/798 409/516/837 404/510/836
s off
f 2699/3033/6325 2700/3035/6326 2703/3036/6327 2706/3034/6328
f 2711/3037/6329 2712/3039/6330 2715/3040/6331 2718/3038/6332
f 2723/3041/6333 2724/3043/6334 2727/3044/6335 2730/3042/6336
f 2735/3045/6337 2736/3047/6338 2739/3048/6339 2742/3046/6340
f 2747/3049/6341 2748/3051/6342 2751/3052/6343 2754/3050/6344
f 2759/3053/6345 2760/3055/6346 2763/3056/6347 2766/3054/6348
f 2771/3057/6349 2772/3059/6350 2775/3060/6351 2778/3058/6352
f 2783/3061/6353 2784/3063/6354 2787/3064/6355 2790/3062/6356
f 2795/3065/6357 2796/3067/6358 2799/3068/6359 2802/3066/6360
f 2807/3069/6361 2808/3071/6362 2811/3072/6363 2814/3070/6364
f 2819/3073/6365 2820/3075/6366 2823/3076/6367 2826/3074/6368
f 2831/3077/6369 2832/3079/6370 2835/3080/6371 2838/3078/6372
f 2843/3081/6373 2844/3083/6374 2847/3084/6375 2850/3082/6376
s 21
f 397/520/815 400/3914/818 417/3911/857 412/522/856
f 405/532/835 408/533/838 426/540/877 420/534/876
s off
f 2855/3085/6377 2856/3087/6378 2859/3088/6379 2862/3086/6380
f 2867/3089/6381 2868/3091/6382 2871/3092/6383 2874/3090/6384
f 2879/3093/6385 2880/3095/6386 2883/3096/6387 2886/3094/6388
f 2891/3097/6389 2892/3099/6390 2895/3100/6391 2898/3098/6392
f 2903/3101/6393 2904/3103/6394 2907/3104/6395 2910/3102/6396
f 2915/3105/6397 2916/3107/6398 2919/3108/6399 2922/3106/6400
f 2927/3109/6401 2928/3111/6402 2931/3112/6403 2934/3110/6404
f 2939/3113/6405 2940/3115/6406 2943/3116/6407 2946/3114/6408
f 2951/3117/6409 2952/3119/6410 2955/3120/6411 2958/3118/6412
f 2963/3121/6413 2964/3123/6414 2967/3124/6415 2970/3122/6416
f 2975/3125/6417 2976/3127/6418 2979/3128/6419 2982/3126/6420
f 2987/3129/6421 2988/3131/6422 2991/3132/6423 2994/3130/6424
f 2999/3133/6425 3000/3135/6426 3003/3136/6427 3006/3134/6428
s 21
f 413/544/855 416/3910/858 483/3907/1044 477/546/1043
f 421/556/875 425/557/878 490/567/893 486/558/1062
f 424/563/891 430/565/902 494/575/905 491/566/892
f 429/571/903 434/573/914 498/583/917 495/574/904
f 433/579/915 438/581/926 502/591/929 499/582/916
f 437/587/927 442/589/938 506/599/941 503/590/928
f 441/595/939 446/597/950 510/607/953 507/598/940
f 445/603/951 450/605/962 514/615/965 511/606/952
f 449/611/963 454/613/974 518/623/977 515/614/964
f 453/619/975 458/621/986 522/631/989 519/622/976
f 457/627/987 462/629/998 526/639/1001 523/630/988
f 461/635/999 466/637/1010 530/647/1013 527/638/1000
f 465/643/1011 470/645/1022 534/655/1025 531/646/1012
f 469/651/1023 474/653/1034 538/663/1037 535/654/1024
f 473/659/1035 479/661/1046 542/669/1048 539/662/1036
f 478/666/1042 482/3906/1045 547/3904/1123 543/668/1047
f 487/678/1061 489/679/1063 556/3814/1070 553/3786/6429
f 492/682/1068 493/685/1071 560/3813/1074 557/683/1069
f 496/686/1072 497/689/1075 564/3811/1078 561/687/1073
f 500/690/1076 501/693/1079 568/3809/1082 565/691/1077
f 504/694/1080 505/697/1083 572/3807/1086 569/695/1081
f 508/698/1084 509/701/1087 576/3805/1090 573/699/1085
f 512/702/1088 513/705/1091 580/3803/1094 577/703/1089
f 516/706/1092 517/709/1095 584/3801/1098 581/707/1093
f 520/710/1096 521/713/1099 588/3799/1102 585/711/1097
f 524/714/1100 525/717/1103 592/3797/1106 589/715/1101
f 528/718/1104 529/721/1107 596/3795/1110 593/719/1105
f 532/722/1108 533/725/1111 600/3793/1114 597/723/1109
f 536/726/1112 537/729/1115 604/3791/1118 601/727/1113
f 540/730/1116 541/733/1119 608/3789/1122 605/731/1117
f 544/734/1120 546/3903/1124 612/3902/6430 609/735/1121
s 198
f 3186/3260/5355 3191/3262/5358 3195/3271/5370 3197/3263/6431
f 3190/3267/5366 3202/3269/5368 3206/3272/5386 3196/3270/5369
f 3201/3276/5382 3210/3278/5384 3214/3280/5398 3207/3279/5385
f 3209/3284/5394 3218/3286/5396 3222/3288/5410 3215/3287/5397
f 3217/3292/5406 3226/3294/5408 3230/3296/5422 3223/3295/5409
f 3225/3300/5418 3234/3302/5420 3238/3304/5434 3231/3303/5421
f 3233/3308/5430 3242/3310/5432 3246/3312/5446 3239/3311/5433
f 3241/3316/5442 3250/3318/5444 3254/3320/5458 3247/3319/5445
f 3249/3324/5454 3258/3326/5456 3262/3328/5470 3255/3327/5457
f 3257/3332/5466 3266/3334/5468 3270/3336/5482 3263/3335/5469
f 3265/3340/5478 3274/3342/5480 3278/3344/5494 3271/3343/5481
f 3273/3348/5490 3282/3350/5492 3286/3352/5506 3279/3351/5493
f 3281/3356/5502 3290/3358/5504 3294/3360/5518 3287/3359/5505
f 3289/3364/5514 3298/3366/5516 3302/3368/5530 3295/3367/5517
f 3297/3372/5526 3306/3374/5528 3308/3376/6432 3303/3375/5529
s 3
f 618/826/1283 623/828/1286 686/837/1298 682/829/1412
f 622/833/1294 627/835/1296 690/845/1306 687/836/1297
f 626/841/1302 631/843/1304 694/853/1314 691/844/1305
f 630/849/1310 635/851/1312 698/861/1322 695/852/1313
f 634/857/1318 639/859/1320 702/869/1330 699/860/1321
f 638/865/1326 643/867/1328 706/877/1338 703/868/1329
f 642/873/1334 647/875/1336 710/885/1346 707/876/1337
f 646/881/1342 651/883/1344 714/893/1354 711/884/1345
f 650/889/1350 655/891/1352 718/901/1362 715/892/1353
f 654/897/1358 659/899/1360 722/909/1370 719/900/1361
f 658/905/1366 663/907/1368 726/917/1378 723/908/1369
f 662/913/1374 667/915/1376 730/925/1386 727/916/1377
f 666/921/1382 671/923/1384 734/933/1394 731/924/1385
f 670/929/1390 675/931/1392 738/941/1402 735/932/1393
f 674/937/1398 679/939/1400 743/944/1473 739/940/1401
f 683/945/1411 685/946/1413 750/950/1420 746/947/1480
f 688/948/1418 689/951/1421 754/954/1424 751/949/1419
f 692/952/1422 693/955/1425 758/958/1428 755/953/1423
f 696/956/1426 697/959/1429 762/962/1432 759/957/1427
f 700/960/1430 701/963/1433 766/966/1436 763/961/1431
f 704/964/1434 705/967/1437 770/970/1440 767/965/1435
f 708/968/1438 709/971/1441 774/974/1444 771/969/1439
f 712/972/1442 713/975/1445 778/978/1448 775/973/1443
f 716/976/1446 717/979/1449 782/982/1452 779/977/1447
f 720/980/1450 721/983/1453 786/986/1456 783/981/1451
f 724/984/1454 725/987/1457 790/990/1460 787/985/1455
f 728/988/1458 729/991/1461 794/994/1464 791/989/1459
f 732/992/1462 733/995/1465 798/998/1468 795/993/1463
f 736/996/1466 737/999/1469 802/1002/1472 799/997/1467
f 740/1000/1470 742/1003/1474 807/1004/1541 803/1001/1471
f 747/1005/1479 749/1006/1481 814/1010/1488 810/1007/1548
f 752/1008/1486 753/1011/1489 818/1014/1492 815/1009/1487
f 756/1012/1490 757/1015/1493 822/1018/1496 819/1013/1491
f 760/1016/1494 761/1019/1497 826/1022/1500 823/1017/1495
f 764/1020/1498 765/1023/1501 830/1026/1504 827/1021/1499
f 768/1024/1502 769/1027/1505 834/1030/1508 831/1025/1503
f 772/1028/1506 773/1031/1509 838/1034/1512 835/1029/1507
f 776/1032/1510 777/1035/1513 842/1038/1516 839/1033/1511
f 780/1036/1514 781/1039/1517 846/1042/1520 843/1037/1515
f 784/1040/1518 785/1043/1521 850/1046/1524 847/1041/1519
f 788/1044/1522 789/1047/1525 854/1050/1528 851/1045/1523
f 792/1048/1526 793/1051/1529 858/1054/1532 855/1049/1527
f 796/1052/1530 797/1055/1533 862/1058/1536 859/1053/1531
f 800/1056/1534 801/1059/1537 866/1062/1540 863/1057/1535
f 804/1060/1538 806/1063/1542 871/1064/1609 867/1061/1539
f 811/1065/1547 813/1066/1549 878/1070/1556 874/1067/1616
f 816/1068/1554 817/1071/1557 882/1074/1560 879/1069/1555
f 820/1072/1558 821/1075/1561 886/1078/1564 883/1073/1559
f 824/1076/1562 825/1079/1565 890/1082/1568 887/1077/1563
f 828/1080/1566 829/1083/1569 894/1086/1572 891/1081/1567
f 832/1084/1570 833/1087/1573 898/1090/1576 895/1085/1571
f 836/1088/1574 837/1091/1577 902/1094/1580 899/1089/1575
f 840/1092/1578 841/1095/1581 906/1098/1584 903/1093/1579
f 844/1096/1582 845/1099/1585 910/1102/1588 907/1097/1583
f 848/1100/1586 849/1103/1589 914/1106/1592 911/1101/1587
f 852/1104/1590 853/1107/1593 918/1110/1596 915/1105/1591
f 856/1108/1594 857/1111/1597 922/1114/1600 919/1109/1595
f 860/1112/1598 861/1115/1601 926/1118/1604 923/1113/1599
f 864/1116/1602 865/1119/1605 930/1122/1608 927/1117/1603
f 868/1120/1606 870/1123/1610 935/1124/1677 931/1121/1607
f 875/1125/1615 877/1126/1617 942/1130/1624 938/1127/1684
f 880/1128/1622 881/1131/1625 946/1134/1628 943/1129/1623
f 884/1132/1626 885/1135/1629 950/1138/1632 947/1133/1627
f 888/1136/1630 889/1139/1633 954/1142/1636 951/1137/1631
f 892/1140/1634 893/1143/1637 958/1146/1640 955/1141/1635
f 896/1144/1638 897/1147/1641 962/1150/1644 959/1145/1639
f 900/1148/1642 901/1151/1645 966/1154/1648 963/1149/1643
f 904/1152/1646 905/1155/1649 970/1158/1652 967/1153/1647
f 908/1156/1650 909/1159/1653 974/1162/1656 971/1157/1651
f 912/1160/1654 913/1163/1657 978/1166/1660 975/1161/1655
f 916/1164/1658 917/1167/1661 982/1170/1664 979/1165/1659
f 920/1168/1662 921/1171/1665 986/1174/1668 983/1169/1663
f 924/1172/1666 925/1175/1669 990/1178/1672 987/1173/1667
f 928/1176/1670 929/1179/1673 994/1182/1676 991/1177/1671
f 932/1180/1674 934/1183/1678 999/1184/1745 995/1181/1675
f 939/1185/1683 941/1186/1685 1006/1190/1692 1002/1187/1752
f 944/1188/1690 945/1191/1693 1010/1194/1696 1007/1189/1691
f 948/1192/1694 949/1195/1697 1014/1198/1700 1011/1193/1695
f 952/1196/1698 953/1199/1701 1018/1202/1704 1015/1197/1699
f 956/1200/1702 957/1203/1705 1022/1206/1708 1019/1201/1703
f 960/1204/1706 961/1207/1709 1026/1210/1712 1023/1205/1707
f 964/1208/1710 965/1211/1713 1030/1214/1716 1027/1209/1711
f 968/1212/1714 969/1215/1717 1034/1218/1720 1031/1213/1715
f 972/1216/1718 973/1219/1721 1038/1222/1724 1035/1217/1719
f 976/1220/1722 977/1223/1725 1042/1226/1728 1039/1221/1723
f 980/1224/1726 981/1227/1729 1046/1230/1732 1043/1225/1727
f 984/1228/1730 985/1231/1733 1050/1234/1736 1047/1229/1731
f 988/1232/1734 989/1235/1737 1054/1238/1740 1051/1233/1735
f 992/1236/1738 993/1239/1741 1058/1242/1744 1055/1237/1739
f 996/1240/1742 998/1243/1746 1063/1244/1813 1059/1241/1743
f 1003/1245/1751 1005/1246/1753 1070/1250/1760 1066/1247/1820
f 1008/1248/1758 1009/1251/1761 1074/1254/1764 1071/1249/1759
f 1012/1252/1762 1013/1255/1765 1078/1258/1768 1075/1253/1763
f 1016/1256/1766 1017/1259/1769 1082/1262/1772 1079/1257/1767
f 1020/1260/1770 1021/1263/1773 1086/1266/1776 1083/1261/1771
f 1024/1264/1774 1025/1267/1777 1090/1270/1780 1087/1265/1775
f 1028/1268/1778 1029/1271/1781 1094/1274/1784 1091/1269/1779
f 1032/1272/1782 1033/1275/1785 1098/1278/1788 1095/1273/1783
f 1036/1276/1786 1037/1279/1789 1102/1282/1792 1099/1277/1787
f 1040/1280/1790 1041/1283/1793 1106/1286/1796 1103/1281/1791
f 1044/1284/1794 1045/1287/1797 1110/1290/1800 1107/1285/1795
f 1048/1288/1798 1049/1291/1801 1114/1294/1804 1111/1289/1799
f 1052/1292/1802 1053/1295/1805 1118/1298/1808 1115/1293/1803
f 1056/1296/1806 1057/1299/1809 1122/1302/1812 1119/1297/1807
f 1060/1300/1810 1062/1303/1814 1127/1304/1881 1123/1301/1811
f 1067/1305/1819 1069/1306/1821 1134/1310/1828 1130/1307/1888
f 1072/1308/1826 1073/1311/1829 1138/1314/1832 1135/1309/1827
f 1076/1312/1830 1077/1315/1833 1142/1318/1836 1139/1313/1831
f 1080/1316/1834 1081/1319/1837 1146/1322/1840 1143/1317/1835
f 1084/1320/1838 1085/1323/1841 1150/1326/1844 1147/1321/1839
f 1088/1324/1842 1089/1327/1845 1154/1330/1848 1151/1325/1843
f 1092/1328/1846 1093/1331/1849 1158/1334/1852 1155/1329/1847
f 1096/1332/1850 1097/1335/1853 1162/1338/1856 1159/1333/1851
f 1100/1336/1854 1101/1339/1857 1166/1342/1860 1163/1337/1855
f 1104/1340/1858 1105/1343/1861 1170/1346/1864 1167/1341/1859
f 1108/1344/1862 1109/1347/1865 1174/1350/1868 1171/1345/1863
f 1112/1348/1866 1113/1351/1869 1178/1354/1872 1175/1349/1867
f 1116/1352/1870 1117/1355/1873 1182/1358/1876 1179/1353/1871
f 1120/1356/1874 1121/1359/1877 1186/1362/1880 1183/1357/1875
f 1124/1360/1878 1126/1363/1882 1191/1364/1949 1187/1361/1879
f 1131/1365/1887 1133/1366/1889 1198/1370/1896 1194/1367/1956
f 1136/1368/1894 1137/1371/1897 1202/1374/1900 1199/1369/1895
f 1140/1372/1898 1141/1375/1901 1206/1378/1904 1203/1373/1899
f 1144/1376/1902 1145/1379/1905 1210/1382/1908 1207/1377/1903
f 1148/1380/1906 1149/1383/1909 1214/1386/1912 1211/1381/1907
f 1152/1384/1910 1153/1387/1913 1218/1390/1916 1215/1385/1911
f 1156/1388/1914 1157/1391/1917 1222/1394/1920 1219/1389/1915
f 1160/1392/1918 1161/1395/1921 1226/1398/1924 1223/1393/1919
f 1164/1396/1922 1165/1399/1925 1230/1402/1928 1227/1397/1923
f 1168/1400/1926 1169/1403/1929 1234/1406/1932 1231/1401/1927
f 1172/1404/1930 1173/1407/1933 1238/1410/1936 1235/1405/1931
f 1176/1408/1934 1177/1411/1937 1242/1414/1940 1239/1409/1935
f 1180/1412/1938 1181/1415/1941 1246/1418/1944 1243/1413/1939
f 1184/1416/1942 1185/1419/1945 1250/1422/1948 1247/1417/1943
f 1188/1420/1946 1190/1423/1950 1255/1424/1957 1251/1421/1947
f 1195/4/1955 1197/11/15 7/6/14 1/1/6433
f 1200/12/16 1201/19/27 11/14/26 4/10/13
f 1204/20/28 1205/27/39 15/22/38 8/18/25
f 1208/28/40 1209/35/51 19/30/50 12/26/37
f 1212/36/52 1213/43/63 23/38/62 16/34/49
f 1216/44/64 1217/51/75 27/46/74 20/42/61
f 1220/52/76 1221/59/87 31/54/86 24/50/73
f 1224/60/88 1225/67/99 35/62/98 28/58/85
f 1228/68/100 1229/75/111 39/70/110 32/66/97
f 1232/76/112 1233/83/123 43/78/122 36/74/109
f 1236/84/124 1237/91/135 47/86/134 40/82/121
f 1240/92/136 1241/99/147 51/94/146 44/90/133
f 1244/100/148 1245/107/159 55/102/158 48/98/145
f 1248/108/160 1249/115/171 59/110/170 52/106/157
f 1252/116/172 1254/123/1958 62/118/6434 56/114/169
s 42
f 744/3897/1128 678/816/1270 613/741/1269 545/738/1125
f 808/3893/1052 741/739/1127 548/673/1126 481/670/1049
f 872/3889/866 805/671/1051 484/551/1050 415/548/863
f 936/3885/826 869/549/865 418/527/864 399/524/823
f 1000/3881/786 933/525/825 402/503/824 383/500/783
f 1064/3877/746 997/501/785 386/479/784 367/476/743
f 1128/3873/608 1061/477/745 370/405/744 301/402/605
f 1192/3869/486 1125/403/607 304/315/606 235/312/483
f 1256/3865/414 1189/313/485 238/259/484 187/257/411
f 60/122/6435 1253/3935/413 190/187/412 124/125/6436
s 36
f 619/3900/1147 681/676/1059 488/675/1058 552/681/1145
f 684/3895/1060 745/554/873 422/553/872 485/559/1057
f 748/3891/874 809/530/833 406/529/832 419/535/871
f 812/3887/834 873/506/793 390/505/792 403/511/831
f 876/3883/794 937/482/753 374/481/752 387/487/791
f 940/3879/754 1001/408/615 308/407/614 371/413/751
f 1004/3875/616 1065/318/493 242/317/492 305/323/613
f 1068/3871/494 1129/262/421 194/261/420 239/267/491
f 1132/3867/422 1193/190/315 128/189/314 191/194/419
f 1196/3/316 3/3973/6437 63/9/6438 125/129/313
s 55
f 313/415/6439 314/420/636 1264/423/639 1259/416/6440
s 68
f 378/418/764 309/414/6441 1258/417/6442 1277/489/765
s 55
f 317/421/637 318/424/644 1284/427/647 1265/422/638
f 321/425/645 322/428/652 1298/431/655 1285/426/646
f 325/429/653 326/432/660 1310/435/663 1299/430/654
f 329/433/661 330/436/668 1320/439/671 1311/434/662
f 333/437/669 334/440/676 1330/443/679 1321/438/670
f 337/441/677 338/444/684 1340/447/687 1331/442/678
f 341/445/685 342/448/692 1350/451/695 1341/446/686
f 345/449/693 346/452/700 1360/455/703 1351/450/694
f 349/453/701 350/456/708 1376/459/711 1361/454/702
f 353/457/709 354/460/716 1390/463/719 1377/458/710
f 357/461/717 358/464/724 1404/467/727 1391/462/718
f 361/465/725 362/468/6443 1416/471/6444 1405/466/726
s 69
f 366/469/6445 379/475/771 1422/495/774 1417/470/6446
s 68
f 394/491/804 375/488/763 1276/490/766 1435/513/805
s 69
f 382/493/772 395/499/811 1530/519/814 1423/494/773
s 68
f 410/515/844 391/512/803 1434/514/806 1543/537/845
s 69
f 398/517/812 411/523/851 1638/543/854 1531/518/813
s 76
f 431/564/895 423/560/6447 1648/562/6448 1643/569/896
s 68
f 427/539/6449 407/536/843 1542/538/846 1649/561/6450
s 76
f 435/572/907 428/568/894 1642/570/897 1653/577/908
f 439/580/919 432/576/906 1652/578/909 1659/585/920
f 443/588/931 436/584/918 1658/586/921 1665/593/932
f 447/596/943 440/592/930 1664/594/933 1671/601/944
f 451/604/955 444/600/942 1670/602/945 1677/609/956
f 455/612/967 448/608/954 1676/610/957 1683/617/968
f 459/620/979 452/616/966 1682/618/969 1689/625/980
f 463/628/991 456/624/978 1688/626/981 1695/633/992
f 467/636/1003 460/632/990 1694/634/993 1701/641/1004
f 471/644/1015 464/640/1002 1700/642/1005 1707/649/1016
f 475/652/1027 468/648/1014 1706/650/1017 1713/657/1028
s 69
f 414/541/852 476/547/6451 1718/665/6452 1639/542/853
s 76
f 480/660/6453 472/656/1026 1712/658/1029 1719/664/6454
s 113
f 1260/1426/1960 1263/1430/1970 1726/4243/1979 1723/1427/1961
f 1262/1435/1975 1271/1437/1977 1730/4241/1997 1727/1438/1978
f 1270/1451/1993 1279/1453/1995 1734/4239/2010 1731/1454/1996
f 1278/1429/1965 1257/1425/1959 1722/4245/1962 1735/1465/2009
f 1266/1432/1972 1283/1440/1982 1742/4235/2019 1739/1433/1973
f 1282/1471/2015 1291/1473/2017 1746/4233/2033 1743/1474/2018
f 1290/1459/2001 1273/1456/1998 1750/4231/2000 1747/1486/2032
f 1272/1436/1976 1261/1431/1971 1738/4237/1974 1751/1457/1999
f 1286/1468/2012 1297/1476/2022 1758/4227/2047 1755/1469/2013
f 1296/1497/2043 1307/1499/2045 1762/4225/2066 1759/1500/2046
f 1306/1491/2037 1293/1488/2034 1766/4223/2036 1763/1517/2065
f 1292/1472/2016 1281/1467/2011 1754/4229/2014 1767/1489/2035
f 1362/1612/2186 1375/1613/2184 1774/4363/2215 1771/1615/2187
f 1374/1639/2211 1383/1641/2213 1778/4361/2229 1775/1642/2214
f 1382/1625/2197 1367/1621/2193 1782/4359/2195 1779/1654/2228
f 1366/1617/2189 1363/1614/2185 1770/4365/2188 1783/1622/2194
f 1378/1636/2208 1389/1644/2218 1790/4355/2243 1787/1637/2209
f 1388/1665/2239 1397/1667/2241 1794/4353/2257 1791/1668/2242
f 1396/1659/2233 1385/1656/2230 1798/4351/2232 1795/1680/2256
f 1384/1640/2212 1373/1635/2207 1786/4357/2210 1799/1657/2231
f 1392/1662/2236 1403/1670/2246 1806/4347/2271 1803/1663/2237
f 1402/1691/2267 1411/1693/2269 1810/4345/2285 1807/1694/2270
f 1410/1685/2261 1399/1682/2258 1814/4343/2260 1811/1706/2284
f 1398/1666/2240 1387/1661/2235 1802/4349/2238 1815/1683/2259
f 1406/1688/2264 1415/1696/2291 1822/4339/2294 1819/1689/2265
f 1418/1713/2292 1421/1716/2298 1826/4337/2303 1823/1714/2293
f 1420/1711/2289 1413/1708/2286 1830/4335/2288 1827/1720/2302
f 1412/1692/2268 1401/1687/2263 1818/4341/2266 1831/1709/2287
f 1280/1452/1994 1269/1448/1990 1838/4219/1992 1835/1462/2004
f 1268/1445/1987 1429/1447/1989 1842/4217/2321 1839/1449/1991
f 1428/1733/2317 1437/1735/2319 1846/4215/2334 1843/1736/2320
f 1436/1464/2007 1275/1461/2003 1834/4221/2005 1847/1747/2333
f 1274/1442/1984 1289/1460/2002 1854/4211/2031 1851/1443/1985
f 1288/1481/2027 1443/1483/2029 1858/4209/2345 1855/1484/2030
f 1442/1741/2325 1431/1738/2322 1862/4207/2324 1859/1758/2344
f 1430/1446/1988 1267/1441/1983 1850/4213/1986 1863/1739/2323
f 1294/1478/2024 1305/1492/2038 1870/4203/2064 1867/1479/2025
f 1304/1512/2060 1451/1514/2062 1874/4201/2361 1871/1515/2063
f 1450/1763/2349 1445/1760/2346 1878/4199/2348 1875/1774/2360
f 1444/1482/2028 1287/1477/2023 1866/4205/2026 1879/1761/2347
f 1302/1506/2054 1317/1508/2056 1886/4195/2088 1883/1510/2058
f 1316/1532/2084 1459/1534/2086 1890/4193/2377 1887/1535/2087
f 1458/1779/2365 1453/1776/2362 1894/4191/2364 1891/1790/2376
f 1452/1513/2061 1303/1509/2057 1882/4197/2059 1895/1777/2363
f 1314/1526/2078 1327/1528/2080 1902/4187/2110 1899/1530/2082
f 1326/1550/2106 1467/1552/2108 1906/4185/2393 1903/1553/2109
f 1466/1795/2381 1461/1792/2378 1910/4183/2380 1907/1806/2392
f 1460/1533/2085 1315/1529/2081 1898/4189/2083 1911/1793/2379
f 1324/1544/2100 1337/1546/2102 1918/4179/2132 1915/1548/2104
f 1336/1568/2128 1475/1570/2130 1922/4177/2409 1919/1571/2131
f 1474/1811/2397 1469/1808/2394 1926/4175/2396 1923/1822/2408
f 1468/1551/2107 1325/1547/2103 1914/4181/2105 1927/1809/2395
f 1334/1562/2122 1347/1564/2124 1934/4171/2154 1931/1566/2126
f 1346/1586/2150 1483/1588/2152 1938/4169/2425 1935/1589/2153
f 1482/1827/2413 1477/1824/2410 1942/4167/2412 1939/1838/2424
f 1476/1569/2129 1335/1565/2125 1930/4173/2127 1943/1825/2411
f 1344/1580/2144 1357/1582/2146 1950/4163/2176 1947/1584/2148
f 1356/1604/2172 1491/1606/2174 1954/4161/2441 1951/1607/2175
f 1490/1843/2429 1485/1840/2426 1958/4159/2428 1955/1854/2440
f 1484/1587/2151 1345/1583/2147 1946/4165/2149 1959/1841/2427
f 1354/1598/2166 1371/1600/2168 1966/4155/2206 1963/1602/2170
f 1370/1630/2202 1499/1632/2204 1970/4153/2457 1967/1633/2205
f 1498/1859/2445 1493/1856/2442 1974/4151/2444 1971/1870/2456
f 1492/1605/2173 1355/1601/2169 1962/4157/2171 1975/1857/2443
f 1368/1624/2196 1381/1626/2198 1982/4331/2227 1979/1628/2200
f 1380/1649/2223 1507/1651/2225 1986/4329/2473 1983/1652/2226
f 1506/1875/2461 1501/1872/2458 1990/4327/2460 1987/1886/2472
f 1500/1631/2203 1369/1627/2199 1978/4333/2201 1991/1873/2459
f 1386/1646/2220 1395/1660/2234 1998/4323/2255 1995/1647/2221
f 1394/1675/2251 1515/1677/2253 2002/4321/2489 1999/1678/2254
f 1514/1891/2477 1509/1888/2474 2006/4319/2476 2003/1902/2488
f 1508/1650/2224 1379/1645/2219 1994/4325/2222 2007/1889/2475
f 1400/1672/2248 1409/1686/2262 2014/4315/2283 2011/1673/2249
f 1408/1701/2279 1523/1703/2281 2018/4313/2505 2015/1704/2282
f 1522/1907/2493 1517/1904/2490 2022/4311/2492 2019/1918/2504
f 1516/1676/2252 1393/1671/2247 2010/4317/2250 2023/1905/2491
f 1414/1698/2276 1419/1712/2290 2030/4307/2301 2027/1699/2277
f 1424/1717/2299 1529/1722/2306 2034/4305/2515 2031/1718/2300
f 1528/1923/2509 1525/1920/2506 2038/4303/2508 2035/1928/2514
f 1524/1702/2280 1407/1697/2275 2026/4309/2278 2039/1921/2507
f 1438/1734/2318 1427/1730/2314 2046/4147/2316 2043/1744/2328
f 1426/1727/2311 1537/1729/2313 2050/4145/2533 2047/1731/2315
f 1536/1941/2529 1545/1943/2531 2054/4143/2546 2051/1944/2532
f 1544/1746/2331 1433/1743/2327 2042/4149/2329 2055/1955/2545
f 1432/1724/2308 1441/1742/2326 2062/4139/2343 2059/1725/2309
f 1440/1753/2339 1551/1755/2341 2066/4137/2557 2063/1756/2342
f 1550/1949/2537 1539/1946/2534 2070/4135/2536 2067/1966/2556
f 1538/1728/2312 1425/1723/2307 2058/4141/2310 2071/1947/2535
f 1446/1750/2336 1449/1764/2350 2078/4131/2359 2075/1751/2337
f 1448/1769/2355 1559/1771/2357 2082/4129/2573 2079/1772/2358
f 1558/1971/2561 1553/1968/2558 2086/4127/2560 2083/1982/2572
f 1552/1754/2340 1439/1749/2335 2074/4133/2338 2087/1969/2559
f 1454/1766/2352 1457/1780/2366 2094/4123/2375 2091/1767/2353
f 1456/1785/2371 1567/1787/2373 2098/4121/2589 2095/1788/2374
f 1566/1987/2577 1561/1984/2574 2102/4119/2576 2099/1998/2588
f 1560/1770/2356 1447/1765/2351 2090/4125/2354 2103/1985/2575
f 1462/1782/2368 1465/1796/2382 2110/4115/2391 2107/1783/2369
f 1464/1801/2387 1575/1803/2389 2114/4113/2605 2111/1804/2390
f 1574/2003/2593 1569/2000/2590 2118/4111/2592 2115/2014/2604
f 1568/1786/2372 1455/1781/2367 2106/4117/2370 2119/2001/2591
f 1470/1798/2384 1473/1812/2398 2126/4107/2407 2123/1799/2385
f 1472/1817/2403 1583/1819/2405 2130/4105/2621 2127/1820/2406
f 1582/2019/2609 1577/2016/2606 2134/4103/2608 2131/2030/2620
f 1576/1802/2388 1463/1797/2383 2122/4109/2386 2135/2017/2607
f 1478/1814/2400 1481/1828/2414 2142/4099/2423 2139/1815/2401
f 1480/1833/2419 1591/1835/2421 2146/4097/2637 2143/1836/2422
f 1590/2035/2625 1585/2032/2622 2150/4095/2624 2147/2046/2636
f 1584/1818/2404 1471/1813/2399 2138/4101/2402 2151/2033/2623
f 1486/1830/2416 1489/1844/2430 2158/4091/2439 2155/1831/2417
f 1488/1849/2435 1599/1851/2437 2162/4089/2653 2159/1852/2438
f 1598/2051/2641 1593/2048/2638 2166/4087/2640 2163/2062/2652
f 1592/1834/2420 1479/1829/2415 2154/4093/2418 2167/2049/2639
f 1494/1846/2432 1497/1860/2446 2174/4083/2455 2171/1847/2433
f 1496/1865/2451 1607/1867/2453 2178/4081/2669 2175/1868/2454
f 1606/2067/2657 1601/2064/2654 2182/4079/2656 2179/2078/2668
f 1600/1850/2436 1487/1845/2431 2170/4085/2434 2183/2065/2655
f 1502/1862/2448 1505/1876/2462 2190/4299/2471 2187/1863/2449
f 1504/1881/2467 1615/1883/2469 2194/4297/2685 2191/1884/2470
f 1614/2083/2673 1609/2080/2670 2198/4295/2672 2195/2094/2684
f 1608/1866/2452 1495/1861/2447 2186/4301/2450 2199/2081/2671
f 1510/1878/2464 1513/1892/2478 2206/4371/2487 2203/1879/2465
f 1512/1897/2483 1623/1899/2485 2210/4369/2701 2207/1900/2486
f 1622/2099/2689 1617/2096/2686 2214/4367/2688 2211/2110/2700
f 1616/1882/2468 1503/1877/2463 2202/4373/2466 2215/2097/2687
f 1518/1894/2480 1521/1908/2494 2222/4291/2503 2219/1895/2481
f 1520/1913/2499 1631/1915/2501 2226/4289/2717 2223/1916/2502
f 1630/2115/2705 1625/2112/2702 2230/4287/2704 2227/2126/2716
f 1624/1898/2484 1511/1893/2479 2218/4293/2482 2231/2113/2703
f 1526/1910/2496 1527/1924/2510 2238/4283/2513 2235/1911/2497
f 1532/1925/2511 1637/1930/2518 2242/4281/2727 2239/1926/2512
f 1636/2131/2721 1633/2128/2718 2246/4279/2720 2243/2136/2726
f 1632/1914/2500 1519/1909/2495 2234/4285/2498 2247/2129/2719
f 1546/1942/2530 1535/1938/2526 2254/4075/2528 2251/1952/2540
f 1534/1935/2523 1645/1937/2525 2258/4073/2744 2255/1939/2527
f 1644/2143/2742 1647/2144/2745 2262/4071/2748 2259/2145/2743
f 1650/1954/2746 1541/1951/2539 2250/4077/2541 2263/2147/2747
f 1540/1932/2520 1549/1950/2538 2270/4067/2555 2267/1933/2521
f 1548/1961/2551 1655/1963/2553 2274/4065/2758 2271/1964/2554
f 1654/2142/2756 1641/2139/2731 2278/4063/2733 2275/2153/2757
f 1646/1936/2524 1533/1931/2519 2266/4069/2522 2279/2140/2732
f 1554/1958/2548 1557/1972/2562 2286/4059/2571 2283/1959/2549
f 1556/1977/2567 1661/1979/2569 2290/4057/2768 2287/1980/2570
f 1660/2152/2766 1651/2149/2749 2294/4055/2751 2291/2159/2767
f 1656/1962/2552 1547/1957/2547 2282/4061/2550 2295/2150/2750
f 1562/1974/2564 1565/1988/2578 2302/4051/2587 2299/1975/2565
f 1564/1993/2583 1667/1995/2585 2306/4049/2778 2303/1996/2586
f 1666/2158/2776 1657/2155/2759 2310/4047/2761 2307/2165/2777
f 1662/1978/2568 1555/1973/2563 2298/4053/2566 2311/2156/2760
f 1570/1990/2580 1573/2004/2594 2318/4043/2603 2315/1991/2581
f 1572/2009/2599 1673/2011/2601 2322/4041/2788 2319/2012/2602
f 1672/2164/2786 1663/2161/2769 2326/4039/2771 2323/2171/2787
f 1668/1994/2584 1563/1989/2579 2314/4045/2582 2327/2162/2770
f 1578/2006/2596 1581/2020/2610 2334/4035/2619 2331/2007/2597
f 1580/2025/2615 1679/2027/2617 2338/4033/2798 2335/2028/2618
f 1678/2170/2796 1669/2167/2779 2342/4031/2781 2339/2177/2797
f 1674/2010/2600 1571/2005/2595 2330/4037/2598 2343/2168/2780
f 1586/2022/2612 1589/2036/2626 2350/4027/2635 2347/2023/2613
f 1588/2041/2631 1685/2043/2633 2354/4025/2808 2351/2044/2634
f 1684/2176/2806 1675/2173/2789 2358/4023/2791 2355/2183/2807
f 1680/2026/2616 1579/2021/2611 2346/4029/2614 2359/2174/2790
f 1594/2038/2628 1597/2052/2642 2366/4019/2651 2363/2039/2629
f 1596/2057/2647 1691/2059/2649 2370/4017/2818 2367/2060/2650
f 1690/2182/2816 1681/2179/2799 2374/4015/2801 2371/2189/2817
f 1686/2042/2632 1587/2037/2627 2362/4021/2630 2375/2180/2800
f 1602/2054/2644 1605/2068/2658 2382/4011/2667 2379/2055/2645
f 1604/2073/2663 1697/2075/2665 2386/4009/2828 2383/2076/2666
f 1696/2188/2826 1687/2185/2809 2390/4007/2811 2387/2195/2827
f 1692/2058/2648 1595/2053/2643 2378/4013/2646 2391/2186/2810
f 1610/2070/2660 1613/2084/2674 2398/4275/2683 2395/2071/2661
f 1612/2089/2679 1703/2091/2681 2402/4273/2838 2399/2092/2682
f 1702/2194/2836 1693/2191/2819 2406/4271/2821 2403/2201/2837
f 1698/2074/2664 1603/2069/2659 2394/4277/2662 2407/2192/2820
f 1618/2086/2676 1621/2100/2690 2414/4267/2699 2411/2087/2677
f 1620/2105/2695 1709/2107/2697 2418/4265/2848 2415/2108/2698
f 1708/2200/2846 1699/2197/2829 2422/4263/2831 2419/2207/2847
f 1704/2090/2680 1611/2085/2675 2410/4269/2678 2423/2198/2830
f 1626/2102/2692 1629/2116/2706 2430/4259/2715 2427/2103/2693
f 1628/2121/2711 1715/2123/2713 2434/4257/2858 2431/2124/2714
f 1714/2206/2856 1705/2203/2839 2438/4255/2841 2435/2213/2857
f 1710/2106/2696 1619/2101/2691 2426/4261/2694 2439/2204/2840
f 1634/2118/2708 1635/2132/2722 2446/4251/2725 2443/2119/2709
f 1640/2133/2723 1717/2138/2859 2450/4249/2862 2447/2134/2724
f 1720/2212/2860 1711/2209/2849 2454/4247/2851 2451/2215/2861
f 1716/2122/2712 1627/2117/2707 2442/4253/2710 2455/2210/2850
s off
f 1724/2218/6455 1725/2222/6456 2461/2225/6457 2458/2219/6458
f 1728/2223/6459 1729/2226/6460 2464/2229/6461 2462/2224/6462
f 1732/2227/6463 1733/2230/6464 2467/2232/6465 2465/2228/6466
f 1736/2221/6467 1721/2217/6468 2457/2220/6469 2468/2231/6470
f 1740/2234/6471 1741/2238/6472 2473/2241/6473 2470/2235/6474
f 1744/2239/6475 1745/2242/6476 2476/2245/6477 2474/2240/6478
f 1748/2243/6479 1749/2246/6480 2479/2248/6481 2477/2244/6482
f 1752/2237/6483 1737/2233/6484 2469/2236/6485 2480/2247/6486
f 1756/2250/6487 1757/2254/6488 2485/2257/6489 2482/2251/6490
f 1760/2255/6491 1761/2258/6492 2488/2261/6493 2486/2256/6494
f 1764/2259/6495 1765/2262/6496 2491/2264/6497 2489/2260/6498
f 1768/2253/6499 1753/2249/6500 2481/2252/6501 2492/2263/6502
f 1772/2266/6503 1773/2270/6504 2497/2273/6505 2494/2267/6506
f 1776/2271/6507 1777/2274/6508 2500/2277/6509 2498/2272/6510
f 1780/2275/6511 1781/2278/6512 2503/2280/6513 2501/2276/6514
f 1784/2269/6515 1769/2265/6516 2493/2268/6517 2504/2279/6518
f 1788/2282/6519 1789/2286/6520 2509/2289/6521 2506/2283/6522
f 1792/2287/6523 1793/2290/6524 2512/2293/6525 2510/2288/6526
f 1796/2291/6527 1797/2294/6528 2515/2296/6529 2513/2292/6530
f 1800/2285/6531 1785/2281/6532 2505/2284/6533 2516/2295/6534
f 1804/2298/6535 1805/2302/6536 2521/2305/6537 2518/2299/6538
f 1808/2303/6539 1809/2306/6540 2524/2309/6541 2522/2304/6542
f 1812/2307/6543 1813/2310/6544 2527/2312/6545 2525/2308/6546
f 1816/2301/6547 1801/2297/6548 2517/2300/6549 2528/2311/6550
f 1820/2314/6551 1821/2318/6552 2533/2321/6553 2530/2315/6554
f 1824/2319/6555 1825/2322/6556 2536/2325/6557 2534/2320/6558
f 1828/2323/6559 1829/2326/6560 2539/2328/6561 2537/2324/6562
f 1832/2317/6563 1817/2313/6564 2529/2316/6565 2540/2327/6566
f 1836/2330/6567 1837/2334/6568 2545/2337/6569 2542/2331/6570
f 1840/2335/6571 1841/2338/6572 2548/2341/6573 2546/2336/6574
f 1844/2339/6575 1845/2342/6576 2551/2344/6577 2549/2340/6578
f 1848/2333/6579 1833/2329/6580 2541/2332/6581 2552/2343/6582
f 1852/2346/6583 1853/2350/6584 2557/2353/6585 2554/2347/6586
f 1856/2351/6587 1857/2354/6588 2560/2357/6589 2558/2352/6590
f 1860/2355/6591 1861/2358/6592 2563/2360/6593 2561/2356/6594
f 1864/2349/6595 1849/2345/6596 2553/2348/6597 2564/2359/6598
f 1868/2362/6599 1869/2366/6600 2569/2369/6601 2566/2363/6602
f 1872/2367/6603 1873/2370/6604 2572/2373/6605 2570/2368/6606
f 1876/2371/6607 1877/2374/6608 2575/2376/6609 2573/2372/6610
f 1880/2365/6611 1865/2361/6612 2565/2364/6613 2576/2375/6614
f 1884/2378/6615 1885/2382/6616 2581/2385/6617 2578/2379/6618
f 1888/2383/6619 1889/2386/6620 2584/2389/6621 2582/2384/6622
f 1892/2387/6623 1893/2390/6624 2587/2392/6625 2585/2388/6626
f 1896/2381/6627 1881/2377/6628 2577/2380/6629 2588/2391/6630
f 1900/2394/6631 1901/2398/6632 2593/2401/6633 2590/2395/6634
f 1904/2399/6635 1905/2402/6636 2596/2405/6637 2594/2400/6638
f 1908/2403/6639 1909/2406/6640 2599/2408/6641 2597/2404/6642
f 1912/2397/6643 1897/2393/6644 2589/2396/6645 2600/2407/6646
f 1916/2410/6647 1917/2414/6648 2605/2417/6649 2602/2411/6650
f 1920/2415/6651 1921/2418/6652 2608/2421/6653 2606/2416/6654
f 1924/2419/6655 1925/2422/6656 2611/2424/6657 2609/2420/6658
f 1928/2413/6659 1913/2409/6660 2601/2412/6661 2612/2423/6662
f 1932/2426/6663 1933/2430/6664 2617/2433/6665 2614/2427/6666
f 1936/2431/6667 1937/2434/6668 2620/2437/6669 2618/2432/6670
f 1940/2435/6671 1941/2438/6672 2623/2440/6673 2621/2436/6674
f 1944/2429/6675 1929/2425/6676 2613/2428/6677 2624/2439/6678
f 1948/2442/6679 1949/2446/6680 2629/2449/6681 2626/2443/6682
f 1952/2447/6683 1953/2450/6684 2632/2453/6685 2630/2448/6686
f 1956/2451/6687 1957/2454/6688 2635/2456/6689 2633/2452/6690
f 1960/2445/6691 1945/2441/6692 2625/2444/6693 2636/2455/6694
f 1964/2458/6695 1965/2462/6696 2641/2465/6697 2638/2459/6698
f 1968/2463/6699 1969/2466/6700 2644/2469/6701 2642/2464/6702
f 1972/2467/6703 1973/2470/6704 2647/2472/6705 2645/2468/6706
f 1976/2461/6707 1961/2457/6708 2637/2460/6709 2648/2471/6710
f 1980/2474/6711 1981/2478/6712 2653/2481/6713 2650/2475/6714
f 1984/2479/6715 1985/2482/6716 2656/2485/6717 2654/2480/6718
f 1988/2483/6719 1989/2486/6720 2659/2488/6721 2657/2484/6722
f 1992/2477/6723 1977/2473/6724 2649/2476/6725 2660/2487/6726
f 1996/2490/6727 1997/2494/6728 2665/2497/6729 2662/2491/6730
f 2000/2495/6731 2001/2498/6732 2668/2501/6733 2666/2496/6734
f 2004/2499/6735 2005/2502/6736 2671/2504/6737 2669/2500/6738
f 2008/2493/6739 1993/2489/6740 2661/2492/6741 2672/2503/6742
f 2012/2506/6743 2013/2510/6744 2677/2513/6745 2674/2507/6746
f 2016/2511/6747 2017/2514/6748 2680/2517/6749 2678/2512/6750
f 2020/2515/6751 2021/2518/6752 2683/2520/6753 2681/2516/6754
f 2024/2509/6755 2009/2505/6756 2673/2508/6757 2684/2519/6758
f 2028/2522/6759 2029/2526/6760 2689/2529/6761 2686/2523/6762
f 2032/2527/6763 2033/2530/6764 2692/2533/6765 2690/2528/6766
f 2036/2531/6767 2037/2534/6768 2695/2536/6769 2693/2532/6770
f 2040/2525/6771 2025/2521/6772 2685/2524/6773 2696/2535/6774
f 2044/2538/6775 2045/2542/6776 2701/2545/6777 2698/2539/6778
f 2048/2543/6779 2049/2546/6780 2704/2549/6781 2702/2544/6782
f 2052/2547/6783 2053/2550/6784 2707/2552/6785 2705/2548/6786
f 2056/2541/6787 2041/2537/6788 2697/2540/6789 2708/2551/6790
f 2060/2554/6791 2061/2558/6792 2713/2561/6793 2710/2555/6794
f 2064/2559/6795 2065/2562/6796 2716/2565/6797 2714/2560/6798
f 2068/2563/6799 2069/2566/6800 2719/2568/6801 2717/2564/6802
f 2072/2557/6803 2057/2553/6804 2709/2556/6805 2720/2567/6806
f 2076/2570/6807 2077/2574/6808 2725/2577/6809 2722/2571/6810
f 2080/2575/6811 2081/2578/6812 2728/2581/6813 2726/2576/6814
f 2084/2579/6815 2085/2582/6816 2731/2584/6817 2729/2580/6818
f 2088/2573/6819 2073/2569/6820 2721/2572/6821 2732/2583/6822
f 2092/2586/6823 2093/2590/6824 2737/2593/6825 2734/2587/6826
f 2096/2591/6827 2097/2594/6828 2740/2597/6829 2738/2592/6830
f 2100/2595/6831 2101/2598/6832 2743/2600/6833 2741/2596/6834
f 2104/2589/6835 2089/2585/6836 2733/2588/6837 2744/2599/6838
f 2108/2602/6839 2109/2606/6840 2749/2609/6841 2746/2603/6842
f 2112/2607/6843 2113/2610/6844 2752/2613/6845 2750/2608/6846
f 2116/2611/6847 2117/2614/6848 2755/2616/6849 2753/2612/6850
f 2120/2605/6851 2105/2601/6852 2745/2604/6853 2756/2615/6854
f 2124/2618/6855 2125/2622/6856 2761/2625/6857 2758/2619/6858
f 2128/2623/6859 2129/2626/6860 2764/2629/6861 2762/2624/6862
f 2132/2627/6863 2133/2630/6864 2767/2632/6865 2765/2628/6866
f 2136/2621/6867 2121/2617/6868 2757/2620/6869 2768/2631/6870
f 2140/2634/6871 2141/2638/6872 2773/2641/6873 2770/2635/6874
f 2144/2639/6875 2145/2642/6876 2776/2645/6877 2774/2640/6878
f 2148/2643/6879 2149/2646/6880 2779/2648/6881 2777/2644/6882
f 2152/2637/6883 2137/2633/6884 2769/2636/6885 2780/2647/6886
f 2156/2650/6887 2157/2654/6888 2785/2657/6889 2782/2651/6890
f 2160/2655/6891 2161/2658/6892 2788/2661/6893 2786/2656/6894
f 2164/2659/6895 2165/2662/6896 2791/2664/6897 2789/2660/6898
f 2168/2653/6899 2153/2649/6900 2781/2652/6901 2792/2663/6902
f 2172/2666/6903 2173/2670/6904 2797/2673/6905 2794/2667/6906
f 2176/2671/6907 2177/2674/6908 2800/2677/6909 2798/2672/6910
f 2180/2675/6911 2181/2678/6912 2803/2680/6913 2801/2676/6914
f 2184/2669/6915 2169/2665/6916 2793/2668/6917 2804/2679/6918
f 2188/2682/6919 2189/2686/6920 2809/2689/6921 2806/2683/6922
f 2192/2687/6923 2193/2690/6924 2812/2693/6925 2810/2688/6926
f 2196/2691/6927 2197/2694/6928 2815/2696/6929 2813/2692/6930
f 2200/2685/6931 2185/2681/6932 2805/2684/6933 2816/2695/6934
f 2204/2698/6935 2205/2702/6936 2821/2705/6937 2818/2699/6938
f 2208/2703/6939 2209/2706/6940 2824/2709/6941 2822/2704/6942
f 2212/2707/6943 2213/2710/6944 2827/2712/6945 2825/2708/6946
f 2216/2701/6947 2201/2697/6948 2817/2700/6949 2828/2711/6950
f 2220/2714/6951 2221/2718/6952 2833/2721/6953 2830/2715/6954
f 2224/2719/6955 2225/2722/6956 2836/2725/6957 2834/2720/6958
f 2228/2723/6959 2229/2726/6960 2839/2728/6961 2837/2724/6962
f 2232/2717/6963 2217/2713/6964 2829/2716/6965 2840/2727/6966
f 2236/2730/6967 2237/2734/6968 2845/2737/6969 2842/2731/6970
f 2240/2735/6971 2241/2738/6972 2848/2741/6973 2846/2736/6974
f 2244/2739/6975 2245/2742/6976 2851/2744/6977 2849/2740/6978
f 2248/2733/6979 2233/2729/6980 2841/2732/6981 2852/2743/6982
f 2252/2746/6983 2253/2750/6984 2857/2753/6985 2854/2747/6986
f 2256/2751/6987 2257/2754/6988 2860/2757/6989 2858/2752/6990
f 2260/2755/6991 2261/2758/6992 2863/2760/6993 2861/2756/6994
f 2264/2749/6995 2249/2745/6996 2853/2748/6997 2864/2759/6998
f 2268/2762/6999 2269/2766/7000 2869/2769/7001 2866/2763/7002
f 2272/2767/7003 2273/2770/7004 2872/2773/7005 2870/2768/7006
f 2276/2771/7007 2277/2774/7008 2875/2776/7009 2873/2772/7010
f 2280/2765/7011 2265/2761/7012 2865/2764/7013 2876/2775/7014
f 2284/2778/7015 2285/2782/7016 2881/2785/7017 2878/2779/7018
f 2288/2783/7019 2289/2786/7020 2884/2789/7021 2882/2784/7022
f 2292/2787/7023 2293/2790/7024 2887/2792/7025 2885/2788/7026
f 2296/2781/7027 2281/2777/7028 2877/2780/7029 2888/2791/7030
f 2300/2794/7031 2301/2798/7032 2893/2801/7033 2890/2795/7034
f 2304/2799/7035 2305/2802/7036 2896/2805/7037 2894/2800/7038
f 2308/2803/7039 2309/2806/7040 2899/2808/7041 2897/2804/7042
f 2312/2797/7043 2297/2793/7044 2889/2796/7045 2900/2807/7046
f 2316/2810/7047 2317/2814/7048 2905/2817/7049 2902/2811/7050
f 2320/2815/7051 2321/2818/7052 2908/2821/7053 2906/2816/7054
f 2324/2819/7055 2325/2822/7056 2911/2824/7057 2909/2820/7058
f 2328/2813/7059 2313/2809/7060 2901/2812/7061 2912/2823/7062
f 2332/2826/7063 2333/2830/7064 2917/2833/7065 2914/2827/7066
f 2336/2831/7067 2337/2834/7068 2920/2837/7069 2918/2832/7070
f 2340/2835/7071 2341/2838/7072 2923/2840/7073 2921/2836/7074
f 2344/2829/7075 2329/2825/7076 2913/2828/7077 2924/2839/7078
f 2348/2842/7079 2349/2846/7080 2929/2849/7081 2926/2843/7082
f 2352/2847/7083 2353/2850/7084 2932/2853/7085 2930/2848/7086
f 2356/2851/7087 2357/2854/7088 2935/2856/7089 2933/2852/7090
f 2360/2845/7091 2345/2841/7092 2925/2844/7093 2936/2855/7094
f 2364/2858/7095 2365/2862/7096 2941/2865/7097 2938/2859/7098
f 2368/2863/7099 2369/2866/7100 2944/2869/7101 2942/2864/7102
f 2372/2867/7103 2373/2870/7104 2947/2872/7105 2945/2868/7106
f 2376/2861/7107 2361/2857/7108 2937/2860/7109 2948/2871/7110
f 2380/2874/7111 2381/2878/7112 2953/2881/7113 2950/2875/7114
f 2384/2879/7115 2385/2882/7116 2956/2885/7117 2954/2880/7118
f 2388/2883/7119 2389/2886/7120 2959/2888/7121 2957/2884/7122
f 2392/2877/7123 2377/2873/7124 2949/2876/7125 2960/2887/7126
f 2396/2890/7127 2397/2894/7128 2965/2897/7129 2962/2891/7130
f 2400/2895/7131 2401/2898/7132 2968/2901/7133 2966/2896/7134
f 2404/2899/7135 2405/2902/7136 2971/2904/7137 2969/2900/7138
f 2408/2893/7139 2393/2889/7140 2961/2892/7141 2972/2903/7142
f 2412/2906/7143 2413/2910/7144 2977/2913/7145 2974/2907/7146
f 2416/2911/7147 2417/2914/7148 2980/2917/7149 2978/2912/7150
f 2420/2915/7151 2421/2918/7152 2983/2920/7153 2981/2916/7154
f 2424/2909/7155 2409/2905/7156 2973/2908/7157 2984/2919/7158
f 2428/2922/7159 2429/2926/7160 2989/2929/7161 2986/2923/7162
f 2432/2927/7163 2433/2930/7164 2992/2933/7165 2990/2928/7166
f 2436/2931/7167 2437/2934/7168 2995/2936/7169 2993/2932/7170
f 2440/2925/7171 2425/2921/7172 2985/2924/7173 2996/2935/7174
f 2444/2938/7175 2445/2942/7176 3001/2945/7177 2998/2939/7178
f 2448/2943/7179 2449/2946/7180 3004/2949/7181 3002/2944/7182
f 2452/2947/7183 2453/2950/7184 3007/2952/7185 3005/2948/7186
f 2456/2941/7187 2441/2937/7188 2997/2940/7189 3008/2951/7190
s 113
f 1300/1494/2040 1309/1502/2067 3014/4003/2070 3011/1495/2041
f 1318/1507/2055 1301/1503/2051 3022/3997/2053 3019/1524/2076
f 1308/1498/2044 1295/1493/2039 3010/4005/2042 3023/1504/2052
f 1312/1519/2068 1319/1522/2089 3026/4001/2092 3015/1520/2069
f 1328/1527/2079 1313/1523/2075 3018/3999/2077 3031/1542/2098
f 1322/1537/2090 1329/1540/2111 3034/3995/2114 3027/1538/2091
f 1338/1545/2101 1323/1541/2097 3030/3993/2099 3039/1560/2120
f 1332/1555/2112 1339/1558/2133 3042/3991/2136 3035/1556/2113
f 1348/1563/2123 1333/1559/2119 3038/3989/2121 3047/1578/2142
f 1342/1573/2134 1349/1576/2155 3050/3987/2158 3043/1574/2135
f 1358/1581/2145 1343/1577/2141 3046/3985/2143 3055/1596/2164
f 1352/1591/2156 1359/1594/2177 3058/3983/2180 3051/1592/2157
f 1364/1609/2178 1365/1618/2190 3062/3979/2192 3059/1610/2179
f 1372/1599/2167 1353/1595/2163 3054/3981/2165 3063/1619/2191
s 174
f 3012/3138/7191 3013/3142/5083 3070/3145/5086 3066/3139/7192
s 175
f 3020/3148/5092 3021/3152/7193 3077/3154/7194 3073/3149/5093
s off
f 3024/3141/7195 3009/3137/7196 3065/3140/7197 3078/3153/7198
s 174
f 3016/3143/5084 3025/3146/5107 3081/3157/5110 3071/3144/5085
s 175
f 3032/3151/5116 3017/3147/5091 3072/3150/5094 3084/3160/5117
s 174
f 3028/3155/5108 3033/3158/5123 3089/3165/5126 3082/3156/5109
s 175
f 3040/3162/5132 3029/3159/5115 3083/3161/5118 3092/3168/5133
s 174
f 3036/3163/5124 3041/3166/5139 3097/3173/5142 3090/3164/5125
s 175
f 3048/3170/5148 3037/3167/5131 3091/3169/5134 3100/3176/5149
s 174
f 3044/3171/5140 3049/3174/5155 3105/3181/5158 3098/3172/5141
s 175
f 3056/3178/5164 3045/3175/5147 3099/3177/5150 3108/3184/5165
s 174
f 3052/3179/5156 3057/3182/7199 3112/3189/7200 3106/3180/5157
s off
f 3060/3187/7201 3061/3190/7202 3115/3192/7203 3113/3188/7204
s 175
f 3064/3186/7205 3053/3183/5163 3107/3185/5166 3116/3191/7206
s 38
f 149/212/7207 150/217/352 3122/4399/355 3118/213/7208
s 44
f 214/215/448 145/211/7209 3117/4401/7210 3129/285/449
s 38
f 153/218/353 154/221/360 3134/4397/363 3123/219/354
f 157/222/361 158/225/368 3142/4393/371 3135/223/362
f 161/226/369 162/229/376 3150/4391/379 3143/227/370
f 165/230/377 166/233/7211 3157/4389/7212 3151/231/378
s 45
f 170/234/7213 215/240/455 3161/4387/458 3158/235/7214
s 48
f 267/344/531 259/340/7215 3168/4381/7216 3164/349/532
s 44
f 263/287/7217 211/284/447 3128/4395/450 3169/341/7218
s 48
f 271/352/543 264/348/530 3163/4383/533 3171/357/544
f 275/360/555 268/356/542 3170/4379/545 3175/365/556
f 279/368/567 272/364/554 3174/4377/557 3179/373/568
s 45
f 218/289/456 280/295/7219 3183/4385/7220 3162/290/457
s 48
f 284/376/7221 276/372/566 3178/4375/569 3184/380/7222
s 202
g laptop
f 3312/3382/7223 3317/3384/5563 3321/3393/5566 3323/3385/7224
s 3
g textureEditorIsolateSelectSet laptop
f 624/827/1285 617/823/1284 3198/825/7225 3194/831/1292
s 36
f 620/753/1146 551/750/1141 3187/752/1144 3199/824/7226
s 202
g laptop
f 3316/3389/5564 3328/3391/5583 3332/3394/5586 3322/3392/5565
s 3
g textureEditorIsolateSelectSet laptop
f 628/834/1295 621/830/1291 3193/832/1293 3205/839/1300
s 202
g laptop
f 3327/3398/5584 3336/3400/5599 3340/3402/5602 3333/3401/5585
s 3
g textureEditorIsolateSelectSet laptop
f 632/842/1303 625/838/1299 3204/840/1301 3213/847/1308
s 202
g laptop
f 3335/3406/5600 3344/3408/5615 3348/3410/5618 3341/3409/5601
s 3
g textureEditorIsolateSelectSet laptop
f 636/850/1311 629/846/1307 3212/848/1309 3221/855/1316
s 202
g laptop
f 3343/3414/5616 3352/3416/5631 3356/3418/5634 3349/3417/5617
s 3
g textureEditorIsolateSelectSet laptop
f 640/858/1319 633/854/1315 3220/856/1317 3229/863/1324
s 202
g laptop
f 3351/3422/5632 3360/3424/5647 3364/3426/5650 3357/3425/5633
s 3
g textureEditorIsolateSelectSet laptop
f 644/866/1327 637/862/1323 3228/864/1325 3237/871/1332
s 202
g laptop
f 3359/3430/5648 3368/3432/5663 3372/3434/5666 3365/3433/5649
s 3
g textureEditorIsolateSelectSet laptop
f 648/874/1335 641/870/1331 3236/872/1333 3245/879/1340
s 202
g laptop
f 3367/3438/5664 3376/3440/5679 3380/3442/5682 3373/3441/5665
s 3
g textureEditorIsolateSelectSet laptop
f 652/882/1343 645/878/1339 3244/880/1341 3253/887/1348
s 202
g laptop
f 3375/3446/5680 3384/3448/5695 3388/3450/5698 3381/3449/5681
s 3
g textureEditorIsolateSelectSet laptop
f 656/890/1351 649/886/1347 3252/888/1349 3261/895/1356
s 202
g laptop
f 3383/3454/5696 3392/3456/5711 3396/3458/5714 3389/3457/5697
s 3
g textureEditorIsolateSelectSet laptop
f 660/898/1359 653/894/1355 3260/896/1357 3269/903/1364
s 202
g laptop
f 3391/3462/5712 3400/3464/5727 3404/3466/5730 3397/3465/5713
s 3
g textureEditorIsolateSelectSet laptop
f 664/906/1367 657/902/1363 3268/904/1365 3277/911/1372
s 202
g laptop
f 3399/3470/5728 3408/3472/5743 3412/3474/5746 3405/3473/5729
s 3
g textureEditorIsolateSelectSet laptop
f 668/914/1375 661/910/1371 3276/912/1373 3285/919/1380
s 202
g laptop
f 3407/3478/5744 3416/3480/5759 3420/3482/5762 3413/3481/5745
s 3
g textureEditorIsolateSelectSet laptop
f 672/922/1383 665/918/1379 3284/920/1381 3293/927/1388
s 202
g laptop
f 3415/3486/5760 3424/3488/5775 3428/3490/5778 3421/3489/5761
s 3
g textureEditorIsolateSelectSet laptop
f 676/930/1391 669/926/1387 3292/928/1389 3301/935/1396
s 202
g laptop
f 3423/3494/5776 3432/3860/7227 3434/3498/7228 3429/3497/5777
s 42
g textureEditorIsolateSelectSet laptop
f 614/815/1268 677/3898/1271 3309/3862/7229 3305/819/1273
s 3
f 680/938/1399 673/934/1395 3300/936/1397 3310/942/7230
s 235
g laptop
f 3567/3629/7231 3569/3631/6059 3574/3635/6062 3576/3630/7232
s 198
f 3192/3261/5357 3185/3257/5356 3324/3259/7233 3320/3265/5364
s 36
f 3188/751/1143 550/3785/1142 3313/749/7234 3325/3258/7235
s 235
f 3568/3632/6060 3580/3633/6075 3585/3636/6078 3575/3634/6061
s 198
f 3203/3268/5367 3189/3264/5363 3319/3266/5365 3331/3274/5380
s 235
f 3579/3637/6076 3588/3638/6087 3593/3640/6090 3586/3639/6077
s 198
f 3211/3277/5383 3200/3273/5379 3330/3275/5381 3339/3282/5392
s 235
f 3587/3641/6088 3596/3642/6099 3601/3644/6102 3594/3643/6089
s 198
f 3219/3285/5395 3208/3281/5391 3338/3283/5393 3347/3290/5404
s 235
f 3595/3645/6100 3604/3646/6111 3609/3648/6114 3602/3647/6101
s 198
f 3227/3293/5407 3216/3289/5403 3346/3291/5405 3355/3298/5416
s 235
f 3603/3649/6112 3612/3650/6123 3617/3652/6126 3610/3651/6113
s 198
f 3235/3301/5419 3224/3297/5415 3354/3299/5417 3363/3306/5428
s 235
f 3611/3653/6124 3620/3654/6135 3625/3656/6138 3618/3655/6125
s 198
f 3243/3309/5431 3232/3305/5427 3362/3307/5429 3371/3314/5440
s 235
f 3619/3657/6136 3628/3658/6147 3633/3660/6150 3626/3659/6137
s 198
f 3251/3317/5443 3240/3313/5439 3370/3315/5441 3379/3322/5452
s 235
f 3627/3661/6148 3636/3662/6159 3641/3664/6162 3634/3663/6149
s 198
f 3259/3325/5455 3248/3321/5451 3378/3323/5453 3387/3330/5464
s 235
f 3635/3665/6160 3644/3666/6171 3649/3668/6174 3642/3667/6161
s 198
f 3267/3333/5467 3256/3329/5463 3386/3331/5465 3395/3338/5476
s 235
f 3643/3669/6172 3652/3670/6183 3657/3672/6186 3650/3671/6173
s 198
f 3275/3341/5479 3264/3337/5475 3394/3339/5477 3403/3346/5488
s 235
f 3651/3673/6184 3660/3674/6195 3665/3676/6198 3658/3675/6185
s 198
f 3283/3349/5491 3272/3345/5487 3402/3347/5489 3411/3354/5500
s 235
f 3659/3677/6196 3668/3678/6207 3673/3680/6210 3666/3679/6197
s 198
f 3291/3357/5503 3280/3353/5499 3410/3355/5501 3419/3362/5512
s 235
f 3667/3681/6208 3676/3682/6219 3681/3684/6222 3674/3683/6209
s 198
f 3299/3365/5515 3288/3361/5511 3418/3363/5513 3427/3370/5524
s 235
f 3675/3685/6220 3683/3686/7236 3686/3688/7237 3682/3687/6221
s 42
f 615/3849/1272 3304/820/1274 3435/3378/7238 3431/821/7239
s 198
f 3307/3373/5527 3296/3369/5523 3426/3371/5525 3436/3377/7240
s 90
f 554/744/1134 555/755/1152 3442/758/1155 3439/745/1135
f 3318/3383/5556 3311/3379/5543 3450/3381/5546 3447/3387/5557
f 3314/748/5544 549/743/1133 3438/746/1136 3451/3380/5545
f 558/756/1153 559/759/1160 3454/762/1163 3443/757/1154
f 3329/3390/5576 3315/3386/5555 3446/3388/5558 3459/3396/5577
f 562/760/1161 563/763/1168 3462/766/1171 3455/761/1162
f 3337/3399/5592 3326/3395/5575 3458/3397/5578 3467/3404/5593
f 566/764/1169 567/767/1176 3470/770/1179 3463/765/1170
f 3345/3407/5608 3334/3403/5591 3466/3405/5594 3475/3412/5609
f 570/768/1177 571/771/1184 3478/774/1187 3471/769/1178
f 3353/3415/5624 3342/3411/5607 3474/3413/5610 3483/3420/5625
f 574/772/1185 575/775/1192 3486/778/1195 3479/773/1186
f 3361/3423/5640 3350/3419/5623 3482/3421/5626 3491/3428/5641
f 578/776/1193 579/779/1200 3494/782/1203 3487/777/1194
f 3369/3431/5656 3358/3427/5639 3490/3429/5642 3499/3436/5657
f 582/780/1201 583/783/1208 3502/786/1211 3495/781/1202
f 3377/3439/5672 3366/3435/5655 3498/3437/5658 3507/3444/5673
f 586/784/1209 587/787/1216 3510/790/1219 3503/785/1210
f 3385/3447/5688 3374/3443/5671 3506/3445/5674 3515/3452/5689
f 590/788/1217 591/791/1224 3518/794/1227 3511/789/1218
f 3393/3455/5704 3382/3451/5687 3514/3453/5690 3523/3460/5705
f 594/792/1225 595/795/1232 3526/798/1235 3519/793/1226
f 3401/3463/5720 3390/3459/5703 3522/3461/5706 3531/3468/5721
f 598/796/1233 599/799/1240 3534/802/1243 3527/797/1234
f 3409/3471/5736 3398/3467/5719 3530/3469/5722 3539/3476/5737
f 602/800/1241 603/803/1248 3542/806/1251 3535/801/1242
f 3417/3479/5752 3406/3475/5735 3538/3477/5738 3547/3484/5753
f 606/804/1249 607/807/1256 3550/810/1259 3543/805/1250
f 3425/3487/5768 3414/3483/5751 3546/3485/5754 3555/3492/5769
f 610/808/1257 611/811/1264 3558/814/1267 3551/809/1258
f 616/812/1265 3430/822/5783 3562/3500/5786 3559/813/1266
f 3433/3495/5784 3422/3491/5767 3554/3493/5770 3563/3499/5785
s 218
f 3440/3502/7241 3441/3506/5803 3570/3750/5806 3566/3503/7242
s 219
f 3448/3512/5812 3449/3856/7243 3577/3855/7244 3573/3513/5813
s off
f 3452/3505/7245 3437/3501/7246 3565/3752/7247 3578/3517/7248
s 218
f 3444/3507/5804 3453/3510/5827 3581/3748/5830 3571/3508/5805
s 219
f 3460/3515/5836 3445/3511/5811 3572/3746/5814 3584/3524/5837
s 218
f 3456/3519/5828 3461/3522/5843 3589/3742/5846 3582/3520/5829
s 219
f 3468/3526/5852 3457/3523/5835 3583/3740/5838 3592/3532/5853
s 218
f 3464/3527/5844 3469/3530/5859 3597/3738/5862 3590/3528/5845
s 219
f 3476/3534/5868 3465/3531/5851 3591/3736/5854 3600/3540/5869
s 218
f 3472/3535/5860 3477/3538/5875 3605/3734/5878 3598/3536/5861
s 219
f 3484/3542/5884 3473/3539/5867 3599/3732/5870 3608/3548/5885
s 218
f 3480/3543/5876 3485/3546/5891 3613/3730/5894 3606/3544/5877
s 219
f 3492/3550/5900 3481/3547/5883 3607/3728/5886 3616/3556/5901
s 218
f 3488/3551/5892 3493/3554/5907 3621/3726/5910 3614/3552/5893
s 219
f 3500/3558/5916 3489/3555/5899 3615/3724/5902 3624/3564/5917
s 218
f 3496/3559/5908 3501/3562/5923 3629/3722/5926 3622/3560/5909
s 219
f 3508/3566/5932 3497/3563/5915 3623/3720/5918 3632/3572/5933
s 218
f 3504/3567/5924 3509/3570/5939 3637/3718/5942 3630/3568/5925
s 219
f 3516/3574/5948 3505/3571/5931 3631/3716/5934 3640/3580/5949
s 218
f 3512/3575/5940 3517/3578/5955 3645/3714/5958 3638/3576/5941
s 219
f 3524/3582/5964 3513/3579/5947 3639/3712/5950 3648/3588/5965
s 218
f 3520/3583/5956 3525/3586/5971 3653/3710/5974 3646/3584/5957
s 219
f 3532/3590/5980 3521/3587/5963 3647/3708/5966 3656/3596/5981
s 218
f 3528/3591/5972 3533/3594/5987 3661/3706/5990 3654/3592/5973
s 219
f 3540/3598/5996 3529/3595/5979 3655/3704/5982 3664/3604/5997
s 218
f 3536/3599/5988 3541/3602/6003 3669/3702/6006 3662/3600/5989
s 219
f 3548/3606/6012 3537/3603/5995 3663/3700/5998 3672/3612/6013
s 218
f 3544/3607/6004 3549/3610/6019 3677/3698/6022 3670/3608/6005
s 219
f 3556/3614/6028 3545/3611/6011 3671/3696/6014 3680/3620/6029
s 218
f 3552/3859/6020 3557/3618/7249 3684/3694/7250 3678/3616/6021
s off
f 3560/3623/7251 3561/3852/7252 3687/3851/7253 3685/3624/7254
s 219
f 3564/3622/7255 3553/3619/6027 3679/3692/6030 3688/3627/7256
s off
g textureEditorIsolateSelectSet laptop
f 1/1/7257 2/5/7258 3/2/7259
s 2
f 4/10/18 5/13/17 6/7/8 7/6/7
f 8/18/30 9/21/29 10/15/20 11/14/19
f 12/26/42 13/29/41 14/23/32 15/22/31
f 16/34/54 17/37/53 18/31/44 19/30/43
f 20/42/66 21/45/65 22/39/56 23/38/55
f 24/50/78 25/53/77 26/47/68 27/46/67
f 28/58/90 29/61/89 30/55/80 31/54/79
f 32/66/102 33/69/101 34/63/92 35/62/91
f 36/74/114 37/77/113 38/71/104 39/70/103
f 40/82/126 41/85/125 42/79/116 43/78/115
f 44/90/138 45/93/137 46/87/128 47/86/127
f 48/98/150 49/101/149 50/95/140 51/94/139
f 52/106/162 53/109/161 54/103/152 55/102/151
f 56/114/174 57/117/173 58/111/164 59/110/163
s off
f 60/3974/7260 61/119/7261 62/118/7262
f 63/3971/7263 64/8/7264 65/127/7265
s 20
f 66/3969/196 67/17/195 68/16/202 69/131/201
f 70/3967/204 71/25/203 72/24/210 73/135/209
f 74/3965/212 75/33/211 76/32/218 77/139/217
f 78/3963/220 79/41/219 80/40/226 81/143/225
f 82/3961/228 83/49/227 84/48/234 85/147/233
f 86/3959/236 87/57/235 88/56/242 89/151/241
f 90/3957/244 91/65/243 92/64/250 93/155/249
f 94/3955/252 95/73/251 96/72/258 97/159/257
f 98/3953/260 99/81/259 100/80/266 101/163/265
f 102/3951/268 103/89/267 104/88/274 105/167/273
f 106/3949/276 107/97/275 108/96/282 109/171/281
f 110/3947/284 111/105/283 112/104/290 113/175/289
f 114/3945/292 115/113/291 116/112/298 117/179/297
f 118/3943/300 119/121/299 120/120/306 121/183/305
s off
f 122/3940/7266 123/126/7267 124/3975/7268
s 19
f 125/129/192 126/3938/191 127/3937/321 128/189/320
s 21
f 129/192/319 130/133/200 131/132/199 132/195/324
f 133/198/327 134/137/208 135/136/207 136/199/328
f 137/202/331 138/141/216 139/140/215 140/203/332
f 141/206/335 142/145/224 143/144/223 144/207/336
s 37
f 145/211/345 146/210/344 147/149/7269 148/148/349 149/212/348
f 150/217/351 151/153/350 152/152/357 153/218/356
f 154/221/359 155/157/358 156/156/365 157/222/364
f 158/225/367 159/161/366 160/160/373 161/226/372
f 162/229/375 163/165/374 164/164/381 165/230/380
f 166/233/383 167/169/382 168/168/7270 169/237/391 170/234/390
s 21
f 171/238/389 172/173/280 173/172/279 174/241/394
f 175/244/397 176/177/288 177/176/287 178/245/398
f 179/248/401 180/181/296 181/180/295 182/249/402
f 183/252/405 184/185/304 185/184/303 186/253/406
s 35
f 187/257/416 188/256/415 189/188/312 190/187/311
s 19
f 191/194/323 192/3933/322 193/3932/427 194/261/426
s 21
f 195/265/425 196/197/326 197/196/325 198/268/430
f 199/271/433 200/201/330 201/200/329 202/272/434
f 203/275/437 204/205/334 205/204/333 206/276/438
f 207/279/441 208/209/338 209/208/337 210/280/442
s 37
f 211/284/452 212/283/451 213/216/347 214/215/346
f 215/240/393 216/239/392 217/292/463 218/289/462
s 21
f 219/293/461 220/243/396 221/242/395 222/296/466
f 223/299/469 224/247/400 225/246/399 226/300/470
f 227/303/473 228/251/404 229/250/403 230/304/474
f 231/307/477 232/255/408 233/254/407 234/308/478
s 35
f 235/312/488 236/311/487 237/260/418 238/259/417
s 19
f 239/267/429 240/3929/428 241/3928/499 242/317/498
s 21
f 243/321/497 244/270/432 245/269/431 246/324/502
f 247/327/505 248/274/436 249/273/435 250/328/506
f 251/331/509 252/278/440 253/277/439 254/332/510
f 255/335/513 256/282/444 257/281/443 258/336/514
s 37
f 259/340/524 260/343/523 261/339/7271 262/288/454 263/287/453
f 264/348/535 265/351/534 266/345/526 267/344/525
f 268/356/547 269/359/546 270/353/537 271/352/536
f 272/364/559 273/367/558 274/361/549 275/360/548
f 276/372/571 277/375/570 278/369/561 279/368/560
f 280/295/465 281/294/464 282/382/7272 283/377/573 284/376/572
s 21
f 285/383/584 286/298/468 287/297/467 288/386/588
f 289/389/591 290/302/472 291/301/471 292/390/592
f 293/393/595 294/306/476 295/305/475 296/394/596
f 297/397/599 298/310/480 299/309/479 300/398/600
s 35
f 301/402/610 302/401/609 303/316/490 304/315/489
s 19
f 305/323/501 306/3925/500 307/3924/621 308/407/620
s 54
f 309/414/629 310/411/628 311/326/7273 312/325/633 313/415/632
f 314/420/635 315/330/634 316/329/641 317/421/640
f 318/424/643 319/334/642 320/333/649 321/425/648
f 322/428/651 323/338/650 324/337/657 325/429/656
f 326/432/659 327/347/658 328/346/665 329/433/664
f 330/436/667 331/355/666 332/354/673 333/437/672
f 334/440/675 335/363/674 336/362/681 337/441/680
f 338/444/683 339/371/682 340/370/689 341/445/688
f 342/448/691 343/379/690 344/378/697 345/449/696
f 346/452/699 347/385/698 348/384/705 349/453/704
f 350/456/707 351/388/706 352/387/713 353/457/712
f 354/460/715 355/392/714 356/391/721 357/461/720
f 358/464/723 359/396/722 360/395/729 361/465/728
f 362/468/731 363/400/730 364/399/7274 365/472/740 366/469/739
s 35
f 367/476/748 368/473/747 369/406/612 370/405/611
s 19
f 371/413/623 372/3921/622 373/3920/760 374/481/759
s 54
f 375/488/768 376/485/767 377/419/631 378/418/630
f 379/475/742 380/474/741 381/496/780 382/493/779
s 35
f 383/500/788 384/497/787 385/480/750 386/479/749
s 19
f 387/487/762 388/3917/761 389/3916/800 390/505/799
s 54
f 391/512/808 392/509/807 393/492/770 394/491/769
f 395/499/782 396/498/781 397/520/820 398/517/819
s 35
f 399/524/828 400/521/827 401/504/790 402/503/789
s 19
f 403/511/802 404/3913/801 405/3912/840 406/529/839
s 54
f 407/536/848 408/533/847 409/516/810 410/515/809
f 411/523/822 412/522/821 413/544/860 414/541/859
s 35
f 415/548/868 416/545/867 417/528/830 418/527/829
s 19
f 419/535/842 420/3909/841 421/3908/880 422/553/879
s 54
f 423/560/888 424/563/887 425/557/7275 426/540/850 427/539/849
f 428/568/899 429/571/898 430/565/890 431/564/889
f 432/576/911 433/579/910 434/573/901 435/572/900
f 436/584/923 437/587/922 438/581/913 439/580/912
f 440/592/935 441/595/934 442/589/925 443/588/924
f 444/600/947 445/603/946 446/597/937 447/596/936
f 448/608/959 449/611/958 450/605/949 451/604/948
f 452/616/971 453/619/970 454/613/961 455/612/960
f 456/624/983 457/627/982 458/621/973 459/620/972
f 460/632/995 461/635/994 462/629/985 463/628/984
f 464/640/1007 465/643/1006 466/637/997 467/636/996
f 468/648/1019 469/651/1018 470/645/1009 471/644/1008
f 472/656/1031 473/659/1030 474/653/1021 475/652/1020
f 476/547/862 477/546/861 478/666/7276 479/661/1033 480/660/1032
s 35
f 481/670/1054 482/667/1053 483/552/870 484/551/869
s 19
f 485/559/882 486/3977/881 487/3976/1065 488/675/1064
s 21
f 489/679/1063 490/567/893 491/566/892 492/682/1068
f 493/685/1071 494/575/905 495/574/904 496/686/1072
f 497/689/1075 498/583/917 499/582/916 500/690/1076
f 501/693/1079 502/591/929 503/590/928 504/694/1080
f 505/697/1083 506/599/941 507/598/940 508/698/1084
f 509/701/1087 510/607/953 511/606/952 512/702/1088
f 513/705/1091 514/615/965 515/614/964 516/706/1092
f 517/709/1095 518/623/977 519/622/976 520/710/1096
f 521/713/1099 522/631/989 523/630/988 524/714/1100
f 525/717/1103 526/639/1001 527/638/1000 528/718/1104
f 529/721/1107 530/647/1013 531/646/1012 532/722/1108
f 533/725/1111 534/655/1025 535/654/1024 536/726/1112
f 537/729/1115 538/663/1037 539/662/1036 540/730/1116
f 541/733/1119 542/669/1048 543/668/1047 544/734/1120
s 35
f 545/738/1130 546/737/1129 547/674/1056 548/673/1055
s 91
g laptop
f 549/743/1138 550/3850/1137 553/680/7277 554/744/7278
s 93
f 555/755/1151 556/684/1150 557/3812/1157 558/756/1156
f 559/759/1159 560/688/1158 561/3810/1165 562/760/1164
f 563/763/1167 564/692/1166 565/3808/1173 566/764/1172
f 567/767/1175 568/696/1174 569/3806/1181 570/768/1180
f 571/771/1183 572/700/1182 573/3804/1189 574/772/1188
f 575/775/1191 576/704/1190 577/3802/1197 578/776/1196
f 579/779/1199 580/708/1198 581/3800/1205 582/780/1204
f 583/783/1207 584/712/1206 585/3798/1213 586/784/1212
f 587/787/1215 588/716/1214 589/3796/1221 590/788/1220
f 591/791/1223 592/720/1222 593/3794/1229 594/792/1228
f 595/795/1231 596/724/1230 597/3792/1237 598/796/1236
f 599/799/1239 600/728/1238 601/3790/1245 602/800/1244
f 603/803/1247 604/732/1246 605/3788/1253 606/804/1252
f 607/807/1255 608/736/1254 609/3787/1261 610/808/1260
s 109
f 615/818/1276 616/812/1275 611/811/7279 612/3815/7280
s 1
g textureEditorIsolateSelectSet laptop
f 617/823/1279 618/826/1288 619/754/1287 620/3901/1280
s 3
f 621/830/1291 622/833/1294 623/828/1286 624/827/1285
f 625/838/1299 626/841/1302 627/835/1296 628/834/1295
f 629/846/1307 630/849/1310 631/843/1304 632/842/1303
f 633/854/1315 634/857/1318 635/851/1312 636/850/1311
f 637/862/1323 638/865/1326 639/859/1320 640/858/1319
f 641/870/1331 642/873/1334 643/867/1328 644/866/1327
f 645/878/1339 646/881/1342 647/875/1336 648/874/1335
f 649/886/1347 650/889/1350 651/883/1344 652/882/1343
f 653/894/1355 654/897/1358 655/891/1352 656/890/1351
f 657/902/1363 658/905/1366 659/899/1360 660/898/1359
f 661/910/1371 662/913/1374 663/907/1368 664/906/1367
f 665/918/1379 666/921/1382 667/915/1376 668/914/1375
f 669/926/1387 670/929/1390 671/923/1384 672/922/1383
f 673/934/1395 674/937/1398 675/931/1392 676/930/1391
s 18
f 677/817/1403 678/3896/1408 679/939/1407 680/938/1404
s 1
f 681/3899/1290 682/829/1289 683/945/1415 684/677/1414
s 3
f 685/946/1413 686/837/1298 687/836/1297 688/948/1418
f 689/951/1421 690/845/1306 691/844/1305 692/952/1422
f 693/955/1425 694/853/1314 695/852/1313 696/956/1426
f 697/959/1429 698/861/1322 699/860/1321 700/960/1430
f 701/963/1433 702/869/1330 703/868/1329 704/964/1434
f 705/967/1437 706/877/1338 707/876/1337 708/968/1438
f 709/971/1441 710/885/1346 711/884/1345 712/972/1442
f 713/975/1445 714/893/1354 715/892/1353 716/976/1446
f 717/979/1449 718/901/1362 719/900/1361 720/980/1450
f 721/983/1453 722/909/1370 723/908/1369 724/984/1454
f 725/987/1457 726/917/1378 727/916/1377 728/988/1458
f 729/991/1461 730/925/1386 731/924/1385 732/992/1462
f 733/995/1465 734/933/1394 735/932/1393 736/996/1466
f 737/999/1469 738/941/1402 739/940/1401 740/1000/1470
s 18
f 741/3892/1476 742/1003/1475 743/944/1410 744/740/1409
s 1
f 745/3894/1417 746/947/1416 747/1005/1483 748/555/1482
s 3
f 749/1006/1481 750/950/1420 751/949/1419 752/1008/1486
f 753/1011/1489 754/954/1424 755/953/1423 756/1012/1490
f 757/1015/1493 758/958/1428 759/957/1427 760/1016/1494
f 761/1019/1497 762/962/1432 763/961/1431 764/1020/1498
f 765/1023/1501 766/966/1436 767/965/1435 768/1024/1502
f 769/1027/1505 770/970/1440 771/969/1439 772/1028/1506
f 773/1031/1509 774/974/1444 775/973/1443 776/1032/1510
f 777/1035/1513 778/978/1448 779/977/1447 780/1036/1514
f 781/1039/1517 782/982/1452 783/981/1451 784/1040/1518
f 785/1043/1521 786/986/1456 787/985/1455 788/1044/1522
f 789/1047/1525 790/990/1460 791/989/1459 792/1048/1526
f 793/1051/1529 794/994/1464 795/993/1463 796/1052/1530
f 797/1055/1533 798/998/1468 799/997/1467 800/1056/1534
f 801/1059/1537 802/1002/1472 803/1001/1471 804/1060/1538
s 18
f 805/3888/1544 806/1063/1543 807/1004/1478 808/672/1477
s 1
f 809/3890/1485 810/1007/1484 811/1065/1551 812/531/1550
s 3
f 813/1066/1549 814/1010/1488 815/1009/1487 816/1068/1554
f 817/1071/1557 818/1014/1492 819/1013/1491 820/1072/1558
f 821/1075/1561 822/1018/1496 823/1017/1495 824/1076/1562
f 825/1079/1565 826/1022/1500 827/1021/1499 828/1080/1566
f 829/1083/1569 830/1026/1504 831/1025/1503 832/1084/1570
f 833/1087/1573 834/1030/1508 835/1029/1507 836/1088/1574
f 837/1091/1577 838/1034/1512 839/1033/1511 840/1092/1578
f 841/1095/1581 842/1038/1516 843/1037/1515 844/1096/1582
f 845/1099/1585 846/1042/1520 847/1041/1519 848/1100/1586
f 849/1103/1589 850/1046/1524 851/1045/1523 852/1104/1590
f 853/1107/1593 854/1050/1528 855/1049/1527 856/1108/1594
f 857/1111/1597 858/1054/1532 859/1053/1531 860/1112/1598
f 861/1115/1601 862/1058/1536 863/1057/1535 864/1116/1602
f 865/1119/1605 866/1062/1540 867/1061/1539 868/1120/1606
s 18
f 869/3884/1612 870/1123/1611 871/1064/1546 872/550/1545
s 1
f 873/3886/1553 874/1067/1552 875/1125/1619 876/507/1618
s 3
f 877/1126/1617 878/1070/1556 879/1069/1555 880/1128/1622
f 881/1131/1625 882/1074/1560 883/1073/1559 884/1132/1626
f 885/1135/1629 886/1078/1564 887/1077/1563 888/1136/1630
f 889/1139/1633 890/1082/1568 891/1081/1567 892/1140/1634
f 893/1143/1637 894/1086/1572 895/1085/1571 896/1144/1638
f 897/1147/1641 898/1090/1576 899/1089/1575 900/1148/1642
f 901/1151/1645 902/1094/1580 903/1093/1579 904/1152/1646
f 905/1155/1649 906/1098/1584 907/1097/1583 908/1156/1650
f 909/1159/1653 910/1102/1588 911/1101/1587 912/1160/1654
f 913/1163/1657 914/1106/1592 915/1105/1591 916/1164/1658
f 917/1167/1661 918/1110/1596 919/1109/1595 920/1168/1662
f 921/1171/1665 922/1114/1600 923/1113/1599 924/1172/1666
f 925/1175/1669 926/1118/1604 927/1117/1603 928/1176/1670
f 929/1179/1673 930/1122/1608 931/1121/1607 932/1180/1674
s 18
f 933/3880/1680 934/1183/1679 935/1124/1614 936/526/1613
s 1
f 937/3882/1621 938/1127/1620 939/1185/1687 940/483/1686
s 3
f 941/1186/1685 942/1130/1624 943/1129/1623 944/1188/1690
f 945/1191/1693 946/1134/1628 947/1133/1627 948/1192/1694
f 949/1195/1697 950/1138/1632 951/1137/1631 952/1196/1698
f 953/1199/1701 954/1142/1636 955/1141/1635 956/1200/1702
f 957/1203/1705 958/1146/1640 959/1145/1639 960/1204/1706
f 961/1207/1709 962/1150/1644 963/1149/1643 964/1208/1710
f 965/1211/1713 966/1154/1648 967/1153/1647 968/1212/1714
f 969/1215/1717 970/1158/1652 971/1157/1651 972/1216/1718
f 973/1219/1721 974/1162/1656 975/1161/1655 976/1220/1722
f 977/1223/1725 978/1166/1660 979/1165/1659 980/1224/1726
f 981/1227/1729 982/1170/1664 983/1169/1663 984/1228/1730
f 985/1231/1733 986/1174/1668 987/1173/1667 988/1232/1734
f 989/1235/1737 990/1178/1672 991/1177/1671 992/1236/1738
f 993/1239/1741 994/1182/1676 995/1181/1675 996/1240/1742
s 18
f 997/3876/1748 998/1243/1747 999/1184/1682 1000/502/1681
s 1
f 1001/3878/1689 1002/1187/1688 1003/1245/1755 1004/409/1754
s 3
f 1005/1246/1753 1006/1190/1692 1007/1189/1691 1008/1248/1758
f 1009/1251/1761 1010/1194/1696 1011/1193/1695 1012/1252/1762
f 1013/1255/1765 1014/1198/1700 1015/1197/1699 1016/1256/1766
f 1017/1259/1769 1018/1202/1704 1019/1201/1703 1020/1260/1770
f 1021/1263/1773 1022/1206/1708 1023/1205/1707 1024/1264/1774
f 1025/1267/1777 1026/1210/1712 1027/1209/1711 1028/1268/1778
f 1029/1271/1781 1030/1214/1716 1031/1213/1715 1032/1272/1782
f 1033/1275/1785 1034/1218/1720 1035/1217/1719 1036/1276/1786
f 1037/1279/1789 1038/1222/1724 1039/1221/1723 1040/1280/1790
f 1041/1283/1793 1042/1226/1728 1043/1225/1727 1044/1284/1794
f 1045/1287/1797 1046/1230/1732 1047/1229/1731 1048/1288/1798
f 1049/1291/1801 1050/1234/1736 1051/1233/1735 1052/1292/1802
f 1053/1295/1805 1054/1238/1740 1055/1237/1739 1056/1296/1806
f 1057/1299/1809 1058/1242/1744 1059/1241/1743 1060/1300/1810
s 18
f 1061/3872/1816 1062/1303/1815 1063/1244/1750 1064/478/1749
s 1
f 1065/3874/1757 1066/1247/1756 1067/1305/1823 1068/319/1822
s 3
f 1069/1306/1821 1070/1250/1760 1071/1249/1759 1072/1308/1826
f 1073/1311/1829 1074/1254/1764 1075/1253/1763 1076/1312/1830
f 1077/1315/1833 1078/1258/1768 1079/1257/1767 1080/1316/1834
f 1081/1319/1837 1082/1262/1772 1083/1261/1771 1084/1320/1838
f 1085/1323/1841 1086/1266/1776 1087/1265/1775 1088/1324/1842
f 1089/1327/1845 1090/1270/1780 1091/1269/1779 1092/1328/1846
f 1093/1331/1849 1094/1274/1784 1095/1273/1783 1096/1332/1850
f 1097/1335/1853 1098/1278/1788 1099/1277/1787 1100/1336/1854
f 1101/1339/1857 1102/1282/1792 1103/1281/1791 1104/1340/1858
f 1105/1343/1861 1106/1286/1796 1107/1285/1795 1108/1344/1862
f 1109/1347/1865 1110/1290/1800 1111/1289/1799 1112/1348/1866
f 1113/1351/1869 1114/1294/1804 1115/1293/1803 1116/1352/1870
f 1117/1355/1873 1118/1298/1808 1119/1297/1807 1120/1356/1874
f 1121/1359/1877 1122/1302/1812 1123/1301/1811 1124/1360/1878
s 18
f 1125/3868/1884 1126/1363/1883 1127/1304/1818 1128/404/1817
s 1
f 1129/3870/1825 1130/1307/1824 1131/1365/1891 1132/263/1890
s 3
f 1133/1366/1889 1134/1310/1828 1135/1309/1827 1136/1368/1894
f 1137/1371/1897 1138/1314/1832 1139/1313/1831 1140/1372/1898
f 1141/1375/1901 1142/1318/1836 1143/1317/1835 1144/1376/1902
f 1145/1379/1905 1146/1322/1840 1147/1321/1839 1148/1380/1906
f 1149/1383/1909 1150/1326/1844 1151/1325/1843 1152/1384/1910
f 1153/1387/1913 1154/1330/1848 1155/1329/1847 1156/1388/1914
f 1157/1391/1917 1158/1334/1852 1159/1333/1851 1160/1392/1918
f 1161/1395/1921 1162/1338/1856 1163/1337/1855 1164/1396/1922
f 1165/1399/1925 1166/1342/1860 1167/1341/1859 1168/1400/1926
f 1169/1403/1929 1170/1346/1864 1171/1345/1863 1172/1404/1930
f 1173/1407/1933 1174/1350/1868 1175/1349/1867 1176/1408/1934
f 1177/1411/1937 1178/1354/1872 1179/1353/1871 1180/1412/1938
f 1181/1415/1941 1182/1358/1876 1183/1357/1875 1184/1416/1942
f 1185/1419/1945 1186/1362/1880 1187/1361/1879 1188/1420/1946
s 18
f 1189/3864/1952 1190/1423/1951 1191/1364/1886 1192/314/1885
s 1
f 1193/3866/1893 1194/1367/1892 1195/4/4 1196/3939/3
s 3
f 1197/11/15 1198/1370/1896 1199/1369/1895 1200/12/16
f 1201/19/27 1202/1374/1900 1203/1373/1899 1204/20/28
f 1205/27/39 1206/1378/1904 1207/1377/1903 1208/28/40
f 1209/35/51 1210/1382/1908 1211/1381/1907 1212/36/52
f 1213/43/63 1214/1386/1912 1215/1385/1911 1216/44/64
f 1217/51/75 1218/1390/1916 1219/1389/1915 1220/52/76
f 1221/59/87 1222/1394/1920 1223/1393/1919 1224/60/88
f 1225/67/99 1226/1398/1924 1227/1397/1923 1228/68/100
f 1229/75/111 1230/1402/1928 1231/1401/1927 1232/76/112
f 1233/83/123 1234/1406/1932 1235/1405/1931 1236/84/124
f 1237/91/135 1238/1410/1936 1239/1409/1935 1240/92/136
f 1241/99/147 1242/1414/1940 1243/1413/1939 1244/100/148
f 1245/107/159 1246/1418/1944 1247/1417/1943 1248/108/160
f 1249/115/171 1250/1422/1948 1251/1421/1947 1252/116/172
s 18
f 1253/124/184 1254/123/183 1255/1424/1954 1256/258/1953
s 113
f 1257/1425/7281 1258/417/7282 1259/416/1968 1260/1426/1967
f 1261/1431/1971 1262/1435/1975 1263/1430/1970 1264/423/1969 1265/422/1980 1266/1432/1972
f 1267/1441/1983 1268/1445/1987 1269/1448/1990 1270/1451/1993 1271/1437/1977 1272/1436/1976 1273/1456/1998 1274/1442/1984
f 1275/1461/2003 1276/490/2006 1277/489/1966 1278/1429/1965 1279/1453/1995 1280/1452/1994
f 1281/1467/2011 1282/1471/2015 1283/1440/1982 1284/427/1981 1285/426/2020 1286/1468/2012
f 1287/1477/2023 1288/1481/2027 1289/1460/2002 1290/1459/2001 1291/1473/2017 1292/1472/2016 1293/1488/2034 1294/1478/2024
f 1295/1493/2039 1296/1497/2043 1297/1476/2022 1298/431/2021 1299/430/2048 1300/1494/2040
f 1301/1503/2051 1302/1506/2054 1303/1509/2057 1304/1512/2060 1305/1492/2038 1306/1491/2037 1307/1499/2045 1308/1498/2044
f 1309/1502/2050 1310/435/2049 1311/434/2072 1312/1519/2071
f 1313/1523/2075 1314/1526/2078 1315/1529/2081 1316/1532/2084 1317/1508/2056 1318/1507/2055
f 1319/1522/2074 1320/439/2073 1321/438/2094 1322/1537/2093
f 1323/1541/2097 1324/1544/2100 1325/1547/2103 1326/1550/2106 1327/1528/2080 1328/1527/2079
f 1329/1540/2096 1330/443/2095 1331/442/2116 1332/1555/2115
f 1333/1559/2119 1334/1562/2122 1335/1565/2125 1336/1568/2128 1337/1546/2102 1338/1545/2101
f 1339/1558/2118 1340/447/2117 1341/446/2138 1342/1573/2137
f 1343/1577/2141 1344/1580/2144 1345/1583/2147 1346/1586/2150 1347/1564/2124 1348/1563/2123
f 1349/1576/2140 1350/451/2139 1351/450/2160 1352/1591/2159
f 1353/1595/2163 1354/1598/2166 1355/1601/2169 1356/1604/2172 1357/1582/2146 1358/1581/2145
f 1359/1594/2162 1360/455/2161 1361/454/2182 1362/1612/2181 1363/1614/7283 1364/1609/7284
f 1365/1618/2190 1366/1617/2189 1367/1621/2193 1368/1624/2196 1369/1627/2199 1370/1630/2202 1371/1600/2168 1372/1599/2167
f 1373/1635/2207 1374/1639/2211 1375/1613/2184 1376/459/2183 1377/458/2216 1378/1636/2208
f 1379/1645/2219 1380/1649/2223 1381/1626/2198 1382/1625/2197 1383/1641/2213 1384/1640/2212 1385/1656/2230 1386/1646/2220
f 1387/1661/2235 1388/1665/2239 1389/1644/2218 1390/463/2217 1391/462/2244 1392/1662/2236
f 1393/1671/2247 1394/1675/2251 1395/1660/2234 1396/1659/2233 1397/1667/2241 1398/1666/2240 1399/1682/2258 1400/1672/2248
f 1401/1687/2263 1402/1691/2267 1403/1670/2246 1404/467/2245 1405/466/2272 1406/1688/2264
f 1407/1697/2275 1408/1701/2279 1409/1686/2262 1410/1685/2261 1411/1693/2269 1412/1692/2268 1413/1708/2286 1414/1698/2276
f 1415/1696/2274 1416/471/2273 1417/470/7285 1418/1713/7286
f 1419/1712/2290 1420/1711/2289 1421/1716/2298 1422/495/2297 1423/494/2304 1424/1717/2299
f 1425/1723/2307 1426/1727/2311 1427/1730/2314 1428/1733/2317 1429/1447/1989 1430/1446/1988 1431/1738/2322 1432/1724/2308
f 1433/1743/2327 1434/514/2330 1435/513/2008 1436/1464/2007 1437/1735/2319 1438/1734/2318
f 1439/1749/2335 1440/1753/2339 1441/1742/2326 1442/1741/2325 1443/1483/2029 1444/1482/2028 1445/1760/2346 1446/1750/2336
f 1447/1765/2351 1448/1769/2355 1449/1764/2350 1450/1763/2349 1451/1514/2062 1452/1513/2061 1453/1776/2362 1454/1766/2352
f 1455/1781/2367 1456/1785/2371 1457/1780/2366 1458/1779/2365 1459/1534/2086 1460/1533/2085 1461/1792/2378 1462/1782/2368
f 1463/1797/2383 1464/1801/2387 1465/1796/2382 1466/1795/2381 1467/1552/2108 1468/1551/2107 1469/1808/2394 1470/1798/2384
f 1471/1813/2399 1472/1817/2403 1473/1812/2398 1474/1811/2397 1475/1570/2130 1476/1569/2129 1477/1824/2410 1478/1814/2400
f 1479/1829/2415 1480/1833/2419 1481/1828/2414 1482/1827/2413 1483/1588/2152 1484/1587/2151 1485/1840/2426 1486/1830/2416
f 1487/1845/2431 1488/1849/2435 1489/1844/2430 1490/1843/2429 1491/1606/2174 1492/1605/2173 1493/1856/2442 1494/1846/2432
f 1495/1861/2447 1496/1865/2451 1497/1860/2446 1498/1859/2445 1499/1632/2204 1500/1631/2203 1501/1872/2458 1502/1862/2448
f 1503/1877/2463 1504/1881/2467 1505/1876/2462 1506/1875/2461 1507/1651/2225 1508/1650/2224 1509/1888/2474 1510/1878/2464
f 1511/1893/2479 1512/1897/2483 1513/1892/2478 1514/1891/2477 1515/1677/2253 1516/1676/2252 1517/1904/2490 1518/1894/2480
f 1519/1909/2495 1520/1913/2499 1521/1908/2494 1522/1907/2493 1523/1703/2281 1524/1702/2280 1525/1920/2506 1526/1910/2496
f 1527/1924/2510 1528/1923/2509 1529/1722/2306 1530/519/2305 1531/518/2516 1532/1925/2511
f 1533/1931/2519 1534/1935/2523 1535/1938/2526 1536/1941/2529 1537/1729/2313 1538/1728/2312 1539/1946/2534 1540/1932/2520
f 1541/1951/2539 1542/538/2542 1543/537/2332 1544/1746/2331 1545/1943/2531 1546/1942/2530
f 1547/1957/2547 1548/1961/2551 1549/1950/2538 1550/1949/2537 1551/1755/2341 1552/1754/2340 1553/1968/2558 1554/1958/2548
f 1555/1973/2563 1556/1977/2567 1557/1972/2562 1558/1971/2561 1559/1771/2357 1560/1770/2356 1561/1984/2574 1562/1974/2564
f 1563/1989/2579 1564/1993/2583 1565/1988/2578 1566/1987/2577 1567/1787/2373 1568/1786/2372 1569/2000/2590 1570/1990/2580
f 1571/2005/2595 1572/2009/2599 1573/2004/2594 1574/2003/2593 1575/1803/2389 1576/1802/2388 1577/2016/2606 1578/2006/2596
f 1579/2021/2611 1580/2025/2615 1581/2020/2610 1582/2019/2609 1583/1819/2405 1584/1818/2404 1585/2032/2622 1586/2022/2612
f 1587/2037/2627 1588/2041/2631 1589/2036/2626 1590/2035/2625 1591/1835/2421 1592/1834/2420 1593/2048/2638 1594/2038/2628
f 1595/2053/2643 1596/2057/2647 1597/2052/2642 1598/2051/2641 1599/1851/2437 1600/1850/2436 1601/2064/2654 1602/2054/2644
f 1603/2069/2659 1604/2073/2663 1605/2068/2658 1606/2067/2657 1607/1867/2453 1608/1866/2452 1609/2080/2670 1610/2070/2660
f 1611/2085/2675 1612/2089/2679 1613/2084/2674 1614/2083/2673 1615/1883/2469 1616/1882/2468 1617/2096/2686 1618/2086/2676
f 1619/2101/2691 1620/2105/2695 1621/2100/2690 1622/2099/2689 1623/1899/2485 1624/1898/2484 1625/2112/2702 1626/2102/2692
f 1627/2117/2707 1628/2121/2711 1629/2116/2706 1630/2115/2705 1631/1915/2501 1632/1914/2500 1633/2128/2718 1634/2118/2708
f 1635/2132/2722 1636/2131/2721 1637/1930/2518 1638/543/2517 1639/542/2728 1640/2133/2723
s 124
f 1641/2139/2735 1642/570/2734 1643/569/2739 1644/2143/2738 1645/1937/7287 1646/1936/7288
f 1647/2144/2741 1648/562/2740 1649/561/7289 1650/1954/7290
f 1651/2149/2753 1652/578/2752 1653/577/2737 1654/2142/2736 1655/1963/7291 1656/1962/7292
f 1657/2155/2763 1658/586/2762 1659/585/2755 1660/2152/2754 1661/1979/7293 1662/1978/7294
f 1663/2161/2773 1664/594/2772 1665/593/2765 1666/2158/2764 1667/1995/7295 1668/1994/7296
f 1669/2167/2783 1670/602/2782 1671/601/2775 1672/2164/2774 1673/2011/7297 1674/2010/7298
f 1675/2173/2793 1676/610/2792 1677/609/2785 1678/2170/2784 1679/2027/7299 1680/2026/7300
f 1681/2179/2803 1682/618/2802 1683/617/2795 1684/2176/2794 1685/2043/7301 1686/2042/7302
f 1687/2185/2813 1688/626/2812 1689/625/2805 1690/2182/2804 1691/2059/7303 1692/2058/7304
f 1693/2191/2823 1694/634/2822 1695/633/2815 1696/2188/2814 1697/2075/7305 1698/2074/7306
f 1699/2197/2833 1700/642/2832 1701/641/2825 1702/2194/2824 1703/2091/7307 1704/2090/7308
f 1705/2203/2843 1706/650/2842 1707/649/2835 1708/2200/2834 1709/2107/7309 1710/2106/7310
f 1711/2209/2853 1712/658/2852 1713/657/2845 1714/2206/2844 1715/2123/7311 1716/2122/7312
f 1717/2138/7313 1718/665/7314 1719/664/2855 1720/2212/2854
s 126
f 1721/2217/2868 1722/1428/2867 1723/4242/2872 1724/2218/2871
f 1725/2222/2874 1726/1439/2873 1727/4240/2880 1728/2223/2879
f 1729/2226/2882 1730/1455/2881 1731/4238/2888 1732/2227/2887
f 1733/2230/2890 1734/1466/2889 1735/4244/2870 1736/2221/2869
s 127
f 1737/2233/2900 1738/1434/2899 1739/4234/2904 1740/2234/2903
f 1741/2238/2906 1742/1475/2905 1743/4232/2912 1744/2239/2911
f 1745/2242/2914 1746/1487/2913 1747/4230/2920 1748/2243/2919
f 1749/2246/2922 1750/1458/2921 1751/4236/2902 1752/2237/2901
s 128
f 1753/2249/2932 1754/1470/2931 1755/4226/2936 1756/2250/2935
f 1757/2254/2938 1758/1501/2937 1759/4224/2944 1760/2255/2943
f 1761/2258/2946 1762/1518/2945 1763/4222/2952 1764/2259/2951
f 1765/2262/2954 1766/1490/2953 1767/4228/2934 1768/2253/2933
s 129
f 1769/2265/2964 1770/1616/2963 1771/4362/2968 1772/2266/2967
f 1773/2270/2970 1774/1643/2969 1775/4360/2976 1776/2271/2975
f 1777/2274/2978 1778/1655/2977 1779/4358/2984 1780/2275/2983
f 1781/2278/2986 1782/1623/2985 1783/4364/2966 1784/2269/2965
s 130
f 1785/2281/2996 1786/1638/2995 1787/4354/3000 1788/2282/2999
f 1789/2286/3002 1790/1669/3001 1791/4352/3008 1792/2287/3007
f 1793/2290/3010 1794/1681/3009 1795/4350/3016 1796/2291/3015
f 1797/2294/3018 1798/1658/3017 1799/4356/2998 1800/2285/2997
s 131
f 1801/2297/3028 1802/1664/3027 1803/4346/3032 1804/2298/3031
f 1805/2302/3034 1806/1695/3033 1807/4344/3040 1808/2303/3039
f 1809/2306/3042 1810/1707/3041 1811/4342/3048 1812/2307/3047
f 1813/2310/3050 1814/1684/3049 1815/4348/3030 1816/2301/3029
s 132
f 1817/2313/3060 1818/1690/3059 1819/4338/3064 1820/2314/3063
f 1821/2318/3066 1822/1715/3065 1823/4336/3072 1824/2319/3071
f 1825/2322/3074 1826/1721/3073 1827/4334/3080 1828/2323/3079
f 1829/2326/3082 1830/1710/3081 1831/4340/3062 1832/2317/3061
s 133
f 1833/2329/3092 1834/1463/3091 1835/4218/3096 1836/2330/3095
f 1837/2334/3098 1838/1450/3097 1839/4216/3104 1840/2335/3103
f 1841/2338/3106 1842/1737/3105 1843/4214/3112 1844/2339/3111
f 1845/2342/3114 1846/1748/3113 1847/4220/3094 1848/2333/3093
s 134
f 1849/2345/3124 1850/1444/3123 1851/4210/3128 1852/2346/3127
f 1853/2350/3130 1854/1485/3129 1855/4208/3136 1856/2351/3135
f 1857/2354/3138 1858/1759/3137 1859/4206/3144 1860/2355/3143
f 1861/2358/3146 1862/1740/3145 1863/4212/3126 1864/2349/3125
s 135
f 1865/2361/3156 1866/1480/3155 1867/4202/3160 1868/2362/3159
f 1869/2366/3162 1870/1516/3161 1871/4200/3168 1872/2367/3167
f 1873/2370/3170 1874/1775/3169 1875/4198/3176 1876/2371/3175
f 1877/2374/3178 1878/1762/3177 1879/4204/3158 1880/2365/3157
s 136
f 1881/2377/3188 1882/1511/3187 1883/4194/3192 1884/2378/3191
f 1885/2382/3194 1886/1536/3193 1887/4192/3200 1888/2383/3199
f 1889/2386/3202 1890/1791/3201 1891/4190/3208 1892/2387/3207
f 1893/2390/3210 1894/1778/3209 1895/4196/3190 1896/2381/3189
s 137
f 1897/2393/3220 1898/1531/3219 1899/4186/3224 1900/2394/3223
f 1901/2398/3226 1902/1554/3225 1903/4184/3232 1904/2399/3231
f 1905/2402/3234 1906/1807/3233 1907/4182/3240 1908/2403/3239
f 1909/2406/3242 1910/1794/3241 1911/4188/3222 1912/2397/3221
s 138
f 1913/2409/3252 1914/1549/3251 1915/4178/3256 1916/2410/3255
f 1917/2414/3258 1918/1572/3257 1919/4176/3264 1920/2415/3263
f 1921/2418/3266 1922/1823/3265 1923/4174/3272 1924/2419/3271
f 1925/2422/3274 1926/1810/3273 1927/4180/3254 1928/2413/3253
s 139
f 1929/2425/3284 1930/1567/3283 1931/4170/3288 1932/2426/3287
f 1933/2430/3290 1934/1590/3289 1935/4168/3296 1936/2431/3295
f 1937/2434/3298 1938/1839/3297 1939/4166/3304 1940/2435/3303
f 1941/2438/3306 1942/1826/3305 1943/4172/3286 1944/2429/3285
s 140
f 1945/2441/3316 1946/1585/3315 1947/4162/3320 1948/2442/3319
f 1949/2446/3322 1950/1608/3321 1951/4160/3328 1952/2447/3327
f 1953/2450/3330 1954/1855/3329 1955/4158/3336 1956/2451/3335
f 1957/2454/3338 1958/1842/3337 1959/4164/3318 1960/2445/3317
s 141
f 1961/2457/3348 1962/1603/3347 1963/4154/3352 1964/2458/3351
f 1965/2462/3354 1966/1634/3353 1967/4152/3360 1968/2463/3359
f 1969/2466/3362 1970/1871/3361 1971/4150/3368 1972/2467/3367
f 1973/2470/3370 1974/1858/3369 1975/4156/3350 1976/2461/3349
s 142
f 1977/2473/3380 1978/1629/3379 1979/4330/3384 1980/2474/3383
f 1981/2478/3386 1982/1653/3385 1983/4328/3392 1984/2479/3391
f 1985/2482/3394 1986/1887/3393 1987/4326/3400 1988/2483/3399
f 1989/2486/3402 1990/1874/3401 1991/4332/3382 1992/2477/3381
s 143
f 1993/2489/3412 1994/1648/3411 1995/4322/3416 1996/2490/3415
f 1997/2494/3418 1998/1679/3417 1999/4320/3424 2000/2495/3423
f 2001/2498/3426 2002/1903/3425 2003/4318/3432 2004/2499/3431
f 2005/2502/3434 2006/1890/3433 2007/4324/3414 2008/2493/3413
s 144
f 2009/2505/3444 2010/1674/3443 2011/4314/3448 2012/2506/3447
f 2013/2510/3450 2014/1705/3449 2015/4312/3456 2016/2511/3455
f 2017/2514/3458 2018/1919/3457 2019/4310/3464 2020/2515/3463
f 2021/2518/3466 2022/1906/3465 2023/4316/3446 2024/2509/3445
s 145
f 2025/2521/3476 2026/1700/3475 2027/4306/3480 2028/2522/3479
f 2029/2526/3482 2030/1719/3481 2031/4304/3488 2032/2527/3487
f 2033/2530/3490 2034/1929/3489 2035/4302/3496 2036/2531/3495
f 2037/2534/3498 2038/1922/3497 2039/4308/3478 2040/2525/3477
s 146
f 2041/2537/3508 2042/1745/3507 2043/4146/3512 2044/2538/3511
f 2045/2542/3514 2046/1732/3513 2047/4144/3520 2048/2543/3519
f 2049/2546/3522 2050/1945/3521 2051/4142/3528 2052/2547/3527
f 2053/2550/3530 2054/1956/3529 2055/4148/3510 2056/2541/3509
s 147
f 2057/2553/3540 2058/1726/3539 2059/4138/3544 2060/2554/3543
f 2061/2558/3546 2062/1757/3545 2063/4136/3552 2064/2559/3551
f 2065/2562/3554 2066/1967/3553 2067/4134/3560 2068/2563/3559
f 2069/2566/3562 2070/1948/3561 2071/4140/3542 2072/2557/3541
s 148
f 2073/2569/3572 2074/1752/3571 2075/4130/3576 2076/2570/3575
f 2077/2574/3578 2078/1773/3577 2079/4128/3584 2080/2575/3583
f 2081/2578/3586 2082/1983/3585 2083/4126/3592 2084/2579/3591
f 2085/2582/3594 2086/1970/3593 2087/4132/3574 2088/2573/3573
s 149
f 2089/2585/3604 2090/1768/3603 2091/4122/3608 2092/2586/3607
f 2093/2590/3610 2094/1789/3609 2095/4120/3616 2096/2591/3615
f 2097/2594/3618 2098/1999/3617 2099/4118/3624 2100/2595/3623
f 2101/2598/3626 2102/1986/3625 2103/4124/3606 2104/2589/3605
s 150
f 2105/2601/3636 2106/1784/3635 2107/4114/3640 2108/2602/3639
f 2109/2606/3642 2110/1805/3641 2111/4112/3648 2112/2607/3647
f 2113/2610/3650 2114/2015/3649 2115/4110/3656 2116/2611/3655
f 2117/2614/3658 2118/2002/3657 2119/4116/3638 2120/2605/3637
s 151
f 2121/2617/3668 2122/1800/3667 2123/4106/3672 2124/2618/3671
f 2125/2622/3674 2126/1821/3673 2127/4104/3680 2128/2623/3679
f 2129/2626/3682 2130/2031/3681 2131/4102/3688 2132/2627/3687
f 2133/2630/3690 2134/2018/3689 2135/4108/3670 2136/2621/3669
s 152
f 2137/2633/3700 2138/1816/3699 2139/4098/3704 2140/2634/3703
f 2141/2638/3706 2142/1837/3705 2143/4096/3712 2144/2639/3711
f 2145/2642/3714 2146/2047/3713 2147/4094/3720 2148/2643/3719
f 2149/2646/3722 2150/2034/3721 2151/4100/3702 2152/2637/3701
s 153
f 2153/2649/3732 2154/1832/3731 2155/4090/3736 2156/2650/3735
f 2157/2654/3738 2158/1853/3737 2159/4088/3744 2160/2655/3743
f 2161/2658/3746 2162/2063/3745 2163/4086/3752 2164/2659/3751
f 2165/2662/3754 2166/2050/3753 2167/4092/3734 2168/2653/3733
s 154
f 2169/2665/3764 2170/1848/3763 2171/4082/3768 2172/2666/3767
f 2173/2670/3770 2174/1869/3769 2175/4080/3776 2176/2671/3775
f 2177/2674/3778 2178/2079/3777 2179/4078/3784 2180/2675/3783
f 2181/2678/3786 2182/2066/3785 2183/4084/3766 2184/2669/3765
s 155
f 2185/2681/3796 2186/1864/3795 2187/4298/3800 2188/2682/3799
f 2189/2686/3802 2190/1885/3801 2191/4296/3808 2192/2687/3807
f 2193/2690/3810 2194/2095/3809 2195/4294/3816 2196/2691/3815
f 2197/2694/3818 2198/2082/3817 2199/4300/3798 2200/2685/3797
s 156
f 2201/2697/3828 2202/1880/3827 2203/4370/3832 2204/2698/3831
f 2205/2702/3834 2206/1901/3833 2207/4368/3840 2208/2703/3839
f 2209/2706/3842 2210/2111/3841 2211/4366/3848 2212/2707/3847
f 2213/2710/3850 2214/2098/3849 2215/4372/3830 2216/2701/3829
s 157
f 2217/2713/3860 2218/1896/3859 2219/4290/3864 2220/2714/3863
f 2221/2718/3866 2222/1917/3865 2223/4288/3872 2224/2719/3871
f 2225/2722/3874 2226/2127/3873 2227/4286/3880 2228/2723/3879
f 2229/2726/3882 2230/2114/3881 2231/4292/3862 2232/2717/3861
s 158
f 2233/2729/3892 2234/1912/3891 2235/4282/3896 2236/2730/3895
f 2237/2734/3898 2238/1927/3897 2239/4280/3904 2240/2735/3903
f 2241/2738/3906 2242/2137/3905 2243/4278/3912 2244/2739/3911
f 2245/2742/3914 2246/2130/3913 2247/4284/3894 2248/2733/3893
s 159
f 2249/2745/3924 2250/1953/3923 2251/4074/3928 2252/2746/3927
f 2253/2750/3930 2254/1940/3929 2255/4072/3936 2256/2751/3935
f 2257/2754/3938 2258/2146/3937 2259/4070/3944 2260/2755/3943
f 2261/2758/3946 2262/2148/3945 2263/4076/3926 2264/2749/3925
s 160
f 2265/2761/3956 2266/1934/3955 2267/4066/3960 2268/2762/3959
f 2269/2766/3962 2270/1965/3961 2271/4064/3968 2272/2767/3967
f 2273/2770/3970 2274/2154/3969 2275/4062/3976 2276/2771/3975
f 2277/2774/3978 2278/2141/3977 2279/4068/3958 2280/2765/3957
s 161
f 2281/2777/3988 2282/1960/3987 2283/4058/3992 2284/2778/3991
f 2285/2782/3994 2286/1981/3993 2287/4056/4000 2288/2783/3999
f 2289/2786/4002 2290/2160/4001 2291/4054/4008 2292/2787/4007
f 2293/2790/4010 2294/2151/4009 2295/4060/3990 2296/2781/3989
s 162
f 2297/2793/4020 2298/1976/4019 2299/4050/4024 2300/2794/4023
f 2301/2798/4026 2302/1997/4025 2303/4048/4032 2304/2799/4031
f 2305/2802/4034 2306/2166/4033 2307/4046/4040 2308/2803/4039
f 2309/2806/4042 2310/2157/4041 2311/4052/4022 2312/2797/4021
s 163
f 2313/2809/4052 2314/1992/4051 2315/4042/4056 2316/2810/4055
f 2317/2814/4058 2318/2013/4057 2319/4040/4064 2320/2815/4063
f 2321/2818/4066 2322/2172/4065 2323/4038/4072 2324/2819/4071
f 2325/2822/4074 2326/2163/4073 2327/4044/4054 2328/2813/4053
s 164
f 2329/2825/4084 2330/2008/4083 2331/4034/4088 2332/2826/4087
f 2333/2830/4090 2334/2029/4089 2335/4032/4096 2336/2831/4095
f 2337/2834/4098 2338/2178/4097 2339/4030/4104 2340/2835/4103
f 2341/2838/4106 2342/2169/4105 2343/4036/4086 2344/2829/4085
s 165
f 2345/2841/4116 2346/2024/4115 2347/4026/4120 2348/2842/4119
f 2349/2846/4122 2350/2045/4121 2351/4024/4128 2352/2847/4127
f 2353/2850/4130 2354/2184/4129 2355/4022/4136 2356/2851/4135
f 2357/2854/4138 2358/2175/4137 2359/4028/4118 2360/2845/4117
s 166
f 2361/2857/4148 2362/2040/4147 2363/4018/4152 2364/2858/4151
f 2365/2862/4154 2366/2061/4153 2367/4016/4160 2368/2863/4159
f 2369/2866/4162 2370/2190/4161 2371/4014/4168 2372/2867/4167
f 2373/2870/4170 2374/2181/4169 2375/4020/4150 2376/2861/4149
s 167
f 2377/2873/4180 2378/2056/4179 2379/4010/4184 2380/2874/4183
f 2381/2878/4186 2382/2077/4185 2383/4008/4192 2384/2879/4191
f 2385/2882/4194 2386/2196/4193 2387/4006/4200 2388/2883/4199
f 2389/2886/4202 2390/2187/4201 2391/4012/4182 2392/2877/4181
s 168
f 2393/2889/4212 2394/2072/4211 2395/4274/4216 2396/2890/4215
f 2397/2894/4218 2398/2093/4217 2399/4272/4224 2400/2895/4223
f 2401/2898/4226 2402/2202/4225 2403/4270/4232 2404/2899/4231
f 2405/2902/4234 2406/2193/4233 2407/4276/4214 2408/2893/4213
s 169
f 2409/2905/4244 2410/2088/4243 2411/4266/4248 2412/2906/4247
f 2413/2910/4250 2414/2109/4249 2415/4264/4256 2416/2911/4255
f 2417/2914/4258 2418/2208/4257 2419/4262/4264 2420/2915/4263
f 2421/2918/4266 2422/2199/4265 2423/4268/4246 2424/2909/4245
s 170
f 2425/2921/4276 2426/2104/4275 2427/4258/4280 2428/2922/4279
f 2429/2926/4282 2430/2125/4281 2431/4256/4288 2432/2927/4287
f 2433/2930/4290 2434/2214/4289 2435/4254/4296 2436/2931/4295
f 2437/2934/4298 2438/2205/4297 2439/4260/4278 2440/2925/4277
s 171
f 2441/2937/4308 2442/2120/4307 2443/4250/4312 2444/2938/4311
f 2445/2942/4314 2446/2135/4313 2447/4248/4320 2448/2943/4319
f 2449/2946/4322 2450/2216/4321 2451/4246/4328 2452/2947/4327
f 2453/2950/4330 2454/2211/4329 2455/4252/4310 2456/2941/4309
s off
f 2457/2220/7315 2458/2219/7316 2459/2953/7317
f 2460/2955/7318 2461/2225/7319 2462/2224/7320
f 2463/2956/7321 2464/2229/7322 2465/2228/7323
f 2466/2954/7324 2467/2232/7325 2468/2231/7326
f 2469/2236/7327 2470/2235/7328 2471/2957/7329
f 2472/2959/7330 2473/2241/7331 2474/2240/7332
f 2475/2960/7333 2476/2245/7334 2477/2244/7335
f 2478/2958/7336 2479/2248/7337 2480/2247/7338
f 2481/2252/7339 2482/2251/7340 2483/2961/7341
f 2484/2963/7342 2485/2257/7343 2486/2256/7344
f 2487/2964/7345 2488/2261/7346 2489/2260/7347
f 2490/2962/7348 2491/2264/7349 2492/2263/7350
f 2493/2268/7351 2494/2267/7352 2495/2965/7353
f 2496/2967/7354 2497/2273/7355 2498/2272/7356
f 2499/2968/7357 2500/2277/7358 2501/2276/7359
f 2502/2966/7360 2503/2280/7361 2504/2279/7362
f 2505/2284/7363 2506/2283/7364 2507/2969/7365
f 2508/2971/7366 2509/2289/7367 2510/2288/7368
f 2511/2972/7369 2512/2293/7370 2513/2292/7371
f 2514/2970/7372 2515/2296/7373 2516/2295/7374
f 2517/2300/7375 2518/2299/7376 2519/2973/7377
f 2520/2975/7378 2521/2305/7379 2522/2304/7380
f 2523/2976/7381 2524/2309/7382 2525/2308/7383
f 2526/2974/7384 2527/2312/7385 2528/2311/7386
f 2529/2316/7387 2530/2315/7388 2531/2977/7389
f 2532/2979/7390 2533/2321/7391 2534/2320/7392
f 2535/2980/7393 2536/2325/7394 2537/2324/7395
f 2538/2978/7396 2539/2328/7397 2540/2327/7398
f 2541/2332/7399 2542/2331/7400 2543/2981/7401
f 2544/2983/7402 2545/2337/7403 2546/2336/7404
f 2547/2984/7405 2548/2341/7406 2549/2340/7407
f 2550/2982/7408 2551/2344/7409 2552/2343/7410
f 2553/2348/7411 2554/2347/7412 2555/2985/7413
f 2556/2987/7414 2557/2353/7415 2558/2352/7416
f 2559/2988/7417 2560/2357/7418 2561/2356/7419
f 2562/2986/7420 2563/2360/7421 2564/2359/7422
f 2565/2364/7423 2566/2363/7424 2567/2989/7425
f 2568/2991/7426 2569/2369/7427 2570/2368/7428
f 2571/2992/7429 2572/2373/7430 2573/2372/7431
f 2574/2990/7432 2575/2376/7433 2576/2375/7434
f 2577/2380/7435 2578/2379/7436 2579/2993/7437
f 2580/2995/7438 2581/2385/7439 2582/2384/7440
f 2583/2996/7441 2584/2389/7442 2585/2388/7443
f 2586/2994/7444 2587/2392/7445 2588/2391/7446
f 2589/2396/7447 2590/2395/7448 2591/2997/7449
f 2592/2999/7450 2593/2401/7451 2594/2400/7452
f 2595/3000/7453 2596/2405/7454 2597/2404/7455
f 2598/2998/7456 2599/2408/7457 2600/2407/7458
f 2601/2412/7459 2602/2411/7460 2603/3001/7461
f 2604/3003/7462 2605/2417/7463 2606/2416/7464
f 2607/3004/7465 2608/2421/7466 2609/2420/7467
f 2610/3002/7468 2611/2424/7469 2612/2423/7470
f 2613/2428/7471 2614/2427/7472 2615/3005/7473
f 2616/3007/7474 2617/2433/7475 2618/2432/7476
f 2619/3008/7477 2620/2437/7478 2621/2436/7479
f 2622/3006/7480 2623/2440/7481 2624/2439/7482
f 2625/2444/7483 2626/2443/7484 2627/3009/7485
f 2628/3011/7486 2629/2449/7487 2630/2448/7488
f 2631/3012/7489 2632/2453/7490 2633/2452/7491
f 2634/3010/7492 2635/2456/7493 2636/2455/7494
f 2637/2460/7495 2638/2459/7496 2639/3013/7497
f 2640/3015/7498 2641/2465/7499 2642/2464/7500
f 2643/3016/7501 2644/2469/7502 2645/2468/7503
f 2646/3014/7504 2647/2472/7505 2648/2471/7506
f 2649/2476/7507 2650/2475/7508 2651/3017/7509
f 2652/3019/7510 2653/2481/7511 2654/2480/7512
f 2655/3020/7513 2656/2485/7514 2657/2484/7515
f 2658/3018/7516 2659/2488/7517 2660/2487/7518
f 2661/2492/7519 2662/2491/7520 2663/3021/7521
f 2664/3023/7522 2665/2497/7523 2666/2496/7524
f 2667/3024/7525 2668/2501/7526 2669/2500/7527
f 2670/3022/7528 2671/2504/7529 2672/2503/7530
f 2673/2508/7531 2674/2507/7532 2675/3025/7533
f 2676/3027/7534 2677/2513/7535 2678/2512/7536
f 2679/3028/7537 2680/2517/7538 2681/2516/7539
f 2682/3026/7540 2683/2520/7541 2684/2519/7542
f 2685/2524/7543 2686/2523/7544 2687/3029/7545
f 2688/3031/7546 2689/2529/7547 2690/2528/7548
f 2691/3032/7549 2692/2533/7550 2693/2532/7551
f 2694/3030/7552 2695/2536/7553 2696/2535/7554
f 2697/2540/7555 2698/2539/7556 2699/3033/7557
f 2700/3035/7558 2701/2545/7559 2702/2544/7560
f 2703/3036/7561 2704/2549/7562 2705/2548/7563
f 2706/3034/7564 2707/2552/7565 2708/2551/7566
f 2709/2556/7567 2710/2555/7568 2711/3037/7569
f 2712/3039/7570 2713/2561/7571 2714/2560/7572
f 2715/3040/7573 2716/2565/7574 2717/2564/7575
f 2718/3038/7576 2719/2568/7577 2720/2567/7578
f 2721/2572/7579 2722/2571/7580 2723/3041/7581
f 2724/3043/7582 2725/2577/7583 2726/2576/7584
f 2727/3044/7585 2728/2581/7586 2729/2580/7587
f 2730/3042/7588 2731/2584/7589 2732/2583/7590
f 2733/2588/7591 2734/2587/7592 2735/3045/7593
f 2736/3047/7594 2737/2593/7595 2738/2592/7596
f 2739/3048/7597 2740/2597/7598 2741/2596/7599
f 2742/3046/7600 2743/2600/7601 2744/2599/7602
f 2745/2604/7603 2746/2603/7604 2747/3049/7605
f 2748/3051/7606 2749/2609/7607 2750/2608/7608
f 2751/3052/7609 2752/2613/7610 2753/2612/7611
f 2754/3050/7612 2755/2616/7613 2756/2615/7614
f 2757/2620/7615 2758/2619/7616 2759/3053/7617
f 2760/3055/7618 2761/2625/7619 2762/2624/7620
f 2763/3056/7621 2764/2629/7622 2765/2628/7623
f 2766/3054/7624 2767/2632/7625 2768/2631/7626
f 2769/2636/7627 2770/2635/7628 2771/3057/7629
f 2772/3059/7630 2773/2641/7631 2774/2640/7632
f 2775/3060/7633 2776/2645/7634 2777/2644/7635
f 2778/3058/7636 2779/2648/7637 2780/2647/7638
f 2781/2652/7639 2782/2651/7640 2783/3061/7641
f 2784/3063/7642 2785/2657/7643 2786/2656/7644
f 2787/3064/7645 2788/2661/7646 2789/2660/7647
f 2790/3062/7648 2791/2664/7649 2792/2663/7650
f 2793/2668/7651 2794/2667/7652 2795/3065/7653
f 2796/3067/7654 2797/2673/7655 2798/2672/7656
f 2799/3068/7657 2800/2677/7658 2801/2676/7659
f 2802/3066/7660 2803/2680/7661 2804/2679/7662
f 2805/2684/7663 2806/2683/7664 2807/3069/7665
f 2808/3071/7666 2809/2689/7667 2810/2688/7668
f 2811/3072/7669 2812/2693/7670 2813/2692/7671
f 2814/3070/7672 2815/2696/7673 2816/2695/7674
f 2817/2700/7675 2818/2699/7676 2819/3073/7677
f 2820/3075/7678 2821/2705/7679 2822/2704/7680
f 2823/3076/7681 2824/2709/7682 2825/2708/7683
f 2826/3074/7684 2827/2712/7685 2828/2711/7686
f 2829/2716/7687 2830/2715/7688 2831/3077/7689
f 2832/3079/7690 2833/2721/7691 2834/2720/7692
f 2835/3080/7693 2836/2725/7694 2837/2724/7695
f 2838/3078/7696 2839/2728/7697 2840/2727/7698
f 2841/2732/7699 2842/2731/7700 2843/3081/7701
f 2844/3083/7702 2845/2737/7703 2846/2736/7704
f 2847/3084/7705 2848/2741/7706 2849/2740/7707
f 2850/3082/7708 2851/2744/7709 2852/2743/7710
f 2853/2748/7711 2854/2747/7712 2855/3085/7713
f 2856/3087/7714 2857/2753/7715 2858/2752/7716
f 2859/3088/7717 2860/2757/7718 2861/2756/7719
f 2862/3086/7720 2863/2760/7721 2864/2759/7722
f 2865/2764/7723 2866/2763/7724 2867/3089/7725
f 2868/3091/7726 2869/2769/7727 2870/2768/7728
f 2871/3092/7729 2872/2773/7730 2873/2772/7731
f 2874/3090/7732 2875/2776/7733 2876/2775/7734
f 2877/2780/7735 2878/2779/7736 2879/3093/7737
f 2880/3095/7738 2881/2785/7739 2882/2784/7740
f 2883/3096/7741 2884/2789/7742 2885/2788/7743
f 2886/3094/7744 2887/2792/7745 2888/2791/7746
f 2889/2796/7747 2890/2795/7748 2891/3097/7749
f 2892/3099/7750 2893/2801/7751 2894/2800/7752
f 2895/3100/7753 2896/2805/7754 2897/2804/7755
f 2898/3098/7756 2899/2808/7757 2900/2807/7758
f 2901/2812/7759 2902/2811/7760 2903/3101/7761
f 2904/3103/7762 2905/2817/7763 2906/2816/7764
f 2907/3104/7765 2908/2821/7766 2909/2820/7767
f 2910/3102/7768 2911/2824/7769 2912/2823/7770
f 2913/2828/7771 2914/2827/7772 2915/3105/7773
f 2916/3107/7774 2917/2833/7775 2918/2832/7776
f 2919/3108/7777 2920/2837/7778 2921/2836/7779
f 2922/3106/7780 2923/2840/7781 2924/2839/7782
f 2925/2844/7783 2926/2843/7784 2927/3109/7785
f 2928/3111/7786 2929/2849/7787 2930/2848/7788
f 2931/3112/7789 2932/2853/7790 2933/2852/7791
f 2934/3110/7792 2935/2856/7793 2936/2855/7794
f 2937/2860/7795 2938/2859/7796 2939/3113/7797
f 2940/3115/7798 2941/2865/7799 2942/2864/7800
f 2943/3116/7801 2944/2869/7802 2945/2868/7803
f 2946/3114/7804 2947/2872/7805 2948/2871/7806
f 2949/2876/7807 2950/2875/7808 2951/3117/7809
f 2952/3119/7810 2953/2881/7811 2954/2880/7812
f 2955/3120/7813 2956/2885/7814 2957/2884/7815
f 2958/3118/7816 2959/2888/7817 2960/2887/7818
f 2961/2892/7819 2962/2891/7820 2963/3121/7821
f 2964/3123/7822 2965/2897/7823 2966/2896/7824
f 2967/3124/7825 2968/2901/7826 2969/2900/7827
f 2970/3122/7828 2971/2904/7829 2972/2903/7830
f 2973/2908/7831 2974/2907/7832 2975/3125/7833
f 2976/3127/7834 2977/2913/7835 2978/2912/7836
f 2979/3128/7837 2980/2917/7838 2981/2916/7839
f 2982/3126/7840 2983/2920/7841 2984/2919/7842
f 2985/2924/7843 2986/2923/7844 2987/3129/7845
f 2988/3131/7846 2989/2929/7847 2990/2928/7848
f 2991/3132/7849 2992/2933/7850 2993/2932/7851
f 2994/3130/7852 2995/2936/7853 2996/2935/7854
f 2997/2940/7855 2998/2939/7856 2999/3133/7857
f 3000/3135/7858 3001/2945/7859 3002/2944/7860
f 3003/3136/7861 3004/2949/7862 3005/2948/7863
f 3006/3134/7864 3007/2952/7865 3008/2951/7866
s 172
f 3009/3137/5076 3010/1496/5075 3011/4002/7867 3012/3138/7868
s 173
f 3013/3142/5082 3014/1521/5081 3015/4000/5088 3016/3143/5087
s 176
f 3017/3147/5096 3018/1525/5095 3019/3996/5100 3020/3148/5099
s 172
f 3021/3152/7869 3022/1505/7870 3023/4004/5078 3024/3141/5077
s 173
f 3025/3146/5090 3026/1539/5089 3027/3994/5112 3028/3155/5111
s 176
f 3029/3159/5120 3030/1543/5119 3031/3998/5098 3032/3151/5097
s 173
f 3033/3158/5114 3034/1557/5113 3035/3990/5128 3036/3163/5127
s 176
f 3037/3167/5136 3038/1561/5135 3039/3992/5122 3040/3162/5121
s 173
f 3041/3166/5130 3042/1575/5129 3043/3986/5144 3044/3171/5143
s 176
f 3045/3175/5152 3046/1579/5151 3047/3988/5138 3048/3170/5137
s 173
f 3049/3174/5146 3050/1593/5145 3051/3982/5160 3052/3179/5159
s 176
f 3053/3183/5168 3054/1597/5167 3055/3984/5154 3056/3178/5153
s 181
f 3057/3182/7871 3058/1611/7872 3059/3978/5176 3060/3187/5175
f 3061/3190/5178 3062/1620/5177 3063/3980/7873 3064/3186/7874
s off
f 3065/3140/7875 3066/3139/7876 3067/3193/7877
s 182
f 3068/3196/5191 3069/3195/5190 3070/3145/5189 3071/3144/5192
s 184
f 3072/3150/5199 3073/3149/5204 3074/3199/5203 3075/3198/5200
s off
f 3076/3194/7878 3077/3154/7879 3078/3153/7880
s 182
f 3079/3201/5207 3080/3197/5194 3081/3157/5193 3082/3156/5208
s 184
f 3083/3161/5215 3084/3160/5202 3085/3200/5201 3086/3203/5216
s 182
f 3087/3205/5219 3088/3202/5210 3089/3165/5209 3090/3164/5220
s 184
f 3091/3169/5227 3092/3168/5218 3093/3204/5217 3094/3207/5228
s 182
f 3095/3209/5231 3096/3206/5222 3097/3173/5221 3098/3172/5232
s 184
f 3099/3177/5239 3100/3176/5230 3101/3208/5229 3102/3211/5240
s 182
f 3103/3213/5243 3104/3210/5234 3105/3181/5233 3106/3180/5244
s 184
f 3107/3185/5251 3108/3184/5242 3109/3212/5241 3110/3215/5252
s off
f 3111/3214/7881 3112/3189/7882 3113/3188/7883
f 3114/3216/7884 3115/3192/7885 3116/3191/7886
f 3117/214/7887 3118/4398/7888 3119/3217/7889
s 190
f 3120/3220/5267 3121/3219/5266 3122/220/5265 3123/4396/5268
s 191
f 3124/3224/5275 3125/3223/5274 3126/3222/5273 3127/3225/5276
s 189
f 3128/286/5283 3129/4400/5262 3130/3218/5261 3131/3228/5284
s 190
f 3132/3232/5287 3133/3221/5270 3134/224/5269 3135/4392/5288
s 191
f 3136/3230/5282 3137/3229/5281 3138/3234/5293 3139/3235/5294
s 190
f 3140/3240/5299 3141/3233/5290 3142/228/5289 3143/4390/5300
s 191
f 3144/3239/5298 3145/3238/5297 3146/3242/5305 3147/3243/5306
s 190
f 3148/3248/5311 3149/3241/5302 3150/232/5301 3151/4388/5312
s 191
f 3152/3247/5310 3153/3246/5309 3154/3250/5317 3155/3251/5318
s off
f 3156/3249/7890 3157/236/7891 3158/4386/7892
s 195
f 3159/3255/5327 3160/3254/5326 3161/291/5325 3162/4384/5328
s 196
f 3163/350/5331 3164/4380/5336 3165/3227/5335 3166/3226/5332
s off
f 3167/3231/7893 3168/342/7894 3169/4394/7895
s 196
f 3170/358/5339 3171/4382/5334 3172/3237/5333 3173/3236/5340
f 3174/366/5343 3175/4378/5342 3176/3245/5341 3177/3244/5344
f 3178/374/5347 3179/4376/5346 3180/3253/5345 3181/3252/5348
s off
f 3182/3256/7896 3183/381/7897 3184/4374/7898
s 197
f 3185/3783/5351 3186/3260/5360 3187/752/5359 3188/3784/5352
s 198
f 3189/3781/5363 3190/3267/5366 3191/3262/5358 3192/3782/5357
s 199
f 3193/832/5371 3194/831/5376 3195/3271/5375 3196/3270/5372
s off
f 3197/3263/7899 3198/825/7900 3199/3863/7901
s 198
f 3200/3779/5379 3201/3276/5382 3202/3269/5368 3203/3780/5367
s 199
f 3204/840/5387 3205/839/5374 3206/3272/5373 3207/3279/5388
s 198
f 3208/3777/5391 3209/3284/5394 3210/3278/5384 3211/3778/5383
s 199
f 3212/848/5399 3213/847/5390 3214/3280/5389 3215/3287/5400
s 198
f 3216/3775/5403 3217/3292/5406 3218/3286/5396 3219/3776/5395
s 199
f 3220/856/5411 3221/855/5402 3222/3288/5401 3223/3295/5412
s 198
f 3224/3773/5415 3225/3300/5418 3226/3294/5408 3227/3774/5407
s 199
f 3228/864/5423 3229/863/5414 3230/3296/5413 3231/3303/5424
s 198
f 3232/3771/5427 3233/3308/5430 3234/3302/5420 3235/3772/5419
s 199
f 3236/872/5435 3237/871/5426 3238/3304/5425 3239/3311/5436
s 198
f 3240/3769/5439 3241/3316/5442 3242/3310/5432 3243/3770/5431
s 199
f 3244/880/5447 3245/879/5438 3246/3312/5437 3247/3319/5448
s 198
f 3248/3767/5451 3249/3324/5454 3250/3318/5444 3251/3768/5443
s 199
f 3252/888/5459 3253/887/5450 3254/3320/5449 3255/3327/5460
s 198
f 3256/3765/5463 3257/3332/5466 3258/3326/5456 3259/3766/5455
s 199
f 3260/896/5471 3261/895/5462 3262/3328/5461 3263/3335/5472
s 198
f 3264/3763/5475 3265/3340/5478 3266/3334/5468 3267/3764/5467
s 199
f 3268/904/5483 3269/903/5474 3270/3336/5473 3271/3343/5484
s 198
f 3272/3761/5487 3273/3348/5490 3274/3342/5480 3275/3762/5479
s 199
f 3276/912/5495 3277/911/5486 3278/3344/5485 3279/3351/5496
s 198
f 3280/3759/5499 3281/3356/5502 3282/3350/5492 3283/3760/5491
s 199
f 3284/920/5507 3285/919/5498 3286/3352/5497 3287/3359/5508
s 198
f 3288/3757/5511 3289/3364/5514 3290/3358/5504 3291/3758/5503
s 199
f 3292/928/5519 3293/927/5510 3294/3360/5509 3295/3367/5520
s 198
f 3296/3755/5523 3297/3372/5526 3298/3366/5516 3299/3756/5515
s 199
f 3300/936/5531 3301/935/5522 3302/3368/5521 3303/3375/5532
s 200
f 3304/3753/5535 3305/819/5540 3306/3374/5539 3307/3754/5536
s off
f 3308/3376/7902 3309/943/7903 3310/942/7904
s 91
g laptop
f 3311/3379/7905 3312/3848/7906 3313/3847/1140 3314/748/1139
s 201
f 3315/3386/5560 3316/3846/5559 3317/3845/5550 3318/3383/5549
s 203
f 3319/3266/5567 3320/3265/5572 3321/3393/5571 3322/3392/5568
s off
f 3323/3385/7907 3324/3259/7908 3325/3258/7909
s 201
f 3326/3395/5580 3327/3844/5579 3328/3843/5562 3329/3390/5561
s 203
f 3330/3275/5587 3331/3274/5570 3332/3394/5569 3333/3401/5588
s 201
f 3334/3403/5596 3335/3842/5595 3336/3841/5582 3337/3399/5581
s 203
f 3338/3283/5603 3339/3282/5590 3340/3402/5589 3341/3409/5604
s 201
f 3342/3411/5612 3343/3840/5611 3344/3839/5598 3345/3407/5597
s 203
f 3346/3291/5619 3347/3290/5606 3348/3410/5605 3349/3417/5620
s 201
f 3350/3419/5628 3351/3838/5627 3352/3837/5614 3353/3415/5613
s 203
f 3354/3299/5635 3355/3298/5622 3356/3418/5621 3357/3425/5636
s 201
f 3358/3427/5644 3359/3836/5643 3360/3835/5630 3361/3423/5629
s 203
f 3362/3307/5651 3363/3306/5638 3364/3426/5637 3365/3433/5652
s 201
f 3366/3435/5660 3367/3834/5659 3368/3833/5646 3369/3431/5645
s 203
f 3370/3315/5667 3371/3314/5654 3372/3434/5653 3373/3441/5668
s 201
f 3374/3443/5676 3375/3832/5675 3376/3831/5662 3377/3439/5661
s 203
f 3378/3323/5683 3379/3322/5670 3380/3442/5669 3381/3449/5684
s 201
f 3382/3451/5692 3383/3830/5691 3384/3829/5678 3385/3447/5677
s 203
f 3386/3331/5699 3387/3330/5686 3388/3450/5685 3389/3457/5700
s 201
f 3390/3459/5708 3391/3828/5707 3392/3827/5694 3393/3455/5693
s 203
f 3394/3339/5715 3395/3338/5702 3396/3458/5701 3397/3465/5716
s 201
f 3398/3467/5724 3399/3826/5723 3400/3825/5710 3401/3463/5709
s 203
f 3402/3347/5731 3403/3346/5718 3404/3466/5717 3405/3473/5732
s 201
f 3406/3475/5740 3407/3824/5739 3408/3823/5726 3409/3471/5725
s 203
f 3410/3355/5747 3411/3354/5734 3412/3474/5733 3413/3481/5748
s 201
f 3414/3483/5756 3415/3822/5755 3416/3821/5742 3417/3479/5741
s 203
f 3418/3363/5763 3419/3362/5750 3420/3482/5749 3421/3489/5764
s 201
f 3422/3491/5772 3423/3820/5771 3424/3819/5758 3425/3487/5757
s 203
f 3426/3371/5779 3427/3370/5766 3428/3490/5765 3429/3497/5780
s 109
f 3430/822/1278 3431/3818/1277 3432/3817/7910 3433/3495/7911
s off
f 3434/3498/7912 3435/3378/7913 3436/3377/7914
s 217
f 3437/3501/7915 3438/746/7916 3439/745/5800 3440/3857/5799
f 3441/3506/5802 3442/758/5801 3443/757/5808 3444/3507/5807
s 220
f 3445/3511/5816 3446/3388/5815 3447/3387/5820 3448/3512/5819
f 3449/3516/5822 3450/3381/5821 3451/3380/7917 3452/3505/7918
s 217
f 3453/3510/5810 3454/762/5809 3455/761/5832 3456/3519/5831
s 220
f 3457/3523/5840 3458/3397/5839 3459/3396/5818 3460/3515/5817
s 217
f 3461/3522/5834 3462/766/5833 3463/765/5848 3464/3527/5847
s 220
f 3465/3531/5856 3466/3405/5855 3467/3404/5842 3468/3526/5841
s 217
f 3469/3530/5850 3470/770/5849 3471/769/5864 3472/3535/5863
s 220
f 3473/3539/5872 3474/3413/5871 3475/3412/5858 3476/3534/5857
s 217
f 3477/3538/5866 3478/774/5865 3479/773/5880 3480/3543/5879
s 220
f 3481/3547/5888 3482/3421/5887 3483/3420/5874 3484/3542/5873
s 217
f 3485/3546/5882 3486/778/5881 3487/777/5896 3488/3551/5895
s 220
f 3489/3555/5904 3490/3429/5903 3491/3428/5890 3492/3550/5889
s 217
f 3493/3554/5898 3494/782/5897 3495/781/5912 3496/3559/5911
s 220
f 3497/3563/5920 3498/3437/5919 3499/3436/5906 3500/3558/5905
s 217
f 3501/3562/5914 3502/786/5913 3503/785/5928 3504/3567/5927
s 220
f 3505/3571/5936 3506/3445/5935 3507/3444/5922 3508/3566/5921
s 217
f 3509/3570/5930 3510/790/5929 3511/789/5944 3512/3575/5943
s 220
f 3513/3579/5952 3514/3453/5951 3515/3452/5938 3516/3574/5937
s 217
f 3517/3578/5946 3518/794/5945 3519/793/5960 3520/3583/5959
s 220
f 3521/3587/5968 3522/3461/5967 3523/3460/5954 3524/3582/5953
s 217
f 3525/3586/5962 3526/798/5961 3527/797/5976 3528/3591/5975
s 220
f 3529/3595/5984 3530/3469/5983 3531/3468/5970 3532/3590/5969
s 217
f 3533/3594/5978 3534/802/5977 3535/801/5992 3536/3599/5991
s 220
f 3537/3603/6000 3538/3477/5999 3539/3476/5986 3540/3598/5985
s 217
f 3541/3602/5994 3542/806/5993 3543/805/6008 3544/3607/6007
s 220
f 3545/3611/6016 3546/3485/6015 3547/3484/6002 3548/3606/6001
s 217
f 3549/3610/6010 3550/810/6009 3551/809/6024 3552/3615/6023
s 220
f 3553/3619/6032 3554/3493/6031 3555/3492/6018 3556/3614/6017
s 217
f 3557/3618/6026 3558/814/6025 3559/813/7919 3560/3853/7920
s 220
f 3561/3626/7921 3562/3500/7922 3563/3499/6034 3564/3622/6033
s off
f 3565/3504/7923 3566/3749/7924 3567/3629/7925
s 234
f 3568/3632/6055 3569/3631/6054 3570/3509/6053 3571/3747/6056
s 236
f 3572/3514/6063 3573/3743/6068 3574/3635/6067 3575/3634/6064
s off
f 3576/3630/7926 3577/3518/7927 3578/3751/7928
s 234
f 3579/3637/6071 3580/3633/6058 3581/3521/6057 3582/3741/6072
s 236
f 3583/3525/6079 3584/3745/6066 3585/3636/6065 3586/3639/6080
s 234
f 3587/3641/6083 3588/3638/6074 3589/3529/6073 3590/3737/6084
s 236
f 3591/3533/6091 3592/3739/6082 3593/3640/6081 3594/3643/6092
s 234
f 3595/3645/6095 3596/3642/6086 3597/3537/6085 3598/3733/6096
s 236
f 3599/3541/6103 3600/3735/6094 3601/3644/6093 3602/3647/6104
s 234
f 3603/3649/6107 3604/3646/6098 3605/3545/6097 3606/3729/6108
s 236
f 3607/3549/6115 3608/3731/6106 3609/3648/6105 3610/3651/6116
s 234
f 3611/3653/6119 3612/3650/6110 3613/3553/6109 3614/3725/6120
s 236
f 3615/3557/6127 3616/3727/6118 3617/3652/6117 3618/3655/6128
s 234
f 3619/3657/6131 3620/3654/6122 3621/3561/6121 3622/3721/6132
s 236
f 3623/3565/6139 3624/3723/6130 3625/3656/6129 3626/3659/6140
s 234
f 3627/3661/6143 3628/3658/6134 3629/3569/6133 3630/3717/6144
s 236
f 3631/3573/6151 3632/3719/6142 3633/3660/6141 3634/3663/6152
s 234
f 3635/3665/6155 3636/3662/6146 3637/3577/6145 3638/3713/6156
s 236
f 3639/3581/6163 3640/3715/6154 3641/3664/6153 3642/3667/6164
s 234
f 3643/3669/6167 3644/3666/6158 3645/3585/6157 3646/3709/6168
s 236
f 3647/3589/6175 3648/3711/6166 3649/3668/6165 3650/3671/6176
s 234
f 3651/3673/6179 3652/3670/6170 3653/3593/6169 3654/3705/6180
s 236
f 3655/3597/6187 3656/3707/6178 3657/3672/6177 3658/3675/6188
s 234
f 3659/3677/6191 3660/3674/6182 3661/3601/6181 3662/3701/6192
s 236
f 3663/3605/6199 3664/3703/6190 3665/3676/6189 3666/3679/6200
s 234
f 3667/3681/6203 3668/3678/6194 3669/3609/6193 3670/3697/6204
s 236
f 3671/3613/6211 3672/3699/6202 3673/3680/6201 3674/3683/6212
s 234
f 3675/3685/6215 3676/3682/6206 3677/3617/6205 3678/3693/6216
s 236
f 3679/3621/6223 3680/3695/6214 3681/3684/6213 3682/3687/6224
s off
f 3683/3686/7929 3684/3625/7930 3685/3689/7931
f 3686/3688/7932 3687/3628/7933 3688/3691/7934
s 91
g textureEditorIsolateSelectSet laptop
f 553/3905/7277 550/747/1137 551/750/7935 552/681/7936
s 109
f 615/3816/1276 612/742/7280 613/741/7937 614/815/7938
