# This file uses centimeters as units for non-parametric coordinates.

mtllib Mouse.mtl
g default
v 3.754190 5.096912 -6.624507
v 4.058721 5.090538 -6.542993
v 4.363253 5.096912 -6.626932
v 3.757578 5.486731 -6.646746
v 4.058721 5.510347 -6.570892
v 4.359865 5.486731 -6.656436
v 3.740659 5.540224 -7.095744
v 4.058721 5.576028 -7.109721
v 4.376745 5.540224 -7.115208
v 3.736067 5.338651 -7.691026
v 4.058721 5.341523 -7.807198
v 4.381360 5.338471 -7.697861
v 3.754699 5.090760 -7.712153
v 4.058721 5.086642 -7.799069
v 4.362743 5.090756 -7.712712
v 3.719471 5.091021 -7.046956
v 4.058721 5.079754 -7.069336
v 4.397972 5.091021 -7.054198
v 3.781775 5.541427 -7.195775
v 4.003444 5.541427 -7.235758
v 3.995572 5.369361 -7.773171
v 3.749480 5.368234 -7.673493
v 4.114001 5.541427 -7.239105
v 4.335614 5.541427 -7.213551
v 4.367934 5.368053 -7.681072
v 4.121856 5.369360 -7.774406
v 3.806821 5.559176 -7.212904
v 3.960518 5.559176 -7.242693
v 3.950110 5.397162 -7.735535
v 3.780145 5.395643 -7.664204
v 4.156917 5.559176 -7.247832
v 4.310560 5.559176 -7.228528
v 4.337247 5.395387 -7.671600
v 4.167292 5.397109 -7.737800
v 3.703950 5.465969 -7.299459
v 3.719651 5.089624 -7.298765
v 4.058721 5.079754 -7.355593
v 4.397793 5.089625 -7.305590
v 4.413233 5.465799 -7.319551
v 4.391423 5.502326 -7.330933
v 4.342867 5.525225 -7.338927
v 4.137132 5.526025 -7.384518
v 4.068621 5.503445 -7.400790
v 4.048828 5.503445 -7.400790
v 3.980282 5.526055 -7.381575
v 3.774387 5.525382 -7.323071
v 3.725767 5.502506 -7.312034
v 3.718912 5.087668 -7.565889
v 3.685899 5.382564 -7.533973
v 3.704872 5.416831 -7.527614
v 3.758609 5.442417 -7.539731
v 3.978293 5.445545 -7.626751
v 4.049469 5.421017 -7.654669
v 4.067964 5.421017 -7.654669
v 4.139117 5.445415 -7.628900
v 4.358722 5.441721 -7.551319
v 4.412446 5.416040 -7.541343
v 4.431447 5.381814 -7.547559
v 4.398532 5.087673 -7.568323
v 4.058721 5.079754 -7.650338
v 4.112870 5.547940 -7.216767
v 4.058723 5.510745 -7.366870
v 4.058720 5.419225 -7.662218
v 4.118969 5.369599 -7.785987
v 4.376907 5.368811 -7.687953
v 4.424702 5.416936 -7.541566
v 4.404676 5.503290 -7.321304
v 4.347014 5.547127 -7.198368
v 4.004574 5.547940 -7.213116
v 3.998470 5.369599 -7.784750
v 3.740517 5.369015 -7.680246
v 3.692619 5.417830 -7.527026
v 3.712467 5.503493 -7.300708
v 3.770364 5.547127 -7.178963
v 4.117207 5.551436 -7.240543
v 4.074222 5.513697 -7.399903
v 4.073473 5.431570 -7.653022
v 4.125919 5.380105 -7.767088
v 4.366120 5.378712 -7.675055
v 4.409073 5.427060 -7.537880
v 4.388280 5.512698 -7.331113
v 4.333534 5.551436 -7.215780
v 4.000237 5.551436 -7.237255
v 4.043223 5.513697 -7.399903
v 4.043959 5.431570 -7.653022
v 3.991504 5.380107 -7.765814
v 3.751289 5.378900 -7.667318
v 3.708250 5.427862 -7.524224
v 3.728931 5.512880 -7.312502
v 3.783859 5.551436 -7.198315
v 3.717363 5.288483 -6.548263
v 3.675676 5.295066 -7.055463
v 3.678285 5.268090 -7.302660
v 3.668227 5.229186 -7.557442
v 3.725232 5.210294 -7.722010
v 4.058718 5.207714 -7.834185
v 4.392198 5.210228 -7.725033
v 4.449214 5.229097 -7.565759
v 4.439114 5.268072 -7.318043
v 4.441757 5.295066 -7.071986
v 4.400080 5.288483 -6.554593
v 4.058721 5.285820 -6.398096
v 3.717945 5.155851 -6.556138
v 3.662768 5.158251 -7.045798
v 3.663630 5.148520 -7.291408
v 3.659559 5.134891 -7.550412
v 3.720421 5.128559 -7.717124
v 4.058719 5.127744 -7.829700
v 4.397016 5.128541 -7.718300
v 4.457893 5.134921 -7.555137
v 4.453816 5.148527 -7.302198
v 4.454675 5.158251 -7.057403
v 4.399498 5.155851 -6.559517
v 4.058721 5.154881 -6.409667
v 4.360924 5.410891 -7.626699
v 4.253308 5.394047 -7.712111
v 4.142662 5.413918 -7.710268
v 4.072208 5.388918 -7.742211
v 4.069888 5.424415 -7.655860
v 4.077485 5.399611 -7.737620
v 4.053392 5.422467 -7.649224
v 4.051513 5.388324 -7.752305
v 4.045220 5.388919 -7.742087
v 4.030725 5.439727 -7.647380
v 4.039940 5.399611 -7.737492
v 3.974741 5.414014 -7.708429
v 3.867053 5.446186 -7.582408
v 3.756450 5.411397 -7.617376
v 3.706031 5.396735 -7.602549
v 3.713859 5.435683 -7.523843
v 3.691315 5.386864 -7.610843
v 3.698732 5.416883 -7.527455
v 3.702881 5.385843 -7.607407
v 3.661667 5.141310 -7.421121
v 3.719298 5.088590 -7.433043
v 3.703131 5.461133 -7.413881
v 3.715904 5.460553 -7.419951
v 3.719192 5.471328 -7.418489
v 3.766886 5.484981 -7.431756
v 3.978726 5.487082 -7.505665
v 4.042761 5.473871 -7.528241
v 4.058721 5.466106 -7.516244
v 4.048443 5.463469 -7.529141
v 4.074679 5.473870 -7.528241
v 4.068999 5.463469 -7.529141
v 4.350387 5.484492 -7.445660
v 4.138685 5.486991 -7.508244
v 4.398050 5.470764 -7.434850
v 4.401323 5.459995 -7.436509
v 4.414071 5.460504 -7.431733
v 4.421784 5.422519 -7.433858
v 4.455784 5.141335 -7.428944
v 4.398145 5.088593 -7.437701
v 4.058721 5.079754 -7.505367
v 4.064435 5.503740 -7.392477
v 4.065277 5.534920 -7.273513
v 4.113469 5.541416 -7.230151
v 4.064045 5.422466 -7.649224
v 4.065927 5.388323 -7.752430
v 4.120394 5.369613 -7.778635
v 4.372417 5.368058 -7.684669
v 4.418587 5.416041 -7.541585
v 4.398065 5.501706 -7.326254
v 4.341322 5.541335 -7.206166
v 4.009447 5.562214 -7.191455
v 4.004254 5.363666 -7.796670
v 3.872095 5.333645 -7.763060
v 3.738418 5.364760 -7.683130
v 3.685470 5.354482 -7.620094
v 3.689671 5.413296 -7.528019
v 3.695455 5.423047 -7.416757
v 3.709172 5.501579 -7.298501
v 3.710330 5.502225 -7.209365
v 3.765610 5.556848 -7.167958
v 4.087304 5.520713 -7.396016
v 4.127614 5.557637 -7.240104
v 4.086703 5.439714 -7.647594
v 4.136437 5.388420 -7.760162
v 4.362957 5.386711 -7.672206
v 4.403462 5.434880 -7.537333
v 4.383911 5.519656 -7.330775
v 4.331988 5.557637 -7.216745
v 4.046839 5.507336 -7.402075
v 4.003062 5.545333 -7.238387
v 4.047544 5.424415 -7.655860
v 3.994566 5.373202 -7.769584
v 3.751300 5.372166 -7.670351
v 3.707548 5.420911 -7.526380
v 3.728601 5.506557 -7.313538
v 3.784169 5.545333 -7.198684
v 3.670890 5.293827 -6.798685
v 3.722008 5.403696 -6.579011
v 3.691030 5.417721 -7.064778
v 3.691843 5.373548 -7.302067
v 3.679882 5.285468 -7.202692
v 3.677435 5.310438 -7.546863
v 3.673470 5.247664 -7.430220
v 3.671131 5.216900 -7.648402
v 3.730839 5.278425 -7.707688
v 4.058719 5.274594 -7.818165
v 3.866978 5.207944 -7.796796
v 4.386589 5.278301 -7.712689
v 4.250454 5.207910 -7.798147
v 4.439960 5.310022 -7.558007
v 4.446309 5.216811 -7.653710
v 4.425449 5.373455 -7.320098
v 4.443949 5.247608 -7.442206
v 4.437528 5.285466 -7.220071
v 4.426381 5.417721 -7.083668
v 4.446552 5.293827 -6.810603
v 4.395435 5.403696 -6.587508
v 4.257118 5.286087 -6.427282
v 4.058721 5.402412 -6.438528
v 3.860325 5.286087 -6.424716
v 3.717716 5.207976 -6.545897
v 3.667826 5.212020 -7.049935
v 3.669262 5.195595 -7.298184
v 3.662625 5.172479 -7.556914
v 3.722012 5.161658 -7.723192
v 4.058719 5.160249 -7.836106
v 4.395421 5.161624 -7.725018
v 4.454831 5.172510 -7.563130
v 4.448180 5.195604 -7.311095
v 4.449616 5.212020 -7.063890
v 4.399727 5.207976 -6.550515
v 4.058721 5.206341 -6.396262
v 3.866805 5.091327 -6.561154
v 4.058721 5.115950 -6.433373
v 3.862194 5.154978 -6.436269
v 3.722579 5.117053 -6.572227
v 4.250638 5.091327 -6.562140
v 4.394864 5.117053 -6.574725
v 4.255248 5.154978 -6.437315
v 3.866260 5.507422 -6.587498
v 4.058721 5.564325 -6.829376
v 3.883823 5.573143 -7.069037
v 3.738181 5.519420 -6.835769
v 4.251183 5.507422 -6.593288
v 4.379259 5.519420 -6.849756
v 4.233616 5.573143 -7.079795
v 3.883173 5.562293 -7.218468
v 3.980223 5.550355 -7.289917
v 3.875736 5.527627 -7.351719
v 3.781626 5.550287 -7.245709
v 4.234244 5.562293 -7.228919
v 4.335690 5.550272 -7.262523
v 4.241598 5.527533 -7.361134
v 4.137202 5.550352 -7.293318
v 3.864408 5.127810 -7.792384
v 4.058721 5.102876 -7.821591
v 3.867130 5.087150 -7.764330
v 3.723779 5.103676 -7.711986
v 4.253029 5.127793 -7.792817
v 4.393661 5.103667 -7.712709
v 4.250312 5.087148 -7.764545
v 3.863514 5.080741 -7.332806
v 4.058721 5.079754 -7.235082
v 3.863464 5.080881 -7.059883
v 3.719743 5.090520 -7.193332
v 4.253929 5.080741 -7.336503
v 4.397700 5.090520 -7.201254
v 4.253978 5.080881 -7.063793
v 4.058721 5.080832 -6.796884
v 3.723280 5.091727 -6.806914
v 4.394164 5.091727 -6.811502
v 4.451741 5.112889 -7.296343
v 4.453141 5.154763 -7.202708
v 4.452195 5.117574 -7.052821
v 4.452454 5.157799 -6.805367
v 3.664302 5.154762 -7.190283
v 3.665703 5.112885 -7.287357
v 3.665248 5.117574 -7.043227
v 3.664988 5.157799 -6.797627
v 3.887607 5.552163 -7.179206
v 4.003976 5.541416 -7.226654
v 3.893213 5.545473 -7.198154
v 3.776061 5.541335 -7.187586
v 4.052167 5.534920 -7.273147
v 4.053013 5.503740 -7.392477
v 4.046253 5.528729 -7.302511
v 3.868896 5.363193 -7.749498
v 3.745002 5.368251 -7.677032
v 3.872043 5.362629 -7.739407
v 3.997039 5.369613 -7.777400
v 3.719101 5.501897 -7.306513
v 3.721763 5.531865 -7.219979
v 3.735249 5.528634 -7.234646
v 4.351768 5.556848 -7.187712
v 4.229830 5.552163 -7.190861
v 4.107996 5.562214 -7.194839
v 4.406938 5.502208 -7.231007
v 4.407968 5.501376 -7.319363
v 4.395477 5.531844 -7.241868
v 4.245341 5.333620 -7.766513
v 4.113188 5.363666 -7.797787
v 4.248540 5.363171 -7.753558
v 4.379007 5.364555 -7.690744
v 3.892786 5.555446 -7.200539
v 3.989829 5.557637 -7.236574
v 3.785404 5.557637 -7.199444
v 4.041355 5.538841 -7.302623
v 4.030139 5.520716 -7.395721
v 3.870888 5.373300 -7.731907
v 3.754445 5.386914 -7.664431
v 3.864088 5.394164 -7.707450
v 3.980972 5.388429 -7.758749
v 3.733307 5.519838 -7.312359
v 3.738300 5.538759 -7.236512
v 4.224225 5.545473 -7.208836
v 4.333223 5.545333 -7.216143
v 4.224652 5.555446 -7.211032
v 4.114383 5.545333 -7.241675
v 4.382025 5.528617 -7.254682
v 4.388604 5.506378 -7.332122
v 4.378988 5.538740 -7.256211
v 4.245382 5.362610 -7.743449
v 4.122860 5.373201 -7.770833
v 4.246532 5.373277 -7.736069
v 4.366113 5.371984 -7.677981
v 4.076091 5.538840 -7.302953
v 4.070608 5.507336 -7.402075
v 4.071196 5.528729 -7.302846
v 3.723178 5.087564 -7.657982
v 3.663631 5.106319 -7.547048
v 3.664567 5.130729 -7.642720
v 4.058721 5.080443 -7.746530
v 3.863353 5.080546 -7.617385
v 4.394266 5.087564 -7.659048
v 4.254090 5.080546 -7.618633
v 4.452877 5.130734 -7.645246
v 4.453816 5.106333 -7.550585
v 4.426078 5.386233 -7.622033
v 4.427655 5.412404 -7.542591
v 4.431935 5.353948 -7.630270
v 4.411349 5.396167 -7.613409
v 4.409774 5.420126 -7.539990
v 4.414500 5.385284 -7.618195
v 4.250316 5.445771 -7.589282
v 3.863364 5.116103 -6.458944
v 4.254079 5.116103 -6.459602
v 3.873889 5.559905 -6.829091
v 4.243554 5.559905 -6.837473
v 3.879362 5.552297 -7.266525
v 4.238011 5.552288 -7.276655
v 3.864432 5.102975 -7.784811
v 4.253009 5.102967 -7.785044
v 3.863522 5.080831 -7.217970
v 4.253921 5.080831 -7.222269
v 3.863961 5.081924 -6.799488
v 4.253482 5.081924 -6.801895
v 4.451419 5.115893 -7.196291
v 4.448080 5.117462 -6.807729
v 3.666024 5.115893 -7.185899
v 3.669363 5.117462 -6.801556
v 3.890388 5.545519 -7.189253
v 4.049129 5.528619 -7.293852
v 3.870483 5.362588 -7.744461
v 3.728497 5.528205 -7.227458
v 4.231162 5.565854 -7.175024
v 4.399163 5.535022 -7.238041
v 4.248584 5.358818 -7.757996
v 3.888252 5.561609 -7.201380
v 4.028531 5.545510 -7.299523
v 3.867121 5.381673 -7.726330
v 3.742200 5.545423 -7.236669
v 4.223109 5.549354 -7.211649
v 4.379182 5.532592 -7.256752
v 4.244971 5.366535 -7.739538
v 4.072636 5.532687 -7.304649
v 3.669115 5.104382 -7.639368
v 3.863939 5.081156 -7.711952
v 4.253504 5.081156 -7.712452
v 4.448329 5.104384 -7.641078
v 4.428810 5.381791 -7.624042
v 4.412012 5.389289 -7.615917
v 4.253151 5.414242 -7.668295
v 4.073897 5.392486 -7.741021
v 4.048325 5.389954 -7.741533
v 4.026773 5.407833 -7.731153
v 3.864234 5.414541 -7.662723
v 3.711699 5.404564 -7.601720
v 3.697091 5.385965 -7.609270
v 3.664707 5.109411 -7.417470
v 3.709499 5.460228 -7.417054
v 3.724164 5.478766 -7.418235
v 3.871313 5.488100 -7.467988
v 4.029650 5.481506 -7.523292
v 4.052817 5.464465 -7.521578
v 4.071075 5.467070 -7.530722
v 4.246029 5.487809 -7.476240
v 4.398570 5.464095 -7.436430
v 4.417193 5.456384 -7.431270
v 4.452740 5.109424 -7.423776
v 4.254004 5.080638 -7.479337
v 3.863439 5.080638 -7.476851
v 4.068318 5.528619 -7.294202
v 4.064626 5.464465 -7.521578
v 4.069109 5.389954 -7.741656
v 4.246947 5.362568 -7.748507
v 4.420295 5.385371 -7.620253
v 4.407714 5.459636 -7.434255
v 4.388759 5.528186 -7.248410
v 4.227049 5.545519 -7.200414
v 4.058721 5.549166 -7.234726
v 4.058721 5.376695 -7.784709
v 3.868854 5.358840 -7.754016
v 3.688587 5.382421 -7.612909
v 3.700009 5.457013 -7.413265
v 3.718073 5.535042 -7.215809
v 3.886275 5.565854 -7.163260
v 4.088913 5.545510 -7.300160
v 4.087787 5.481497 -7.523550
v 4.090644 5.407822 -7.731454
v 4.250288 5.381638 -7.730599
v 4.405676 5.403991 -7.612492
v 4.393081 5.478201 -7.434406
v 4.375094 5.545404 -7.256162
v 4.229184 5.561609 -7.211907
v 4.044811 5.532687 -7.304320
v 4.046365 5.467070 -7.530722
v 4.043531 5.392486 -7.740896
v 3.872453 5.366555 -7.735450
v 3.705369 5.389843 -7.605143
v 3.718667 5.464647 -7.420100
v 3.738102 5.532609 -7.237070
v 3.894328 5.549354 -7.201157
v 3.681846 5.414177 -6.815750
v 3.694440 5.401206 -7.205559
v 3.685017 5.340694 -7.424571
v 3.678563 5.289828 -7.635414
v 3.870010 5.274399 -7.780797
v 4.247424 5.274369 -7.783223
v 4.438860 5.289518 -7.643287
v 4.432312 5.340406 -7.439361
v 4.422898 5.401197 -7.225444
v 4.435593 5.414177 -6.829966
v 4.257613 5.402361 -6.467420
v 3.859830 5.402361 -6.463468
v 3.667306 5.211259 -6.794641
v 3.670372 5.206139 -7.197059
v 3.666062 5.183382 -7.427749
v 3.666787 5.165377 -7.648961
v 3.865250 5.160365 -7.798578
v 4.252184 5.160337 -7.799314
v 4.450659 5.165377 -7.652559
v 4.451389 5.183409 -7.437405
v 4.447068 5.206140 -7.211847
v 4.450137 5.211259 -6.804284
v 4.255983 5.206505 -6.424695
v 3.861460 5.206505 -6.423046
v 3.790808 5.103127 -6.532405
v 3.957657 5.101321 -6.476310
v 3.957372 5.133959 -6.421296
v 3.780558 5.134239 -6.487389
v 4.159786 5.101321 -6.476592
v 4.326634 5.103127 -6.533771
v 4.336885 5.134239 -6.488983
v 4.160071 5.133959 -6.421617
v 3.797867 5.528018 -6.713985
v 3.959765 5.543907 -6.691143
v 3.966614 5.574303 -6.966335
v 3.801248 5.558010 -6.962809
v 4.157678 5.543907 -6.694814
v 4.319576 5.528018 -6.723777
v 4.316187 5.558010 -6.976601
v 4.150829 5.574303 -6.971323
v 3.832712 5.558111 -7.229813
v 3.930182 5.558111 -7.249865
v 3.933656 5.541563 -7.318618
v 3.822378 5.541414 -7.290691
v 4.187235 5.558111 -7.256843
v 4.284661 5.558111 -7.243468
v 4.294933 5.541362 -7.304195
v 4.183732 5.541540 -7.324764
v 3.782511 5.114601 -7.753396
v 3.958258 5.114376 -7.815608
v 3.958006 5.093529 -7.802346
v 3.791638 5.094704 -7.745651
v 4.159182 5.114369 -7.815749
v 4.334928 5.114586 -7.753962
v 4.325803 5.094698 -7.746016
v 4.159435 5.093527 -7.802428
v 3.781994 5.083895 -7.259429
v 3.957911 5.079754 -7.288569
v 3.957900 5.079754 -7.158958
v 3.781946 5.084187 -7.139557
v 4.159531 5.079754 -7.290659
v 4.335449 5.083895 -7.265377
v 4.335497 5.084187 -7.145727
v 4.159543 5.079754 -7.161124
v 3.781720 5.084270 -6.933759
v 3.957877 5.079754 -6.938978
v 3.957819 5.084068 -6.659961
v 3.791173 5.088030 -6.685022
v 4.159565 5.079754 -6.940623
v 4.335724 5.084270 -6.938474
v 4.326270 5.088030 -6.687522
v 4.159624 5.084068 -6.660747
v 4.434383 5.101918 -7.135387
v 4.434260 5.100458 -7.247429
v 4.455681 5.131792 -7.248475
v 4.455925 5.135461 -7.137747
v 4.414194 5.103572 -6.693665
v 4.435292 5.102331 -6.937166
v 4.458090 5.136500 -6.938358
v 4.436038 5.135360 -6.675708
v 3.661518 5.135461 -7.126395
v 3.661763 5.131789 -7.237601
v 3.683183 5.100457 -7.238591
v 3.683060 5.101918 -7.126195
v 3.682151 5.102331 -6.930037
v 3.703249 5.103572 -6.689883
v 3.681404 5.135360 -6.670945
v 3.659353 5.136500 -6.929364
v 3.825699 5.546695 -7.178598
v 3.951928 5.546825 -7.198210
v 3.953075 5.543831 -7.209077
v 3.830503 5.543831 -7.188260
v 4.035429 5.538455 -7.249198
v 4.055815 5.520243 -7.329839
v 4.051514 5.517313 -7.344529
v 4.033373 5.535694 -7.261896
v 3.939511 5.364880 -7.770819
v 3.800013 5.364394 -7.714598
v 3.803459 5.363576 -7.710163
v 3.939474 5.364119 -7.765187
v 3.725505 5.516857 -7.265909
v 3.718134 5.517913 -7.258660
v 3.741222 5.537805 -7.198033
v 3.748222 5.535694 -7.206667
v 4.156910 5.572441 -7.150687
v 4.302856 5.565167 -7.148724
v 4.294966 5.557237 -7.187545
v 4.166286 5.557887 -7.194885
v 4.389050 5.541710 -7.196829
v 4.407527 5.508986 -7.274273
v 4.403977 5.521652 -7.275508
v 4.380807 5.545676 -7.213504
v 4.321069 5.351319 -7.728518
v 4.166258 5.351692 -7.787634
v 4.177918 5.363792 -7.779834
v 4.319732 5.363948 -7.723815
v 3.832156 5.557836 -7.194172
v 3.949001 5.557836 -7.214318
v 3.935360 5.561912 -7.219677
v 3.835899 5.561912 -7.201759
v 4.024727 5.549825 -7.265215
v 4.040683 5.531594 -7.345660
v 4.013073 5.537931 -7.338572
v 3.999930 5.554916 -7.263764
v 3.934115 5.379056 -7.753010
v 3.804395 5.378412 -7.699314
v 3.810489 5.387983 -7.692991
v 3.920674 5.388758 -7.739168
v 3.749478 5.537600 -7.272888
v 3.731600 5.531250 -7.269419
v 3.753474 5.549825 -7.211990
v 3.768756 5.554916 -7.217403
v 4.163483 5.546032 -7.221763
v 4.283617 5.546032 -7.208669
v 4.283177 5.551217 -7.209434
v 4.164174 5.551217 -7.222287
v 4.364370 5.537971 -7.231317
v 4.386733 5.519131 -7.289815
v 4.385440 5.524435 -7.289991
v 4.363234 5.543188 -7.231963
v 4.311685 5.365357 -7.711917
v 4.178032 5.365888 -7.763165
v 4.179155 5.371472 -7.759466
v 4.311511 5.370902 -7.708640
v 4.086967 5.543188 -7.268519
v 4.070610 5.524820 -7.348190
v 4.068497 5.519532 -7.348815
v 4.085341 5.537971 -7.268537
v 3.703633 5.095100 -7.679123
v 3.681471 5.094903 -7.603015
v 3.657817 5.117830 -7.597440
v 3.682299 5.115595 -7.677332
v 3.791338 5.085069 -7.714466
v 3.957874 5.082509 -7.766639
v 3.957846 5.079754 -7.694103
v 3.781520 5.082784 -7.642304
v 4.159569 5.082509 -7.766785
v 4.326105 5.085068 -7.714975
v 4.335923 5.082785 -7.643522
v 4.159597 5.079754 -7.694506
v 4.435142 5.115589 -7.678752
v 4.459630 5.117844 -7.600417
v 4.435974 5.094909 -7.605071
v 4.413809 5.095097 -7.680036
v 4.412180 5.375410 -7.656417
v 4.430472 5.399295 -7.585513
v 4.433024 5.385152 -7.588658
v 4.414302 5.362227 -7.660306
v 4.397511 5.382233 -7.646067
v 4.413706 5.406124 -7.579854
v 4.415084 5.400380 -7.581970
v 4.398600 5.376615 -7.648723
v 4.191162 5.428924 -7.656258
v 4.312139 5.426957 -7.611158
v 4.307068 5.402391 -7.671915
v 4.199467 5.403710 -7.713764
v 4.089196 5.378855 -7.765017
v 4.068229 5.404521 -7.705112
v 4.070417 5.410158 -7.703305
v 4.091167 5.384490 -7.761885
v 4.051754 5.403912 -7.702327
v 4.055898 5.404757 -7.703706
v 4.032686 5.378429 -7.770821
v 4.030045 5.377600 -7.766378
v 4.011878 5.425729 -7.687605
v 4.040903 5.418237 -7.699545
v 4.020440 5.392363 -7.757326
v 3.994281 5.400634 -7.742831
v 3.805226 5.427477 -7.602646
v 3.926231 5.429162 -7.652387
v 3.917929 5.403838 -7.710402
v 3.810320 5.402683 -7.665107
v 3.720164 5.390100 -7.633839
v 3.704323 5.414492 -7.565081
v 3.725095 5.422031 -7.570993
v 3.738792 5.398225 -7.636132
v 3.709118 5.376123 -7.644815
v 3.691289 5.400309 -7.571792
v 3.697832 5.399262 -7.571089
v 3.714908 5.375163 -7.642211
v 3.660705 5.126776 -7.350363
v 3.659095 5.121702 -7.485534
v 3.682028 5.096443 -7.490054
v 3.682735 5.098463 -7.353223
v 3.707338 5.437448 -7.475407
v 3.700533 5.438294 -7.473520
v 3.711230 5.482796 -7.357083
v 3.718330 5.482191 -7.361997
v 3.733545 5.460005 -7.477762
v 3.713792 5.452658 -7.472423
v 3.724543 5.497000 -7.362545
v 3.743092 5.503780 -7.366937
v 3.817424 5.508202 -7.389902
v 3.930519 5.508947 -7.425948
v 3.928006 5.466760 -7.550013
v 3.810878 5.465232 -7.505887
v 4.011047 5.505436 -7.451573
v 4.038857 5.498723 -7.460451
v 4.039454 5.456164 -7.591843
v 4.011097 5.463394 -7.581246
v 4.050297 5.484472 -7.459809
v 4.055656 5.487070 -7.448170
v 4.055795 5.443385 -7.587109
v 4.050675 5.442028 -7.591107
v 4.072461 5.491495 -7.463433
v 4.071919 5.448325 -7.595207
v 4.069681 5.442771 -7.596194
v 4.070192 5.486083 -7.464308
v 4.186857 5.508829 -7.431499
v 4.299866 5.507945 -7.402101
v 4.306447 5.464716 -7.516293
v 4.189379 5.466524 -7.554746
v 4.403923 5.444438 -7.489560
v 4.392732 5.489570 -7.381747
v 4.394054 5.484078 -7.382315
v 4.405307 5.438734 -7.490976
v 4.421292 5.437498 -7.488821
v 4.410669 5.483357 -7.373370
v 4.413953 5.468019 -7.373460
v 4.424204 5.422281 -7.490660
v 4.458355 5.121723 -7.491051
v 4.456742 5.126788 -7.358921
v 4.434710 5.098467 -7.360069
v 4.435418 5.096452 -7.494249
v 4.159575 5.079754 -7.572859
v 4.335768 5.083094 -7.527879
v 4.335565 5.083497 -7.385948
v 4.159545 5.079754 -7.421138
v 3.781675 5.083092 -7.525187
v 3.957868 5.079754 -7.571933
v 3.957899 5.079754 -7.419543
v 3.781879 5.083496 -7.381389
v 4.065935 5.517313 -7.344529
v 4.061631 5.520243 -7.329839
v 4.082015 5.538455 -7.250631
v 4.084073 5.535694 -7.263263
v 4.066763 5.442028 -7.591107
v 4.061647 5.443385 -7.587109
v 4.061789 5.487070 -7.448170
v 4.067149 5.484472 -7.459809
v 4.084750 5.378429 -7.771315
v 4.061540 5.404757 -7.703706
v 4.065679 5.403912 -7.702327
v 4.087385 5.377600 -7.766872
v 4.317415 5.364313 -7.720438
v 4.177925 5.364879 -7.773291
v 4.177955 5.364118 -7.767653
v 4.313965 5.363501 -7.715965
v 4.419523 5.398523 -7.583493
v 4.426072 5.399517 -7.584526
v 4.408291 5.375725 -7.654236
v 4.402495 5.374793 -7.651491
v 4.398857 5.481821 -7.380155
v 4.405935 5.482401 -7.376071
v 4.416731 5.437503 -7.489508
v 4.409930 5.436709 -7.490817
v 4.376096 5.537805 -7.218896
v 4.399054 5.517834 -7.279795
v 4.391706 5.516783 -7.286055
v 4.369108 5.535694 -7.226551
v 4.165515 5.546825 -7.205372
v 4.291720 5.546695 -7.194228
v 4.286917 5.543831 -7.203166
v 4.164368 5.543831 -7.215907
v 4.058722 5.532762 -7.286204
v 4.036819 5.548928 -7.228361
v 4.058721 5.563895 -7.189780
v 4.080624 5.548928 -7.229841
v 4.058721 5.362737 -7.803916
v 4.034440 5.374604 -7.785946
v 4.058721 5.393519 -7.740297
v 4.083002 5.374604 -7.786440
v 3.951182 5.351694 -7.785521
v 3.796364 5.351400 -7.722965
v 3.797701 5.364032 -7.717966
v 3.939522 5.363793 -7.777365
v 3.703115 5.362615 -7.651213
v 3.684350 5.385921 -7.576135
v 3.686894 5.400118 -7.572576
v 3.705234 5.375822 -7.646921
v 3.706484 5.483768 -7.353827
v 3.695970 5.438320 -7.472457
v 3.693070 5.423049 -7.474649
v 3.703216 5.468403 -7.354171
v 3.736502 5.545676 -7.191958
v 3.713195 5.521734 -7.253696
v 3.709658 5.509063 -7.252612
v 3.728271 5.541710 -7.175257
v 3.814566 5.565167 -7.132638
v 3.960533 5.572441 -7.144160
v 3.951157 5.557887 -7.187488
v 3.822450 5.557237 -7.171401
v 4.104364 5.537926 -7.339801
v 4.076763 5.531594 -7.345660
v 4.092719 5.549825 -7.266533
v 4.117510 5.554916 -7.266229
v 4.106329 5.463346 -7.582193
v 4.077981 5.456164 -7.591843
v 4.078586 5.498723 -7.460451
v 4.106385 5.505412 -7.452683
v 4.096979 5.392360 -7.757840
v 4.076524 5.418236 -7.699545
v 4.105538 5.425680 -7.688379
v 4.123125 5.400604 -7.743939
v 4.313018 5.378331 -7.705308
v 4.183301 5.379051 -7.755582
v 4.196729 5.388724 -7.742099
v 4.306912 5.387858 -7.699025
v 4.392257 5.421329 -7.582576
v 4.413030 5.413754 -7.577392
v 4.397232 5.389726 -7.643249
v 4.378596 5.397841 -7.645155
v 4.374140 5.503431 -7.383524
v 4.392674 5.496634 -7.380158
v 4.403490 5.451924 -7.487488
v 4.383742 5.459306 -7.491927
v 4.363871 5.549825 -7.231183
v 4.385641 5.531177 -7.288888
v 4.367780 5.537530 -7.291239
v 4.348591 5.554916 -7.235508
v 4.168442 5.557836 -7.220907
v 4.285267 5.557836 -7.208554
v 4.281515 5.561912 -7.215630
v 4.182078 5.561912 -7.226775
v 4.032106 5.537971 -7.267214
v 4.048952 5.519533 -7.348815
v 4.046837 5.524820 -7.348190
v 4.030478 5.543188 -7.267205
v 4.045517 5.448325 -7.595207
v 4.044983 5.491495 -7.463433
v 4.047253 5.486083 -7.464308
v 4.047756 5.442771 -7.596194
v 4.026259 5.384491 -7.761380
v 4.047012 5.410158 -7.703305
v 4.049201 5.404522 -7.705112
v 4.028231 5.378855 -7.764521
v 3.939394 5.365889 -7.760684
v 3.805736 5.365430 -7.706101
v 3.805907 5.370979 -7.702741
v 3.938270 5.371474 -7.756942
v 3.718800 5.376973 -7.639493
v 3.702270 5.401093 -7.569751
v 3.703650 5.406844 -7.567616
v 3.719888 5.382597 -7.636761
v 3.724481 5.489929 -7.364211
v 3.713358 5.445157 -7.474555
v 3.711968 5.439446 -7.475928
v 3.723149 5.484434 -7.364689
v 3.754109 5.543188 -7.212848
v 3.731797 5.524507 -7.270609
v 3.730496 5.519203 -7.270312
v 3.752969 5.537971 -7.212071
v 3.833806 5.546032 -7.194236
v 3.953961 5.546032 -7.215149
v 3.953269 5.551217 -7.215720
v 3.834245 5.551217 -7.195104
v 3.674757 5.354051 -6.940531
v 3.684947 5.348536 -6.672600
v 3.710462 5.461995 -6.708302
v 3.703669 5.480241 -6.958237
v 3.700652 5.442021 -7.253456
v 3.686422 5.331051 -7.253783
v 3.685045 5.349029 -7.143090
v 3.706678 5.472332 -7.152735
v 3.686264 5.367188 -7.482773
v 3.675652 5.279806 -7.493406
v 3.682178 5.305915 -7.362808
v 3.695044 5.405778 -7.358110
v 3.691834 5.246921 -7.679905
v 3.670242 5.259298 -7.601868
v 3.678806 5.336299 -7.587140
v 3.698678 5.317232 -7.663439
v 3.793393 5.308176 -7.736430
v 3.962061 5.307972 -7.798448
v 3.960450 5.239771 -7.816057
v 3.788805 5.241162 -7.754642
v 4.155377 5.307964 -7.799935
v 4.324038 5.308104 -7.740913
v 4.328625 5.241104 -7.757504
v 4.156984 5.239757 -7.816970
v 4.438591 5.335751 -7.597923
v 4.447187 5.259073 -7.609909
v 4.425597 5.246780 -7.685087
v 4.418745 5.316945 -7.670993
v 4.422201 5.405508 -7.375853
v 4.435182 5.305812 -7.377964
v 4.441749 5.279596 -7.504923
v 4.431062 5.366647 -7.497067
v 4.432356 5.349029 -7.161783
v 4.430936 5.331031 -7.271748
v 4.416602 5.441967 -7.273772
v 4.410676 5.472332 -7.173427
v 4.432496 5.348536 -6.682857
v 4.442677 5.354051 -6.956373
v 4.413760 5.480241 -6.975615
v 4.406980 5.461995 -6.720197
v 4.161868 5.341766 -6.416517
v 4.339769 5.343120 -6.487609
v 4.328649 5.455381 -6.555177
v 4.161711 5.460893 -6.495716
v 3.777674 5.343120 -6.482482
v 3.955575 5.341766 -6.414979
v 3.955732 5.460893 -6.493285
v 3.788794 5.455381 -6.548178
v 3.662627 5.182866 -6.929764
v 3.682160 5.180793 -6.663379
v 3.683237 5.245616 -6.660015
v 3.667307 5.249019 -6.932192
v 3.673621 5.245920 -7.137970
v 3.674333 5.234921 -7.250655
v 3.666895 5.174305 -7.244198
v 3.666488 5.180978 -7.131929
v 3.671413 5.219787 -7.362584
v 3.667013 5.204334 -7.497032
v 3.662190 5.155976 -7.492202
v 3.665015 5.165197 -7.356902
v 3.683837 5.144880 -7.683800
v 3.659941 5.148941 -7.604079
v 3.663462 5.192428 -7.608208
v 3.686495 5.185446 -7.687473
v 3.785244 5.182291 -7.763339
v 3.959204 5.181558 -7.825785
v 3.958599 5.142665 -7.822385
v 3.783501 5.143074 -7.759908
v 4.158231 5.181541 -7.826257
v 4.332186 5.182249 -7.764931
v 4.333933 5.143047 -7.760856
v 4.158838 5.142652 -7.822645
v 4.430942 5.185405 -7.690715
v 4.453987 5.192411 -7.613859
v 4.457510 5.148966 -7.608173
v 4.433602 5.144869 -7.685939
v 4.450436 5.204335 -7.505949
v 4.446020 5.219790 -7.375112
v 4.452435 5.165217 -7.367240
v 4.455266 5.156014 -7.499196
v 4.450955 5.180978 -7.145479
v 4.450550 5.174310 -7.257126
v 4.443094 5.234921 -7.266005
v 4.443814 5.245920 -7.154061
v 4.435284 5.180793 -6.669551
v 4.454815 5.182866 -6.940731
v 4.450134 5.249019 -6.945492
v 4.434207 5.245616 -6.667974
v 4.160454 5.178248 -6.407645
v 4.337500 5.178757 -6.476850
v 4.338377 5.242274 -6.470650
v 4.161001 5.241439 -6.399802
v 3.779943 5.178757 -6.474459
v 3.956989 5.178248 -6.407067
v 3.956442 5.241439 -6.398854
v 3.779066 5.242274 -6.467163
v 3.865412 5.101772 -6.494834
v 3.957528 5.115950 -6.438214
v 3.862493 5.134029 -6.442850
v 3.783257 5.116561 -6.501518
v 4.252030 5.101772 -6.495528
v 4.334186 5.116561 -6.502878
v 4.254950 5.134029 -6.443650
v 4.159915 5.115950 -6.438468
v 3.869812 5.539935 -6.699139
v 3.963148 5.564314 -6.827935
v 3.879218 5.570183 -6.960190
v 3.797260 5.546728 -6.833963
v 4.247631 5.539935 -6.706176
v 4.320181 5.546728 -6.845710
v 4.238223 5.570183 -6.969872
v 4.154295 5.564314 -6.832293
v 3.881150 5.558905 -7.238093
v 3.933643 5.551772 -7.279091
v 3.877610 5.541954 -7.304520
v 3.825846 5.551735 -7.255015
v 4.236247 5.558905 -7.248424
v 4.291496 5.551722 -7.268798
v 4.239739 5.541916 -7.314349
v 4.183759 5.551767 -7.285555
v 3.864090 5.114427 -7.789247
v 3.958119 5.102874 -7.810785
v 3.866057 5.093821 -7.777412
v 3.784572 5.103295 -7.750011
v 4.253349 5.114414 -7.789565
v 4.332868 5.103285 -7.750442
v 4.251385 5.093815 -7.777605
v 4.159322 5.102869 -7.810885
v 3.863527 5.080790 -7.275171
v 3.957908 5.079754 -7.229327
v 3.863500 5.080862 -7.149957
v 3.781991 5.084061 -7.204733
v 4.253916 5.080790 -7.279270
v 4.335452 5.084061 -7.210970
v 4.253943 5.080862 -7.154207
v 4.159535 5.079754 -7.231518
v 3.863416 5.080883 -6.936498
v 3.957857 5.080832 -6.797199
v 3.865706 5.085058 -6.668540
v 3.784003 5.085198 -6.803883
v 4.254027 5.080883 -6.939733
v 4.333440 5.085198 -6.807439
v 4.251737 5.085058 -6.670147
v 4.159586 5.080832 -6.798413
v 4.434237 5.101287 -7.196756
v 4.451467 5.114502 -7.246290
v 4.455602 5.133874 -7.198670
v 4.451645 5.116953 -7.135438
v 4.430356 5.102582 -6.810540
v 4.453118 5.117647 -6.937532
v 4.453396 5.136065 -6.806242
v 4.430745 5.117309 -6.681567
v 3.661842 5.133874 -7.187265
v 3.665977 5.114501 -7.236381
v 3.683207 5.101286 -7.187488
v 3.665798 5.116953 -7.125113
v 3.687087 5.102582 -6.805114
v 3.686698 5.117309 -6.677362
v 3.664047 5.136065 -6.799312
v 3.664325 5.117647 -6.929443
v 3.888874 5.547839 -7.184002
v 3.952494 5.544499 -7.203934
v 3.891913 5.544848 -7.194217
v 3.828097 5.544466 -7.183505
v 4.050780 5.530764 -7.285548
v 4.053565 5.517973 -7.338983
v 4.047538 5.528048 -7.299309
v 4.034394 5.536278 -7.256517
v 3.869619 5.363057 -7.747070
v 3.801739 5.363892 -7.712424
v 3.871340 5.362281 -7.741847
v 3.939497 5.364457 -7.767875
v 3.721816 5.517000 -7.262319
v 3.724829 5.529498 -7.223410
v 3.744720 5.536115 -7.202392
v 3.732170 5.527934 -7.231433
v 4.231712 5.571161 -7.143666
v 4.297365 5.562979 -7.176807
v 4.230615 5.558845 -7.187408
v 4.164048 5.565480 -7.181515
v 4.402108 5.525976 -7.234693
v 4.405493 5.519747 -7.274654
v 4.397339 5.535335 -7.240012
v 4.383478 5.547459 -7.208592
v 4.246809 5.350050 -7.761353
v 4.175002 5.359991 -7.783517
v 4.248979 5.362478 -7.755624
v 4.320359 5.360312 -7.725602
v 3.890764 5.558837 -7.199950
v 3.943952 5.560592 -7.215280
v 3.885631 5.562977 -7.206891
v 3.832274 5.560592 -7.195817
v 4.037552 5.542264 -7.301444
v 4.031457 5.534959 -7.343205
v 4.010637 5.548238 -7.296204
v 4.016339 5.552840 -7.264317
v 3.869125 5.377172 -7.729984
v 3.805356 5.382785 -7.696819
v 3.865325 5.387174 -7.719355
v 3.929214 5.383513 -7.748483
v 3.735971 5.534608 -7.269966
v 3.738061 5.542177 -7.235997
v 3.757028 5.552840 -7.213111
v 3.755233 5.548155 -7.239750
v 4.223386 5.547040 -7.210877
v 4.283060 5.548348 -7.209451
v 4.223498 5.552221 -7.211563
v 4.163506 5.548348 -7.222477
v 4.380141 5.530238 -7.256200
v 4.385763 5.521508 -7.290207
v 4.378885 5.535488 -7.256651
v 4.363466 5.540307 -7.231987
v 4.244978 5.364109 -7.741375
v 4.178339 5.368317 -7.761278
v 4.245457 5.369665 -7.737813
v 4.311361 5.367782 -7.710233
v 4.073847 5.535585 -7.304041
v 4.069328 5.521891 -7.348929
v 4.071928 5.530338 -7.304381
v 4.085874 5.540307 -7.268982
v 3.686917 5.094659 -7.644420
v 3.663259 5.105180 -7.597357
v 3.663715 5.116533 -7.639626
v 3.687290 5.103959 -7.676342
v 3.865816 5.083149 -7.742847
v 3.957850 5.080443 -7.735775
v 3.863327 5.080512 -7.670634
v 3.783950 5.083296 -7.683257
v 4.251627 5.083148 -7.743157
v 4.333493 5.083296 -7.684031
v 4.254117 5.080512 -7.671442
v 4.159593 5.080443 -7.736021
v 4.453729 5.116537 -7.641720
v 4.454187 5.105189 -7.599856
v 4.430526 5.094660 -7.645792
v 4.430151 5.103955 -7.677475
v 4.427677 5.385681 -7.622796
v 4.431675 5.395297 -7.586568
v 4.430041 5.372051 -7.626343
v 4.413206 5.371629 -7.657829
v 4.411595 5.392492 -7.614693
v 4.414160 5.402891 -7.580971
v 4.412886 5.386803 -7.617084
v 4.397830 5.379070 -7.647398
v 4.251995 5.428495 -7.633487
v 4.312026 5.413015 -7.645421
v 4.253628 5.402925 -7.694062
v 4.193583 5.414702 -7.690905
v 4.073069 5.390107 -7.741987
v 4.069101 5.406873 -7.704618
v 4.075199 5.395752 -7.739502
v 4.089932 5.381259 -7.763587
v 4.053741 5.404761 -7.701235
v 4.050061 5.390085 -7.744349
v 4.031369 5.378175 -7.767770
v 4.046627 5.389216 -7.741378
v 4.031361 5.422274 -7.695541
v 4.036158 5.403761 -7.735436
v 4.011735 5.396544 -7.752598
v 4.007681 5.411456 -7.722587
v 3.865384 5.428874 -7.627294
v 3.923811 5.414890 -7.687370
v 3.863763 5.403128 -7.689007
v 3.805353 5.413428 -7.637798
v 3.706387 5.400641 -7.601159
v 3.709743 5.418399 -7.565900
v 3.726810 5.408296 -7.606238
v 3.724913 5.394121 -7.633648
v 3.693945 5.386575 -7.610084
v 3.694558 5.399683 -7.571475
v 3.700242 5.385550 -7.608384
v 3.712013 5.375548 -7.643551
v 3.659914 5.124168 -7.418002
v 3.664140 5.107765 -7.485182
v 3.682388 5.097425 -7.421743
v 3.665254 5.111154 -7.349624
v 3.703931 5.437745 -7.474497
v 3.706028 5.460725 -7.415311
v 3.714776 5.482293 -7.359575
v 3.712980 5.460039 -7.418727
v 3.718863 5.456474 -7.473201
v 3.719318 5.475075 -7.417513
v 3.729176 5.500556 -7.363201
v 3.738448 5.482152 -7.422400
v 3.873584 5.509071 -7.407759
v 3.929178 5.488165 -7.488290
v 3.869083 5.466533 -7.527756
v 3.814195 5.487001 -7.448048
v 4.029602 5.502312 -7.457427
v 4.038951 5.477760 -7.526590
v 4.030090 5.460059 -7.588287
v 4.010896 5.484738 -7.516824
v 4.052783 5.485317 -7.454899
v 4.055674 5.465529 -7.517940
v 4.053052 5.442941 -7.587846
v 4.050343 5.463580 -7.525712
v 4.072399 5.470213 -7.529767
v 4.070603 5.445105 -7.596228
v 4.070133 5.464727 -7.530662
v 4.071134 5.488438 -7.464339
v 4.243749 5.508883 -7.416637
v 4.303109 5.486602 -7.459387
v 4.248273 5.466157 -7.535327
v 4.188202 5.487983 -7.493449
v 4.398172 5.467219 -7.435745
v 4.393097 5.486523 -7.382265
v 4.399527 5.461612 -7.436739
v 4.404353 5.441245 -7.490407
v 4.415825 5.460422 -7.431168
v 4.412091 5.479655 -7.373097
v 4.418929 5.444910 -7.432134
v 4.422605 5.433366 -7.489296
v 4.457535 5.124185 -7.425053
v 4.452191 5.111161 -7.357358
v 4.435058 5.097432 -7.427273
v 4.453308 5.107779 -7.490039
v 4.254050 5.080589 -7.552529
v 4.335664 5.083290 -7.457222
v 4.253961 5.080690 -7.405260
v 4.159559 5.079754 -7.497551
v 3.863393 5.080589 -7.550698
v 3.957884 5.079754 -7.496288
v 3.863482 5.080690 -7.402127
v 3.781779 5.083288 -7.453591
v 4.063882 5.517973 -7.338983
v 4.066665 5.530763 -7.285907
v 4.083052 5.536278 -7.257917
v 4.069910 5.528048 -7.299650
v 4.064388 5.442941 -7.587846
v 4.061769 5.465529 -7.517940
v 4.064662 5.485317 -7.454899
v 4.067100 5.463580 -7.525712
v 4.067377 5.390085 -7.744473
v 4.063694 5.404761 -7.701235
v 4.070804 5.389216 -7.741501
v 4.086063 5.378175 -7.768264
v 4.247814 5.363036 -7.751126
v 4.177935 5.364456 -7.770344
v 4.246087 5.362261 -7.745887
v 4.315688 5.363814 -7.718244
v 4.422800 5.398918 -7.584043
v 4.423445 5.385960 -7.621182
v 4.405393 5.375164 -7.652900
v 4.417142 5.384977 -7.619255
v 4.402400 5.481910 -7.378147
v 4.411179 5.460112 -7.432868
v 4.413334 5.436980 -7.490195
v 4.404240 5.459467 -7.435575
v 4.392418 5.529478 -7.244870
v 4.395383 5.516923 -7.282958
v 4.385097 5.527915 -7.251883
v 4.372603 5.536115 -7.222763
v 4.228562 5.547839 -7.195430
v 4.289321 5.544466 -7.198771
v 4.225524 5.544848 -7.205115
v 4.164950 5.544499 -7.210929
v 4.052967 5.541526 -7.255397
v 4.042467 5.556419 -7.212442
v 4.074976 5.556419 -7.213558
v 4.064477 5.541526 -7.255768
v 4.040730 5.369678 -7.796062
v 4.052361 5.383386 -7.767879
v 4.065081 5.383385 -7.768003
v 4.076712 5.369678 -7.796431
v 3.870629 5.350073 -7.757570
v 3.797074 5.360395 -7.719835
v 3.868458 5.362500 -7.751569
v 3.942438 5.359992 -7.781141
v 3.687359 5.372649 -7.615533
v 3.685694 5.396109 -7.573717
v 3.689718 5.386320 -7.611565
v 3.704209 5.372037 -7.648434
v 3.701375 5.461059 -7.413143
v 3.694660 5.434178 -7.472978
v 3.698286 5.445506 -7.414414
v 3.705064 5.480060 -7.353549
v 3.719896 5.535356 -7.217854
v 3.711680 5.519828 -7.252792
v 3.715138 5.525996 -7.212619
v 3.733834 5.547459 -7.186946
v 3.885726 5.571161 -7.132232
v 3.953395 5.565480 -7.174302
v 3.886821 5.558845 -7.175605
v 3.820052 5.562979 -7.160604
v 4.085987 5.534958 -7.343512
v 4.079894 5.542264 -7.301774
v 4.101105 5.552840 -7.265922
v 4.106801 5.548236 -7.297764
v 4.087343 5.460046 -7.588523
v 4.078489 5.477759 -7.526590
v 4.087839 5.502306 -7.457705
v 4.106532 5.484702 -7.517856
v 4.081265 5.403760 -7.735565
v 4.086061 5.422261 -7.695734
v 4.109729 5.411416 -7.723403
v 4.105678 5.396534 -7.753263
v 4.248291 5.377147 -7.734182
v 4.188195 5.383500 -7.751156
v 4.252078 5.387112 -7.723766
v 4.312051 5.382692 -7.702847
v 4.407609 5.417666 -7.578044
v 4.410991 5.400067 -7.612061
v 4.392479 5.393741 -7.642984
v 4.390564 5.407741 -7.616547
v 4.388045 5.500192 -7.380581
v 4.397925 5.474505 -7.433908
v 4.398420 5.455745 -7.488055
v 4.378807 5.481611 -7.437828
v 4.379229 5.542159 -7.255745
v 4.381276 5.534535 -7.289185
v 4.362069 5.548137 -7.258366
v 4.360318 5.552840 -7.232059
v 4.226675 5.558837 -7.210464
v 4.285147 5.560592 -7.210091
v 4.231799 5.562977 -7.217403
v 4.173490 5.560592 -7.222005
v 4.045520 5.530338 -7.304051
v 4.048120 5.521891 -7.348929
v 4.043599 5.535585 -7.303713
v 4.031572 5.540307 -7.267666
v 4.045041 5.470213 -7.529767
v 4.046310 5.488438 -7.464339
v 4.047308 5.464727 -7.530662
v 4.046833 5.445105 -7.596229
v 4.042229 5.395753 -7.739376
v 4.048329 5.406873 -7.704618
v 4.044359 5.390108 -7.741864
v 4.027495 5.381260 -7.763087
v 3.872446 5.364128 -7.737315
v 3.806059 5.367856 -7.704381
v 3.871965 5.369686 -7.733688
v 3.939087 5.368318 -7.758778
v 3.704496 5.387357 -7.606323
v 3.703195 5.403605 -7.568759
v 3.705786 5.393052 -7.603881
v 3.719570 5.379429 -7.638140
v 3.719069 5.467777 -7.419416
v 3.712925 5.441958 -7.475407
v 3.717706 5.462164 -7.420343
v 3.724112 5.486880 -7.364723
v 3.738401 5.535507 -7.236987
v 3.731471 5.521580 -7.270810
v 3.737139 5.530256 -7.236407
v 3.753875 5.540307 -7.212851
v 3.894052 5.547040 -7.200324
v 3.953938 5.548348 -7.215901
v 3.893940 5.552221 -7.201086
v 3.834362 5.548348 -7.195102
v 3.673414 5.351946 -6.805788
v 3.691852 5.408562 -6.687400
v 3.701573 5.472619 -6.827721
v 3.684279 5.417910 -6.948023
v 3.693729 5.388354 -7.253868
v 3.686642 5.341297 -7.204282
v 3.693978 5.411574 -7.146576
v 3.702883 5.457738 -7.207133
v 3.681072 5.324723 -7.488370
v 3.678987 5.292571 -7.428142
v 3.688773 5.357315 -7.360719
v 3.690770 5.386148 -7.420459
v 3.674639 5.252187 -7.642994
v 3.674601 5.298877 -7.594795
v 3.682356 5.325401 -7.627250
v 3.695312 5.283082 -7.671963
v 3.871565 5.306999 -7.771316
v 3.961269 5.274334 -7.806973
v 3.868405 5.240108 -7.789964
v 3.791136 5.275647 -7.745834
v 4.245871 5.306972 -7.774294
v 4.326295 5.275581 -7.749519
v 4.249027 5.240075 -7.791820
v 4.156168 5.274323 -7.808176
v 4.442812 5.298491 -7.604248
v 4.442793 5.251998 -7.649534
v 4.422115 5.282868 -7.678357
v 4.435058 5.324970 -7.636391
v 4.428530 5.357129 -7.377237
v 4.438391 5.292410 -7.441521
v 4.436291 5.324348 -7.501332
v 4.426511 5.385730 -7.436537
v 4.430736 5.341292 -7.222965
v 4.423577 5.388317 -7.273088
v 4.414416 5.457725 -7.228025
v 4.423398 5.411574 -7.166410
v 4.444027 5.351946 -6.818980
v 4.433151 5.417910 -6.964902
v 4.415867 5.472619 -6.842366
v 4.425591 5.408562 -6.698713
v 4.257917 5.342105 -6.439957
v 4.337418 5.402209 -6.512713
v 4.254940 5.459516 -6.516116
v 4.162096 5.402412 -6.444718
v 3.859526 5.342105 -6.436752
v 3.955348 5.402412 -6.442774
v 3.862503 5.459516 -6.511328
v 3.780025 5.402209 -6.506623
v 3.666041 5.182075 -6.795744
v 3.682638 5.209612 -6.660438
v 3.668888 5.247720 -6.795296
v 3.664706 5.212276 -6.930482
v 3.674554 5.241173 -7.200178
v 3.670179 5.201262 -7.247643
v 3.667050 5.178093 -7.193655
v 3.669651 5.209850 -7.134975
v 3.669253 5.211860 -7.429855
v 3.664255 5.177581 -7.495260
v 3.663625 5.160457 -7.424604
v 3.667811 5.189510 -7.360138
v 3.665519 5.146583 -7.646175
v 3.661411 5.168449 -7.606955
v 3.668585 5.188390 -7.650047
v 3.684929 5.163151 -7.686514
v 3.865957 5.181729 -7.799274
v 3.958845 5.160241 -7.825117
v 3.864764 5.142757 -7.795887
v 3.784212 5.160783 -7.762575
v 4.251475 5.181697 -7.800262
v 4.333220 5.160748 -7.763789
v 4.252671 5.142734 -7.796450
v 4.158591 5.160226 -7.825462
v 4.448858 5.188360 -7.654393
v 4.456041 5.168467 -7.611747
v 4.451926 5.146591 -7.649184
v 4.432509 5.163132 -7.689129
v 4.448188 5.211862 -7.440605
v 4.449636 5.189529 -7.371518
v 4.453828 5.160488 -7.433289
v 4.453200 5.177614 -7.503146
v 4.450393 5.178094 -7.207217
v 4.447261 5.201266 -7.261747
v 4.442876 5.241173 -7.216249
v 4.447790 5.209850 -7.149771
v 4.451402 5.182075 -6.804389
v 4.452736 5.212276 -6.942580
v 4.448555 5.247720 -6.806030
v 4.434805 5.209612 -6.667448
v 4.255582 5.178376 -6.430240
v 4.337890 5.206995 -6.471931
v 4.256484 5.241648 -6.422952
v 4.160698 5.206341 -6.401805
v 3.861861 5.178376 -6.428919
v 3.956746 5.206341 -6.401064
v 3.860959 5.241648 -6.420896
v 3.779553 5.206995 -6.469045
v 3.795888 5.093697 -6.590192
v 3.957755 5.090538 -6.546565
v 4.058721 5.101321 -6.471879
v 4.058721 5.133959 -6.416346
v 3.957191 5.154881 -6.414574
v 3.780268 5.155269 -6.481281
v 3.718038 5.134659 -6.561293
v 3.736026 5.104141 -6.595321
v 4.159688 5.090538 -6.547011
v 4.321555 5.093697 -6.591904
v 4.381416 5.104141 -6.597693
v 4.399405 5.134659 -6.564156
v 4.337175 5.155269 -6.483252
v 4.160253 5.154880 -6.415017
v 3.797051 5.498648 -6.614760
v 3.957086 5.510347 -6.573685
v 4.058721 5.543907 -6.689775
v 4.058721 5.574351 -6.972846
v 3.966847 5.576229 -7.080394
v 3.807721 5.563584 -7.071906
v 3.740225 5.530468 -6.965167
v 3.744545 5.503568 -6.721699
v 4.160357 5.510347 -6.576689
v 4.320392 5.498648 -6.622899
v 4.372898 5.503568 -6.733241
v 4.377205 5.530468 -6.981764
v 4.309708 5.563584 -7.087316
v 4.150596 5.576229 -7.086067
v 3.837791 5.561263 -7.212817
v 3.928883 5.561263 -7.230282
v 3.972283 5.556518 -7.260100
v 3.981737 5.540227 -7.330723
v 3.932017 5.527336 -7.367789
v 3.820255 5.526964 -7.335950
v 3.776741 5.539958 -7.279393
v 3.792652 5.556518 -7.223444
v 4.188546 5.561263 -7.237595
v 4.279609 5.561263 -7.226361
v 4.324702 5.556518 -7.239867
v 4.340537 5.539895 -7.295944
v 4.297036 5.526835 -7.348887
v 4.185361 5.527278 -7.373676
v 4.135682 5.540215 -7.333795
v 4.145148 5.556518 -7.264265
v 3.782979 5.128052 -7.756472
v 3.958419 5.127740 -7.818809
v 4.058720 5.114380 -7.826451
v 4.058721 5.093531 -7.813126
v 3.957923 5.086642 -7.788296
v 3.796347 5.088679 -7.735431
v 3.736809 5.095393 -7.711431
v 3.719816 5.114968 -7.714081
v 4.159019 5.127730 -7.819006
v 4.334457 5.128031 -7.757219
v 4.397623 5.114954 -7.715003
v 4.380632 5.095387 -7.712033
v 4.321095 5.088675 -7.735815
v 4.159519 5.086640 -7.788390
v 3.781956 5.083702 -7.314647
v 3.957909 5.079754 -7.348152
v 4.058721 5.079754 -7.295204
v 4.058721 5.079754 -7.163650
v 3.957889 5.079754 -7.065998
v 3.781856 5.084261 -7.052899
v 3.719658 5.090836 -7.130666
v 3.719737 5.090106 -7.245763
v 4.159534 5.079754 -7.350036
v 4.335487 5.083703 -7.320014
v 4.397706 5.090106 -7.253317
v 4.397785 5.090836 -7.138512
v 4.335587 5.084261 -7.058584
v 4.159554 5.079754 -7.067989
v 4.058721 5.079754 -6.940564
v 4.058721 5.084068 -6.657844
v 3.736320 5.093897 -6.696455
v 3.719171 5.091043 -6.931393
v 4.398272 5.091043 -6.937425
v 4.381123 5.093897 -6.699739
v 4.434427 5.099497 -7.298251
v 4.456086 5.129375 -7.298209
v 4.453257 5.151877 -7.252562
v 4.453577 5.156963 -7.141400
v 4.456729 5.136391 -7.054659
v 4.434726 5.102288 -7.052472
v 4.456543 5.158403 -6.939479
v 4.435682 5.156822 -6.672800
v 3.663866 5.156963 -7.129009
v 3.664187 5.151873 -7.240718
v 3.661358 5.129369 -7.288326
v 3.683017 5.099494 -7.290253
v 3.682718 5.102288 -7.043961
v 3.660714 5.136391 -7.044068
v 3.681761 5.156822 -6.667371
v 3.660900 5.158403 -6.929553
v 3.823689 5.550843 -7.174306
v 3.951455 5.551168 -7.192522
v 4.004300 5.543686 -7.220262
v 4.003669 5.540780 -7.231937
v 3.953590 5.544462 -7.213020
v 3.832533 5.544462 -7.192094
v 3.779166 5.540780 -7.192110
v 3.772961 5.543361 -7.182955
v 4.036299 5.542560 -7.239845
v 4.057716 5.524910 -7.313458
v 4.055713 5.505982 -7.383552
v 4.050650 5.502964 -7.397911
v 4.049897 5.517940 -7.347474
v 4.032550 5.536370 -7.265430
v 3.939518 5.364841 -7.773992
v 3.798572 5.364601 -7.716505
v 3.742558 5.368785 -7.678735
v 3.747443 5.367904 -7.675247
v 3.804887 5.363928 -7.707995
v 3.939441 5.364414 -7.762781
v 3.996247 5.369191 -7.775068
v 3.997821 5.369969 -7.780513
v 3.722726 5.501823 -7.309597
v 3.715484 5.502522 -7.303358
v 3.715059 5.519518 -7.255571
v 3.738293 5.540935 -7.194315
v 3.751161 5.536370 -7.210134
v 3.728599 5.517565 -7.268787
v 4.359062 5.555127 -7.166299
v 4.348608 5.552902 -7.196007
v 4.293728 5.550843 -7.190249
v 4.165987 5.551168 -7.199826
v 4.112712 5.554528 -7.209266
v 4.094047 5.569765 -7.166990
v 4.397967 5.519609 -7.183384
v 4.410943 5.484638 -7.274076
v 4.409934 5.489936 -7.319289
v 4.406496 5.504401 -7.319969
v 4.402118 5.519436 -7.277125
v 4.379020 5.540935 -7.215595
v 4.322186 5.334680 -7.733356
v 4.157708 5.335486 -7.792876
v 4.097526 5.356001 -7.803207
v 4.118581 5.367848 -7.791690
v 4.177920 5.364841 -7.776465
v 4.318859 5.364518 -7.722358
v 4.378143 5.368244 -7.689161
v 4.379934 5.355408 -7.693409
v 3.833496 5.554444 -7.194656
v 3.951707 5.554444 -7.215046
v 3.996959 5.554832 -7.236373
v 3.976366 5.559097 -7.239005
v 3.794246 5.559097 -7.205017
v 3.783090 5.554832 -7.197885
v 4.028353 5.546424 -7.266248
v 4.044545 5.528120 -7.346976
v 4.039369 5.517265 -7.398463
v 4.011716 5.523747 -7.390489
v 3.936695 5.375129 -7.755059
v 3.805335 5.374572 -7.701085
v 3.751038 5.382735 -7.665698
v 3.765275 5.391545 -7.663956
v 3.814055 5.394462 -7.683772
v 3.914809 5.395347 -7.726122
v 3.966879 5.393117 -7.748352
v 3.988258 5.384106 -7.763691
v 3.746946 5.522919 -7.315668
v 3.728844 5.516404 -7.311764
v 3.731749 5.527793 -7.270036
v 3.753899 5.546424 -7.212437
v 4.163853 5.544462 -7.219716
v 4.284888 5.544462 -7.206702
v 4.334001 5.543009 -7.215396
v 4.333121 5.548206 -7.216151
v 4.283927 5.554444 -7.209007
v 4.165736 5.554444 -7.221621
v 4.115300 5.548206 -7.241356
v 4.114077 5.543009 -7.241069
v 4.366174 5.536370 -7.229617
v 4.388623 5.517493 -7.288527
v 4.389565 5.503971 -7.331930
v 4.388267 5.509353 -7.331764
v 4.385491 5.527721 -7.289456
v 4.363445 5.546424 -7.231583
v 4.312535 5.363855 -7.713793
v 4.177986 5.364413 -7.765250
v 4.122290 5.370777 -7.772607
v 4.123945 5.376390 -7.769017
v 4.180726 5.375125 -7.757607
v 4.312081 5.374494 -7.707033
v 4.365976 5.375115 -7.676531
v 4.366706 5.369552 -7.679472
v 4.089092 5.546424 -7.267564
v 4.072901 5.528120 -7.346976
v 4.071924 5.510316 -7.401232
v 4.069699 5.504974 -7.402053
v 4.067553 5.517940 -7.347474
v 4.084898 5.536370 -7.266769
v 3.736568 5.088857 -7.690292
v 3.718783 5.087329 -7.617102
v 3.681705 5.095582 -7.552397
v 3.658359 5.119537 -7.547250
v 3.658820 5.132526 -7.600576
v 3.683026 5.129429 -7.680388
v 4.058721 5.082510 -7.777424
v 4.058721 5.079754 -7.704723
v 3.957854 5.079754 -7.640023
v 3.781583 5.082920 -7.590113
v 4.380874 5.088855 -7.691011
v 4.398661 5.087331 -7.618734
v 4.335860 5.082921 -7.591965
v 4.159589 5.079754 -7.640650
v 4.434415 5.129421 -7.682147
v 4.458629 5.132546 -7.604081
v 4.459090 5.119557 -7.551357
v 4.435740 5.095590 -7.555385
v 4.410712 5.375974 -7.655431
v 4.428807 5.399812 -7.584998
v 4.426398 5.416488 -7.541783
v 4.429122 5.401804 -7.544385
v 4.435127 5.366193 -7.592278
v 4.415977 5.344800 -7.664481
v 4.397395 5.385866 -7.644695
v 4.413427 5.409828 -7.578651
v 4.409322 5.423361 -7.538996
v 4.410718 5.417604 -7.540796
v 4.416774 5.398840 -7.582821
v 4.400072 5.375108 -7.650075
v 4.190371 5.446242 -7.610610
v 4.309563 5.444198 -7.568367
v 4.362069 5.424504 -7.592958
v 4.351490 5.401049 -7.653540
v 4.303339 5.394276 -7.689997
v 4.202590 5.395275 -7.729330
v 4.153121 5.403389 -7.730546
v 4.139167 5.428050 -7.675785
v 4.088500 5.377546 -7.766126
v 4.067267 5.403426 -7.704459
v 4.068993 5.422080 -7.655983
v 4.071198 5.427688 -7.654728
v 4.072713 5.414054 -7.701505
v 4.093363 5.388280 -7.759954
v 4.051183 5.421559 -7.651483
v 4.055907 5.422505 -7.650692
v 4.057725 5.401732 -7.714980
v 4.033782 5.377519 -7.776542
v 4.028927 5.377546 -7.765633
v 4.050164 5.403427 -7.704459
v 4.011480 5.443144 -7.639840
v 4.040171 5.435727 -7.651173
v 4.044715 5.414054 -7.701504
v 4.024061 5.388281 -7.759444
v 3.964280 5.403458 -7.728580
v 3.978239 5.428170 -7.673849
v 3.807785 5.444767 -7.558919
v 3.927019 5.446503 -7.606313
v 3.765896 5.401412 -7.645287
v 3.755287 5.425140 -7.582521
v 3.720003 5.386235 -7.635335
v 3.703928 5.410558 -7.566374
v 3.708587 5.431786 -7.523028
v 3.728917 5.439308 -7.528724
v 3.706700 5.376382 -7.645954
v 3.688557 5.400626 -7.572129
v 3.695402 5.417493 -7.527187
v 3.702068 5.416496 -7.527655
v 3.700580 5.399561 -7.570545
v 3.717329 5.375469 -7.640843
v 3.662741 5.144926 -7.353453
v 3.660557 5.137893 -7.488684
v 3.719094 5.088099 -7.502580
v 3.719494 5.089109 -7.363148
v 3.697695 5.438639 -7.472748
v 3.708273 5.483391 -7.355006
v 3.721314 5.482801 -7.363863
v 3.710201 5.437863 -7.475975
v 3.713552 5.448804 -7.473513
v 3.724532 5.493372 -7.363403
v 3.770954 5.506415 -7.375316
v 3.762623 5.463006 -7.488018
v 3.979313 5.507760 -7.441531
v 3.978421 5.465764 -7.569048
v 4.042691 5.495006 -7.462001
v 4.043245 5.452117 -7.593591
v 4.058722 5.488172 -7.444351
v 4.058721 5.443489 -7.587372
v 4.048849 5.441640 -7.594640
v 4.048389 5.484679 -7.462935
v 4.074752 5.495006 -7.462001
v 4.074190 5.452117 -7.593591
v 4.068588 5.441640 -7.594640
v 4.069057 5.484679 -7.462935
v 4.346300 5.506099 -7.390271
v 4.354678 5.462375 -7.500781
v 4.138990 5.465646 -7.571414
v 4.138099 5.507701 -7.444307
v 4.403731 5.448077 -7.488549
v 4.392684 5.493009 -7.380974
v 4.395882 5.482441 -7.381682
v 4.407071 5.437143 -7.491150
v 4.419567 5.437827 -7.488976
v 4.408884 5.482986 -7.374341
v 4.417056 5.444591 -7.374399
v 4.426790 5.401092 -7.493165
v 4.456895 5.137922 -7.494899
v 4.454707 5.144941 -7.362851
v 4.397950 5.089111 -7.368963
v 4.398350 5.088103 -7.506067
v 4.058721 5.079754 -7.427820
v 4.058721 5.079754 -7.581713
v 4.066799 5.502964 -7.397911
v 4.061733 5.505982 -7.383552
v 4.059729 5.524910 -7.313458
v 4.081145 5.542560 -7.241306
v 4.113144 5.543686 -7.223843
v 4.113776 5.540780 -7.235353
v 4.066252 5.421558 -7.651483
v 4.061532 5.422505 -7.650692
v 4.083658 5.377519 -7.777037
v 4.059715 5.401732 -7.714980
v 4.121182 5.369191 -7.776301
v 4.119614 5.369968 -7.781749
v 4.369973 5.367717 -7.682846
v 4.374863 5.368585 -7.686414
v 4.415250 5.415682 -7.541562
v 4.421918 5.416623 -7.541543
v 4.394453 5.501638 -7.328876
v 4.401669 5.502324 -7.323564
v 4.338221 5.540780 -7.210249
v 4.344419 5.543361 -7.201980
v 4.004731 5.554528 -7.205568
v 4.023395 5.569765 -7.164613
v 4.019915 5.356002 -7.802433
v 3.998860 5.367849 -7.790456
v 3.959731 5.335490 -7.791094
v 3.795246 5.334757 -7.728212
v 3.737492 5.355604 -7.686063
v 3.739282 5.368452 -7.681451
v 3.701442 5.345150 -7.655975
v 3.682256 5.366877 -7.580415
v 3.688211 5.402649 -7.530136
v 3.690924 5.417393 -7.527143
v 3.690504 5.401773 -7.477802
v 3.700142 5.444931 -7.355690
v 3.707220 5.490128 -7.298656
v 3.710642 5.504607 -7.299137
v 3.706268 5.484706 -7.252915
v 3.719368 5.519609 -7.162113
v 3.758324 5.555127 -7.146579
v 3.768769 5.552902 -7.176358
v 4.105718 5.523735 -7.391666
v 4.078077 5.517265 -7.398463
v 4.120485 5.554832 -7.239667
v 4.141074 5.559097 -7.243224
v 4.105941 5.443091 -7.640699
v 4.077260 5.435726 -7.651173
v 4.150526 5.393090 -7.750125
v 4.129159 5.384103 -7.764977
v 4.352122 5.391318 -7.671586
v 4.366369 5.382543 -7.673488
v 4.388406 5.438538 -7.541588
v 4.408735 5.430977 -7.536712
v 4.370284 5.522745 -7.333250
v 4.388368 5.516220 -7.330423
v 4.323141 5.559097 -7.221613
v 4.334304 5.554832 -7.215389
v 4.047749 5.504974 -7.402053
v 4.045522 5.510316 -7.401232
v 4.002145 5.548206 -7.238072
v 4.003368 5.543009 -7.237761
v 4.048439 5.422080 -7.655983
v 4.046234 5.427689 -7.654728
v 3.995137 5.370777 -7.771366
v 3.993481 5.376392 -7.767755
v 3.750706 5.369733 -7.671879
v 3.751435 5.375299 -7.668850
v 3.706602 5.418387 -7.527159
v 3.708001 5.424153 -7.525372
v 3.727634 5.504149 -7.313251
v 3.728942 5.509533 -7.313191
v 3.783389 5.543009 -7.197836
v 3.784272 5.548206 -7.198713
v 3.670601 5.295482 -6.935380
v 3.683993 5.291145 -6.663579
v 3.717115 5.345151 -6.558865
v 3.737236 5.454278 -6.611335
v 3.708215 5.481326 -7.074894
v 3.681220 5.353522 -7.058930
v 3.698526 5.424821 -7.300763
v 3.684797 5.319016 -7.302867
v 3.679650 5.277458 -7.252835
v 3.678663 5.291532 -7.140734
v 3.682088 5.350153 -7.540012
v 3.672595 5.268441 -7.553136
v 3.670725 5.237867 -7.496689
v 3.676108 5.257949 -7.363666
v 3.688732 5.212968 -7.685622
v 3.666329 5.222251 -7.606844
v 3.733710 5.311565 -7.698801
v 3.727873 5.243309 -7.715990
v 4.058719 5.308994 -7.810447
v 4.058718 5.239779 -7.827025
v 3.959723 5.207705 -7.823171
v 3.786731 5.208713 -7.761071
v 4.383717 5.311411 -7.704807
v 4.389555 5.243216 -7.719950
v 4.330699 5.208663 -7.763199
v 4.157710 5.207688 -7.823826
v 4.435280 5.349555 -7.552508
v 4.444825 5.268205 -7.562832
v 4.451114 5.222158 -7.613561
v 4.428702 5.212889 -7.689702
v 4.418707 5.424686 -7.319953
v 4.432553 5.318964 -7.319594
v 4.441299 5.257913 -7.377451
v 4.446706 5.237791 -7.506808
v 4.438758 5.291532 -7.158136
v 4.437752 5.277451 -7.269478
v 4.409188 5.481326 -7.094462
v 4.436201 5.353522 -7.076739
v 4.433450 5.291145 -6.672616
v 4.446838 5.295482 -6.949935
v 4.380207 5.454278 -6.620628
v 4.400329 5.345151 -6.566302
v 4.161384 5.285820 -6.403938
v 4.338993 5.286886 -6.475158
v 4.058721 5.460893 -6.489573
v 4.058721 5.341766 -6.410467
v 3.778450 5.286886 -6.470934
v 3.956059 5.285820 -6.402730
v 3.717841 5.179521 -6.550380
v 3.717560 5.243527 -6.544566
v 3.671287 5.248693 -7.052488
v 3.665062 5.182667 -7.047730
v 3.673204 5.227635 -7.300943
v 3.666168 5.169909 -7.294849
v 3.664986 5.197697 -7.558390
v 3.660898 5.152041 -7.553944
v 3.723335 5.183459 -7.724049
v 3.721097 5.143740 -7.720522
v 4.058718 5.181567 -7.836802
v 4.058719 5.142671 -7.833328
v 4.394097 5.183413 -7.726378
v 4.396338 5.143715 -7.721981
v 4.452466 5.197691 -7.565560
v 4.456557 5.152079 -7.559358
v 4.444224 5.227637 -7.315051
v 4.451279 5.169919 -7.306651
v 4.446151 5.248693 -7.067717
v 4.452381 5.182667 -7.060466
v 4.399883 5.243527 -6.549966
v 4.399602 5.179521 -6.554334
v 4.058721 5.241439 -6.394127
v 4.058721 5.178248 -6.402207
vt 0.215955 0.397151
vt 0.231296 0.402631
vt 0.236627 0.422220
vt 0.213727 0.407814
vt 0.254255 0.400975
vt 0.261404 0.420010
vt 0.265666 0.430649
vt 0.238398 0.434822
vt 0.003873 0.951678
vt 0.281859 0.393213
vt 0.288804 0.412639
vt 0.311891 0.384065
vt 0.317693 0.404068
vt 0.321014 0.415480
vt 0.292895 0.423686
vt 0.295185 0.430443
vt 0.268098 0.437418
vt 0.323013 0.422328
vt 0.324786 0.428381
vt 0.296953 0.436541
vt 0.269842 0.443784
vt 0.241095 0.442119
vt 0.001784 0.945369
vt 0.242996 0.449370
vt 0.213709 0.456669
vt 0.342118 0.375557
vt 0.346641 0.395706
vt 0.369575 0.367193
vt 0.373708 0.387136
vt 0.375787 0.398380
vt 0.349107 0.407216
vt 0.389831 0.356122
vt 0.395825 0.375595
vt 0.399820 0.343099
vt 0.407408 0.350951
vt 0.414227 0.357444
vt 0.401080 0.387160
vt 0.402714 0.394696
vt 0.377366 0.405348
vt 0.889247 0.690794
vt 0.434063 0.392218
vt 0.405052 0.401774
vt 0.379339 0.411608
vt 0.350805 0.414122
vt 0.352605 0.420190
vt 0.270926 0.584365
vt 0.282785 0.574374
vt 0.291348 0.606232
vt 0.273616 0.610452
vt 0.303422 0.564660
vt 0.313200 0.598259
vt 0.325359 0.636732
vt 0.301591 0.643451
vt 0.281453 0.647677
vt 0.330290 0.555795
vt 0.340566 0.590096
vt 0.360277 0.546929
vt 0.370863 0.581461
vt 0.383172 0.621077
vt 0.353249 0.629295
vt 0.366563 0.668717
vt 0.338724 0.674766
vt 0.395801 0.661937
vt 0.407976 0.701353
vt 0.377106 0.701442
vt 0.350416 0.705929
vt 0.314448 0.682316
vt 0.293812 0.688509
vt 0.327048 0.714217
vt 0.307946 0.728781
vt 0.390384 0.538302
vt 0.401177 0.572644
vt 0.417963 0.531325
vt 0.428888 0.564981
vt 0.440404 0.603862
vt 0.412874 0.612235
vt 0.440848 0.528436
vt 0.451742 0.560080
vt 0.456513 0.530549
vt 0.469045 0.554210
vt 0.483588 0.590093
vt 0.464255 0.597161
vt 0.475708 0.637133
vt 0.451013 0.643265
vt 0.496534 0.631547
vt 0.507788 0.673700
vt 0.483451 0.671086
vt 0.459080 0.675944
vt 0.424207 0.652534
vt 0.434057 0.685731
vt 0.814723 0.265419
vt 0.829208 0.263486
vt 0.828008 0.272901
vt 0.808697 0.271688
vt 0.850877 0.263110
vt 0.851557 0.273742
vt 0.852966 0.289226
vt 0.826144 0.286891
vt 0.804068 0.283758
vt 0.873281 0.265367
vt 0.875798 0.275577
vt 0.889266 0.268508
vt 0.896731 0.276222
vt 0.904237 0.290698
vt 0.880433 0.290717
vt 0.884528 0.311628
vt 0.855014 0.309693
vt 0.910061 0.311832
vt 0.914958 0.339081
vt 0.888512 0.337859
vt 0.857706 0.335011
vt 0.826101 0.306248
vt 0.802190 0.301968
vt 0.827409 0.330642
vt 0.802344 0.325626
vt 0.679143 0.579404
vt 0.663856 0.583715
vt 0.664957 0.573424
vt 0.685447 0.571198
vt 0.642094 0.587647
vt 0.641322 0.577100
vt 0.640622 0.561675
vt 0.667483 0.558037
vt 0.690909 0.556215
vt 0.620651 0.588923
vt 0.618195 0.579755
vt 0.606052 0.588056
vt 0.599229 0.582317
vt 0.593027 0.570764
vt 0.614468 0.566174
vt 0.611758 0.546979
vt 0.639818 0.541251
vt 0.588758 0.553411
vt 0.585502 0.530182
vt 0.609566 0.522994
vt 0.638857 0.516019
vt 0.668644 0.536919
vt 0.693764 0.534643
vt 0.668833 0.510509
vt 0.694726 0.507002
vt 0.369550 0.990557
vt 0.394183 0.992025
vt 0.393708 0.996269
vt 0.368715 0.994784
vt 0.424493 0.991642
vt 0.424472 0.995894
vt 0.147430 0.033835
vt 0.126367 0.051210
vt 0.111413 0.067999
vt 0.458017 0.988055
vt 0.458562 0.992266
vt 0.492272 0.980307
vt 0.493476 0.984393
vt 0.494575 0.988124
vt 0.173481 0.018003
vt 0.174756 0.021722
vt 0.149336 0.037025
vt 0.203998 0.009869
vt 0.205349 0.014559
vt 0.176162 0.026399
vt 0.151074 0.041279
vt 0.129726 0.052828
vt 0.116219 0.067712
vt 0.132334 0.055841
vt 0.121757 0.066205
vt 0.525245 0.968229
vt 0.527074 0.972064
vt 0.555334 0.953065
vt 0.557664 0.956628
vt 0.264626 0.000005
vt 0.234156 0.000495
vt 0.580966 0.937002
vt 0.583680 0.940313
vt 0.600850 0.922563
vt 0.603864 0.925664
vt 0.605455 0.929150
vt 0.291687 0.003457
vt 0.289713 0.006628
vt 0.264716 0.003727
vt 0.309050 0.011979
vt 0.303563 0.013661
vt 0.289108 0.010561
vt 0.265506 0.008248
vt 0.235058 0.004325
vt 0.236355 0.009030
vt 0.145341 0.194245
vt 0.162867 0.183899
vt 0.167546 0.200553
vt 0.149858 0.210332
vt 0.186057 0.171212
vt 0.190924 0.188481
vt 0.195758 0.205616
vt 0.172183 0.217059
vt 0.154322 0.226263
vt 0.213460 0.158276
vt 0.218508 0.176037
vt 0.243534 0.147185
vt 0.248705 0.165141
vt 0.253849 0.183000
vt 0.223528 0.193682
vt 0.229490 0.214616
vt 0.201512 0.225985
vt 0.259955 0.204188
vt 0.268000 0.232091
vt 0.237357 0.242219
vt 0.209153 0.252953
vt 0.177722 0.236737
vt 0.159673 0.245326
vt 0.185133 0.262922
vt 0.166876 0.270826
vt 0.274733 0.140008
vt 0.279887 0.157670
vt 0.304653 0.135834
vt 0.309681 0.152921
vt 0.314683 0.169937
vt 0.285012 0.175250
vt 0.330885 0.133729
vt 0.335727 0.150137
vt 0.351094 0.132717
vt 0.355758 0.148508
vt 0.360416 0.164247
vt 0.340553 0.166482
vt 0.346336 0.186096
vt 0.320651 0.190253
vt 0.366033 0.183236
vt 0.373560 0.208804
vt 0.354040 0.212331
vt 0.328564 0.217242
vt 0.291106 0.196154
vt 0.299155 0.223766
vt 0.195462 0.298983
vt 0.177003 0.306091
vt 0.219683 0.289894
vt 0.231633 0.330821
vt 0.207588 0.338139
vt 0.189407 0.343751
vt 0.248061 0.279790
vt 0.278931 0.269953
vt 0.290989 0.311829
vt 0.260080 0.321591
vt 0.271684 0.361277
vt 0.243606 0.369621
vt 0.302533 0.351724
vt 0.220501 0.373700
vt 0.203611 0.376456
vt 0.310134 0.261412
vt 0.339387 0.254297
vt 0.351161 0.295457
vt 0.322259 0.303147
vt 0.364593 0.248599
vt 0.383883 0.244353
vt 0.393596 0.283199
vt 0.375310 0.288472
vt 0.383447 0.325707
vt 0.361795 0.334862
vt 0.399143 0.318783
vt 0.333653 0.343049
vt 0.377903 0.181154
vt 0.385393 0.206400
vt 0.372342 0.162511
vt 0.736932 0.819538
vt 0.751615 0.807519
vt 0.771748 0.791427
vt 0.367757 0.147135
vt 0.363184 0.131727
vt 0.369946 0.130505
vt 0.724992 0.829564
vt 0.721003 0.825641
vt 0.732774 0.815483
vt 0.709329 0.835884
vt 0.704622 0.831930
vt 0.716086 0.821477
vt 0.727710 0.811115
vt 0.747376 0.803311
vt 0.767554 0.787037
vt 0.742288 0.798726
vt 0.762620 0.782199
vt 0.410038 0.318677
vt 0.405169 0.281028
vt 0.831943 0.743920
vt 0.863125 0.718988
vt 0.395673 0.241662
vt 0.800043 0.769137
vt 0.796034 0.764551
vt 0.828416 0.739011
vt 0.791496 0.759405
vt 0.824399 0.733537
vt 0.860506 0.713436
vt 0.857038 0.707653
vt 0.154889 0.956082
vt 0.180629 0.959411
vt 0.179036 0.966024
vt 0.153552 0.962829
vt 0.199533 0.962275
vt 0.197839 0.968690
vt 0.136836 0.234155
vt 0.141917 0.252813
vt 0.148871 0.277987
vt 0.215049 0.964992
vt 0.213357 0.971155
vt 0.230623 0.967889
vt 0.228980 0.973760
vt 0.228049 0.979007
vt 0.132645 0.218675
vt 0.139080 0.215952
vt 0.143420 0.231559
vt 0.134679 0.200201
vt 0.148636 0.250304
vt 0.155696 0.275493
vt 0.165697 0.310447
vt 0.178544 0.348350
vt 0.077483 0.960216
vt 0.117283 0.964786
vt 0.194396 0.382334
vt 0.038445 0.955507
vt 0.037586 0.949375
vt 0.077667 0.954148
vt 0.037286 0.942608
vt 0.077952 0.947349
vt 0.117999 0.958749
vt 0.118862 0.951953
vt 0.328188 0.750715
vt 0.343333 0.744013
vt 0.344494 0.745587
vt 0.329504 0.752061
vt 0.362778 0.739310
vt 0.363716 0.741098
vt 0.364707 0.742630
vt 0.345730 0.746942
vt 0.330901 0.753250
vt 0.383111 0.737139
vt 0.383835 0.739197
vt 0.400980 0.738128
vt 0.401558 0.740586
vt 0.402059 0.742583
vt 0.384563 0.740938
vt 0.385223 0.742382
vt 0.365648 0.743938
vt 0.402450 0.744151
vt 0.402685 0.745303
vt 0.385733 0.743496
vt 0.366420 0.744971
vt 0.346921 0.748110
vt 0.332259 0.754280
vt 0.347918 0.749040
vt 0.333410 0.755086
vt 0.413057 0.742999
vt 0.413641 0.746073
vt 0.421019 0.751442
vt 0.421741 0.755414
vt 0.422024 0.758089
vt 0.414016 0.748397
vt 0.426516 0.763098
vt 0.427464 0.768281
vt 0.431807 0.779191
vt 0.432448 0.784526
vt 0.432454 0.787459
vt 0.427625 0.771247
vt 0.427459 0.773067
vt 0.422008 0.759849
vt 0.432195 0.789274
vt 0.431764 0.790249
vt 0.427065 0.774053
vt 0.421748 0.760906
vt 0.414193 0.750072
vt 0.414160 0.751200
vt 0.454038 0.911881
vt 0.437058 0.916154
vt 0.436682 0.915281
vt 0.453403 0.910836
vt 0.414871 0.917676
vt 0.414782 0.916905
vt 0.414711 0.916056
vt 0.436325 0.914464
vt 0.452834 0.910117
vt 0.391391 0.916501
vt 0.391575 0.915781
vt 0.370801 0.912633
vt 0.371215 0.911943
vt 0.371731 0.911143
vt 0.391812 0.914939
vt 0.392036 0.914082
vt 0.414639 0.915212
vt 0.372230 0.910325
vt 0.372600 0.909553
vt 0.392181 0.913281
vt 0.414548 0.914434
vt 0.435999 0.913720
vt 0.452347 0.909600
vt 0.435714 0.913052
vt 0.451963 0.909175
vt 0.327520 0.797188
vt 0.326312 0.796819
vt 0.323296 0.782472
vt 0.324540 0.782990
vt 0.324913 0.796217
vt 0.321872 0.781695
vt 0.320881 0.770061
vt 0.322291 0.770940
vt 0.323521 0.771562
vt 0.323524 0.795527
vt 0.320464 0.780815
vt 0.322360 0.794893
vt 0.319258 0.779986
vt 0.318213 0.768103
vt 0.319474 0.769069
vt 0.321862 0.759740
vt 0.323289 0.760805
vt 0.320531 0.758621
vt 0.324691 0.761743
vt 0.325898 0.762443
vt 0.441494 0.703972
vt 0.423846 0.714751
vt 0.463655 0.694922
vt 0.466095 0.704336
vt 0.446373 0.712487
vt 0.430625 0.721837
vt 0.485847 0.690190
vt 0.504593 0.691182
vt 0.503683 0.698223
vt 0.486296 0.699099
vt 0.486557 0.702938
vt 0.467141 0.708559
vt 0.503462 0.701238
vt 0.503305 0.703237
vt 0.486716 0.705114
vt 0.467609 0.710826
vt 0.448420 0.716735
vt 0.433548 0.726125
vt 0.449186 0.719153
vt 0.434634 0.728963
vt 0.522896 0.692936
vt 0.516721 0.698655
vt 0.532176 0.707349
vt 0.525069 0.709474
vt 0.522400 0.710896
vt 0.514994 0.702675
vt 0.539230 0.721130
vt 0.531702 0.721612
vt 0.545649 0.736020
vt 0.538011 0.736020
vt 0.534372 0.736111
vt 0.528379 0.721934
vt 0.527662 0.722267
vt 0.521994 0.711612
vt 0.533322 0.736343
vt 0.532925 0.737047
vt 0.527229 0.723216
vt 0.521489 0.712855
vt 0.514660 0.704449
vt 0.514224 0.706084
vt 0.563555 0.866822
vt 0.547351 0.881232
vt 0.544581 0.876628
vt 0.560219 0.862313
vt 0.526214 0.895814
vt 0.524413 0.890854
vt 0.523698 0.888016
vt 0.543041 0.874119
vt 0.558356 0.859885
vt 0.501876 0.908794
vt 0.502272 0.903051
vt 0.473967 0.918260
vt 0.483120 0.910175
vt 0.486506 0.906264
vt 0.503599 0.899474
vt 0.503947 0.897702
vt 0.523337 0.886724
vt 0.487463 0.903858
vt 0.487201 0.902175
vt 0.503735 0.896666
vt 0.523071 0.886099
vt 0.542353 0.873044
vt 0.557518 0.858872
vt 0.541989 0.872624
vt 0.557048 0.858537
vt 0.801730 0.256643
vt 0.825138 0.251312
vt 0.824851 0.253194
vt 0.802281 0.258373
vt 0.853836 0.250151
vt 0.852845 0.251926
vt 0.851808 0.253671
vt 0.825230 0.254863
vt 0.803816 0.259658
vt 0.882840 0.252995
vt 0.881238 0.254493
vt 0.907604 0.259722
vt 0.905533 0.260760
vt 0.902125 0.262040
vt 0.878885 0.256063
vt 0.875288 0.259212
vt 0.851056 0.256850
vt 0.896186 0.264866
vt 0.827452 0.257788
vt 0.808351 0.262056
vt 0.924458 0.270596
vt 0.922067 0.271128
vt 0.936332 0.287263
vt 0.933734 0.287407
vt 0.928888 0.287984
vt 0.917847 0.272120
vt 0.944431 0.310804
vt 0.941732 0.310593
vt 0.950147 0.340765
vt 0.947415 0.340231
vt 0.942168 0.339778
vt 0.936573 0.310664
vt 0.926738 0.311167
vt 0.919760 0.289323
vt 0.932106 0.339455
vt 0.910125 0.274368
vt 0.947618 0.556314
vt 0.917059 0.556205
vt 0.915792 0.553789
vt 0.945761 0.553983
vt 0.879577 0.549413
vt 0.878905 0.547040
vt 0.877944 0.543945
vt 0.913083 0.550477
vt 0.941605 0.550796
vt 0.841771 0.537346
vt 0.841688 0.535074
vt 0.810536 0.521818
vt 0.811007 0.519696
vt 0.813292 0.517810
vt 0.842514 0.532495
vt 0.845419 0.529162
vt 0.876819 0.539298
vt 0.819459 0.516160
vt 0.827718 0.514851
vt 0.847117 0.523145
vt 0.875652 0.532085
vt 0.908052 0.545206
vt 0.933446 0.545639
vt 0.904203 0.537817
vt 0.923694 0.539694
vt 0.787325 0.322004
vt 0.787910 0.298241
vt 0.779761 0.320346
vt 0.780669 0.296397
vt 0.784314 0.278813
vt 0.790896 0.280790
vt 0.776815 0.320386
vt 0.777836 0.296179
vt 0.775194 0.321159
vt 0.776171 0.296607
vt 0.780091 0.278121
vt 0.781745 0.278322
vt 0.789318 0.266490
vt 0.791481 0.267288
vt 0.787998 0.265421
vt 0.797185 0.269299
vt 0.437189 0.735802
vt 0.450488 0.725734
vt 0.677041 0.599090
vt 0.701668 0.589597
vt 0.467639 0.717297
vt 0.467619 0.718128
vt 0.647694 0.603247
vt 0.676787 0.597832
vt 0.701060 0.588480
vt 0.485586 0.711490
vt 0.617802 0.605701
vt 0.501275 0.709335
vt 0.500900 0.710157
vt 0.593130 0.600656
vt 0.618196 0.604434
vt 0.618302 0.602919
vt 0.647375 0.601760
vt 0.593744 0.599287
vt 0.594250 0.597668
vt 0.618138 0.601171
vt 0.646657 0.600111
vt 0.676071 0.596475
vt 0.699925 0.587440
vt 0.674859 0.595063
vt 0.698269 0.586509
vt 0.511764 0.711753
vt 0.576098 0.592973
vt 0.518878 0.718172
vt 0.518248 0.718789
vt 0.566988 0.579036
vt 0.577127 0.592114
vt 0.524395 0.728142
vt 0.559209 0.560726
vt 0.529806 0.741337
vt 0.529060 0.741740
vt 0.556198 0.536232
vt 0.560507 0.560458
vt 0.561966 0.560509
vt 0.568379 0.578653
vt 0.557664 0.536573
vt 0.559284 0.537074
vt 0.563587 0.560693
vt 0.569933 0.578289
vt 0.578248 0.591177
vt 0.579447 0.590082
vt 0.553837 0.856937
vt 0.539541 0.870369
vt 0.591713 0.314692
vt 0.562198 0.334236
vt 0.521536 0.883217
vt 0.521214 0.882493
vt 0.628561 0.299294
vt 0.592227 0.316166
vt 0.562936 0.335575
vt 0.503140 0.893337
vt 0.665324 0.286061
vt 0.487433 0.898772
vt 0.487376 0.898112
vt 0.696320 0.283707
vt 0.665358 0.287694
vt 0.665228 0.289663
vt 0.628718 0.301188
vt 0.695880 0.285688
vt 0.694992 0.287983
vt 0.664778 0.291949
vt 0.628673 0.303378
vt 0.592671 0.317953
vt 0.563663 0.337228
vt 0.593027 0.320010
vt 0.564407 0.339118
vt 0.713384 0.574486
vt 0.715296 0.574766
vt 0.722949 0.556884
vt 0.724955 0.556625
vt 0.726544 0.556571
vt 0.716761 0.575254
vt 0.727793 0.532514
vt 0.729798 0.531861
vt 0.729228 0.501886
vt 0.731204 0.500942
vt 0.732772 0.500251
vt 0.731390 0.531420
vt 0.433569 0.772382
vt 0.430599 0.758787
vt 0.734064 0.500082
vt 0.438059 0.788324
vt 0.432846 0.772302
vt 0.429893 0.758559
vt 0.431429 0.747016
vt 0.430821 0.746566
vt 0.118243 0.074319
vt 0.109022 0.080192
vt 0.116860 0.085134
vt 0.106768 0.091997
vt 0.338231 0.995397
vt 0.352003 0.996904
vt 0.118744 0.097829
vt 0.108331 0.105010
vt 0.122839 0.113321
vt 0.112419 0.120434
vt 0.106524 0.123755
vt 0.324393 0.993634
vt 0.324590 0.989322
vt 0.337993 0.991236
vt 0.308919 0.986827
vt 0.310329 0.982123
vt 0.325891 0.984832
vt 0.339201 0.986923
vt 0.351447 0.992948
vt 0.352528 0.988717
vt 0.132693 0.062646
vt 0.152581 0.047942
vt 0.154636 0.057399
vt 0.133083 0.072658
vt 0.178057 0.033013
vt 0.207251 0.021161
vt 0.209923 0.030438
vt 0.180695 0.042297
vt 0.184238 0.054805
vt 0.157899 0.069870
vt 0.213530 0.042965
vt 0.218219 0.059249
vt 0.188815 0.071026
vt 0.162307 0.085872
vt 0.135676 0.085193
vt 0.139892 0.100912
vt 0.238264 0.015623
vt 0.267765 0.014663
vt 0.271037 0.023707
vt 0.240959 0.024858
vt 0.292412 0.016477
vt 0.310840 0.018616
vt 0.317729 0.026938
vt 0.297382 0.025084
vt 0.301809 0.036946
vt 0.274878 0.035912
vt 0.322829 0.038523
vt 0.327522 0.053578
vt 0.306536 0.052311
vt 0.279613 0.051675
vt 0.244597 0.037286
vt 0.249325 0.053391
vt 0.614127 0.912005
vt 0.617362 0.914968
vt 0.624294 0.903575
vt 0.627697 0.906524
vt 0.336327 0.026531
vt 0.327403 0.017134
vt 0.634266 0.894994
vt 0.637860 0.898030
vt 0.645772 0.884764
vt 0.649596 0.887908
vt 0.652477 0.891315
vt 0.342118 0.038465
vt 0.335425 0.038941
vt 0.329897 0.027296
vt 0.340078 0.053893
vt 0.321756 0.018631
vt 0.564682 0.846161
vt 0.565204 0.846429
vt 0.566599 0.834374
vt 0.567133 0.834573
vt 0.568242 0.835308
vt 0.566190 0.847344
vt 0.564724 0.822108
vt 0.565276 0.822232
vt 0.560210 0.807988
vt 0.560769 0.807997
vt 0.562107 0.808395
vt 0.566516 0.822797
vt 0.569553 0.824131
vt 0.570886 0.837089
vt 0.565459 0.809352
vt 0.571744 0.811216
vt 0.575185 0.826761
vt 0.575743 0.840556
vt 0.568457 0.849586
vt 0.572602 0.853931
vt 0.548784 0.357134
vt 0.547679 0.355453
vt 0.542522 0.374939
vt 0.541109 0.373506
vt 0.539872 0.372210
vt 0.546686 0.353961
vt 0.541895 0.394377
vt 0.540271 0.393161
vt 0.544219 0.417488
vt 0.542517 0.416406
vt 0.541028 0.415432
vt 0.538858 0.392051
vt 0.560259 0.821858
vt 0.562270 0.833498
vt 0.539801 0.414630
vt 0.556424 0.808781
vt 0.560962 0.822172
vt 0.562929 0.833908
vt 0.560470 0.844649
vt 0.561100 0.845141
vt 0.692076 0.370204
vt 0.664757 0.379725
vt 0.663124 0.353978
vt 0.690667 0.343690
vt 0.632546 0.390888
vt 0.630603 0.366006
vt 0.628937 0.346244
vt 0.660793 0.334229
vt 0.687769 0.324008
vt 0.600611 0.402301
vt 0.598424 0.378221
vt 0.574068 0.411845
vt 0.571806 0.388419
vt 0.571513 0.369365
vt 0.597461 0.358812
vt 0.599151 0.343680
vt 0.627804 0.331445
vt 0.575489 0.354082
vt 0.582408 0.343651
vt 0.600371 0.333148
vt 0.627285 0.320855
vt 0.656913 0.320953
vt 0.681612 0.312082
vt 0.654695 0.311691
vt 0.673708 0.307427
vt 0.477138 0.897988
vt 0.715444 0.287887
vt 0.470303 0.891741
vt 0.470586 0.891411
vt 0.724635 0.302971
vt 0.714976 0.289355
vt 0.465438 0.880697
vt 0.730161 0.323161
vt 0.461113 0.865642
vt 0.461700 0.865745
vt 0.730752 0.352051
vt 0.729073 0.323971
vt 0.727657 0.325393
vt 0.723485 0.304639
vt 0.729218 0.353280
vt 0.727265 0.354922
vt 0.725801 0.327181
vt 0.721854 0.306608
vt 0.714190 0.291246
vt 0.712889 0.293425
vt 0.455666 0.867308
vt 0.455908 0.866239
vt 0.460680 0.881479
vt 0.460407 0.882231
vt 0.456338 0.865349
vt 0.461145 0.880933
vt 0.463289 0.893574
vt 0.462782 0.893757
vt 0.462459 0.894099
vt 0.457199 0.865514
vt 0.461997 0.881401
vt 0.459056 0.868676
vt 0.463545 0.884534
vt 0.465216 0.896327
vt 0.464066 0.894155
vt 0.461800 0.903923
vt 0.461103 0.903267
vt 0.462663 0.905398
vt 0.460563 0.903071
vt 0.460187 0.902997
vt 0.932592 0.474983
vt 0.950932 0.479537
vt 0.953615 0.506489
vt 0.935140 0.501500
vt 0.961546 0.482636
vt 0.964270 0.509888
vt 0.963696 0.530352
vt 0.953273 0.526656
vt 0.935186 0.521432
vt 0.966960 0.484653
vt 0.969668 0.512106
vt 0.969775 0.486027
vt 0.972425 0.513648
vt 0.971537 0.534496
vt 0.968943 0.532748
vt 0.962256 0.546643
vt 0.957300 0.543943
vt 0.964585 0.548661
vt 0.947540 0.539542
vt 0.930846 0.534071
vt 0.808949 0.446555
vt 0.836818 0.453102
vt 0.838326 0.477705
vt 0.810323 0.470634
vt 0.870304 0.460934
vt 0.872135 0.486163
vt 0.873464 0.506265
vt 0.840331 0.497488
vt 0.812974 0.490079
vt 0.904010 0.468505
vt 0.906244 0.494412
vt 0.906883 0.514452
vt 0.905021 0.528246
vt 0.874572 0.521332
vt 0.844309 0.512614
vt 0.819266 0.505136
vt 0.792290 0.505540
vt 0.793228 0.503614
vt 0.783300 0.488127
vt 0.784599 0.486429
vt 0.787973 0.485627
vt 0.796301 0.502402
vt 0.779634 0.468277
vt 0.781167 0.466761
vt 0.778338 0.444371
vt 0.779965 0.442975
vt 0.783397 0.442311
vt 0.784630 0.466058
vt 0.793362 0.467017
vt 0.796497 0.486439
vt 0.792055 0.443226
vt 0.804134 0.502309
vt 0.357387 0.906059
vt 0.357950 0.905442
vt 0.349108 0.896813
vt 0.349762 0.896305
vt 0.350574 0.895738
vt 0.358649 0.904735
vt 0.343791 0.885100
vt 0.344533 0.884697
vt 0.339679 0.870418
vt 0.340521 0.870169
vt 0.341549 0.869913
vt 0.345449 0.884260
vt 0.346343 0.883788
vt 0.351362 0.895138
vt 0.342558 0.869616
vt 0.343363 0.869238
vt 0.347036 0.883267
vt 0.351959 0.894518
vt 0.359326 0.904004
vt 0.359834 0.903290
vt 0.249696 0.971313
vt 0.248093 0.976870
vt 0.270503 0.975008
vt 0.268942 0.980246
vt 0.117398 0.163341
vt 0.123139 0.184045
vt 0.291292 0.978713
vt 0.289786 0.983659
vt 0.111685 0.142673
vt 0.117635 0.139415
vt 0.123437 0.160194
vt 0.128061 0.132485
vt 0.133914 0.153546
vt 0.129293 0.181035
vt 0.139852 0.174724
vt 0.338389 0.852270
vt 0.339295 0.852073
vt 0.337283 0.852346
vt 0.332911 0.833148
vt 0.334118 0.833301
vt 0.335129 0.833294
vt 0.336163 0.852375
vt 0.335238 0.852423
vt 0.330686 0.832769
vt 0.331697 0.832938
vt 0.327376 0.813458
vt 0.328687 0.813910
vt 0.326282 0.813059
vt 0.329998 0.814293
vt 0.331116 0.814478
vt 0.790557 0.414330
vt 0.807080 0.417568
vt 0.782141 0.413344
vt 0.780902 0.381638
vt 0.789035 0.382761
vt 0.805092 0.386050
vt 0.778825 0.413907
vt 0.777202 0.415194
vt 0.776110 0.383226
vt 0.777720 0.382074
vt 0.776911 0.350015
vt 0.779962 0.349744
vt 0.775307 0.351000
vt 0.787805 0.351083
vt 0.803359 0.354524
vt 0.829407 0.359913
vt 0.860958 0.365142
vt 0.864419 0.397789
vt 0.831942 0.391707
vt 0.892888 0.369141
vt 0.920063 0.371774
vt 0.924882 0.407245
vt 0.897149 0.403094
vt 0.900948 0.437131
vt 0.867665 0.430570
vt 0.929138 0.442619
vt 0.834564 0.423589
vt 0.937557 0.373404
vt 0.947766 0.374603
vt 0.953030 0.412037
vt 0.942681 0.410070
vt 0.953057 0.375554
vt 0.955812 0.376354
vt 0.961148 0.414423
vt 0.958366 0.413406
vt 0.963089 0.450770
vt 0.957712 0.449047
vt 0.965896 0.451975
vt 0.947223 0.446442
vt 0.437897 0.808111
vt 0.437497 0.809166
vt 0.438222 0.806435
vt 0.444441 0.826726
vt 0.444071 0.828176
vt 0.443736 0.829326
vt 0.438466 0.804147
vt 0.439031 0.802708
vt 0.445697 0.824568
vt 0.444952 0.825366
vt 0.451360 0.846352
vt 0.450629 0.846842
vt 0.452238 0.846150
vt 0.450227 0.848031
vt 0.449954 0.849209
vt 0.729670 0.465697
vt 0.731635 0.464535
vt 0.729342 0.427141
vt 0.731311 0.425799
vt 0.732876 0.424823
vt 0.733197 0.463685
vt 0.728477 0.389224
vt 0.730447 0.387724
vt 0.732008 0.386630
vt 0.456480 0.847552
vt 0.450652 0.827526
vt 0.455825 0.847400
vt 0.449964 0.827401
vt 0.444614 0.807260
vt 0.443911 0.807191
vt 0.668561 0.479067
vt 0.694994 0.473936
vt 0.637634 0.486011
vt 0.636178 0.453524
vt 0.667721 0.445030
vt 0.694511 0.438185
vt 0.607245 0.494151
vt 0.582295 0.501928
vt 0.579336 0.471055
vt 0.605007 0.462782
vt 0.602811 0.431340
vt 0.634474 0.420963
vt 0.576560 0.440172
vt 0.666400 0.411001
vt 0.693467 0.402640
vt 0.547516 0.445800
vt 0.545826 0.444821
vt 0.551211 0.476857
vt 0.549550 0.476004
vt 0.548067 0.475289
vt 0.544332 0.443964
vt 0.555146 0.508160
vt 0.553511 0.507461
vt 0.552038 0.506913
vt 0.535672 0.757662
vt 0.542771 0.775063
vt 0.536431 0.757407
vt 0.543532 0.774962
vt 0.549669 0.792518
vt 0.550424 0.792568
vt 0.554075 0.790935
vt 0.554611 0.790796
vt 0.547023 0.772443
vt 0.547517 0.772139
vt 0.548863 0.772213
vt 0.555981 0.791033
vt 0.539757 0.753982
vt 0.540194 0.753492
vt 0.541443 0.753404
vt 0.545156 0.753557
vt 0.552525 0.772622
vt 0.552599 0.754005
vt 0.559646 0.773486
vt 0.559516 0.791703
vt 0.566251 0.793008
vt 0.659820 0.872155
vt 0.663871 0.875439
vt 0.675167 0.858387
vt 0.679439 0.861874
vt 0.358376 0.091857
vt 0.352356 0.071764
vt 0.690540 0.844606
vt 0.695030 0.848327
vt 0.364394 0.111998
vt 0.357659 0.112994
vt 0.351657 0.092641
vt 0.345454 0.113583
vt 0.339327 0.092850
vt 0.345642 0.072371
vt 0.333192 0.072262
vt 0.255281 0.073631
vt 0.224127 0.079774
vt 0.285536 0.071386
vt 0.292053 0.093210
vt 0.261881 0.096084
vt 0.230689 0.102569
vt 0.312359 0.071434
vt 0.318698 0.092572
vt 0.325039 0.113939
vt 0.298602 0.115310
vt 0.268550 0.118844
vt 0.237344 0.125684
vt 0.145198 0.120461
vt 0.167818 0.105893
vt 0.173957 0.128040
vt 0.151149 0.142023
vt 0.194559 0.091425
vt 0.200936 0.114053
vt 0.207418 0.136975
vt 0.180218 0.150438
vt 0.157222 0.163778
vt 0.437154 0.787759
vt 0.431965 0.771704
vt 0.435919 0.786401
vt 0.430803 0.770288
vt 0.428081 0.756375
vt 0.429083 0.757827
vt 0.434275 0.783970
vt 0.429268 0.767738
vt 0.427137 0.762911
vt 0.425189 0.750296
vt 0.426813 0.753997
vt 0.428385 0.742036
vt 0.429371 0.744171
vt 0.427162 0.739157
vt 0.435506 0.731317
vt 0.436197 0.733236
vt 0.430161 0.745654
vt 0.436745 0.734733
vt 0.460320 0.864890
vt 0.454946 0.846577
vt 0.459470 0.864391
vt 0.453955 0.845816
vt 0.447936 0.825646
vt 0.449047 0.826638
vt 0.458848 0.865010
vt 0.453077 0.845823
vt 0.446757 0.824808
vt 0.440303 0.803582
vt 0.441785 0.805338
vt 0.442990 0.806542
vt 0.476414 0.901361
vt 0.476313 0.899654
vt 0.487152 0.900953
vt 0.469249 0.895134
vt 0.469002 0.892686
vt 0.469325 0.891768
vt 0.476528 0.898721
vt 0.487228 0.900039
vt 0.464107 0.884363
vt 0.463659 0.880895
vt 0.464107 0.880030
vt 0.464796 0.880224
vt 0.469846 0.891637
vt 0.476867 0.898258
vt 0.487348 0.899338
vt 0.541435 0.872123
vt 0.556320 0.858185
vt 0.522716 0.885407
vt 0.522302 0.884658
vt 0.540770 0.871549
vt 0.555445 0.857794
vt 0.503565 0.895730
vt 0.503411 0.894851
vt 0.503272 0.894050
vt 0.521893 0.883915
vt 0.540107 0.870955
vt 0.554574 0.857380
vt 0.557315 0.808711
vt 0.561835 0.822268
vt 0.558338 0.808470
vt 0.562854 0.822223
vt 0.564769 0.834223
vt 0.563773 0.834123
vt 0.559356 0.808187
vt 0.563873 0.822135
vt 0.565767 0.834282
vt 0.563869 0.845942
vt 0.562892 0.845721
vt 0.561920 0.845467
vt 0.530624 0.740473
vt 0.537275 0.756735
vt 0.531478 0.739328
vt 0.538178 0.755809
vt 0.545335 0.773803
vt 0.544392 0.774496
vt 0.532279 0.738113
vt 0.539044 0.754823
vt 0.546255 0.773058
vt 0.553258 0.791334
vt 0.552287 0.791843
vt 0.551302 0.792305
vt 0.513698 0.707653
vt 0.502916 0.705001
vt 0.520938 0.714250
vt 0.520284 0.715719
vt 0.513070 0.709198
vt 0.502385 0.706646
vt 0.526653 0.724465
vt 0.525938 0.725842
vt 0.525158 0.727139
vt 0.519573 0.717092
vt 0.512399 0.710617
vt 0.501804 0.708130
vt 0.449702 0.721238
vt 0.467784 0.712787
vt 0.467790 0.714540
vt 0.450052 0.723045
vt 0.486582 0.707003
vt 0.486279 0.708719
vt 0.485916 0.710248
vt 0.467719 0.716072
vt 0.450300 0.724564
vt 0.424272 0.754672
vt 0.419635 0.745792
vt 0.419428 0.738782
vt 0.423187 0.744828
vt 0.412191 0.739076
vt 0.400336 0.735151
vt 0.400420 0.730042
vt 0.412396 0.733404
vt 0.415210 0.724920
vt 0.422367 0.730704
vt 0.402157 0.720654
vt 0.425713 0.735408
vt 0.461874 0.916402
vt 0.472168 0.912124
vt 0.456882 0.914934
vt 0.466431 0.910632
vt 0.470156 0.905413
vt 0.476157 0.907783
vt 0.454750 0.913430
vt 0.463745 0.908058
vt 0.466876 0.900872
vt 0.466112 0.892015
vt 0.470385 0.899841
vt 0.476985 0.904177
vt 0.445260 0.925383
vt 0.441796 0.920747
vt 0.417595 0.927584
vt 0.416376 0.922419
vt 0.415410 0.919634
vt 0.438722 0.918444
vt 0.391675 0.926713
vt 0.391444 0.921306
vt 0.369971 0.923231
vt 0.370250 0.917576
vt 0.370458 0.914493
vt 0.391344 0.918341
vt 0.391322 0.917054
vt 0.414997 0.918345
vt 0.370596 0.913172
vt 0.437453 0.917137
vt 0.355089 0.917032
vt 0.356133 0.911049
vt 0.344908 0.907137
vt 0.347028 0.901485
vt 0.348243 0.898498
vt 0.356780 0.907889
vt 0.337647 0.894874
vt 0.340873 0.889482
vt 0.331862 0.879600
vt 0.336046 0.874474
vt 0.338302 0.871776
vt 0.342661 0.886648
vt 0.343388 0.885485
vt 0.348765 0.897260
vt 0.339203 0.870701
vt 0.357098 0.906566
vt 0.325626 0.812837
vt 0.321623 0.794466
vt 0.330087 0.832740
vt 0.329004 0.833543
vt 0.324535 0.813449
vt 0.320615 0.794844
vt 0.334697 0.852564
vt 0.333683 0.853518
vt 0.331124 0.856082
vt 0.326206 0.835963
vt 0.326274 0.861005
vt 0.320812 0.840739
vt 0.321562 0.815685
vt 0.317572 0.796840
vt 0.315687 0.820301
vt 0.311299 0.801203
vt 0.319276 0.757433
vt 0.326990 0.749074
vt 0.317101 0.767284
vt 0.316355 0.766897
vt 0.317998 0.756123
vt 0.325114 0.746667
vt 0.318362 0.779372
vt 0.317572 0.779480
vt 0.314659 0.781112
vt 0.313363 0.767246
vt 0.308204 0.785026
vt 0.306327 0.769561
vt 0.314320 0.753781
vt 0.320404 0.741368
vt 0.306023 0.752579
vt 0.335770 0.731128
vt 0.357266 0.723977
vt 0.360499 0.733032
vt 0.340394 0.738710
vt 0.381135 0.720449
vt 0.381816 0.730049
vt 0.382451 0.734673
vt 0.361965 0.737120
vt 0.342313 0.742060
vt 0.711582 0.505110
vt 0.710277 0.533931
vt 0.721473 0.503834
vt 0.720042 0.533564
vt 0.715506 0.556980
vt 0.706353 0.556387
vt 0.726601 0.502803
vt 0.725150 0.533094
vt 0.720360 0.557082
vt 0.710960 0.574251
vt 0.706691 0.573672
vt 0.696115 0.585693
vt 0.692614 0.584774
vt 0.698833 0.572036
vt 0.686417 0.582479
vt 0.709558 0.363666
vt 0.710799 0.396940
vt 0.719615 0.359375
vt 0.720803 0.393196
vt 0.721654 0.430551
vt 0.711697 0.433598
vt 0.724684 0.356696
vt 0.725879 0.390828
vt 0.726740 0.428555
vt 0.727062 0.466888
vt 0.721959 0.468444
vt 0.712036 0.470662
vt 0.710869 0.295748
vt 0.693471 0.290541
vt 0.719541 0.308711
vt 0.714688 0.311764
vt 0.706352 0.299071
vt 0.689809 0.294234
vt 0.723302 0.329110
vt 0.718277 0.331997
vt 0.708222 0.336629
vt 0.704906 0.316695
vt 0.697331 0.304641
vt 0.682485 0.300356
vt 0.593259 0.322260
vt 0.565170 0.341140
vt 0.628331 0.305811
vt 0.627818 0.308982
vt 0.594442 0.324682
vt 0.567701 0.342685
vt 0.663850 0.294507
vt 0.661635 0.298128
vt 0.657420 0.303954
vt 0.627379 0.313677
vt 0.597803 0.327548
vt 0.574043 0.343474
vt 0.557899 0.417012
vt 0.555606 0.393952
vt 0.549503 0.418879
vt 0.547141 0.395913
vt 0.547492 0.376779
vt 0.555781 0.374934
vt 0.546030 0.418622
vt 0.543630 0.395639
vt 0.544050 0.376417
vt 0.549984 0.358895
vt 0.553195 0.359679
vt 0.560948 0.358755
vt 0.571158 0.535092
vt 0.567453 0.506818
vt 0.563904 0.537358
vt 0.559909 0.508855
vt 0.556156 0.477849
vt 0.564007 0.475942
vt 0.560996 0.537592
vt 0.556872 0.508889
vt 0.552968 0.477751
vt 0.549306 0.446828
vt 0.552647 0.447019
vt 0.560797 0.445168
vt 0.580638 0.588861
vt 0.594649 0.595894
vt 0.571545 0.577853
vt 0.574035 0.577154
vt 0.582700 0.587887
vt 0.596029 0.594498
vt 0.565292 0.560864
vt 0.568057 0.560392
vt 0.574974 0.557983
vt 0.580320 0.574722
vt 0.588116 0.585499
vt 0.600196 0.591818
vt 0.673138 0.593704
vt 0.645533 0.598413
vt 0.644309 0.596798
vt 0.670634 0.592392
vt 0.617709 0.599313
vt 0.617900 0.597643
vt 0.619695 0.594635
vt 0.643132 0.593775
vt 0.666669 0.589615
vt 0.928612 0.268514
vt 0.910677 0.256302
vt 0.421290 0.761487
vt 0.939945 0.287097
vt 0.927735 0.269429
vt 0.910195 0.257484
vt 0.949418 0.311173
vt 0.431196 0.790674
vt 0.953891 0.341875
vt 0.948149 0.311387
vt 0.946510 0.311172
vt 0.938360 0.287255
vt 0.952239 0.341416
vt 0.926333 0.270089
vt 0.909166 0.258633
vt 0.968067 0.453168
vt 0.971951 0.487364
vt 0.963294 0.415463
vt 0.964986 0.416198
vt 0.969774 0.454021
vt 0.973649 0.488354
vt 0.957926 0.377218
vt 0.959597 0.377832
vt 0.436955 0.809619
vt 0.443235 0.829818
vt 0.449495 0.849703
vt 0.455235 0.867722
vt 0.966179 0.550637
vt 0.948815 0.558469
vt 0.973434 0.536211
vt 0.974811 0.537697
vt 0.967223 0.552402
vt 0.949525 0.560374
vt 0.974523 0.515146
vt 0.976132 0.516346
vt 0.459975 0.882423
vt 0.462041 0.893981
vt 0.459833 0.902597
vt 0.451648 0.908590
vt 0.918419 0.561981
vt 0.414414 0.913648
vt 0.880034 0.553493
vt 0.918220 0.560354
vt 0.841226 0.542833
vt 0.372761 0.908764
vt 0.809583 0.525560
vt 0.841521 0.541289
vt 0.841707 0.539444
vt 0.879923 0.551585
vt 0.810066 0.523807
vt 0.917818 0.558415
vt 0.789945 0.510343
vt 0.352293 0.893823
vt 0.781071 0.491238
vt 0.790669 0.509009
vt 0.775952 0.472137
vt 0.343896 0.868702
vt 0.775476 0.446891
vt 0.776966 0.471046
vt 0.778204 0.469732
vt 0.782108 0.489765
vt 0.776810 0.445704
vt 0.791438 0.507377
vt 0.773787 0.351939
vt 0.773659 0.321898
vt 0.774587 0.384323
vt 0.773215 0.385240
vt 0.772400 0.352682
vt 0.772248 0.322430
vt 0.775671 0.416421
vt 0.774311 0.417485
vt 0.339921 0.851654
vt 0.335846 0.833005
vt 0.331919 0.814324
vt 0.328397 0.797168
vt 0.786684 0.264478
vt 0.801082 0.255078
vt 0.778503 0.277979
vt 0.777075 0.277772
vt 0.785467 0.263673
vt 0.800343 0.253772
vt 0.774590 0.297030
vt 0.773146 0.297268
vt 0.325448 0.783093
vt 0.324420 0.771785
vt 0.326762 0.762817
vt 0.334194 0.755619
vt 0.824406 0.246822
vt 0.366902 0.745686
vt 0.854620 0.246948
vt 0.824933 0.248057
vt 0.884648 0.248793
vt 0.884529 0.250078
vt 0.883934 0.251492
vt 0.854428 0.248455
vt 0.825167 0.249557
vt 0.162826 0.913775
vt 0.125600 0.909561
vt 0.129238 0.891528
vt 0.165969 0.895661
vt 0.083222 0.905268
vt 0.087478 0.887525
vt 0.092659 0.868409
vt 0.133798 0.871769
vt 0.170092 0.875713
vt 0.041119 0.900996
vt 0.046061 0.883650
vt 0.003887 0.896960
vt 0.234856 0.525864
vt 0.245183 0.548268
vt 0.052637 0.865496
vt 0.256411 0.606095
vt 0.262454 0.647255
vt 0.258446 0.569681
vt 0.274157 0.690474
vt 0.285552 0.728673
vt 0.300762 0.808921
vt 0.229595 0.874694
vt 0.242181 0.897844
vt 0.227765 0.891481
vt 0.213238 0.885752
vt 0.215798 0.868091
vt 0.240418 0.914928
vt 0.225641 0.909397
vt 0.238471 0.930866
vt 0.223381 0.926135
vt 0.208135 0.921855
vt 0.210659 0.904452
vt 0.191943 0.899925
vt 0.195298 0.880440
vt 0.189144 0.917806
vt 0.199474 0.861423
vt 0.325263 0.887994
vt 0.298169 0.906491
vt 0.315901 0.926518
vt 0.298253 0.919918
vt 0.279012 0.912593
vt 0.279441 0.898263
vt 0.315995 0.939922
vt 0.297997 0.934159
vt 0.315676 0.952516
vt 0.297336 0.947487
vt 0.277189 0.941946
vt 0.278271 0.927775
vt 0.258517 0.921211
vt 0.259791 0.905058
vt 0.256985 0.936272
vt 0.260768 0.889828
vt 0.371701 0.965143
vt 0.355655 0.962789
vt 0.355263 0.951754
vt 0.371168 0.954578
vt 0.343094 0.960062
vt 0.342912 0.948562
vt 0.342492 0.936107
vt 0.354614 0.939563
vt 0.370440 0.943140
vt 0.330508 0.956683
vt 0.330570 0.944679
vt 0.330301 0.931896
vt 0.332725 0.903775
vt 0.341818 0.916462
vt 0.353996 0.927311
vt 0.369923 0.932196
vt 0.392199 0.935300
vt 0.418825 0.935976
vt 0.420192 0.946208
vt 0.393043 0.945738
vt 0.447697 0.933487
vt 0.476639 0.927373
vt 0.479571 0.937301
vt 0.449722 0.943570
vt 0.451931 0.954058
vt 0.421714 0.956924
vt 0.482556 0.947392
vt 0.485314 0.956720
vt 0.453988 0.963754
vt 0.423069 0.966896
vt 0.394032 0.956716
vt 0.394848 0.966937
vt 0.504219 0.916890
vt 0.529769 0.903470
vt 0.534150 0.912705
vt 0.508046 0.926449
vt 0.551620 0.888631
vt 0.568524 0.874193
vt 0.574102 0.883530
vt 0.556629 0.897747
vt 0.561810 0.907403
vt 0.538730 0.922464
vt 0.579771 0.893404
vt 0.585121 0.902464
vt 0.566725 0.916356
vt 0.543030 0.931520
vt 0.511883 0.936417
vt 0.515426 0.945645
vt 0.581830 0.814403
vt 0.595251 0.843468
vt 0.610314 0.841756
vt 0.601311 0.853571
vt 0.593530 0.863251
vt 0.587641 0.853516
vt 0.617617 0.852874
vt 0.608127 0.864263
vt 0.624824 0.863111
vt 0.614786 0.874141
vt 0.606195 0.883350
vt 0.600024 0.873757
vt 0.591506 0.882722
vt 0.585356 0.872290
vt 0.597240 0.892068
vt 0.579149 0.861807
vt 0.558693 0.736360
vt 0.636253 0.782802
vt 0.656179 0.779854
vt 0.645385 0.794981
vt 0.633443 0.811188
vt 0.625244 0.799513
vt 0.666984 0.793193
vt 0.655291 0.807763
vt 0.677352 0.805457
vt 0.664846 0.819487
vt 0.651094 0.834593
vt 0.642391 0.823403
vt 0.629439 0.838856
vt 0.621397 0.827204
vt 0.637336 0.849541
vt 0.614101 0.816049
vt 0.732408 0.751346
vt 0.711932 0.768790
vt 0.699826 0.755306
vt 0.719888 0.737845
vt 0.697917 0.782220
vt 0.686293 0.768999
vt 0.673965 0.754688
vt 0.686439 0.740723
vt 0.705619 0.723261
vt 0.687384 0.793738
vt 0.676332 0.780949
vt 0.664791 0.767077
vt 0.552653 0.720722
vt 0.545978 0.704996
vt 0.537084 0.686663
vt 0.526258 0.661097
vt 0.448661 0.439735
vt 0.831002 0.674982
vt 0.817373 0.663068
vt 0.454272 0.461627
vt 0.796751 0.701333
vt 0.783481 0.688729
vt 0.768759 0.675398
vt 0.801964 0.651294
vt 0.457979 0.486099
vt 0.762329 0.727794
vt 0.749429 0.714623
vt 0.734897 0.700422
vt 0.514003 0.622431
vt 0.499219 0.579373
vt 0.481001 0.541165
vt 0.458747 0.511355
vt 0.335576 0.464981
vt 0.363728 0.456825
vt 0.368734 0.472554
vt 0.340259 0.480735
vt 0.391152 0.449505
vt 0.396509 0.465722
vt 0.402618 0.484409
vt 0.374680 0.490888
vt 0.345766 0.499135
vt 0.418378 0.443701
vt 0.424062 0.461565
vt 0.429558 0.481643
vt 0.434384 0.503349
vt 0.409480 0.505641
vt 0.381740 0.512162
vt 0.352238 0.520560
vt 0.254778 0.491872
vt 0.259826 0.509896
vt 0.280593 0.482114
vt 0.284991 0.498602
vt 0.290160 0.517503
vt 0.266278 0.529600
vt 0.307520 0.473408
vt 0.311925 0.489311
vt 0.317027 0.507863
vt 0.322908 0.529411
vt 0.296180 0.538849
vt 0.274241 0.550210
vt 0.119821 0.944361
vt 0.156378 0.948544
vt 0.078263 0.939759
vt 0.078990 0.930681
vt 0.121110 0.935248
vt 0.158127 0.939475
vt 0.036954 0.935052
vt 0.216326 0.464803
vt 0.219214 0.474931
vt 0.037118 0.926041
vt 0.038328 0.914910
vt 0.080516 0.919417
vt 0.222817 0.487822
vt 0.122961 0.923891
vt 0.160243 0.928132
vt 0.186637 0.931957
vt 0.205742 0.935620
vt 0.203500 0.946463
vt 0.184401 0.943116
vt 0.221148 0.939372
vt 0.236450 0.943476
vt 0.234425 0.953410
vt 0.218987 0.949797
vt 0.216940 0.958105
vt 0.201425 0.955107
vt 0.232460 0.961327
vt 0.182408 0.952021
vt 0.255234 0.948201
vt 0.275732 0.953191
vt 0.274042 0.962065
vt 0.253369 0.957604
vt 0.296168 0.958094
vt 0.314780 0.962556
vt 0.313473 0.970501
vt 0.294663 0.966476
vt 0.292980 0.973168
vt 0.272253 0.969142
vt 0.311924 0.976853
vt 0.251490 0.965100
vt 0.353695 0.983989
vt 0.370441 0.985837
vt 0.340544 0.982098
vt 0.341769 0.976318
vt 0.354726 0.978393
vt 0.371208 0.980292
vt 0.327355 0.979810
vt 0.328751 0.973766
vt 0.329857 0.966221
vt 0.342673 0.969136
vt 0.355434 0.971478
vt 0.371675 0.973557
vt 0.395158 0.975140
vt 0.423919 0.974887
vt 0.424349 0.981434
vt 0.395058 0.981781
vt 0.455502 0.971579
vt 0.487561 0.964328
vt 0.489395 0.970548
vt 0.456599 0.977989
vt 0.457399 0.983376
vt 0.424496 0.986910
vt 0.490935 0.975771
vt 0.394684 0.987293
vt 0.518410 0.953026
vt 0.546699 0.938687
vt 0.549903 0.944410
vt 0.520971 0.959001
vt 0.570923 0.923354
vt 0.589756 0.909459
vt 0.593840 0.914839
vt 0.574640 0.928866
vt 0.577964 0.933294
vt 0.552758 0.949089
vt 0.597520 0.919077
vt 0.523224 0.963961
vt 0.602204 0.899163
vt 0.611546 0.890635
vt 0.616269 0.896113
vt 0.606601 0.904545
vt 0.620595 0.881679
vt 0.631127 0.870937
vt 0.636637 0.876815
vt 0.625700 0.887337
vt 0.630228 0.891606
vt 0.620493 0.900270
vt 0.641486 0.881248
vt 0.610546 0.908669
vt 0.644186 0.857701
vt 0.658541 0.843143
vt 0.664907 0.849588
vt 0.650117 0.863837
vt 0.672913 0.828463
vt 0.686015 0.814870
vt 0.693255 0.822023
vt 0.679723 0.835258
vt 0.685517 0.840445
vt 0.670385 0.854481
vt 0.699361 0.827510
vt 0.655279 0.868473
vt 0.736604 0.793601
vt 0.757111 0.776790
vt 0.722052 0.806234
vt 0.715441 0.800210
vt 0.729921 0.787317
vt 0.750553 0.770234
vt 0.710590 0.816823
vt 0.704192 0.811061
vt 0.696565 0.803571
vt 0.707516 0.792415
vt 0.721831 0.779253
vt 0.742476 0.761946
vt 0.853165 0.701196
vt 0.436309 0.400412
vt 0.819919 0.727423
vt 0.814280 0.720278
vt 0.848077 0.693783
vt 0.439422 0.410426
vt 0.786432 0.753654
vt 0.780265 0.746802
vt 0.772421 0.738349
vt 0.806788 0.711713
vt 0.840961 0.685137
vt 0.443465 0.423163
vt 0.354557 0.426978
vt 0.326770 0.435144
vt 0.381344 0.418643
vt 0.383735 0.426875
vt 0.356876 0.434913
vt 0.329098 0.443060
vt 0.407313 0.409620
vt 0.410017 0.418730
vt 0.413638 0.429799
vt 0.386932 0.436884
vt 0.359853 0.444592
vt 0.331948 0.452728
vt 0.245384 0.457227
vt 0.271981 0.450821
vt 0.274455 0.459067
vt 0.248100 0.466374
vt 0.298986 0.443327
vt 0.301340 0.451273
vt 0.304101 0.461032
vt 0.277233 0.469229
vt 0.251126 0.477645
vt 0.546777 0.474826
vt 0.543067 0.443319
vt 0.555683 0.808590
vt 0.554879 0.536222
vt 0.550728 0.506660
vt 0.734154 0.424506
vt 0.734484 0.463424
vt 0.438769 0.788357
vt 0.731961 0.351520
vt 0.733265 0.386239
vt 0.465904 0.880616
vt 0.725459 0.301798
vt 0.477214 0.897460
vt 0.696521 0.282100
vt 0.538826 0.371136
vt 0.545776 0.352755
vt 0.553268 0.856372
vt 0.537701 0.391113
vt 0.727756 0.556951
vt 0.717739 0.576054
vt 0.437588 0.736459
vt 0.732676 0.531458
vt 0.502954 0.892594
vt 0.628289 0.297713
vt 0.539087 0.869718
vt 0.523691 0.728661
vt 0.565780 0.579598
vt 0.511241 0.712478
vt 0.592392 0.601783
vt 0.485381 0.712343
vt 0.647628 0.604544
vt 0.450667 0.726506
vt 0.753978 0.662528
vt 0.786199 0.640962
vt 0.812446 0.621595
vt 0.690168 0.709288
vt 0.719636 0.686556
vt 0.662247 0.741213
vt 0.672669 0.726916
vt 0.646194 0.767198
vt 0.654135 0.753982
vt 0.603777 0.831133
vt 0.577179 0.795187
vt 0.571339 0.774977
vt 0.565019 0.754929
vt 0.583430 0.846504
vt 0.584155 0.831327
vt 0.341977 0.924654
vt 0.315441 0.913934
vt 0.329710 0.920014
vt 0.243652 0.881774
vt 0.305972 0.828140
vt 0.311991 0.848641
vt 0.318444 0.869047
vt 0.175665 0.855676
vt 0.290812 0.755511
vt 0.293658 0.775533
vt 0.296947 0.792370
vt 0.098314 0.849671
vt 0.139320 0.851929
vt 0.028665 0.845831
vt 0.060406 0.848395
vt 0.698575 0.851995
vt 0.682762 0.865421
vt 0.713099 0.839682
vt 0.666975 0.878889
vt 0.346787 0.053403
vt 0.289162 0.988251
vt 0.268210 0.985039
vt 0.308434 0.991260
vt 0.247261 0.981885
vt 0.128392 0.203066
vt 0.640413 0.901507
vt 0.629788 0.910125
vt 0.619061 0.918586
vt 0.313258 0.009635
vt 0.102445 0.108301
vt 0.100938 0.094871
vt 0.103454 0.081992
vt 0.369278 0.998567
vt 0.189742 0.388752
vt 0.172186 0.352036
vt 0.208787 0.443650
vt 0.212949 0.419711
vt 0.211454 0.416981
vt 0.158824 0.313047
vt 0.152604 0.968803
vt 0.212328 0.976625
vt 0.196750 0.974363
vt 0.177963 0.971869
vt 0.402796 0.239890
vt 0.412455 0.280513
vt 0.392394 0.204540
vt 0.417377 0.321479
vt 0.414430 0.360486
vt 0.431121 0.378710
vt 0.890863 0.697180
vt 0.374559 0.145688
vt 0.379198 0.160858
vt 0.384824 0.179350
vt 0.585536 0.943568
vt 0.559748 0.959808
vt 0.528863 0.975497
vt 0.202910 0.006093
vt 0.458920 0.996117
vt 0.424448 0.999688
vt 0.393917 1.000000
vt 0.871145 0.661513
vt 0.861155 0.651428
vt 0.878025 0.670295
vt 0.882736 0.677965
vt 0.886178 0.684733
vt 0.000986 0.910833
vt 0.227554 0.504523
vt 0.000000 0.921955
vt 0.000234 0.930986
vt 0.001045 0.938577
vt 0.830490 0.629325
vt 0.847097 0.639873
vt 0.017659 0.861935
vt 0.009420 0.879687
vt 0.432089 0.385187
vt 0.408306 0.352645
vt 0.211500 0.449672
vt 0.213900 0.409769
vt 0.402717 0.746078
vt 0.386014 0.744258
vt 0.854417 0.245652
vt 0.348570 0.749682
vt 0.799485 0.252709
vt 0.775800 0.277313
vt 0.784343 0.262906
vt 0.770923 0.322566
vt 0.771810 0.297116
vt 0.771986 0.385846
vt 0.771118 0.353071
vt 0.774368 0.447847
vt 0.773139 0.418280
vt 0.347465 0.882639
vt 0.780190 0.492455
vt 0.360091 0.902532
vt 0.809049 0.527002
vt 0.392197 0.912483
vt 0.879991 0.555106
vt 0.435461 0.912326
vt 0.949951 0.561940
vt 0.975794 0.538742
vt 0.967893 0.553792
vt 0.974924 0.488703
vt 0.977327 0.516990
vt 0.966298 0.416325
vt 0.971075 0.454224
vt 0.955195 0.341859
vt 0.960909 0.377903
vt 0.426511 0.774521
vt 0.941099 0.286561
vt 0.413905 0.751912
vn -0.176081 -0.979967 0.093064
vn -0.095877 -0.990767 0.095858
vn -0.190454 -0.954191 0.230752
vn -0.344174 -0.920892 0.183036
vn -0.043796 -0.994322 0.096983
vn -0.088225 -0.967627 0.236464
vn -0.188901 -0.834460 0.517681
vn -0.388373 -0.787436 0.478655
vn -0.629080 -0.697972 0.342190
vn -0.012996 -0.995393 0.094998
vn -0.029686 -0.972175 0.232368
vn 0.000213 -0.995593 0.093780
vn 0.000350 -0.973409 0.229072
vn 0.000703 -0.859254 0.511549
vn -0.067331 -0.853852 0.516142
vn -0.113948 -0.511136 0.851913
vn -0.304934 -0.481361 0.821770
vn 0.001424 -0.517291 0.855808
vn 0.002110 -0.303935 0.952690
vn -0.128084 -0.302609 0.944470
vn -0.339410 -0.283045 0.897043
vn -0.578467 -0.406562 0.707166
vn -0.845014 -0.280042 0.455552
vn -0.625115 -0.221511 0.748441
vn -0.879533 -0.112588 0.462326
vn 0.013476 -0.995408 0.094768
vn 0.030542 -0.972227 0.232039
vn 0.044443 -0.994338 0.096526
vn 0.089578 -0.967666 0.235792
vn 0.192381 -0.833424 0.518067
vn 0.069219 -0.853530 0.516426
vn 0.096718 -0.990753 0.095151
vn 0.192579 -0.954038 0.229620
vn 0.177166 -0.979853 0.092194
vn 0.346811 -0.920179 0.181639
vn 0.634903 -0.693627 0.340263
vn 0.394158 -0.784794 0.478265
vn 0.587375 -0.395699 0.705984
vn 0.311492 -0.474380 0.823369
vn 0.850852 -0.269082 0.451271
vn 0.884092 -0.100408 0.456399
vn 0.634145 -0.207509 0.744849
vn 0.347278 -0.272806 0.897204
vn 0.117736 -0.507912 0.853325
vn 0.133307 -0.297509 0.945367
vn -0.565294 0.767139 0.303216
vn -0.335631 0.869830 0.361591
vn -0.292645 0.935845 0.196349
vn -0.594763 0.783903 0.178194
vn -0.158204 0.909365 0.384744
vn -0.120729 0.970856 0.207034
vn -0.105880 0.988146 0.111159
vn -0.285607 0.952313 0.107371
vn -0.609864 0.787504 0.088897
vn -0.047065 0.920178 0.388661
vn -0.030268 0.977619 0.208194
vn 0.005669 0.921797 0.387631
vn 0.003783 0.978194 0.207658
vn 0.002422 0.994035 0.109031
vn -0.022844 0.993654 0.110137
vn -0.018051 0.998719 0.047270
vn -0.094511 0.994083 0.053534
vn 0.001134 0.999037 0.043866
vn -0.000854 0.999729 -0.023273
vn -0.015986 0.999848 -0.007030
vn -0.079769 0.996778 0.008351
vn -0.270822 0.960901 0.057655
vn -0.626220 0.778592 0.040541
vn -0.239721 0.970123 0.037344
vn -0.639606 0.767027 0.050729
vn 0.058352 0.920549 0.386245
vn 0.037796 0.977629 0.206915
vn 0.169007 0.909459 0.379897
vn 0.128012 0.970460 0.204500
vn 0.110742 0.987769 0.109769
vn 0.027741 0.993605 0.109452
vn 0.344521 0.869181 0.354726
vn 0.298511 0.934736 0.192768
vn 0.570562 0.765980 0.296199
vn 0.597749 0.782528 0.174204
vn 0.611641 0.786355 0.086835
vn 0.289561 0.951339 0.105396
vn 0.273811 0.960128 0.056414
vn 0.097585 0.993826 0.052795
vn 0.627163 0.777884 0.039538
vn 0.642617 0.764589 0.049470
vn 0.243171 0.969302 0.036358
vn 0.080941 0.996686 0.008127
vn 0.020614 0.998686 0.046919
vn 0.015832 0.999849 -0.007135
vn -0.068887 0.989361 -0.128140
vn -0.046102 0.991011 -0.125585
vn -0.060675 0.976780 -0.205472
vn -0.088828 0.975691 -0.200340
vn -0.024472 0.991987 -0.123948
vn -0.042080 0.978772 -0.200586
vn -0.056543 0.967928 -0.244783
vn -0.075542 0.964740 -0.252130
vn -0.106902 0.961309 -0.253884
vn -0.003307 0.992269 -0.124063
vn -0.024094 0.980151 -0.196783
vn 0.017464 0.991857 -0.126152
vn 0.005476 0.982689 -0.185184
vn -0.006462 0.973799 -0.227317
vn -0.037451 0.970869 -0.236668
vn -0.052128 0.962748 -0.265326
vn -0.071686 0.958807 -0.274864
vn -0.021556 0.965928 -0.257911
vn -0.038302 0.958565 -0.282288
vn -0.069256 0.954726 -0.289312
vn -0.089367 0.950019 -0.299128
vn -0.091291 0.954224 -0.284820
vn -0.122621 0.948696 -0.291444
vn -0.109310 0.944633 -0.309387
vn -0.140033 0.938160 -0.316616
vn -0.025594 0.991468 -0.127811
vn -0.004909 0.992087 -0.125458
vn 0.011130 0.979955 -0.198909
vn -0.017418 0.982214 -0.186956
vn 0.016253 0.991916 -0.125849
vn 0.028758 0.978717 -0.203191
vn 0.040640 0.967895 -0.248047
vn 0.022223 0.970749 -0.239066
vn -0.007703 0.973397 -0.228996
vn 0.037666 0.991045 -0.128109
vn 0.046903 0.976862 -0.208666
vn 0.060132 0.989632 -0.130432
vn 0.075208 0.976057 -0.204098
vn 0.090464 0.961571 -0.259224
vn 0.059136 0.964757 -0.256412
vn 0.073802 0.954073 -0.290340
vn 0.054715 0.958769 -0.278871
vn 0.104967 0.948645 -0.298420
vn 0.122640 0.937697 -0.325089
vn 0.092007 0.944254 -0.316100
vn 0.072437 0.949932 -0.303946
vn 0.035823 0.962756 -0.267988
vn 0.006203 0.965725 -0.259494
vn 0.052846 0.954835 -0.292398
vn 0.022691 0.958564 -0.283972
vn -0.600965 -0.150022 -0.785070
vn -0.456534 -0.183701 -0.870535
vn -0.449715 -0.253428 -0.856464
vn -0.594437 -0.237366 -0.768311
vn -0.328088 -0.208007 -0.921462
vn -0.320974 -0.276139 -0.905937
vn -0.287768 -0.495935 -0.819291
vn -0.407445 -0.485276 -0.773625
vn -0.524569 -0.523205 -0.671627
vn -0.183931 -0.226174 -0.956564
vn -0.178926 -0.297915 -0.937674
vn -0.000991 -0.234970 -0.972002
vn -0.000711 -0.308212 -0.951317
vn -0.000468 -0.535297 -0.844664
vn -0.158029 -0.522874 -0.837633
vn -0.109951 -0.801158 -0.588266
vn -0.202361 -0.785992 -0.584181
vn -0.000276 -0.807451 -0.589934
vn -0.000157 -0.953659 -0.300890
vn -0.056754 -0.952839 -0.298122
vn -0.106210 -0.949800 -0.294278
vn -0.290254 -0.770125 -0.568032
vn -0.360482 -0.799722 -0.480102
vn -0.155001 -0.944910 -0.288306
vn -0.211725 -0.933637 -0.288955
vn 0.181644 -0.230104 -0.956064
vn 0.177174 -0.301360 -0.936905
vn 0.324926 -0.215820 -0.920785
vn 0.318297 -0.283082 -0.904738
vn 0.285575 -0.499852 -0.817677
vn 0.156764 -0.524774 -0.836683
vn 0.451977 -0.195333 -0.870380
vn 0.445568 -0.263830 -0.855490
vn 0.594565 -0.165008 -0.786934
vn 0.588254 -0.250564 -0.768879
vn 0.518950 -0.529825 -0.670803
vn 0.403761 -0.491091 -0.771886
vn 0.288432 -0.770952 -0.567838
vn 0.201248 -0.786464 -0.583929
vn 0.357883 -0.800640 -0.480516
vn 0.211068 -0.933408 -0.290174
vn 0.154576 -0.944670 -0.289319
vn 0.105885 -0.949612 -0.295001
vn 0.109262 -0.801380 -0.588092
vn 0.056456 -0.952737 -0.298503
vn -0.154606 -0.987938 0.008706
vn -0.060211 -0.998179 0.003702
vn -0.063077 -0.998002 0.003647
vn -0.161866 -0.986776 0.008458
vn -0.021971 -0.999758 0.001135
vn -0.022994 -0.999735 0.001123
vn -0.023936 -0.999713 0.000831
vn -0.065752 -0.997832 0.002674
vn -0.168524 -0.985679 0.006035
vn -0.004971 -0.999988 0.000186
vn -0.005194 -0.999987 0.000185
vn 0.000000 -1.000000 -0.000000
vn 0.000000 -1.000000 0.000000
vn 0.000000 -1.000000 0.000000
vn -0.005394 -0.999985 0.000137
vn -0.005557 -0.999985 0.000074
vn -0.024699 -0.999695 0.000445
vn 0.000000 -1.000000 0.000000
vn 0.000000 -1.000000 0.000000
vn -0.005661 -0.999984 0.000022
vn -0.025165 -0.999683 0.000126
vn -0.067903 -0.997691 0.001393
vn -0.173720 -0.984791 0.002946
vn -0.069173 -0.997605 0.000354
vn -0.176540 -0.984293 0.000503
vn 0.004961 -0.999988 0.000186
vn 0.005192 -0.999987 0.000185
vn 0.021962 -0.999758 0.001142
vn 0.023004 -0.999735 0.001128
vn 0.023968 -0.999712 0.000831
vn 0.005402 -0.999985 0.000137
vn 0.060216 -0.998178 0.003736
vn 0.063126 -0.997999 0.003669
vn 0.154631 -0.987933 0.008812
vn 0.162020 -0.986751 0.008530
vn 0.168807 -0.985631 0.006044
vn 0.065847 -0.997826 0.002675
vn 0.068018 -0.997683 0.001386
vn 0.024743 -0.999694 0.000443
vn 0.174046 -0.984733 0.002929
vn 0.176836 -0.984240 0.000495
vn 0.069280 -0.997597 0.000349
vn 0.025211 -0.999682 0.000125
vn 0.005573 -0.999985 0.000074
vn 0.005678 -0.999984 0.000022
vn -0.069633 -0.997563 0.004308
vn -0.178104 -0.983996 0.005511
vn -0.025229 -0.999673 0.004039
vn -0.025650 -0.999546 0.015826
vn -0.070353 -0.997371 0.017362
vn -0.178019 -0.983751 0.023304
vn -0.005645 -0.999976 0.003988
vn 0.000028 -0.999992 0.003965
vn 0.000085 -0.999882 0.015384
vn -0.005837 -0.999863 0.015474
vn -0.007332 -0.999213 0.038987
vn -0.029262 -0.998771 0.039995
vn 0.000143 -0.999253 0.038637
vn -0.073145 -0.996459 0.041462
vn -0.175966 -0.983016 0.052108
vn 0.005714 -0.999976 0.003976
vn 0.025317 -0.999671 0.004015
vn 0.025862 -0.999542 0.015736
vn 0.006020 -0.999863 0.015428
vn 0.069758 -0.997555 0.004273
vn 0.178328 -0.983956 0.005463
vn 0.178395 -0.983688 0.023078
vn 0.070613 -0.997355 0.017223
vn 0.073596 -0.996440 0.041132
vn 0.029639 -0.998769 0.039778
vn 0.176597 -0.982930 0.051598
vn 0.007641 -0.999215 0.038876
vn 0.433743 -0.901027 0.004196
vn 0.437263 -0.899334 -0.000443
vn 0.423880 -0.905658 0.010432
vn 0.836095 -0.548508 0.009189
vn 0.841075 -0.540918 0.000787
vn 0.839122 -0.543921 -0.004864
vn 0.409173 -0.912320 0.015790
vn 0.391795 -0.919897 0.016901
vn 0.807608 -0.589340 0.021161
vn 0.824530 -0.565543 0.017654
vn 0.998852 -0.047577 0.005636
vn 0.999016 -0.044305 -0.001860
vn 0.998224 -0.058568 0.010926
vn 0.993026 0.117757 0.005677
vn 0.992960 0.118449 -0.000776
vn 0.993482 0.113687 -0.008289
vn 0.998746 -0.049475 -0.007708
vn 0.997924 -0.063457 -0.010966
vn 0.994511 0.103779 -0.013298
vn 0.995987 0.088136 -0.015586
vn 0.419698 -0.902626 0.095494
vn 0.433042 -0.900464 0.040495
vn 0.820648 -0.567090 0.070326
vn 0.774539 -0.607765 0.175246
vn 0.438028 -0.898918 0.008839
vn 0.833789 -0.551919 0.013451
vn 0.996434 -0.083405 0.012794
vn 0.990350 -0.111974 0.081668
vn 0.997641 0.068113 0.008591
vn 0.996257 0.038163 0.077560
vn 0.962988 -0.165088 0.213073
vn 0.977767 -0.012334 0.209331
vn -0.995920 0.088852 -0.015777
vn -0.994443 0.104426 -0.013383
vn -0.998743 -0.049525 -0.007765
vn -0.997927 -0.063385 -0.011102
vn -0.993434 0.114111 -0.008271
vn -0.999007 -0.044517 -0.001866
vn -0.835482 -0.549441 0.009161
vn -0.840526 -0.541770 0.000787
vn -0.838702 -0.544568 -0.004921
vn -0.992953 0.118510 -0.000788
vn -0.998838 -0.047884 0.005550
vn -0.993055 0.117524 0.005530
vn -0.998213 -0.058790 0.010706
vn -0.807388 -0.589654 0.020806
vn -0.824037 -0.566268 0.017440
vn -0.408711 -0.912530 0.015623
vn -0.423186 -0.905983 0.010409
vn -0.391631 -0.919972 0.016651
vn -0.433032 -0.901368 0.004223
vn -0.436668 -0.899623 -0.000442
vn -0.437581 -0.899135 0.008918
vn -0.432161 -0.900867 0.040937
vn -0.819109 -0.569201 0.071212
vn -0.833281 -0.552682 0.013610
vn -0.418004 -0.903309 0.096468
vn -0.771097 -0.611605 0.177054
vn -0.961104 -0.171940 0.216138
vn -0.989888 -0.115093 0.082919
vn -0.976902 -0.019180 0.212826
vn -0.996261 0.035313 0.078846
vn -0.996373 -0.084098 0.012973
vn -0.997660 0.067811 0.008710
vn 0.115380 0.592680 -0.797131
vn -0.025039 0.566493 -0.823686
vn -0.037775 0.813357 -0.580537
vn 0.034150 0.832832 -0.552471
vn -0.110758 0.602168 -0.790649
vn -0.087007 0.822728 -0.561737
vn -0.050227 0.953796 -0.296227
vn -0.042408 0.950092 -0.309076
vn -0.032539 0.950745 -0.308260
vn -0.172405 0.687931 -0.705002
vn -0.124977 0.853461 -0.505949
vn -0.226187 0.785666 -0.575820
vn -0.164190 0.890073 -0.425220
vn -0.059966 0.968293 -0.242513
vn -0.055454 0.960542 -0.272550
vn 0.032916 0.999447 -0.004799
vn -0.004166 0.999918 -0.012079
vn 0.090746 0.995818 -0.010604
vn 0.310963 0.895208 0.319225
vn 0.156016 0.922471 0.353136
vn 0.061382 0.934551 0.350495
vn -0.039939 0.998705 -0.031502
vn -0.088891 0.993444 -0.071878
vn -0.027205 0.946801 0.320667
vn -0.149928 0.960154 0.235850
vn -0.268198 0.865282 -0.423504
vn -0.199427 0.922707 -0.329909
vn -0.267873 0.911899 -0.310940
vn -0.187477 0.947044 -0.260692
vn 0.038570 0.978753 -0.201381
vn -0.042989 0.976855 -0.209536
vn -0.162841 0.951054 -0.262640
vn -0.089659 0.964732 -0.247495
vn -0.000001 0.965745 -0.259492
vn 0.033175 0.961748 -0.271919
vn 0.191892 0.943575 -0.269897
vn 0.153042 0.959986 -0.234531
vn 0.460533 0.862890 -0.208158
vn 0.383492 0.915608 -0.120817
vn 0.426255 0.867882 -0.255123
vn 0.728894 0.654809 -0.199848
vn 0.767633 0.623439 -0.148539
vn 0.742255 0.670041 -0.010150
vn 0.214695 0.975754 -0.042551
vn 0.565413 0.802301 0.191365
vn -0.138571 0.962443 -0.233455
vn -0.099725 0.978724 -0.179317
vn -0.039693 0.997870 0.051759
vn -0.144116 0.988566 -0.044360
vn -0.054774 0.990146 -0.128879
vn 0.035840 0.994798 0.095352
vn 0.048973 0.990263 0.130313
vn -0.017061 0.990623 0.135551
vn -0.139808 0.985327 0.097895
vn -0.016642 0.992675 -0.119660
vn 0.093213 0.991770 0.087766
vn 0.007351 0.985948 -0.166889
vn 0.145844 0.989114 0.019552
vn 0.153525 0.987458 0.036822
vn 0.099758 0.989572 0.103901
vn 0.030131 0.999275 -0.023259
vn -0.004545 0.999989 -0.001302
vn 0.070910 0.995291 -0.066090
vn -0.138190 0.931880 -0.335416
vn -0.139431 0.931507 -0.335938
vn -0.141291 0.929817 -0.339818
vn -0.046634 0.998755 0.017712
vn -0.127212 0.991313 0.033393
vn -0.144388 0.923777 -0.354665
vn -0.136819 0.912754 -0.384916
vn -0.553717 0.794781 -0.248437
vn -0.318320 0.898726 -0.301602
vn -0.319082 0.909555 -0.266263
vn -0.552720 0.806720 -0.209052
vn -0.174397 0.930971 -0.320747
vn -0.149644 0.943178 -0.296684
vn -0.083100 0.957669 -0.275616
vn -0.259833 0.944003 -0.203336
vn -0.485610 0.868246 -0.101644
vn -0.054816 0.941419 -0.332754
vn 0.031677 0.945496 -0.324090
vn 0.106556 0.932534 -0.345002
vn 0.328996 0.877417 -0.349144
vn 0.441868 0.777568 -0.447371
vn 0.124424 0.926600 -0.354868
vn 0.120490 0.881387 -0.456770
vn -0.034285 0.957850 -0.285217
vn 0.331195 0.677699 -0.656531
vn -0.166581 0.977327 -0.130700
vn -0.331257 0.940640 0.073929
vn 0.016826 0.994422 -0.104124
vn 0.002054 0.990465 -0.137748
vn 0.058220 0.996062 -0.066863
vn 0.038527 0.965550 -0.257351
vn 0.028903 0.956184 -0.291335
vn 0.027988 0.950379 -0.309834
vn 0.163346 0.986564 -0.002923
vn 0.380587 0.922176 0.068887
vn 0.164536 0.978793 -0.122030
vn 0.068547 0.977085 -0.201510
vn -0.003841 0.759126 -0.650932
vn 0.043106 0.768170 -0.638793
vn -0.069623 0.773625 -0.629807
vn -0.169934 0.570865 -0.803266
vn -0.030834 0.551025 -0.833919
vn 0.058080 0.593893 -0.802445
vn 0.081220 0.799969 -0.594519
vn 0.117093 0.845342 -0.521235
vn 0.126530 0.686316 -0.716213
vn 0.190205 0.788503 -0.584881
vn 0.904620 0.419330 0.076320
vn 0.730748 0.673509 0.111327
vn 0.976269 0.210708 0.049999
vn 0.947845 0.306414 0.087754
vn 0.811634 0.583733 0.022526
vn 0.436817 0.898800 -0.036740
vn 0.989354 0.145334 0.007489
vn 0.984887 0.172355 0.017050
vn 0.991175 0.132409 0.006298
vn 0.989244 0.146268 0.001580
vn 0.971631 0.234162 -0.033176
vn 0.953292 0.301638 -0.015781
vn 0.091643 0.925108 -0.368480
vn -0.173813 0.859782 -0.480171
vn 0.516445 0.809270 -0.279942
vn -0.139336 0.924377 -0.355123
vn -0.360692 0.862508 -0.354939
vn -0.475411 0.755592 -0.450626
vn -0.161809 0.800068 -0.577675
vn -0.375591 0.652012 -0.658643
vn 0.558631 0.254849 -0.789293
vn 0.428137 0.267450 -0.863232
vn 0.429043 0.274613 -0.860529
vn 0.553634 0.267009 -0.788794
vn 0.328740 0.249471 -0.910875
vn 0.343492 0.239387 -0.908134
vn 0.345922 0.331347 -0.877808
vn 0.419108 0.342905 -0.840693
vn 0.536558 0.330992 -0.776241
vn 0.208650 0.169225 -0.963238
vn 0.252663 0.155898 -0.954912
vn -0.008717 0.143277 -0.989644
vn 0.145225 0.148246 -0.978229
vn 0.181360 0.494848 -0.849843
vn 0.275876 0.355346 -0.893097
vn 0.209491 0.764089 -0.610149
vn 0.267452 0.691727 -0.670808
vn 0.150621 0.837451 -0.525347
vn 0.133693 0.963255 -0.232950
vn 0.095936 0.979106 -0.179297
vn 0.052469 0.990186 -0.129536
vn 0.329611 0.642640 -0.691643
vn 0.421719 0.613571 -0.667595
vn 0.015355 0.992529 -0.121043
vn -0.008650 0.985516 -0.169363
vn -0.197534 -0.158706 0.967364
vn 0.027488 -0.128909 0.991275
vn 0.004816 0.195888 0.980615
vn -0.264012 0.245473 0.932760
vn 0.172640 -0.079975 0.981733
vn 0.166000 0.263745 0.950201
vn 0.079359 0.880223 0.467878
vn -0.033571 0.880660 0.472558
vn -0.177212 0.925014 0.336074
vn 0.329191 0.021725 0.944013
vn 0.313156 0.436001 0.843704
vn 0.564381 0.252873 0.785830
vn 0.455684 0.696970 0.553701
vn 0.200421 0.966993 0.157341
vn 0.152918 0.926414 0.344053
vn 0.044147 0.998619 0.028497
vn 0.005775 0.999041 0.043411
vn 0.072820 0.996634 -0.037642
vn -0.034186 0.998129 0.050683
vn -0.094070 0.995563 -0.002389
vn 0.752906 0.552478 0.357631
vn 0.486351 0.863411 0.134107
vn 0.740661 0.671853 -0.005846
vn 0.438917 0.891171 -0.114743
vn 0.182017 0.966033 -0.183442
vn 0.206865 0.976767 -0.055981
vn 0.698247 0.696084 -0.167089
vn 0.400076 0.889206 -0.221930
vn 0.687580 0.694621 -0.211507
vn 0.385555 0.885039 -0.260869
vn 0.141150 0.950917 -0.275379
vn 0.157419 0.956770 -0.244562
vn 0.039013 0.966956 -0.251942
vn 0.056272 0.975515 -0.212614
vn 0.022615 0.960246 -0.278236
vn 0.070737 0.986843 -0.145386
vn -0.098989 0.415313 -0.904277
vn -0.269544 0.327502 -0.905587
vn -0.264612 0.434395 -0.860977
vn -0.112617 0.542416 -0.832528
vn -0.361961 0.300963 -0.882273
vn -0.350998 0.402647 -0.845385
vn -0.300076 0.636453 -0.710550
vn -0.240227 0.663362 -0.708690
vn -0.146931 0.733508 -0.663609
vn -0.441786 0.298194 -0.846112
vn -0.422601 0.413459 -0.806511
vn -0.557668 0.292753 -0.776725
vn -0.519364 0.446099 -0.728874
vn -0.382618 0.698792 -0.604395
vn -0.343503 0.651947 -0.675996
vn -0.266494 0.791090 -0.550597
vn -0.242296 0.789133 -0.564413
vn -0.284544 0.811979 -0.509633
vn -0.232802 0.861296 -0.451633
vn -0.217621 0.862320 -0.457215
vn -0.203046 0.861809 -0.464820
vn -0.212963 0.793514 -0.570072
vn -0.163265 0.823826 -0.542821
vn -0.186782 0.862054 -0.471142
vn -0.167443 0.865025 -0.472963
vn -0.207457 0.925690 -0.316323
vn -0.192622 0.937878 -0.288586
vn -0.375290 0.879478 -0.292704
vn -0.370147 0.893082 -0.255727
vn -0.364886 0.918056 -0.155019
vn -0.177925 0.955345 -0.235922
vn -0.824130 0.548268 -0.142168
vn -0.839371 0.537502 -0.080915
vn -0.995739 -0.029031 0.087532
vn -0.988845 -0.053235 0.139112
vn -0.916663 -0.106153 0.385305
vn -0.843483 0.516234 0.148453
vn -0.673056 0.423046 0.606652
vn -0.316499 0.946704 0.059834
vn -0.606614 -0.162475 0.778217
vn -0.149977 0.978470 -0.141784
vn -0.293676 0.898581 0.326046
vn -0.135120 0.922107 0.362576
vn -0.247067 0.545669 0.800751
vn -0.490176 0.516161 0.702357
vn -0.039809 0.931253 0.362192
vn -0.093088 0.566840 0.818552
vn -0.110787 0.130732 0.985208
vn -0.273518 0.133652 0.952536
vn -0.529945 0.179903 0.828730
vn 0.047848 0.941431 0.333793
vn 0.050348 0.596029 0.801382
vn 0.166637 0.954524 0.247215
vn 0.260621 0.649460 0.714337
vn 0.277813 0.179605 0.943696
vn 0.042247 0.146053 0.988374
vn 0.036280 -0.080462 0.996097
vn -0.110009 -0.071878 0.991328
vn 0.260127 -0.077364 0.962470
vn 0.252696 -0.159506 0.954307
vn 0.035690 -0.142259 0.989186
vn -0.108535 -0.107033 0.988314
vn -0.269134 -0.031316 0.962593
vn -0.528893 0.102271 0.842504
vn -0.269464 -0.016878 0.962862
vn -0.527922 0.220069 0.820286
vn 0.338607 0.937697 0.077909
vn 0.584491 0.681654 0.440134
vn 0.479949 0.870835 -0.106279
vn 0.783142 0.615391 0.089344
vn 0.931173 0.243697 0.271162
vn 0.680133 0.228744 0.696487
vn 0.539380 0.813233 -0.218450
vn 0.829754 0.550424 -0.092418
vn 0.538581 0.801521 -0.259799
vn 0.835475 0.532844 -0.134386
vn 0.973417 0.228894 -0.008148
vn 0.971489 0.234126 0.037324
vn 0.993232 0.028224 0.112668
vn 0.934537 -0.005173 0.355829
vn 0.997110 0.040013 0.064581
vn 0.995608 -0.028874 0.089060
vn 0.988781 -0.052277 0.139925
vn 0.918793 -0.101751 0.381401
vn 0.653226 -0.054733 0.755182
vn 0.631901 -0.154887 0.759415
vn 0.132227 0.930951 -0.340361
vn 0.133381 0.930854 -0.340176
vn 0.301803 0.691008 -0.656828
vn 0.365672 0.684200 -0.630994
vn 0.134778 0.929646 -0.342919
vn 0.258990 0.694787 -0.670966
vn 0.312188 0.493451 -0.811815
vn 0.378813 0.480732 -0.790821
vn 0.478213 0.462856 -0.746376
vn 0.137192 0.924225 -0.356353
vn 0.212662 0.687485 -0.694362
vn 0.129070 0.913853 -0.384984
vn 0.111465 0.668876 -0.734969
vn 0.094017 0.518904 -0.849647
vn 0.238304 0.502944 -0.830818
vn 0.246466 0.393870 -0.885506
vn 0.333069 0.370396 -0.867105
vn 0.084225 0.448288 -0.889912
vn 0.079329 0.423617 -0.902361
vn 0.249269 0.334429 -0.908858
vn 0.342083 0.303811 -0.889201
vn 0.409619 0.356635 -0.839657
vn 0.522545 0.338879 -0.782373
vn 0.422327 0.297043 -0.856391
vn 0.538650 0.289944 -0.791068
vn -0.749252 0.547184 0.373111
vn -0.820600 0.340445 0.459034
vn -0.740412 0.672128 -0.005925
vn -0.875135 0.479698 0.063473
vn -0.933191 0.343952 0.104169
vn -0.834240 0.274275 0.478348
vn -0.698034 0.696169 -0.167621
vn -0.843536 0.523214 -0.121217
vn -0.687596 0.694612 -0.211485
vn -0.831557 0.529758 -0.166943
vn -0.909454 0.395348 -0.128814
vn -0.921463 0.379495 -0.082999
vn -0.919412 0.384043 -0.084812
vn -0.917741 0.387387 0.087647
vn -0.902472 0.410100 -0.131765
vn -0.728915 0.654793 -0.199821
vn -0.767519 0.623494 -0.148894
vn -0.741497 0.670874 -0.010529
vn -0.793806 0.446849 0.412551
vn -0.558089 0.806627 0.194651
vn -0.162152 -0.976372 -0.142842
vn -0.354183 -0.896409 -0.266469
vn -0.136992 -0.989272 -0.050731
vn -0.330112 -0.939237 -0.094124
vn -0.701489 -0.686834 -0.190190
vn -0.643711 -0.613317 -0.457689
vn -0.122483 -0.992462 -0.004113
vn -0.312378 -0.949926 -0.007802
vn -0.122055 -0.992499 0.006957
vn -0.314495 -0.949159 0.013768
vn -0.714885 -0.698948 0.020300
vn -0.705455 -0.708341 -0.024182
vn -0.985691 -0.161484 -0.048337
vn -0.942778 -0.194217 -0.271016
vn -0.990506 -0.136648 0.015006
vn -0.996591 0.081660 0.011737
vn -0.996851 0.057116 -0.055013
vn -0.957803 -0.004784 -0.287386
vn -0.789214 -0.221888 -0.572632
vn -0.799130 -0.089589 -0.594446
vn -0.086842 -0.989560 -0.115019
vn -0.051333 -0.991892 -0.116255
vn -0.027714 -0.998915 -0.037417
vn -0.060595 -0.997408 -0.038797
vn -0.024633 -0.992644 -0.118539
vn -0.000090 -0.992714 -0.120494
vn -0.000047 -0.999226 -0.039326
vn -0.010508 -0.999204 -0.038478
vn -0.005117 -0.999960 -0.007292
vn -0.018898 -0.999801 -0.006421
vn -0.000014 -0.999971 -0.007633
vn 0.000000 -1.000000 -0.000000
vn -0.003955 -0.999992 0.000152
vn -0.017448 -0.999847 0.000917
vn -0.048809 -0.998796 -0.004968
vn -0.047641 -0.998860 0.002962
vn 0.024483 -0.992613 -0.118831
vn 0.051225 -0.991835 -0.116788
vn 0.027663 -0.998908 -0.037646
vn 0.010430 -0.999200 -0.038602
vn 0.086737 -0.989484 -0.115752
vn 0.161847 -0.976264 -0.143923
vn 0.136908 -0.989257 -0.051257
vn 0.060561 -0.997397 -0.039130
vn 0.048794 -0.998796 -0.005002
vn 0.018876 -0.999801 -0.006461
vn 0.122498 -0.992460 -0.004121
vn 0.122104 -0.992492 0.007085
vn 0.047643 -0.998860 0.003009
vn 0.017443 -0.999847 0.000929
vn 0.005091 -0.999960 -0.007316
vn 0.003952 -0.999992 0.000154
vn 0.792862 -0.105365 -0.600224
vn 0.782493 -0.235205 -0.576527
vn 0.956029 -0.014611 -0.292908
vn 0.939852 -0.202310 -0.275225
vn 0.698644 -0.689127 -0.192357
vn 0.637650 -0.618385 -0.459349
vn 0.996905 0.054876 -0.056300
vn 0.985377 -0.163092 -0.049319
vn 0.996561 0.081995 0.011980
vn 0.990604 -0.135899 0.015317
vn 0.715576 -0.698227 0.020740
vn 0.705370 -0.708416 -0.024488
vn 0.312489 -0.949889 -0.007821
vn 0.329517 -0.939341 -0.095169
vn 0.314802 -0.949053 0.014052
vn 0.352330 -0.896664 -0.268062
vn -0.026906 0.968991 -0.245628
vn 0.584143 0.593865 -0.553264
vn -0.032132 0.948948 -0.313791
vn 0.751032 0.569575 -0.333968
vn 0.930403 0.232787 -0.283126
vn 0.743233 0.294090 -0.600929
vn -0.017863 0.934361 -0.355879
vn 0.820249 0.547295 -0.166312
vn 0.015911 0.929782 -0.367767
vn 0.825475 0.547386 -0.137692
vn 0.984159 0.175818 0.022797
vn 0.982312 0.183600 -0.036792
vn 0.992198 0.122951 -0.020628
vn 0.946107 0.169169 -0.276159
vn 0.992204 0.116324 0.044722
vn 0.992826 0.111326 0.043625
vn 0.992722 0.118008 -0.024031
vn 0.946360 0.162166 -0.279474
vn 0.762366 0.229814 -0.604966
vn 0.764865 0.219679 -0.605576
vn 0.744331 0.253752 -0.617723
vn 0.725922 0.293401 -0.622056
vn 0.941888 0.169461 -0.290052
vn 0.931411 0.199650 -0.304324
vn 0.868714 0.350660 -0.349819
vn 0.660577 0.427464 -0.617181
vn 0.996314 0.085613 -0.005380
vn 0.993662 0.110976 -0.017883
vn 0.995073 0.049100 0.086134
vn 0.994085 0.079846 0.073623
vn 0.970433 0.241357 0.002652
vn 0.959541 0.268146 -0.085902
vn 0.754807 0.612377 -0.235077
vn 0.638753 0.652508 -0.407711
vn 0.794410 0.585562 -0.161336
vn 0.314358 0.887712 -0.336372
vn 0.236921 0.902389 -0.359948
vn 0.169916 0.912503 -0.372112
vn 0.481978 0.675783 -0.557687
vn 0.137619 0.924534 -0.355383
vn 0.084081 0.937051 -0.338918
vn 0.117766 0.931688 -0.343641
vn 0.129130 0.924698 -0.358133
vn 0.096071 0.929444 -0.356235
vn 0.138163 0.926506 -0.349995
vn 0.148430 0.920467 -0.361536
vn 0.157934 0.911507 -0.379753
vn 0.140163 0.914382 -0.379817
vn 0.109355 0.916985 -0.383641
vn 0.157213 0.921127 -0.356103
vn 0.166249 0.916179 -0.364659
vn 0.185505 0.914711 -0.359014
vn 0.193540 0.910463 -0.365514
vn 0.201494 0.901656 -0.382645
vn 0.174622 0.908045 -0.380738
vn 0.185067 0.893600 -0.408937
vn 0.170527 0.895328 -0.411470
vn 0.209861 0.886090 -0.413282
vn 0.222968 0.859918 -0.459158
vn 0.207304 0.861373 -0.463748
vn 0.192132 0.861496 -0.470011
vn 0.154713 0.897020 -0.414028
vn 0.129535 0.896282 -0.424146
vn 0.175418 0.862366 -0.474924
vn 0.155902 0.865736 -0.475600
vn 0.041549 0.883522 -0.466543
vn -0.207307 0.627610 -0.750420
vn -0.304289 0.827300 -0.472211
vn -0.685874 0.535561 -0.492698
vn -0.729233 0.488351 -0.479304
vn -0.273012 0.539050 -0.796799
vn -0.515317 0.793668 -0.323325
vn -0.853722 0.469375 -0.225492
vn -0.571880 0.776783 -0.263745
vn -0.879368 0.452822 -0.147188
vn -0.912985 0.388502 -0.124600
vn -0.887763 0.413587 -0.202045
vn -0.826475 0.511815 -0.234490
vn -0.673924 0.557592 -0.484682
vn -0.855401 0.491883 -0.162297
vn -0.730789 0.646627 -0.218679
vn -0.703887 0.652583 -0.280496
vn -0.574793 0.656498 -0.488490
vn -0.276866 0.538239 -0.796017
vn -0.255280 0.575949 -0.776605
vn 0.571496 0.777025 -0.263863
vn 0.109355 0.940824 -0.320768
vn -0.033249 0.945544 -0.323792
vn 0.515484 0.793322 -0.323907
vn -0.102502 0.943015 -0.316568
vn -0.245218 0.919473 -0.307308
vn -0.376129 0.896821 -0.232892
vn -0.224744 0.938607 -0.261738
vn 0.302864 0.825784 -0.475767
vn -0.155160 0.938088 -0.309703
vn -0.292186 0.910006 -0.294138
vn 0.000017 0.949601 -0.313463
vn -0.189103 0.935889 -0.297242
vn -0.203744 0.937915 -0.280720
vn -0.334191 0.911284 -0.240577
vn -0.257596 0.953205 -0.158254
vn -0.333155 0.941519 -0.050497
vn -0.169208 0.949063 -0.265799
vn -0.280982 0.958324 -0.051622
vn -0.049239 0.881683 -0.469265
vn -0.095016 0.936663 -0.337097
vn -0.025561 0.941904 -0.334908
vn -0.037704 0.933730 -0.355987
vn -0.106314 0.929008 -0.354458
vn 0.114452 0.937040 -0.329935
vn 0.101189 0.928377 -0.357599
vn 0.067672 0.902572 -0.425188
vn -0.056930 0.916551 -0.395846
vn -0.119481 0.916506 -0.381760
vn 0.408992 0.861990 -0.299498
vn 0.391961 0.854259 -0.341480
vn 0.730677 0.646725 -0.218764
vn 0.703509 0.652750 -0.281057
vn 0.572069 0.656382 -0.491834
vn 0.321084 0.822105 -0.470159
vn 0.135601 0.716377 -0.684409
vn -0.016664 0.837443 -0.546270
vn 0.242844 0.571989 -0.783489
vn -0.097097 0.881034 -0.462981
vn -0.140136 0.895698 -0.422003
vn -0.195675 0.915962 -0.350322
vn -0.167749 0.921971 -0.349042
vn -0.175771 0.916941 -0.358223
vn -0.202637 0.911610 -0.357640
vn -0.149021 0.926756 -0.344843
vn -0.158372 0.920669 -0.356774
vn -0.167570 0.911670 -0.375205
vn -0.183808 0.908711 -0.374779
vn -0.210246 0.902729 -0.375336
vn -0.128823 0.931445 -0.340315
vn -0.139377 0.924423 -0.354987
vn -0.150151 0.914110 -0.376640
vn -0.164998 0.896776 -0.410572
vn -0.180456 0.895504 -0.406827
vn -0.194542 0.894218 -0.403147
vn -0.218921 0.887203 -0.406134
vn -0.758477 0.254731 -0.599854
vn -0.660498 0.493265 -0.566067
vn -0.945166 0.168734 -0.279626
vn -0.767191 0.539271 -0.347283
vn -0.419289 0.823674 -0.381783
vn -0.414511 0.767959 -0.488283
vn -0.996317 0.085526 -0.006078
vn -0.801191 0.565552 -0.195560
vn -0.995351 0.049334 0.082716
vn -0.809221 0.567699 -0.151259
vn -0.406579 0.858589 -0.312280
vn -0.411289 0.851242 -0.325927
vn -0.262481 0.898622 -0.351543
vn -0.271033 0.885053 -0.378446
vn -0.256338 0.903396 -0.343755
vn -0.280120 0.857114 -0.432306
vn 0.024027 0.970143 -0.241340
vn 0.196024 0.973600 -0.116949
vn 0.025254 0.951344 -0.307093
vn 0.208354 0.942384 -0.261728
vn 0.219903 0.941177 -0.256571
vn 0.207636 0.972893 -0.101813
vn 0.005595 0.938235 -0.345953
vn 0.172788 0.922030 -0.346417
vn -0.032902 0.934119 -0.355442
vn 0.106317 0.923813 -0.367785
vn 0.101656 0.922660 -0.371975
vn 0.178076 0.920290 -0.348360
vn 0.073818 0.932044 -0.354747
vn 0.119714 0.951077 -0.284820
vn -0.007920 0.929285 -0.369277
vn -0.329799 0.886613 -0.324269
vn -0.250402 0.903066 -0.348957
vn -0.180805 0.913872 -0.363522
vn 0.113247 0.979629 -0.165838
vn -0.145192 0.925635 -0.349454
vn -0.993648 0.112181 0.008898
vn -0.997193 -0.073743 0.012936
vn -0.994572 0.103489 0.010815
vn -0.995553 -0.093117 0.014287
vn -0.764081 -0.644782 0.020904
vn -0.787411 -0.616074 0.020889
vn -0.995620 0.092743 0.011797
vn -0.993255 -0.114970 0.015025
vn -0.739136 -0.673236 0.020756
vn -0.332279 -0.943073 0.014317
vn -0.351975 -0.935891 0.014890
vn -0.129390 -0.991567 0.007229
vn -0.137590 -0.990461 0.007557
vn -0.372236 -0.928007 0.015598
vn -0.146177 -0.989226 0.008001
vn -0.101746 0.927371 -0.360042
vn -0.402393 0.862197 -0.307728
vn 0.011280 0.930327 -0.366556
vn -0.078170 0.931883 -0.354237
vn -0.195475 0.918644 -0.343341
vn -0.468120 0.835549 -0.287613
vn 0.028729 0.931220 -0.363324
vn -0.072477 0.933344 -0.351591
vn -0.082536 0.933747 -0.348288
vn -0.039549 0.934319 -0.354237
vn -0.074662 0.936024 -0.343924
vn -0.145707 0.929643 -0.338428
vn -0.034655 0.936866 -0.347967
vn -0.271600 0.906532 -0.323161
vn -0.519703 0.811403 -0.267457
vn -0.249338 0.906259 -0.341358
vn -0.186558 0.919452 -0.346127
vn -0.403697 0.860454 -0.310883
vn -0.397045 0.864491 -0.308237
vn -0.238127 0.910748 -0.337393
vn -0.173599 0.924016 -0.340672
vn -0.813731 0.562020 -0.148237
vn -0.995457 0.032164 0.089611
vn -0.995447 0.010751 0.094706
vn -0.819137 0.555051 -0.144684
vn -0.823410 0.549370 -0.142087
vn -0.387305 0.870669 -0.303199
vn -0.995350 -0.011235 0.095663
vn -0.223782 0.916970 -0.330285
vn -0.157759 0.929954 -0.332110
vn -0.127334 0.936815 -0.325826
vn -0.107232 0.942559 -0.316359
vn -0.123568 0.936771 -0.327399
vn -0.143633 0.930975 -0.335641
vn -0.086633 0.947707 -0.307157
vn -0.054513 0.952220 -0.300507
vn -0.069471 0.947091 -0.313356
vn -0.102662 0.942093 -0.319252
vn -0.116823 0.936941 -0.329384
vn -0.137679 0.931720 -0.336069
vn -0.082961 0.942217 -0.324570
vn -0.157363 0.926185 -0.342664
vn 0.009084 0.954990 -0.296499
vn 0.133552 0.946846 -0.292653
vn 0.127723 0.943661 -0.305271
vn -0.003134 0.950826 -0.309710
vn 0.391125 0.878853 -0.273201
vn 0.699440 0.681805 -0.214303
vn 0.713696 0.666809 -0.214483
vn 0.399515 0.872395 -0.281630
vn 0.406744 0.866503 -0.289365
vn 0.121954 0.940653 -0.316702
vn 0.725531 0.653767 -0.214929
vn -0.014472 0.946796 -0.321508
vn 0.364397 0.889308 -0.276307
vn 0.685114 0.694610 -0.219398
vn 0.159470 0.944132 -0.288416
vn 0.091666 0.948821 -0.302220
vn 0.294473 0.909465 -0.293527
vn 0.649674 0.723073 -0.234711
vn 0.048311 0.956486 -0.287751
vn 0.000002 0.959018 -0.283345
vn 0.000012 0.954746 -0.297423
vn 0.011939 0.953941 -0.299758
vn -0.065092 0.949296 -0.307570
vn 0.004294 0.950193 -0.311633
vn 0.000005 0.951698 -0.307034
vn 0.212088 0.927367 -0.308235
vn 0.615889 0.747683 -0.248295
vn -0.699451 0.681803 -0.214274
vn -0.837947 0.520047 -0.165514
vn -0.713706 0.666811 -0.214445
vn -0.846139 0.507460 -0.162890
vn -0.910050 0.394884 -0.126001
vn -0.908233 0.398440 -0.127899
vn -0.725561 0.653751 -0.214876
vn -0.852908 0.496608 -0.161024
vn -0.912438 0.389890 -0.124266
vn -0.882534 0.447621 -0.144115
vn -0.884685 0.443993 -0.142138
vn -0.616173 0.747486 -0.248184
vn -0.649807 0.722978 -0.234635
vn -0.890269 0.433869 -0.138485
vn -0.685176 0.694565 -0.219348
vn 0.071088 0.947886 -0.310578
vn 0.039602 0.952372 -0.302356
vn 0.091367 0.942414 -0.321726
vn 0.109428 0.936579 -0.332936
vn 0.088640 0.942312 -0.322788
vn 0.055891 0.947355 -0.315270
vn 0.111300 0.936231 -0.333291
vn 0.141782 0.929142 -0.341458
vn 0.159653 0.922962 -0.350217
vn 0.129513 0.930250 -0.343310
vn 0.145217 0.925354 -0.350188
vn 0.125351 0.931475 -0.341529
vn 0.174684 0.918231 -0.355441
vn 0.104437 0.937166 -0.332887
vn 0.070840 0.942548 -0.326474
vn 0.995178 0.031974 0.092724
vn 0.994480 0.071280 0.076999
vn 0.995173 0.010601 0.097558
vn 0.995118 0.060539 0.077938
vn 0.971915 0.235314 0.002984
vn 0.971193 0.238259 0.003998
vn 0.995115 -0.011265 0.098074
vn 0.995958 0.049358 0.075040
vn 0.972641 0.232312 -0.000554
vn 0.829115 0.541534 -0.138957
vn 0.820323 0.553208 -0.145022
vn 0.503778 0.817233 -0.279889
vn 0.451644 0.840064 -0.300516
vn 0.808848 0.567883 -0.152559
vn 0.385973 0.865028 -0.320549
vn 0.050804 0.929632 -0.364970
vn 0.813286 0.563111 -0.146533
vn 0.056261 0.930447 -0.362082
vn 0.784398 0.597567 -0.166234
vn 0.980510 0.196246 0.009388
vn 0.982566 0.184984 0.018544
vn 0.004256 0.932529 -0.361070
vn 0.710902 0.672096 -0.207135
vn 0.977355 0.211517 -0.006212
vn 0.990008 0.139292 0.021933
vn 0.990683 0.131844 0.034114
vn 0.991299 0.129395 0.024169
vn 0.991619 0.124430 0.034780
vn 0.991412 0.123998 0.041563
vn 0.992151 0.118067 0.041190
vn 0.995582 0.093114 0.012085
vn 0.993329 -0.114288 0.015357
vn 0.994528 0.103874 0.011100
vn 0.995603 -0.092531 0.014609
vn 0.764635 -0.644111 0.021317
vn 0.739780 -0.672516 0.021186
vn 0.993606 0.112537 0.009137
vn 0.997223 -0.073287 0.013220
vn 0.787827 -0.615529 0.021277
vn 0.372516 -0.927890 0.015856
vn 0.352312 -0.935760 0.015153
vn 0.146235 -0.989217 0.008111
vn 0.137660 -0.990450 0.007665
vn 0.332620 -0.942948 0.014586
vn 0.129456 -0.991558 0.007341
vn 0.004179 -0.999991 0.000157
vn 0.000000 -1.000000 -0.000000
vn 0.018458 -0.999829 0.000953
vn 0.019593 -0.999808 0.000991
vn 0.004433 -0.999990 0.000163
vn 0.000000 -1.000000 -0.000000
vn 0.050465 -0.998721 0.003102
vn 0.053626 -0.998556 0.003233
vn 0.056946 -0.998371 0.003424
vn 0.020786 -0.999783 0.001046
vn 0.004699 -0.999989 0.000171
vn 0.000000 -1.000000 -0.000000
vn -0.050454 -0.998722 0.003065
vn -0.018460 -0.999829 0.000946
vn -0.019595 -0.999808 0.000986
vn -0.053612 -0.998557 0.003201
vn -0.004183 -0.999991 0.000157
vn -0.004438 -0.999990 0.000163
vn -0.004707 -0.999989 0.000171
vn -0.020791 -0.999783 0.001040
vn -0.056934 -0.998372 0.003390
vn -0.426115 0.867949 -0.255129
vn -0.460518 0.862784 -0.208632
vn -0.191785 0.943596 -0.269899
vn -0.154150 0.959675 -0.235079
vn -0.044025 0.978137 -0.203250
vn -0.384575 0.914965 -0.122232
vn -0.033164 0.961749 -0.271917
vn 0.087042 0.964808 -0.248130
vn 0.156758 0.951832 -0.263518
vn 0.252176 0.915425 -0.313693
vn 0.177259 0.948360 -0.263046
vn 0.181907 0.924589 -0.334733
vn 0.033283 0.976427 -0.213265
vn 0.243540 0.869815 -0.429080
vn 0.138629 0.890653 -0.433036
vn 0.046012 0.967612 -0.248212
vn -0.215271 0.975540 -0.044491
vn -0.091121 0.995763 -0.012406
vn -0.109468 0.940814 -0.320757
vn -0.212203 0.927347 -0.308216
vn 0.102611 0.943003 -0.316571
vn -0.004283 0.950193 -0.311633
vn -0.091679 0.948821 -0.302214
vn -0.294532 0.909453 -0.293505
vn 0.155276 0.938070 -0.309700
vn 0.065115 0.949295 -0.307571
vn -0.011938 0.953941 -0.299757
vn -0.048289 0.956488 -0.287749
vn -0.159424 0.944141 -0.288413
vn -0.364351 0.889330 -0.276296
vn 0.164233 0.950084 -0.265270
vn 0.255384 0.953966 -0.157251
vn 0.143250 0.988710 -0.043964
vn 0.199592 0.938891 -0.280439
vn 0.332532 0.912073 -0.239885
vn 0.376113 0.897098 -0.231850
vn 0.333294 0.941508 -0.049778
vn 0.142179 0.985054 0.097233
vn 0.187650 0.936238 -0.297061
vn 0.292246 0.910060 -0.293910
vn 0.245477 0.919474 -0.307098
vn 0.033722 0.945666 -0.323387
vn 0.225757 0.938839 -0.260030
vn 0.281657 0.958137 -0.051409
vn 0.128619 0.991150 0.032830
vn -0.089553 0.992060 0.088299
vn -0.142195 0.989630 0.020309
vn -0.032963 0.994889 0.095440
vn -0.045279 0.990402 0.130588
vn -0.095735 0.989903 0.104532
vn -0.149477 0.988048 0.037667
vn 0.041062 0.997825 0.051575
vn 0.020448 0.990608 0.135196
vn 0.047464 0.998718 0.017597
vn 0.005237 0.999985 -0.001402
vn -0.029240 0.999295 -0.023555
vn -0.069897 0.995329 -0.066593
vn -0.009593 0.924484 -0.381101
vn -0.086395 0.927191 -0.364489
vn -0.118381 0.915946 -0.383442
vn -0.189464 0.914429 -0.357664
vn -0.224719 0.938643 -0.261631
vn -0.126250 0.948457 -0.290670
vn -0.122711 0.917064 -0.379388
vn -0.183979 0.916273 -0.355804
vn -0.213166 0.939840 -0.266949
vn -0.194962 0.973707 -0.117833
vn -0.206248 0.973127 -0.102400
vn -0.114337 0.979180 -0.167729
vn 0.293010 0.902923 -0.314444
vn 0.246495 0.908693 -0.336924
vn 0.144928 0.931635 -0.333245
vn 0.117835 0.928590 -0.351904
vn 0.052942 0.928489 -0.367566
vn 0.171561 0.918198 -0.357041
vn 0.023223 0.938499 -0.344501
vn 0.045729 0.932939 -0.357118
vn 0.014059 0.929914 -0.367509
vn -0.049889 0.925290 -0.375966
vn -0.032614 0.924771 -0.379124
vn 0.080457 0.924327 -0.373023
vn -0.158688 0.868610 -0.469399
vn -0.074998 0.819283 -0.568464
vn -0.158877 0.917465 -0.364713
vn 0.055969 0.956532 -0.286205
vn 0.009561 0.954870 -0.296869
vn 0.009340 0.946945 -0.321259
vn -0.064860 0.940409 -0.333802
vn 0.120063 0.943894 -0.307650
vn 0.295274 0.914241 -0.277448
vn 0.241844 0.946775 -0.212434
vn 0.156389 0.978178 -0.136788
vn 0.083844 0.993652 -0.075002
vn 0.092909 0.851228 -0.516506
vn 0.050246 0.816225 -0.575545
vn 0.031121 0.951565 -0.305868
vn 0.038523 0.959297 -0.279759
vn -0.001955 0.802366 -0.596829
vn 0.021331 0.946773 -0.321195
vn 0.037739 0.998755 -0.032615
vn 0.003159 0.999917 -0.012518
vn -0.033457 0.999425 -0.005511
vn -0.008131 0.954916 -0.296766
vn -0.141729 0.928967 -0.341954
vn -0.011612 0.941262 -0.337477
vn 0.119605 0.931570 -0.343324
vn -0.173540 0.888581 -0.424627
vn -0.152088 0.841458 -0.518476
vn -0.049378 0.949082 -0.311135
vn -0.050285 0.943960 -0.326207
vn -0.007208 0.977481 -0.210902
vn 0.027684 0.944983 -0.325946
vn -0.011337 0.990254 -0.138814
vn 0.145199 0.892544 -0.426945
vn -0.163650 0.152659 -0.974635
vn -0.009206 0.397741 -0.917452
vn -0.197686 0.496254 -0.845371
vn -0.075000 0.746228 -0.661452
vn -0.004682 0.883829 -0.467787
vn 0.061598 0.746773 -0.662220
vn -0.161255 0.836142 -0.524274
vn -0.103768 0.901452 -0.420257
vn -0.069134 0.933736 -0.351223
vn -0.002501 0.948183 -0.317714
vn 0.062440 0.934242 -0.351131
vn 0.095284 0.902461 -0.420100
vn -0.224880 0.176893 -0.958195
vn -0.269985 0.164985 -0.948624
vn -0.343253 0.262910 -0.901696
vn -0.359251 0.252884 -0.898325
vn -0.361472 0.342816 -0.867073
vn -0.292219 0.361680 -0.885322
vn -0.441561 0.285175 -0.850705
vn -0.443640 0.291802 -0.847370
vn -0.571558 0.274229 -0.773382
vn -0.567621 0.285631 -0.772154
vn -0.550603 0.347573 -0.758966
vn -0.433680 0.358157 -0.826828
vn -0.341182 0.649925 -0.679112
vn -0.279437 0.695073 -0.662411
vn -0.433236 0.622573 -0.651698
vn -0.221231 0.764037 -0.606056
vn -0.773897 0.235224 -0.588007
vn -0.771929 0.244599 -0.586768
vn -0.947843 0.168869 -0.270328
vn -0.947593 0.175383 -0.267037
vn -0.931947 0.237872 -0.273665
vn -0.752854 0.306932 -0.582240
vn -0.992750 0.117796 -0.023896
vn -0.992236 0.122626 -0.020739
vn -0.993149 0.108987 0.042146
vn -0.992539 0.114047 0.043129
vn -0.984472 0.174197 0.021696
vn -0.982369 0.183347 -0.036539
vn -0.821372 0.546876 -0.162094
vn -0.754280 0.571403 -0.323358
vn -0.826565 0.546791 -0.133454
vn -0.593175 0.600583 -0.536138
vn -0.716734 0.668631 -0.198055
vn -0.529934 0.804460 -0.268356
vn -0.787493 0.595394 -0.159253
vn -0.980818 0.194691 0.009578
vn -0.977623 0.210301 -0.005241
vn -0.971867 0.233470 -0.031094
vn -0.815244 0.561701 -0.140957
vn -0.982896 0.183270 0.018091
vn -0.991751 0.121609 0.040519
vn -0.990997 0.129589 0.033642
vn -0.992481 0.115618 0.040169
vn -0.991925 0.122113 0.034243
vn -0.990272 0.137373 0.022138
vn -0.989441 0.144912 0.002751
vn -0.991554 0.127408 0.024224
vn -0.991360 0.130975 0.007204
vn 0.126246 0.807744 -0.575857
vn 0.029118 0.777058 -0.628756
vn 0.143669 0.867779 -0.475730
vn -0.811829 0.583362 0.024936
vn -0.437939 0.898323 -0.035000
vn -0.170125 0.977785 -0.122451
vn -0.116739 0.925941 -0.359173
vn -0.953551 0.300934 -0.013411
vn -0.985110 0.170901 0.018746
vn -0.948273 0.304291 0.090477
vn -0.989518 0.144135 0.008932
vn -0.976527 0.209082 0.051759
vn -0.729559 0.674205 0.114855
vn -0.375886 0.923935 0.071087
vn -0.904905 0.418296 0.078579
vn -0.161914 0.986799 -0.003281
vn -0.061879 0.995788 -0.067654
vn -0.055498 0.964003 -0.260036
vn -0.080795 0.975624 -0.204035
vn -0.023497 0.994176 -0.105173
vn -0.048742 0.954742 -0.293413
vn -0.121284 0.797004 -0.591671
vn -0.086063 0.766376 -0.636601
vn -0.039330 0.759230 -0.649633
vn -0.036662 0.959638 -0.278837
vn -0.052605 0.966112 -0.252705
vn -0.152256 0.949261 -0.275174
vn -0.167842 0.954955 -0.244726
vn -0.190197 0.964288 -0.184321
vn -0.068286 0.974488 -0.213797
vn -0.390483 0.883042 -0.260307
vn -0.404435 0.887248 -0.221863
vn -0.441422 0.889873 -0.115207
vn -0.484414 0.863509 0.140342
vn -0.210053 0.976085 -0.056003
vn -0.435003 0.684176 0.585385
vn -0.192873 0.967380 0.164241
vn -0.079419 0.985972 -0.146807
vn -0.075186 0.996445 -0.038008
vn 0.015421 0.941900 -0.335538
vn 0.003309 0.946678 -0.322165
vn -0.122497 0.936106 -0.329697
vn -0.130796 0.939545 -0.316462
vn -0.137535 0.942362 -0.305021
vn -0.009271 0.950573 -0.310362
vn -0.412305 0.860606 -0.298934
vn -0.410388 0.864975 -0.288791
vn -0.403623 0.870691 -0.281043
vn -0.395709 0.876983 -0.272610
vn -0.144221 0.945356 -0.292407
vn -0.022594 0.954569 -0.297131
vn -0.147563 0.718908 -0.679261
vn 0.094152 0.549940 -0.829880
vn -0.326889 0.821281 -0.467591
vn -0.076632 0.902178 -0.424502
vn 0.004634 0.838458 -0.544946
vn 0.131327 0.736620 -0.663433
vn -0.395681 0.852931 -0.340508
vn -0.109076 0.927603 -0.357289
vn 0.028073 0.933826 -0.356625
vn 0.047019 0.916828 -0.396505
vn 0.085867 0.881809 -0.463723
vn 0.150178 0.825221 -0.544478
vn 0.403884 0.412492 -0.816534
vn 0.501837 0.443141 -0.742823
vn 0.331466 0.406005 -0.851639
vn 0.283705 0.636997 -0.716761
vn 0.328491 0.649714 -0.685541
vn 0.369457 0.695452 -0.616318
vn 0.244778 0.441667 -0.863142
vn 0.223533 0.666250 -0.711438
vn 0.199476 0.794391 -0.573717
vn 0.229336 0.788776 -0.570296
vn 0.254460 0.789397 -0.558661
vn 0.273767 0.809680 -0.519105
vn 0.246660 0.902298 -0.353577
vn 0.253856 0.897580 -0.360425
vn 0.398279 0.858822 -0.322177
vn 0.403783 0.851311 -0.335006
vn 0.411315 0.823091 -0.391587
vn 0.262597 0.883907 -0.386977
vn 0.807402 0.569034 -0.155891
vn 0.798850 0.566902 -0.201147
vn 0.761837 0.539691 -0.358243
vn 0.647819 0.491477 -0.582049
vn 0.404192 0.765846 -0.500109
vn 0.270903 0.855470 -0.441343
vn 0.190569 0.925876 -0.326248
vn 0.208364 0.916645 -0.341096
vn 0.361015 0.881807 -0.303454
vn 0.374343 0.872299 -0.314581
vn 0.385701 0.865515 -0.319561
vn 0.224722 0.910035 -0.348335
vn 0.821329 0.550784 -0.148511
vn 0.820879 0.551527 -0.148242
vn 0.816733 0.557010 -0.150623
vn 0.811487 0.563776 -0.153774
vn 0.393956 0.860987 -0.321714
vn 0.237961 0.905262 -0.351960
vn 0.691240 0.411414 0.594076
vn 0.315264 0.229902 0.920736
vn 0.845308 0.514319 0.144674
vn 0.355657 0.920651 -0.160964
vn 0.319228 0.945948 0.057238
vn 0.199182 0.919197 0.339710
vn 0.837573 0.539511 -0.086020
vn 0.356529 0.896034 -0.264595
vn 0.175636 0.938658 -0.296771
vn 0.162946 0.956505 -0.241963
vn 0.140230 0.979378 -0.145442
vn 0.093846 0.995582 -0.002917
vn -0.264328 0.398821 0.878107
vn -0.104881 0.227019 0.968226
vn -0.050015 0.873313 0.484586
vn -0.133092 0.924024 0.358421
vn 0.057608 0.171075 0.983573
vn 0.064903 0.872366 0.484525
vn 0.037505 0.997986 0.051163
vn -0.002914 0.999007 0.044448
vn -0.042514 0.998653 0.029731
vn 0.802045 0.443412 0.400137
vn 0.522784 0.514561 0.679649
vn 0.918067 0.386879 0.086468
vn 0.933331 0.344071 0.102512
vn 0.842560 0.276977 0.461927
vn 0.568396 0.190688 0.800352
vn 0.919289 0.384368 -0.084667
vn 0.902275 0.410488 -0.131904
vn 0.909275 0.395716 -0.128947
vn 0.921373 0.379749 -0.082843
vn 0.843551 0.523267 -0.120889
vn 0.875188 0.479745 0.062380
vn 0.831450 0.529904 -0.167009
vn 0.827505 0.346415 0.441850
vn 0.568783 0.124622 0.812992
vn 0.852822 0.496725 -0.161115
vn 0.855328 0.491980 -0.162386
vn 0.846074 0.507544 -0.162965
vn 0.909898 0.395186 -0.126153
vn 0.912372 0.390012 -0.124368
vn 0.912961 0.388536 -0.124669
vn 0.837865 0.520158 -0.165584
vn 0.908052 0.398803 -0.128054
vn 0.890081 0.434207 -0.138637
vn 0.884577 0.444169 -0.142254
vn 0.882481 0.447697 -0.144205
vn 0.879289 0.452945 -0.147281
vn 0.262840 0.536291 -0.802064
vn -0.103840 0.443910 -0.890035
vn 0.671018 0.558053 -0.488172
vn 0.726211 0.489304 -0.482908
vn 0.258020 0.538682 -0.802027
vn -0.112753 0.516894 -0.848591
vn 0.826218 0.511998 -0.234994
vn 0.887574 0.413779 -0.202484
vn 0.853466 0.469613 -0.225964
vn 0.682622 0.536430 -0.496256
vn 0.192884 0.627375 -0.754451
vn -0.127436 0.667615 -0.733520
vn -0.227144 0.687410 -0.689835
vn -0.272360 0.696506 -0.663852
vn -0.329003 0.495746 -0.803737
vn -0.256037 0.502501 -0.825795
vn -0.314566 0.694221 -0.647384
vn -0.378572 0.687641 -0.619542
vn -0.494528 0.467818 -0.732522
vn -0.395105 0.485364 -0.779945
vn -0.427850 0.360329 -0.828920
vn -0.351738 0.371105 -0.859396
vn -0.540561 0.343402 -0.768029
vn -0.265790 0.391217 -0.881082
vn -0.495079 0.676988 -0.544595
vn -0.648659 0.650402 -0.395246
vn -0.873956 0.349399 -0.337818
vn -0.674570 0.429298 -0.600548
vn -0.759633 0.609367 -0.227222
vn -0.797941 0.582353 -0.155417
vn -0.970362 0.241651 0.001661
vn -0.959787 0.267855 -0.084040
vn -0.993637 0.111136 -0.018288
vn -0.934952 0.199230 -0.293550
vn -0.994273 0.080367 0.070436
vn -0.739919 0.295296 -0.604417
vn -0.996065 0.050348 0.072931
vn -0.997153 0.040941 0.063324
vn -0.995260 0.061468 0.075357
vn -0.971650 0.236411 0.002569
vn -0.972309 0.233699 -0.000654
vn -0.973064 0.230405 -0.007701
vn -0.994642 0.072081 0.074102
vn -0.971038 0.238904 0.003356
vn -0.812194 0.564718 -0.146407
vn -0.823394 0.550198 -0.138941
vn -0.831895 0.538732 -0.133110
vn -0.838036 0.530177 -0.128872
vn -0.630384 -0.056754 0.774206
vn -0.205119 -0.075289 0.975837
vn -0.933551 -0.005250 0.358405
vn -0.929305 0.251965 0.270009
vn -0.660745 0.244945 0.709520
vn -0.224865 0.194902 0.954698
vn -0.993318 0.029013 0.111701
vn -0.970859 0.236787 0.036941
vn -0.831083 0.549007 -0.088836
vn -0.778124 0.622092 0.086742
vn -0.562912 0.704222 0.432669
vn -0.218226 0.675163 0.704650
vn -0.000365 0.615651 0.788019
vn 0.143723 0.579712 0.802046
vn 0.173194 0.144889 0.974172
vn 0.020110 0.160088 0.986898
vn 0.293840 0.551514 0.780699
vn 0.330454 0.147832 0.932172
vn 0.328079 -0.007444 0.944621
vn 0.173518 -0.054736 0.983308
vn 0.026948 -0.071224 0.997096
vn -0.995226 0.087901 -0.042404
vn -0.997523 0.067557 -0.019599
vn -0.993913 0.106434 -0.028422
vn -0.991826 0.117242 -0.050353
vn -0.997586 0.048961 0.049240
vn -0.994469 0.096884 0.040555
vn -0.971713 0.232829 0.039543
vn -0.975472 0.218365 -0.027759
vn -0.978371 0.201634 -0.046189
vn -0.982053 0.041836 0.183907
vn -0.978758 0.103591 0.176925
vn -0.893918 0.062739 0.443818
vn -0.885355 0.154169 0.438610
vn -0.840148 0.342078 0.420873
vn -0.949046 0.263044 0.173548
vn -0.848784 0.500600 0.170191
vn -0.878509 0.474353 0.056667
vn -0.731637 0.570651 0.372915
vn -0.897887 0.440219 -0.002467
vn -0.922890 0.385031 -0.005010
vn -0.991622 0.128919 0.008149
vn -0.990753 0.135626 -0.003633
vn -0.991765 0.127762 0.008845
vn -0.991524 0.129582 -0.009474
vn -0.989462 0.143172 -0.021606
vn -0.985305 0.170681 0.006503
vn -0.991895 0.126710 0.009407
vn -0.992041 0.125591 -0.008999
vn -0.992076 0.125267 0.009630
vn -0.992316 0.123586 -0.005960
vn -0.992806 0.117218 -0.024420
vn -0.991864 0.123974 -0.028913
vn -0.991499 0.122915 -0.042670
vn -0.984357 0.173051 -0.033083
vn -0.993725 0.105650 -0.036736
vn -0.963594 0.266997 0.014149
vn -0.993148 0.110583 0.037798
vn -0.992494 0.116737 0.036447
vn -0.993296 0.110708 0.033284
vn -0.992634 0.116727 0.032452
vn -0.992088 0.122280 0.028443
vn -0.991965 0.122534 0.031487
vn -0.993575 0.109431 0.028865
vn -0.992885 0.115628 0.028466
vn -0.994093 0.105630 0.024941
vn -0.993337 0.112534 0.024834
vn -0.992658 0.118856 0.022415
vn -0.992294 0.121286 0.025342
vn -0.991936 0.125222 0.019565
vn -0.991779 0.126184 0.021282
vn -0.992201 0.123369 0.017803
vn -0.991663 0.126806 0.022895
vn -0.598437 0.151298 -0.786754
vn -0.790847 0.142070 -0.595296
vn -0.782966 0.189498 -0.592499
vn -0.588781 0.213024 -0.779717
vn -0.950277 0.122943 -0.286109
vn -0.947292 0.148411 -0.283923
vn -0.945750 0.161679 -0.281812
vn -0.777168 0.214995 -0.591428
vn -0.580866 0.246096 -0.775907
vn -0.993251 0.106303 -0.046402
vn -0.992456 0.115074 -0.042300
vn -0.992192 0.118904 -0.037650
vn -0.992266 0.119918 -0.032060
vn -0.945568 0.168446 -0.278439
vn -0.773532 0.229565 -0.590719
vn -0.574740 0.265317 -0.774132
vn -0.440763 0.279326 -0.853056
vn -0.331625 0.270434 -0.903820
vn -0.325897 0.262131 -0.908339
vn -0.443808 0.260758 -0.857345
vn -0.201379 0.229047 -0.952357
vn -0.007495 0.200885 -0.979586
vn -0.005967 0.240771 -0.970564
vn -0.189704 0.250463 -0.949358
vn -0.186207 0.235375 -0.953900
vn -0.326541 0.233206 -0.915962
vn -0.004559 0.233662 -0.972307
vn -0.003392 0.164083 -0.986441
vn -0.188280 0.164548 -0.968233
vn -0.332137 0.161299 -0.929337
vn -0.449923 0.225600 -0.864103
vn -0.458374 0.156570 -0.874860
vn 0.187290 0.222065 -0.956875
vn 0.318959 0.257158 -0.912214
vn 0.315475 0.248804 -0.915736
vn 0.178339 0.243408 -0.953388
vn 0.429010 0.261396 -0.864652
vn 0.563250 0.245551 -0.788958
vn 0.570892 0.226053 -0.789292
vn 0.433961 0.242652 -0.867639
vn 0.441871 0.207425 -0.872769
vn 0.318356 0.219837 -0.922129
vn 0.580162 0.192795 -0.791355
vn 0.590638 0.131153 -0.796207
vn 0.451553 0.138733 -0.881393
vn 0.325658 0.148246 -0.933793
vn 0.177471 0.228311 -0.957276
vn 0.181680 0.157655 -0.970638
vn 0.992847 0.112819 0.039082
vn 0.992252 0.119883 -0.032629
vn 0.993024 0.112798 0.034341
vn 0.992185 0.118653 -0.038595
vn 0.944241 0.154110 -0.290963
vn 0.944049 0.161255 -0.287694
vn 0.993341 0.111321 0.029700
vn 0.992461 0.114564 -0.043542
vn 0.993902 0.107257 0.025593
vn 0.993279 0.105405 -0.047811
vn 0.948801 0.114287 -0.294475
vn 0.945812 0.140400 -0.292792
vn 0.776048 0.172539 -0.606613
vn 0.769582 0.198471 -0.606921
vn 0.784292 0.124652 -0.607740
vn 0.765201 0.213475 -0.607368
vn 0.991442 0.130335 0.007490
vn 0.991413 0.128736 0.022951
vn 0.991591 0.129138 0.008442
vn 0.991539 0.128021 0.021452
vn 0.991811 0.124385 0.028988
vn 0.991669 0.124768 0.032031
vn 0.991730 0.128011 0.009245
vn 0.991713 0.126935 0.019828
vn 0.991928 0.126432 0.009658
vn 0.992005 0.124889 0.018131
vn 0.992442 0.120557 0.022925
vn 0.992041 0.123230 0.025875
vn 0.992628 0.117635 0.029192
vn 0.992345 0.118929 0.033287
vn 0.993123 0.114273 0.025457
vn 0.992181 0.119082 0.037381
vn 0.995320 0.087068 -0.041913
vn 0.993791 0.105045 -0.036673
vn 0.991550 0.122494 -0.042695
vn 0.991931 0.116585 -0.049809
vn 0.992814 0.117068 -0.024808
vn 0.991847 0.123967 -0.029526
vn 0.989397 0.143493 -0.022436
vn 0.984350 0.173043 -0.033327
vn 0.978451 0.201346 -0.045752
vn 0.992246 0.124123 -0.006354
vn 0.991954 0.126225 -0.009688
vn 0.991417 0.130315 -0.010466
vn 0.990623 0.136539 -0.004879
vn 0.985162 0.171545 0.005379
vn 0.963385 0.267792 0.013270
vn 0.922878 0.385057 -0.005275
vn 0.897703 0.069876 0.435026
vn 0.982607 0.045287 0.180090
vn 0.979190 0.106098 0.173005
vn 0.889084 0.159522 0.429049
vn 0.997583 0.049989 0.048270
vn 0.994440 0.097541 0.039680
vn 0.971680 0.233127 0.038612
vn 0.949437 0.264286 0.169478
vn 0.843915 0.344869 0.410940
vn 0.997554 0.067179 -0.019299
vn 0.993965 0.106065 -0.028007
vn 0.975526 0.218172 -0.027389
vn 0.897993 0.440001 -0.002604
vn 0.878781 0.474013 0.055282
vn 0.849782 0.500276 0.166118
vn 0.736094 0.570745 0.363889
vn 0.005962 0.160921 0.986949
vn 0.143082 0.160761 0.976567
vn 0.136983 0.324060 0.936067
vn 0.007154 0.327151 0.944945
vn 0.365514 0.149476 0.918726
vn 0.349164 0.302141 0.887015
vn 0.307534 0.520337 0.796664
vn 0.119600 0.546262 0.829031
vn 0.007898 0.551309 0.834264
vn 0.656521 0.117003 0.745178
vn 0.637988 0.245226 0.729956
vn 0.581896 0.454011 0.674738
vn 0.471793 0.687721 0.551770
vn 0.239768 0.749426 0.617148
vn 0.090343 0.768789 0.633089
vn 0.007489 0.772315 0.635195
vn -0.646112 0.107027 0.755701
vn -0.626925 0.237419 0.742023
vn -0.352292 0.140544 0.925277
vn -0.334389 0.294769 0.895151
vn -0.292065 0.515443 0.805616
vn -0.570545 0.449425 0.687383
vn -0.130527 0.155723 0.979139
vn -0.122242 0.319712 0.939596
vn -0.103609 0.543141 0.833225
vn -0.075334 0.767281 0.636871
vn -0.225452 0.747466 0.624873
vn -0.460715 0.686441 0.562619
vn -0.997681 0.067968 0.003514
vn -0.995854 0.088635 -0.020443
vn -0.996635 0.037569 0.072848
vn -0.996932 0.041895 0.066122
vn -0.997667 0.068218 -0.002562
vn -0.995737 0.088491 -0.026019
vn -0.978486 -0.010750 0.206033
vn -0.884832 -0.090378 0.457061
vn -0.890833 -0.041623 0.452420
vn -0.980006 0.006819 0.198853
vn -0.981172 0.025633 0.191428
vn -0.997231 0.046060 0.058386
vn -0.894082 0.012999 0.447714
vn -0.997624 0.068156 -0.010048
vn -0.995546 0.088277 -0.033102
vn -0.994052 0.105131 -0.028443
vn -0.993066 0.116118 -0.018357
vn -0.993258 0.115081 -0.013977
vn -0.994262 0.104647 -0.022197
vn -0.992516 0.122071 -0.003367
vn -0.992343 0.123171 0.009220
vn -0.992639 0.120829 0.008286
vn -0.992712 0.120497 -0.001864
vn -0.992879 0.119118 -0.001108
vn -0.993390 0.114285 -0.010768
vn -0.992911 0.118651 0.007000
vn -0.994391 0.104330 -0.017361
vn -0.992597 0.120419 0.015799
vn -0.993195 0.114815 0.019506
vn -0.993777 0.110143 0.016618
vn -0.993035 0.117033 0.013609
vn -0.993996 0.107299 0.021418
vn -0.994837 0.099202 0.021398
vn -0.995608 0.091852 0.018098
vn -0.994695 0.101256 0.018161
vn -0.995306 0.095610 0.014976
vn -0.994298 0.105753 0.013723
vn -0.996265 0.085056 0.014914
vn -0.993434 0.113849 0.011286
vn -0.801079 -0.063533 -0.595177
vn -0.604494 -0.116672 -0.788020
vn -0.958035 0.009890 -0.286481
vn -0.957244 0.044011 -0.285915
vn -0.802404 -0.002045 -0.596778
vn -0.608330 -0.037170 -0.792814
vn -0.996602 0.063205 -0.052824
vn -0.995772 0.076636 -0.050650
vn -0.994578 0.091997 -0.048490
vn -0.954624 0.084260 -0.285646
vn -0.799230 0.071394 -0.596770
vn -0.606766 0.058870 -0.792697
vn -0.465126 0.051667 -0.883736
vn -0.336998 0.046944 -0.940334
vn -0.336363 -0.071486 -0.939015
vn -0.465308 -0.057144 -0.883302
vn -0.190660 0.043168 -0.980707
vn -0.002472 0.039879 -0.999202
vn -0.001806 -0.088463 -0.996078
vn -0.189710 -0.082406 -0.978376
vn -0.186386 -0.184146 -0.965065
vn -0.331690 -0.167973 -0.928314
vn -0.001334 -0.192175 -0.981360
vn -0.460492 -0.146439 -0.875501
vn 0.185671 0.036867 -0.981920
vn 0.331668 0.034958 -0.942748
vn 0.331859 -0.081774 -0.939778
vn 0.185889 -0.087735 -0.978646
vn 0.458958 0.035057 -0.887766
vn 0.599216 0.039572 -0.799609
vn 0.600940 -0.054894 -0.797407
vn 0.459600 -0.071779 -0.885220
vn 0.455300 -0.159054 -0.876016
vn 0.327883 -0.176575 -0.928070
vn 0.597449 -0.132617 -0.790865
vn 0.183430 -0.188517 -0.964787
vn 0.792641 0.053879 -0.607303
vn 0.953071 0.074995 -0.293313
vn 0.955557 0.034290 -0.292806
vn 0.795694 -0.019159 -0.605396
vn 0.994629 0.090663 -0.049931
vn 0.994697 0.100490 0.021910
vn 0.995516 0.092764 0.018502
vn 0.995834 0.074864 -0.052056
vn 0.996661 0.061106 -0.054166
vn 0.956231 -0.000003 -0.292614
vn 0.996211 0.085622 0.015232
vn 0.794402 -0.079885 -0.602116
vn 0.993833 0.108690 0.021950
vn 0.993026 0.116187 0.019980
vn 0.993658 0.111144 0.017041
vn 0.994584 0.102260 0.018610
vn 0.992441 0.121652 0.016153
vn 0.992224 0.124110 0.009366
vn 0.992556 0.121497 0.008478
vn 0.992924 0.117934 0.013949
vn 0.993365 0.114415 0.011586
vn 0.994225 0.106386 0.014084
vn 0.992863 0.119048 0.007185
vn 0.995240 0.096239 0.015345
vn 0.994470 0.103595 -0.017250
vn 0.995934 0.087795 -0.020186
vn 0.993440 0.113844 -0.010803
vn 0.993299 0.114712 -0.014065
vn 0.994341 0.103918 -0.022075
vn 0.995823 0.087612 -0.025690
vn 0.992877 0.119141 -0.001103
vn 0.992688 0.120690 -0.001909
vn 0.992468 0.122450 -0.003537
vn 0.993092 0.115863 -0.018556
vn 0.994125 0.104463 -0.028334
vn 0.995635 0.087413 -0.032696
vn 0.979284 -0.004389 0.202442
vn 0.889276 -0.078727 0.450543
vn 0.996627 0.040091 0.071601
vn 0.996923 0.043903 0.064932
vn 0.980695 0.012250 0.195162
vn 0.894922 -0.031231 0.445128
vn 0.997674 0.068073 0.003466
vn 0.997674 0.068127 -0.002521
vn 0.997643 0.067903 -0.009893
vn 0.997225 0.047545 0.057287
vn 0.981775 0.030029 0.187661
vn 0.897906 0.021777 0.439648
vn 0.136804 -0.245637 0.959660
vn 0.002814 -0.251666 0.967810
vn 0.355204 -0.224069 0.907537
vn 0.365305 -0.109595 0.924414
vn 0.141541 -0.121952 0.982392
vn 0.003705 -0.126419 0.991970
vn 0.643952 -0.168418 0.746298
vn 0.655622 -0.079541 0.750888
vn 0.660451 0.022901 0.750520
vn 0.369357 0.025484 0.928938
vn 0.143885 0.025495 0.989266
vn 0.004758 0.023373 0.999716
vn -0.634476 -0.182331 0.751130
vn -0.346158 -0.234587 0.908374
vn -0.355052 -0.120271 0.927078
vn -0.646024 -0.092781 0.757657
vn -0.130182 -0.250959 0.959204
vn -0.133216 -0.127560 0.982844
vn -0.133589 0.019971 0.990836
vn -0.357774 0.015355 0.933682
vn -0.650649 0.011066 0.759298
s 1
g pCube3 Mouse
usemtl initialShadingGroup
f 1/1/1 1347/2/2 451/3/3 1354/1919/4
f 1347/2/2 227/5/5 899/6/6 451/3/3
f 451/3/3 899/6/6 339/7/7 902/8/8
f 1354/1919/4 451/3/3 902/8/8 230/1878/9
f 227/5/5 1348/10/10 452/11/11 899/6/6
f 1348/10/10 2/12/12 1349/13/13 452/11/11
f 452/11/11 1349/13/13 228/14/14 900/15/15
f 899/6/6 452/11/11 900/15/15 339/7/7
f 339/7/7 900/15/15 453/16/16 901/17/17
f 900/15/15 228/14/14 1350/18/18 453/16/16
f 453/16/16 1350/18/18 114/19/19 1351/20/20
f 901/17/17 453/16/16 1351/20/20 229/21/21
f 230/1877/9 902/8/8 454/22/22 1353/1918/23
f 902/8/8 339/7/7 901/17/17 454/22/22
f 454/22/22 901/17/17 229/21/21 1352/24/24
f 1353/1918/23 454/22/22 1352/24/24 103/25/25
f 2/12/12 1355/26/26 455/27/27 1349/13/13
f 1355/26/26 231/28/28 903/29/29 455/27/27
f 455/27/27 903/29/29 340/30/30 906/31/31
f 1349/13/13 455/27/27 906/31/31 228/14/14
f 231/28/28 1356/32/32 456/33/33 903/29/29
f 1356/32/32 3/34/34 1357/1917/35 456/33/33
f 456/33/33 1357/1917/35 232/1889/36 904/37/37
f 903/29/29 456/33/33 904/37/37 340/30/30
f 340/30/30 904/37/37 457/38/38 905/39/39
f 904/37/37 232/1890/36 1358/1916/40 457/38/38
f 457/38/38 1358/1916/40 113/41/41 1359/42/42
f 905/39/39 457/38/38 1359/42/42 233/43/43
f 228/14/14 906/31/31 458/44/44 1350/18/18
f 906/31/31 340/30/30 905/39/39 458/44/44
f 458/44/44 905/39/39 233/43/43 1360/45/45
f 1350/18/18 458/44/44 1360/45/45 114/19/19
f 4/46/46 1361/47/47 459/48/48 1368/49/49
f 1361/47/47 234/50/50 907/51/51 459/48/48
f 459/48/48 907/51/51 341/52/52 910/53/53
f 1368/49/49 459/48/48 910/53/53 237/54/54
f 234/50/50 1362/55/55 460/56/56 907/51/51
f 1362/55/55 5/57/57 1363/58/58 460/56/56
f 460/56/56 1363/58/58 235/59/59 908/60/60
f 907/51/51 460/56/56 908/60/60 341/52/52
f 341/52/52 908/60/60 461/61/61 909/62/62
f 908/60/60 235/59/59 1364/63/63 461/61/61
f 461/61/61 1364/63/63 8/64/64 1365/65/65
f 909/62/62 461/61/61 1365/65/65 236/66/66
f 237/54/54 910/53/53 462/67/67 1367/68/68
f 910/53/53 341/52/52 909/62/62 462/67/67
f 462/67/67 909/62/62 236/66/66 1366/69/69
f 1367/68/68 462/67/67 1366/69/69 7/70/70
f 5/57/57 1369/71/71 463/72/72 1363/58/58
f 1369/71/71 238/73/73 911/74/74 463/72/72
f 463/72/72 911/74/74 342/75/75 914/76/76
f 1363/58/58 463/72/72 914/76/76 235/59/59
f 238/73/73 1370/77/77 464/78/78 911/74/74
f 1370/77/77 6/79/79 1371/80/80 464/78/78
f 464/78/78 1371/80/80 239/81/81 912/82/82
f 911/74/74 464/78/78 912/82/82 342/75/75
f 342/75/75 912/82/82 465/83/83 913/84/84
f 912/82/82 239/81/81 1372/85/85 465/83/83
f 465/83/83 1372/85/85 9/86/86 1373/87/87
f 913/84/84 465/83/83 1373/87/87 240/88/88
f 235/59/59 914/76/76 466/89/89 1364/63/63
f 914/76/76 342/75/75 913/84/84 466/89/89
f 466/89/89 913/84/84 240/88/88 1374/90/90
f 1364/63/63 466/89/89 1374/90/90 8/64/64
f 27/91/91 1375/92/92 467/93/93 1382/94/94
f 1375/92/92 241/95/95 915/96/96 467/93/93
f 467/93/93 915/96/96 343/97/97 918/98/98
f 1382/94/94 467/93/93 918/98/98 244/99/99
f 241/95/95 1376/100/100 468/101/101 915/96/96
f 1376/100/100 28/102/102 1377/103/103 468/101/101
f 468/101/101 1377/103/103 242/104/104 916/105/105
f 915/96/96 468/101/101 916/105/105 343/97/97
f 343/97/97 916/105/105 469/106/106 917/107/107
f 916/105/105 242/104/104 1378/108/108 469/106/106
f 469/106/106 1378/108/108 45/109/109 1379/110/110
f 917/107/107 469/106/106 1379/110/110 243/111/111
f 244/99/99 918/98/98 470/112/112 1381/113/113
f 918/98/98 343/97/97 917/107/107 470/112/112
f 470/112/112 917/107/107 243/111/111 1380/114/114
f 1381/113/113 470/112/112 1380/114/114 46/115/115
f 31/116/116 1383/117/117 471/118/118 1390/119/119
f 1383/117/117 245/120/120 919/121/121 471/118/118
f 471/118/118 919/121/121 344/122/122 922/123/123
f 1390/119/119 471/118/118 922/123/123 248/124/124
f 245/120/120 1384/125/125 472/126/126 919/121/121
f 1384/125/125 32/127/127 1385/128/128 472/126/126
f 472/126/126 1385/128/128 246/129/129 920/130/130
f 919/121/121 472/126/126 920/130/130 344/122/122
f 344/122/122 920/130/130 473/131/131 921/132/132
f 920/130/130 246/129/129 1386/133/133 473/131/131
f 473/131/131 1386/133/133 41/134/134 1387/135/135
f 921/132/132 473/131/131 1387/135/135 247/136/136
f 248/124/124 922/123/123 474/137/137 1389/138/138
f 922/123/123 344/122/122 921/132/132 474/137/137
f 474/137/137 921/132/132 247/136/136 1388/139/139
f 1389/138/138 474/137/137 1388/139/139 42/140/140
f 107/141/141 1391/142/142 475/143/143 1398/144/144
f 1391/142/142 249/145/145 923/146/146 475/143/143
f 475/143/143 923/146/146 345/1900/147 926/1901/148
f 1398/144/144 475/143/143 926/1901/148 252/1874/149
f 249/145/145 1392/150/150 476/151/151 923/146/146
f 1392/150/150 108/152/152 1393/153/153 476/151/151
f 476/151/151 1393/153/153 250/154/154 924/1899/155
f 923/146/146 476/151/151 924/1899/155 345/1900/147
f 345/147/147 924/155/155 477/156/156 925/157/157
f 924/155/155 250/1898/154 1394/158/158 477/156/156
f 477/156/156 1394/158/158 14/159/159 1395/160/160
f 925/157/157 477/156/156 1395/160/160 251/161/161
f 252/149/149 926/148/148 478/162/162 1397/163/163
f 926/148/148 345/147/147 925/157/157 478/162/162
f 478/162/162 925/157/157 251/161/161 1396/164/164
f 1397/163/163 478/162/162 1396/164/164 13/165/165
f 108/152/152 1399/166/166 479/167/167 1393/153/153
f 1399/166/166 253/168/168 927/169/169 479/167/167
f 479/167/167 927/169/169 346/1896/170 930/1897/171
f 1393/153/153 479/167/167 930/1897/171 250/154/154
f 253/168/168 1400/172/172 480/173/173 927/169/169
f 1400/172/172 109/174/174 1401/175/175 480/173/173
f 480/173/173 1401/175/175 254/176/176 928/1895/177
f 927/169/169 480/173/173 928/1895/177 346/1896/170
f 346/170/170 928/177/177 481/178/178 929/179/179
f 928/177/177 254/1870/176 1402/180/180 481/178/178
f 481/178/178 1402/180/180 15/181/181 1403/182/182
f 929/179/179 481/178/178 1403/182/182 255/183/183
f 250/1898/154 930/171/171 482/184/184 1394/158/158
f 930/171/171 346/170/170 929/179/179 482/184/184
f 482/184/184 929/179/179 255/183/183 1404/185/185
f 1394/158/158 482/184/184 1404/185/185 14/159/159
f 36/186/186 1405/187/187 483/188/188 1412/189/189
f 1405/187/187 256/190/190 931/191/191 483/188/188
f 483/188/188 931/191/191 347/192/192 934/193/193
f 1412/189/189 483/188/188 934/193/193 259/194/194
f 256/190/190 1406/195/195 484/196/196 931/191/191
f 1406/195/195 37/197/197 1407/198/198 484/196/196
f 484/196/196 1407/198/198 257/199/199 932/200/200
f 931/191/191 484/196/196 932/200/200 347/192/192
f 347/192/192 932/200/200 485/201/201 933/202/202
f 932/200/200 257/199/199 1408/203/203 485/201/201
f 485/201/201 1408/203/203 17/204/204 1409/205/205
f 933/202/202 485/201/201 1409/205/205 258/206/206
f 259/194/194 934/193/193 486/207/207 1411/208/208
f 934/193/193 347/192/192 933/202/202 486/207/207
f 486/207/207 933/202/202 258/206/206 1410/209/209
f 1411/208/208 486/207/207 1410/209/209 16/210/210
f 37/197/197 1413/211/211 487/212/212 1407/198/198
f 1413/211/211 260/213/213 935/214/214 487/212/212
f 487/212/212 935/214/214 348/215/215 938/216/216
f 1407/198/198 487/212/212 938/216/216 257/199/199
f 260/213/213 1414/217/217 488/218/218 935/214/214
f 1414/217/217 38/219/219 1415/220/220 488/218/218
f 488/218/218 1415/220/220 261/221/221 936/222/222
f 935/214/214 488/218/218 936/222/222 348/215/215
f 348/215/215 936/222/222 489/223/223 937/224/224
f 936/222/222 261/221/221 1416/225/225 489/223/223
f 489/223/223 1416/225/225 18/226/226 1417/227/227
f 937/224/224 489/223/223 1417/227/227 262/228/228
f 257/199/199 938/216/216 490/229/229 1408/203/203
f 938/216/216 348/215/215 937/224/224 490/229/229
f 490/229/229 937/224/224 262/228/228 1418/230/230
f 1408/203/203 490/229/229 1418/230/230 17/204/204
f 16/210/210 1410/209/209 491/231/231 1422/232/232
f 1410/209/209 258/206/206 939/233/233 491/231/231
f 491/231/231 939/233/233 349/234/234 942/235/235
f 1422/232/232 491/231/231 942/235/235 264/236/236
f 258/206/206 1409/205/205 492/237/237 939/233/233
f 1409/205/205 17/204/204 1419/238/238 492/237/237
f 492/237/237 1419/238/238 263/239/239 940/240/240
f 939/233/233 492/237/237 940/240/240 349/234/234
f 349/234/234 940/240/240 493/241/241 941/242/242
f 940/240/240 263/239/239 1420/243/243 493/241/241
f 493/241/241 1420/243/243 2/12/12 1348/10/10
f 941/242/242 493/241/241 1348/10/10 227/5/5
f 264/236/236 942/235/235 494/244/244 1421/245/245
f 942/235/235 349/234/234 941/242/242 494/244/244
f 494/244/244 941/242/242 227/5/5 1347/2/2
f 1421/245/245 494/244/244 1347/2/2 1/1/1
f 17/204/204 1418/230/230 495/246/246 1419/238/238
f 1418/230/230 262/228/228 943/247/247 495/246/246
f 495/246/246 943/247/247 350/248/248 946/249/249
f 1419/238/238 495/246/246 946/249/249 263/239/239
f 262/228/228 1417/227/227 496/250/250 943/247/247
f 1417/227/227 18/226/226 1423/251/251 496/250/250
f 496/250/250 1423/251/251 265/252/252 944/253/253
f 943/247/247 496/250/250 944/253/253 350/248/248
f 350/248/248 944/253/253 497/254/254 945/255/255
f 944/253/253 265/252/252 1424/256/256 497/254/254
f 497/254/254 1424/256/256 3/34/34 1356/32/32
f 945/255/255 497/254/254 1356/32/32 231/28/28
f 263/239/239 946/249/249 498/257/257 1420/243/243
f 946/249/249 350/248/248 945/255/255 498/257/257
f 498/257/257 945/255/255 231/28/28 1355/26/26
f 1420/243/243 498/257/257 1355/26/26 2/12/12
f 18/226/226 1416/225/225 499/258/258 1430/259/259
f 1416/225/225 261/221/221 947/260/260 499/258/258
f 499/258/258 947/260/260 351/1893/261 950/1894/262
f 1430/259/259 499/258/258 950/1894/262 268/1887/263
f 261/221/221 1415/220/220 500/264/264 947/260/260
f 1415/220/220 38/219/219 1425/265/265 500/264/264
f 500/264/264 1425/265/265 266/266/266 948/1892/267
f 947/260/260 500/264/264 948/1892/267 351/1893/261
f 351/261/261 948/267/267 501/268/268 949/269/269
f 948/267/267 266/1859/266 1426/270/270 501/268/268
f 501/268/268 1426/270/270 111/271/271 1427/272/272
f 949/269/269 501/268/268 1427/272/272 267/273/273
f 268/263/263 950/262/262 502/274/274 1429/275/275
f 950/262/262 351/261/261 949/269/269 502/274/274
f 502/274/274 949/269/269 267/273/273 1428/276/276
f 1429/275/275 502/274/274 1428/276/276 112/277/277
f 3/34/34 1424/256/256 503/278/278 1357/35/35
f 1424/256/256 265/252/252 951/279/279 503/278/278
f 503/278/278 951/279/279 352/1886/280 954/1888/281
f 1357/35/35 503/278/278 954/1888/281 232/36/36
f 265/252/252 1423/251/251 504/282/282 951/279/279
f 1423/251/251 18/226/226 1430/259/259 504/282/282
f 504/282/282 1430/259/259 268/1887/263 952/1885/283
f 951/279/279 504/282/282 952/1885/283 352/1886/280
f 352/280/280 952/283/283 505/284/284 953/285/285
f 952/283/283 268/263/263 1429/275/275 505/284/284
f 505/284/284 1429/275/275 112/277/277 1431/286/286
f 953/285/285 505/284/284 1431/286/286 269/287/287
f 232/1891/36 954/281/281 506/288/288 1358/40/40
f 954/281/281 352/280/280 953/285/285 506/288/288
f 506/288/288 953/285/285 269/287/287 1432/289/289
f 1358/40/40 506/288/288 1432/289/289 113/1906/41
f 104/290/290 1433/291/291 507/292/292 1438/293/293
f 1433/291/291 270/294/294 955/295/295 507/292/292
f 507/292/292 955/295/295 353/1883/296 958/1884/297
f 1438/293/293 507/292/292 958/1884/297 272/1881/298
f 270/294/294 1434/299/299 508/300/300 955/295/295
f 1434/299/299 105/301/301 1435/302/302 508/300/300
f 508/300/300 1435/302/302 271/303/303 956/1882/304
f 955/295/295 508/300/300 956/1882/304 353/1883/296
f 353/296/296 956/304/304 509/305/305 957/306/306
f 956/304/304 271/1866/303 1436/307/307 509/305/305
f 509/305/305 1436/307/307 36/186/186 1412/189/189
f 957/306/306 509/305/305 1412/189/189 259/194/194
f 272/298/298 958/297/297 510/308/308 1437/309/309
f 958/297/297 353/296/296 957/306/306 510/308/308
f 510/308/308 957/306/306 259/194/194 1411/208/208
f 1437/309/309 510/308/308 1411/208/208 16/210/210
f 16/210/210 1422/232/232 511/310/310 1437/309/309
f 1422/232/232 264/236/236 959/311/311 511/310/310
f 511/310/310 959/311/311 354/1876/312 962/1880/313
f 1437/309/309 511/310/310 962/1880/313 272/298/298
f 264/236/236 1421/245/245 512/314/314 959/311/311
f 1421/245/245 1/1/1 1354/4/4 512/314/314
f 512/314/314 1354/4/4 230/1879/9 960/1875/315
f 959/311/311 512/314/314 960/1875/315 354/1876/312
f 354/312/312 960/315/315 513/316/316 961/317/317
f 960/315/315 230/9/9 1353/23/23 513/316/316
f 513/316/316 1353/23/23 103/1911/25 1439/318/318
f 961/317/317 513/316/316 1439/318/318 273/319/319
f 272/1881/298 962/313/313 514/320/320 1438/293/293
f 962/313/313 354/312/312 961/317/317 514/320/320
f 514/320/320 961/317/317 273/319/319 1440/321/321
f 1438/293/293 514/320/320 1440/321/321 104/290/290
f 74/322/322 1441/323/323 515/324/324 1448/325/325
f 1441/323/323 274/326/326 963/327/327 515/324/324
f 515/324/324 963/327/327 355/328/328 966/329/329
f 1448/325/325 515/324/324 966/329/329 277/330/330
f 274/326/326 1442/331/331 516/332/332 963/327/327
f 1442/331/331 69/333/333 1443/334/334 516/332/332
f 516/332/332 1443/334/334 275/335/335 964/336/336
f 963/327/327 516/332/332 964/336/336 355/328/328
f 355/328/328 964/336/336 517/337/337 965/338/338
f 964/336/336 275/335/335 1444/339/339 517/337/337
f 517/337/337 1444/339/339 20/340/340 1445/341/341
f 965/338/338 517/337/337 1445/341/341 276/342/342
f 277/330/330 966/329/329 518/343/343 1447/344/344
f 966/329/329 355/328/328 965/338/338 518/343/343
f 518/343/343 965/338/338 276/342/342 1446/345/345
f 1447/344/344 518/343/343 1446/345/345 19/346/346
f 69/333/333 1449/347/347 519/348/348 1443/334/334
f 1449/347/347 278/349/349 967/350/350 519/348/348
f 519/348/348 967/350/350 356/351/351 970/352/352
f 1443/334/334 519/348/348 970/352/352 275/335/335
f 278/349/349 1450/353/353 520/354/354 967/350/350
f 1450/353/353 62/355/355 1451/356/356 520/354/354
f 520/354/354 1451/356/356 279/357/357 968/358/358
f 967/350/350 520/354/354 968/358/358 356/351/351
f 356/351/351 968/358/358 521/359/359 969/360/360
f 968/358/358 279/357/357 1452/361/361 521/359/359
f 521/359/359 1452/361/361 44/362/362 1453/363/363
f 969/360/360 521/359/359 1453/363/363 280/364/364
f 275/335/335 970/352/352 522/365/365 1444/339/339
f 970/352/352 356/351/351 969/360/360 522/365/365
f 522/365/365 969/360/360 280/364/364 1454/366/366
f 1444/339/339 522/365/365 1454/366/366 20/340/340
f 70/367/367 1455/368/368 523/369/369 1462/370/370
f 1455/368/368 281/371/371 971/372/372 523/369/369
f 523/369/369 971/372/372 357/373/373 974/374/374
f 1462/370/370 523/369/369 974/374/374 284/375/375
f 281/371/371 1456/376/376 524/377/377 971/372/372
f 1456/376/376 71/378/378 1457/379/379 524/377/377
f 524/377/377 1457/379/379 282/380/380 972/381/381
f 971/372/372 524/377/377 972/381/381 357/373/373
f 357/373/373 972/381/381 525/382/382 973/383/383
f 972/381/381 282/380/380 1458/384/384 525/382/382
f 525/382/382 1458/384/384 22/385/385 1459/386/386
f 973/383/383 525/382/382 1459/386/386 283/387/387
f 284/375/375 974/374/374 526/388/388 1461/389/389
f 974/374/374 357/373/373 973/383/383 526/388/388
f 526/388/388 973/383/383 283/387/387 1460/390/390
f 1461/389/389 526/388/388 1460/390/390 21/391/391
f 47/392/392 1463/393/393 527/394/394 1468/395/395
f 1463/393/393 285/396/396 975/397/397 527/394/394
f 527/394/394 975/397/397 358/398/398 978/399/399
f 1468/395/395 527/394/394 978/399/399 287/400/400
f 285/396/396 1464/401/401 528/402/402 975/397/397
f 1464/401/401 73/403/403 1465/404/404 528/402/402
f 528/402/402 1465/404/404 286/405/405 976/406/406
f 975/397/397 528/402/402 976/406/406 358/398/398
f 358/398/398 976/406/406 529/407/407 977/408/408
f 976/406/406 286/405/405 1466/409/409 529/407/407
f 529/407/407 1466/409/409 74/322/322 1448/325/325
f 977/408/408 529/407/407 1448/325/325 277/330/330
f 287/400/400 978/399/399 530/410/410 1467/411/411
f 978/399/399 358/398/398 977/408/408 530/410/410
f 530/410/410 977/408/408 277/330/330 1447/344/344
f 1467/411/411 530/410/410 1447/344/344 19/346/346
f 8/64/64 1374/90/90 531/412/412 1474/413/413
f 1374/90/90 240/88/88 979/414/414 531/412/412
f 531/412/412 979/414/414 359/415/415 982/416/416
f 1474/413/413 531/412/412 982/416/416 290/417/417
f 240/88/88 1373/87/87 532/418/418 979/414/414
f 1373/87/87 9/86/86 1469/419/419 532/418/418
f 532/418/418 1469/419/419 288/420/420 980/421/421
f 979/414/414 532/418/418 980/421/421 359/415/415
f 359/415/415 980/421/421 533/422/422 981/423/423
f 980/421/421 288/420/420 1470/424/424 533/422/422
f 533/422/422 1470/424/424 68/425/425 1471/426/426
f 981/423/423 533/422/422 1471/426/426 289/427/427
f 290/417/417 982/416/416 534/428/428 1473/429/429
f 982/416/416 359/415/415 981/423/423 534/428/428
f 534/428/428 981/423/423 289/427/427 1472/430/430
f 1473/429/429 534/428/428 1472/430/430 61/431/431
f 9/86/86 1475/432/432 535/433/433 1469/419/419
f 1475/432/432 291/434/434 983/435/435 535/433/433
f 535/433/433 983/435/435 360/436/436 986/437/437
f 1469/419/419 535/433/433 986/437/437 288/420/420
f 291/434/434 1476/438/438 536/439/439 983/435/435
f 1476/438/438 39/440/440 1477/441/441 536/439/439
f 536/439/439 1477/441/441 292/442/442 984/443/443
f 983/435/435 536/439/439 984/443/443 360/436/436
f 360/436/436 984/443/443 537/444/444 985/445/445
f 984/443/443 292/442/442 1478/446/446 537/444/444
f 537/444/444 1478/446/446 67/447/447 1479/448/448
f 985/445/445 537/444/444 1479/448/448 293/449/449
f 288/420/420 986/437/437 538/450/450 1470/424/424
f 986/437/437 360/436/436 985/445/445 538/450/450
f 538/450/450 985/445/445 293/449/449 1480/451/451
f 1470/424/424 538/450/450 1480/451/451 68/425/425
f 12/452/452 1481/453/453 539/454/454 1488/455/455
f 1481/453/453 294/456/456 987/457/457 539/454/454
f 539/454/454 987/457/457 361/458/458 990/459/459
f 1488/455/455 539/454/454 990/459/459 297/460/460
f 294/456/456 1482/461/461 540/462/462 987/457/457
f 1482/461/461 11/463/463 1483/464/464 540/462/462
f 540/462/462 1483/464/464 295/465/465 988/466/466
f 987/457/457 540/462/462 988/466/466 361/458/458
f 361/458/458 988/466/466 541/467/467 989/468/468
f 988/466/466 295/465/465 1484/469/469 541/467/467
f 541/467/467 1484/469/469 64/470/470 1485/471/471
f 989/468/468 541/467/467 1485/471/471 296/472/472
f 297/460/460 990/459/459 542/473/473 1487/474/474
f 990/459/459 361/458/458 989/468/468 542/473/473
f 542/473/473 989/468/468 296/472/472 1486/475/475
f 1487/474/474 542/473/473 1486/475/475 65/476/476
f 90/477/477 1489/478/478 543/479/479 1494/480/480
f 1489/478/478 298/481/481 991/482/482 543/479/479
f 543/479/479 991/482/482 362/483/483 994/484/484
f 1494/480/480 543/479/479 994/484/484 300/485/485
f 298/481/481 1490/486/486 544/487/487 991/482/482
f 1490/486/486 83/488/488 1491/489/489 544/487/487
f 544/487/487 1491/489/489 299/490/490 992/491/491
f 991/482/482 544/487/487 992/491/491 362/483/483
f 362/483/483 992/491/491 545/492/492 993/493/493
f 992/491/491 299/490/490 1492/494/494 545/492/492
f 545/492/492 1492/494/494 28/102/102 1376/100/100
f 993/493/493 545/492/492 1376/100/100 241/95/95
f 300/485/485 994/484/484 546/495/495 1493/496/496
f 994/484/484 362/483/483 993/493/493 546/495/495
f 546/495/495 993/493/493 241/95/95 1375/92/92
f 1493/496/496 546/495/495 1375/92/92 27/91/91
f 83/488/488 1495/497/497 547/498/498 1491/489/489
f 1495/497/497 301/499/499 995/500/500 547/498/498
f 547/498/498 995/500/500 363/501/501 998/502/502
f 1491/489/489 547/498/498 998/502/502 299/490/490
f 301/499/499 1496/503/503 548/504/504 995/500/500
f 1496/503/503 84/505/505 1497/506/506 548/504/504
f 548/504/504 1497/506/506 302/507/507 996/508/508
f 995/500/500 548/504/504 996/508/508 363/501/501
f 363/501/501 996/508/508 549/509/509 997/510/510
f 996/508/508 302/507/507 1498/511/511 549/509/509
f 549/509/509 1498/511/511 45/109/109 1378/108/108
f 997/510/510 549/509/509 1378/108/108 242/104/104
f 299/490/490 998/502/502 550/512/512 1492/494/494
f 998/502/502 363/501/501 997/510/510 550/512/512
f 550/512/512 997/510/510 242/104/104 1377/103/103
f 1492/494/494 550/512/512 1377/103/103 28/102/102
f 86/513/513 1499/514/514 551/515/515 1506/516/516
f 1499/514/514 303/517/517 999/518/518 551/515/515
f 551/515/515 999/518/518 364/519/519 1002/520/520
f 1506/516/516 551/515/515 1002/520/520 306/521/521
f 303/517/517 1500/522/522 552/523/523 999/518/518
f 1500/522/522 87/524/524 1501/525/525 552/523/523
f 552/523/523 1501/525/525 304/526/526 1000/527/527
f 999/518/518 552/523/523 1000/527/527 364/519/519
f 364/519/519 1000/527/527 553/528/528 1001/529/529
f 1000/527/527 304/526/526 1502/530/530 553/528/528
f 553/528/528 1502/530/530 30/531/531 1503/532/532
f 1001/529/529 553/528/528 1503/532/532 305/533/533
f 306/521/521 1002/520/520 554/534/534 1505/535/535
f 1002/520/520 364/519/519 1001/529/529 554/534/534
f 554/534/534 1001/529/529 305/533/533 1504/536/536
f 1505/535/535 554/534/534 1504/536/536 29/537/537
f 46/115/115 1507/538/538 555/539/539 1381/113/113
f 1507/538/538 307/540/540 1003/541/541 555/539/539
f 555/539/539 1003/541/541 365/542/542 1006/543/543
f 1381/113/113 555/539/539 1006/543/543 244/99/99
f 307/540/540 1508/544/544 556/545/545 1003/541/541
f 1508/544/544 89/546/546 1509/547/547 556/545/545
f 556/545/545 1509/547/547 308/548/548 1004/549/549
f 1003/541/541 556/545/545 1004/549/549 365/542/542
f 365/542/542 1004/549/549 557/550/550 1005/551/551
f 1004/549/549 308/548/548 1510/552/552 557/550/550
f 557/550/550 1510/552/552 90/477/477 1494/480/480
f 1005/551/551 557/550/550 1494/480/480 300/485/485
f 244/99/99 1006/543/543 558/553/553 1382/94/94
f 1006/543/543 365/542/542 1005/551/551 558/553/553
f 558/553/553 1005/551/551 300/485/485 1493/496/496
f 1382/94/94 558/553/553 1493/496/496 27/91/91
f 23/554/554 1511/555/555 559/1826/556 1518/1815/557
f 1511/555/555 309/558/558 1007/559/559 559/1826/556
f 559/556/556 1007/1825/559 366/560/560 1010/561/561
f 1518/557/557 559/556/556 1010/561/561 312/562/562
f 309/558/558 1512/563/563 560/1824/564 1007/559/559
f 1512/563/563 24/565/565 1513/566/566 560/1824/564
f 560/564/564 1513/1823/566 310/567/567 1008/568/568
f 1007/1825/559 560/564/564 1008/568/568 366/560/560
f 366/560/560 1008/568/568 561/569/569 1009/570/570
f 1008/568/568 310/567/567 1514/571/571 561/569/569
f 561/569/569 1514/571/571 82/572/572 1515/573/573
f 1009/570/570 561/569/569 1515/573/573 311/574/574
f 312/562/562 1010/561/561 562/575/575 1517/576/576
f 1010/561/561 366/560/560 1009/570/570 562/575/575
f 562/575/575 1009/570/570 311/574/574 1516/577/577
f 1517/576/576 562/575/575 1516/577/577 75/578/578
f 24/565/565 1519/579/579 563/1822/580 1513/566/566
f 1519/579/579 313/581/581 1011/582/582 563/1822/580
f 563/580/580 1011/1821/582 367/583/583 1014/584/584
f 1513/1823/566 563/580/580 1014/584/584 310/567/567
f 313/581/581 1520/585/585 564/1820/586 1011/582/582
f 1520/585/585 40/587/587 1521/588/588 564/1820/586
f 564/586/586 1521/1798/588 314/589/589 1012/590/590
f 1011/1821/582 564/586/586 1012/590/590 367/583/583
f 367/583/583 1012/590/590 565/591/591 1013/592/592
f 1012/590/590 314/589/589 1522/593/593 565/591/591
f 565/591/591 1522/593/593 81/594/594 1523/595/595
f 1013/592/592 565/591/591 1523/595/595 315/596/596
f 310/567/567 1014/584/584 566/597/597 1514/571/571
f 1014/584/584 367/583/583 1013/592/592 566/597/597
f 566/597/597 1013/592/592 315/596/596 1524/598/598
f 1514/571/571 566/597/597 1524/598/598 82/572/572
f 25/599/599 1525/600/600 567/1819/601 1532/1811/602
f 1525/600/600 316/603/603 1015/604/604 567/1819/601
f 567/601/601 1015/1818/604 368/605/605 1018/606/606
f 1532/602/602 567/601/601 1018/606/606 319/607/607
f 316/603/603 1526/608/608 568/1817/609 1015/604/604
f 1526/608/608 26/610/610 1527/611/611 568/1817/609
f 568/609/609 1527/1808/611 317/612/612 1016/613/613
f 1015/1818/604 568/609/609 1016/613/613 368/605/605
f 368/605/605 1016/613/613 569/614/614 1017/615/615
f 1016/613/613 317/612/612 1528/616/616 569/614/614
f 569/614/614 1528/616/616 78/617/617 1529/618/618
f 1017/615/615 569/614/614 1529/618/618 318/619/619
f 319/607/607 1018/606/606 570/620/620 1531/621/621
f 1018/606/606 368/605/605 1017/615/615 570/620/620
f 570/620/620 1017/615/615 318/619/619 1530/622/622
f 1531/621/621 570/620/620 1530/622/622 79/623/623
f 75/578/578 1533/624/624 571/625/625 1517/576/576
f 1533/624/624 320/626/626 1019/627/627 571/625/625
f 571/625/625 1019/627/627 369/628/628 1022/629/629
f 1517/576/576 571/625/625 1022/629/629 312/562/562
f 320/626/626 1534/630/630 572/631/631 1019/627/627
f 1534/630/630 76/632/632 1535/633/633 572/631/631
f 572/631/631 1535/633/633 321/634/634 1020/635/635
f 1019/627/627 572/631/631 1020/635/635 369/628/628
f 369/628/628 1020/635/635 573/1816/636 1021/1813/637
f 1020/635/635 321/634/634 1536/638/638 573/1816/636
f 573/636/636 1536/1802/638 43/639/639 1537/640/640
f 1021/637/637 573/636/636 1537/640/640 322/641/641
f 312/562/562 1022/629/629 574/1814/642 1518/557/557
f 1022/629/629 369/628/628 1021/1813/637 574/1814/642
f 574/642/642 1021/637/637 322/641/641 1538/643/643
f 1518/1815/557 574/642/642 1538/643/643 23/554/554
f 13/165/165 1539/644/644 575/645/645 1397/163/163
f 1539/644/644 323/646/646 1023/647/647 575/645/645
f 575/645/645 1023/647/647 370/1872/648 1026/1873/649
f 1397/163/163 575/645/645 1026/1873/649 252/149/149
f 323/646/646 1540/650/650 576/651/651 1023/647/647
f 1540/650/650 48/652/652 1541/653/653 576/651/651
f 576/651/651 1541/653/653 324/654/654 1024/1871/655
f 1023/647/647 576/651/651 1024/1871/655 370/1872/648
f 370/648/648 1024/655/655 577/656/656 1025/657/657
f 1024/655/655 324/1864/654 1542/658/658 577/656/656
f 577/656/656 1542/658/658 106/659/659 1543/660/660
f 1025/657/657 577/656/656 1543/660/660 325/661/661
f 252/1874/149 1026/649/649 578/662/662 1398/144/144
f 1026/649/649 370/648/648 1025/657/657 578/662/662
f 578/662/662 1025/657/657 325/661/661 1544/663/663
f 1398/144/144 578/662/662 1544/663/663 107/141/141
f 13/165/165 1396/164/164 579/664/664 1539/644/644
f 1396/164/164 251/161/161 1027/665/665 579/664/664
f 579/664/664 1027/665/665 371/666/666 1030/667/667
f 1539/644/644 579/664/664 1030/667/667 323/646/646
f 251/161/161 1395/160/160 580/668/668 1027/665/665
f 1395/160/160 14/159/159 1545/669/669 580/668/668
f 580/668/668 1545/669/669 326/670/670 1028/671/671
f 1027/665/665 580/668/668 1028/671/671 371/666/666
f 371/666/666 1028/671/671 581/672/672 1029/673/673
f 1028/671/671 326/670/670 1546/674/674 581/672/672
f 581/672/672 1546/674/674 60/675/675 1547/676/676
f 1029/673/673 581/672/672 1547/676/676 327/677/677
f 323/646/646 1030/667/667 582/678/678 1540/650/650
f 1030/667/667 371/666/666 1029/673/673 582/678/678
f 582/678/678 1029/673/673 327/677/677 1548/679/679
f 1540/650/650 582/678/678 1548/679/679 48/652/652
f 14/159/159 1404/185/185 583/680/680 1545/669/669
f 1404/185/185 255/183/183 1031/681/681 583/680/680
f 583/680/680 1031/681/681 372/682/682 1034/683/683
f 1545/669/669 583/680/680 1034/683/683 326/670/670
f 255/183/183 1403/182/182 584/684/684 1031/681/681
f 1403/182/182 15/181/181 1549/685/685 584/684/684
f 584/684/684 1549/685/685 328/686/686 1032/687/687
f 1031/681/681 584/684/684 1032/687/687 372/682/682
f 372/682/682 1032/687/687 585/688/688 1033/689/689
f 1032/687/687 328/686/686 1550/690/690 585/688/688
f 585/688/688 1550/690/690 59/691/691 1551/692/692
f 1033/689/689 585/688/688 1551/692/692 329/693/693
f 326/670/670 1034/683/683 586/694/694 1546/674/674
f 1034/683/683 372/682/682 1033/689/689 586/694/694
f 586/694/694 1033/689/689 329/693/693 1552/695/695
f 1546/674/674 586/694/694 1552/695/695 60/675/675
f 109/174/174 1553/696/696 587/697/697 1401/175/175
f 1553/696/696 330/698/698 1035/699/699 587/697/697
f 587/697/697 1035/699/699 373/1868/700 1038/1869/701
f 1401/175/175 587/697/697 1038/1869/701 254/176/176
f 330/698/698 1554/702/702 588/703/703 1035/699/699
f 1554/702/702 110/704/704 1555/705/705 588/703/703
f 588/703/703 1555/705/705 331/706/706 1036/1867/707
f 1035/699/699 588/703/703 1036/1867/707 373/1868/700
f 373/700/700 1036/707/707 589/708/708 1037/709/709
f 1036/707/707 331/1861/706 1556/710/710 589/708/708
f 589/708/708 1556/710/710 59/691/691 1550/690/690
f 1037/709/709 589/708/708 1550/690/690 328/686/686
f 254/1870/176 1038/701/701 590/711/711 1402/180/180
f 1038/701/701 373/700/700 1037/709/709 590/711/711
f 590/711/711 1037/709/709 328/686/686 1549/685/685
f 1402/180/180 590/711/711 1549/685/685 15/181/181
f 65/476/476 1557/712/712 591/713/713 1487/474/474
f 1557/712/712 332/714/714 1039/715/715 591/713/713
f 591/713/713 1039/715/715 374/716/716 1042/717/717
f 1487/474/474 591/713/713 1042/717/717 297/460/460
f 332/714/714 1558/718/718 592/719/719 1039/715/715
f 1558/718/718 66/720/720 1559/721/721 592/719/719
f 592/719/719 1559/721/721 333/722/722 1040/723/723
f 1039/715/715 592/719/719 1040/723/723 374/716/716
f 374/716/716 1040/723/723 593/724/724 1041/725/725
f 1040/723/723 333/722/722 1560/726/726 593/724/724
f 593/724/724 1560/726/726 58/727/727 1561/728/728
f 1041/725/725 593/724/724 1561/728/728 334/729/729
f 297/460/460 1042/717/717 594/730/730 1488/455/455
f 1042/717/717 374/716/716 1041/725/725 594/730/730
f 594/730/730 1041/725/725 334/729/729 1562/731/731
f 1488/455/455 594/730/730 1562/731/731 12/452/452
f 79/623/623 1563/732/732 595/733/733 1531/621/621
f 1563/732/732 335/734/734 1043/735/735 595/733/733
f 595/733/733 1043/735/735 375/736/736 1046/737/737
f 1531/621/621 595/733/733 1046/737/737 319/607/607
f 335/734/734 1564/738/738 596/739/739 1043/735/735
f 1564/738/738 80/740/740 1565/741/741 596/739/739
f 596/739/739 1565/741/741 336/742/742 1044/743/743
f 1043/735/735 596/739/739 1044/743/743 375/736/736
f 375/736/736 1044/743/743 597/1812/744 1045/1809/745
f 1044/743/743 336/742/742 1566/746/746 597/1812/744
f 597/744/744 1566/1797/746 57/747/747 1567/748/748
f 1045/745/745 597/744/744 1567/748/748 337/749/749
f 319/607/607 1046/737/737 598/1810/750 1532/602/602
f 1046/737/737 375/736/736 1045/1809/745 598/1810/750
f 598/750/750 1045/745/745 337/749/749 1568/751/751
f 1532/1811/602 598/750/750 1568/751/751 25/599/599
f 55/752/752 1569/753/753 599/754/754 1576/755/755
f 1569/753/753 338/756/756 1047/757/757 599/754/754
f 599/754/754 1047/757/757 376/758/758 1050/759/759
f 1576/755/755 599/754/754 1050/759/759 117/760/760
f 338/756/756 1570/761/761 600/762/762 1047/757/757
f 1570/761/761 56/763/763 1571/764/764 600/762/762
f 600/762/762 1571/764/764 115/765/765 1048/766/766
f 1047/757/757 600/762/762 1048/766/766 376/758/758
f 376/758/758 1048/766/766 601/767/767 1049/768/768
f 1048/766/766 115/765/765 1572/769/769 601/767/767
f 601/767/767 1572/769/769 33/770/770 1573/771/771
f 1049/768/768 601/767/767 1573/771/771 116/772/772
f 117/760/760 1050/759/759 602/773/773 1575/774/774
f 1050/759/759 376/758/758 1049/768/768 602/773/773
f 602/773/773 1049/768/768 116/772/772 1574/775/775
f 1575/774/774 602/773/773 1574/775/775 34/776/776
f 26/610/610 1577/777/777 603/1807/778 1527/611/611
f 1577/777/777 118/779/779 1051/780/780 603/1807/778
f 603/778/778 1051/1806/780 377/781/781 1054/782/782
f 1527/1808/611 603/778/778 1054/782/782 317/612/612
f 118/779/779 1578/783/783 604/1805/784 1051/780/780
f 1578/783/783 54/785/785 1579/786/786 604/1805/784
f 604/784/784 1579/1803/786 119/787/787 1052/788/788
f 1051/1806/780 604/784/784 1052/788/788 377/781/781
f 377/781/781 1052/788/788 605/789/789 1053/790/790
f 1052/788/788 119/787/787 1580/791/791 605/789/789
f 605/789/789 1580/791/791 77/792/792 1581/793/793
f 1053/790/790 605/789/789 1581/793/793 120/794/794
f 317/612/612 1054/782/782 606/795/795 1528/616/616
f 1054/782/782 377/781/781 1053/790/790 606/795/795
f 606/795/795 1053/790/790 120/794/794 1582/796/796
f 1528/616/616 606/795/795 1582/796/796 78/617/617
f 53/797/797 1583/798/798 607/799/799 1588/800/800
f 1583/798/798 121/801/801 1055/802/802 607/799/799
f 607/799/799 1055/802/802 378/803/803 1058/804/804
f 1588/800/800 607/799/799 1058/804/804 123/805/805
f 121/801/801 1584/806/806 608/807/807 1055/802/802
f 1584/806/806 63/808/808 1585/809/809 608/807/807
f 608/807/807 1585/809/809 122/810/810 1056/811/811
f 1055/802/802 608/807/807 1056/811/811 378/803/803
f 378/803/803 1056/811/811 609/812/812 1057/813/813
f 1056/811/811 122/810/810 1586/814/814 609/812/812
f 609/812/812 1586/814/814 70/367/367 1462/370/370
f 1057/813/813 609/812/812 1462/370/370 284/375/375
f 123/805/805 1058/804/804 610/815/815 1587/816/816
f 1058/804/804 378/803/803 1057/813/813 610/815/815
f 610/815/815 1057/813/813 284/375/375 1461/389/389
f 1587/816/816 610/815/815 1461/389/389 21/391/391
f 52/817/817 1589/818/818 611/819/819 1594/820/820
f 1589/818/818 124/821/821 1059/822/822 611/819/819
f 611/819/819 1059/822/822 379/823/823 1062/824/824
f 1594/820/820 611/819/819 1062/824/824 126/825/825
f 124/821/821 1590/826/826 612/827/827 1059/822/822
f 1590/826/826 85/828/828 1591/829/829 612/827/827
f 612/827/827 1591/829/829 125/830/830 1060/831/831
f 1059/822/822 612/827/827 1060/831/831 379/823/823
f 379/823/823 1060/831/831 613/832/832 1061/833/833
f 1060/831/831 125/830/830 1592/834/834 613/832/832
f 613/832/832 1592/834/834 86/513/513 1506/516/516
f 1061/833/833 613/832/832 1506/516/516 306/521/521
f 126/825/825 1062/824/824 614/835/835 1593/836/836
f 1062/824/824 379/823/823 1061/833/833 614/835/835
f 614/835/835 1061/833/833 306/521/521 1505/535/535
f 1593/836/836 614/835/835 1505/535/535 29/537/537
f 51/837/837 1595/838/838 615/839/839 1598/840/840
f 1595/838/838 127/841/841 1063/842/842 615/839/839
f 615/839/839 1063/842/842 380/843/843 1066/844/844
f 1598/840/840 615/839/839 1066/844/844 128/845/845
f 127/841/841 1596/846/846 616/847/847 1063/842/842
f 1596/846/846 52/817/817 1594/820/820 616/847/847
f 616/847/847 1594/820/820 126/825/825 1064/848/848
f 1063/842/842 616/847/847 1064/848/848 380/843/843
f 380/843/843 1064/848/848 617/849/849 1065/850/850
f 1064/848/848 126/825/825 1593/836/836 617/849/849
f 617/849/849 1593/836/836 29/537/537 1504/536/536
f 1065/850/850 617/849/849 1504/536/536 305/533/533
f 128/845/845 1066/844/844 618/851/851 1597/852/852
f 1066/844/844 380/843/843 1065/850/850 618/851/851
f 618/851/851 1065/850/850 305/533/533 1503/532/532
f 1597/852/852 618/851/851 1503/532/532 30/531/531
f 87/524/524 1599/853/853 619/854/854 1501/525/525
f 1599/853/853 129/855/855 1067/856/856 619/854/854
f 619/854/854 1067/856/856 381/857/857 1070/858/858
f 1501/525/525 619/854/854 1070/858/858 304/526/526
f 129/855/855 1600/859/859 620/860/860 1067/856/856
f 1600/859/859 88/861/861 1601/862/862 620/860/860
f 620/860/860 1601/862/862 130/863/863 1068/864/864
f 1067/856/856 620/860/860 1068/864/864 381/857/857
f 381/857/857 1068/864/864 621/865/865 1069/866/866
f 1068/864/864 130/863/863 1602/867/867 621/865/865
f 621/865/865 1602/867/867 51/837/837 1598/840/840
f 1069/866/866 621/865/865 1598/840/840 128/845/845
f 304/526/526 1070/858/858 622/868/868 1502/530/530
f 1070/858/858 381/857/857 1069/866/866 622/868/868
f 622/868/868 1069/866/866 128/845/845 1597/852/852
f 1502/530/530 622/868/868 1597/852/852 30/531/531
f 71/378/378 1603/869/869 623/870/870 1457/379/379
f 1603/869/869 131/871/871 1071/872/872 623/870/870
f 623/870/870 1071/872/872 382/873/873 1074/874/874
f 1457/379/379 623/870/870 1074/874/874 282/380/380
f 131/871/871 1604/875/875 624/876/876 1071/872/872
f 1604/875/875 72/877/877 1605/878/878 624/876/876
f 624/876/876 1605/878/878 132/879/879 1072/880/880
f 1071/872/872 624/876/876 1072/880/880 382/873/873
f 382/873/873 1072/880/880 625/881/881 1073/882/882
f 1072/880/880 132/879/879 1606/883/883 625/881/881
f 625/881/881 1606/883/883 50/884/884 1607/885/885
f 1073/882/882 625/881/881 1607/885/885 133/886/886
f 282/380/380 1074/874/874 626/887/887 1458/384/384
f 1074/874/874 382/873/873 1073/882/882 626/887/887
f 626/887/887 1073/882/882 133/886/886 1608/888/888
f 1458/384/384 626/887/887 1608/888/888 22/385/385
f 105/301/301 1609/889/889 627/890/890 1435/302/302
f 1609/889/889 134/891/891 1075/892/892 627/890/890
f 627/890/890 1075/892/892 383/1863/893 1078/1865/894
f 1435/302/302 627/890/890 1078/1865/894 271/303/303
f 134/891/891 1610/895/895 628/896/896 1075/892/892
f 1610/895/895 106/659/659 1542/658/658 628/896/896
f 628/896/896 1542/658/658 324/1864/654 1076/1862/897
f 1075/892/892 628/896/896 1076/1862/897 383/1863/893
f 383/893/893 1076/897/897 629/898/898 1077/899/899
f 1076/897/897 324/654/654 1541/653/653 629/898/898
f 629/898/898 1541/653/653 48/652/652 1611/900/900
f 1077/899/899 629/898/898 1611/900/900 135/901/901
f 271/1866/303 1078/894/894 630/902/902 1436/307/307
f 1078/894/894 383/893/893 1077/899/899 630/902/902
f 630/902/902 1077/899/899 135/901/901 1612/903/903
f 1436/307/307 630/902/902 1612/903/903 36/186/186
f 50/884/884 1606/883/883 631/904/904 1616/905/905
f 1606/883/883 132/879/879 1079/906/906 631/904/904
f 631/904/904 1079/906/906 384/907/907 1082/908/908
f 1616/905/905 631/904/904 1082/908/908 137/909/909
f 132/879/879 1605/878/878 632/910/910 1079/906/906
f 1605/878/878 72/877/877 1613/911/911 632/910/910
f 632/910/910 1613/911/911 136/912/912 1080/913/913
f 1079/906/906 632/910/910 1080/913/913 384/907/907
f 384/907/907 1080/913/913 633/914/914 1081/915/915
f 1080/913/913 136/912/912 1614/916/916 633/914/914
f 633/914/914 1614/916/916 73/403/403 1464/401/401
f 1081/915/915 633/914/914 1464/401/401 285/396/396
f 137/909/909 1082/908/908 634/917/917 1615/918/918
f 1082/908/908 384/907/907 1081/915/915 634/917/917
f 634/917/917 1081/915/915 285/396/396 1463/393/393
f 1615/918/918 634/917/917 1463/393/393 47/392/392
f 51/837/837 1602/867/867 635/919/919 1620/920/920
f 1602/867/867 130/863/863 1083/921/921 635/919/919
f 635/919/919 1083/921/921 385/922/922 1086/923/923
f 1620/920/920 635/919/919 1086/923/923 139/924/924
f 130/863/863 1601/862/862 636/925/925 1083/921/921
f 1601/862/862 88/861/861 1617/926/926 636/925/925
f 636/925/925 1617/926/926 138/927/927 1084/928/928
f 1083/921/921 636/925/925 1084/928/928 385/922/922
f 385/922/922 1084/928/928 637/929/929 1085/930/930
f 1084/928/928 138/927/927 1618/931/931 637/929/929
f 637/929/929 1618/931/931 89/546/546 1508/544/544
f 1085/930/930 637/929/929 1508/544/544 307/540/540
f 139/924/924 1086/923/923 638/932/932 1619/933/933
f 1086/923/923 385/922/922 1085/930/930 638/932/932
f 638/932/932 1085/930/930 307/540/540 1507/538/538
f 1619/933/933 638/932/932 1507/538/538 46/115/115
f 46/115/115 1380/114/114 639/934/934 1619/933/933
f 1380/114/114 243/111/111 1087/935/935 639/934/934
f 639/934/934 1087/935/935 386/936/936 1090/937/937
f 1619/933/933 639/934/934 1090/937/937 139/924/924
f 243/111/111 1379/110/110 640/938/938 1087/935/935
f 1379/110/110 45/109/109 1621/939/939 640/938/938
f 640/938/938 1621/939/939 140/940/940 1088/941/941
f 1087/935/935 640/938/938 1088/941/941 386/936/936
f 386/936/936 1088/941/941 641/942/942 1089/943/943
f 1088/941/941 140/940/940 1622/944/944 641/942/942
f 641/942/942 1622/944/944 52/817/817 1596/846/846
f 1089/943/943 641/942/942 1596/846/846 127/841/841
f 139/924/924 1090/937/937 642/945/945 1620/920/920
f 1090/937/937 386/936/936 1089/943/943 642/945/945
f 642/945/945 1089/943/943 127/841/841 1595/838/838
f 1620/920/920 642/945/945 1595/838/838 51/837/837
f 45/109/109 1498/511/511 643/946/946 1621/939/939
f 1498/511/511 302/507/507 1091/947/947 643/946/946
f 643/946/946 1091/947/947 387/948/948 1094/949/949
f 1621/939/939 643/946/946 1094/949/949 140/940/940
f 302/507/507 1497/506/506 644/950/950 1091/947/947
f 1497/506/506 84/505/505 1623/951/951 644/950/950
f 644/950/950 1623/951/951 141/952/952 1092/953/953
f 1091/947/947 644/950/950 1092/953/953 387/948/948
f 387/948/948 1092/953/953 645/954/954 1093/955/955
f 1092/953/953 141/952/952 1624/956/956 645/954/954
f 645/954/954 1624/956/956 85/828/828 1590/826/826
f 1093/955/955 645/954/954 1590/826/826 124/821/821
f 140/940/940 1094/949/949 646/957/957 1622/944/944
f 1094/949/949 387/948/948 1093/955/955 646/957/957
f 646/957/957 1093/955/955 124/821/821 1589/818/818
f 1622/944/944 646/957/957 1589/818/818 52/817/817
f 44/362/362 1452/361/361 647/958/958 1628/959/959
f 1452/361/361 279/357/357 1095/960/960 647/958/958
f 647/958/958 1095/960/960 388/961/961 1098/962/962
f 1628/959/959 647/958/958 1098/962/962 143/963/963
f 279/357/357 1451/356/356 648/964/964 1095/960/960
f 1451/356/356 62/355/355 1625/965/965 648/964/964
f 648/964/964 1625/965/965 142/966/966 1096/967/967
f 1095/960/960 648/964/964 1096/967/967 388/961/961
f 388/961/961 1096/967/967 649/968/968 1097/969/969
f 1096/967/967 142/966/966 1626/970/970 649/968/968
f 649/968/968 1626/970/970 63/808/808 1584/806/806
f 1097/969/969 649/968/968 1584/806/806 121/801/801
f 143/963/963 1098/962/962 650/971/971 1627/972/972
f 1098/962/962 388/961/961 1097/969/969 650/971/971
f 650/971/971 1097/969/969 121/801/801 1583/798/798
f 1627/972/972 650/971/971 1583/798/798 53/797/797
f 76/632/632 1629/973/973 651/974/974 1535/633/633
f 1629/973/973 144/975/975 1099/976/976 651/974/974
f 651/974/974 1099/976/976 389/977/977 1102/978/978
f 1535/633/633 651/974/974 1102/978/978 321/634/634
f 144/975/975 1630/979/979 652/980/980 1099/976/976
f 1630/979/979 77/792/792 1580/791/791 652/980/980
f 652/980/980 1580/791/791 119/787/787 1100/981/981
f 1099/976/976 652/980/980 1100/981/981 389/977/977
f 389/977/977 1100/981/981 653/1804/982 1101/1800/983
f 1100/981/981 119/787/787 1579/1803/786 653/1804/982
f 653/982/982 1579/786/786 54/785/785 1631/984/984
f 1101/983/983 653/982/982 1631/984/984 145/985/985
f 321/634/634 1102/978/978 654/1801/986 1536/638/638
f 1102/978/978 389/977/977 1101/1800/983 654/1801/986
f 654/986/986 1101/983/983 145/985/985 1632/987/987
f 1536/1802/638 654/986/986 1632/987/987 43/639/639
f 42/140/140 1388/139/139 655/988/988 1636/989/989
f 1388/139/139 247/136/136 1103/990/990 655/988/988
f 655/988/988 1103/990/990 390/991/991 1106/992/992
f 1636/989/989 655/988/988 1106/992/992 147/993/993
f 247/136/136 1387/135/135 656/994/994 1103/990/990
f 1387/135/135 41/134/134 1633/995/995 656/994/994
f 656/994/994 1633/995/995 146/996/996 1104/997/997
f 1103/990/990 656/994/994 1104/997/997 390/991/991
f 390/991/991 1104/997/997 657/998/998 1105/999/999
f 1104/997/997 146/996/996 1634/1000/1000 657/998/998
f 657/998/998 1634/1000/1000 56/763/763 1570/761/761
f 1105/999/999 657/998/998 1570/761/761 338/756/756
f 147/993/993 1106/992/992 658/1001/1001 1635/1002/1002
f 1106/992/992 390/991/991 1105/999/999 658/1001/1001
f 658/1001/1001 1105/999/999 338/756/756 1569/753/753
f 1635/1002/1002 658/1001/1001 1569/753/753 55/752/752
f 80/740/740 1637/1003/1003 659/1004/1004 1565/741/741
f 1637/1003/1003 148/1005/1005 1107/1006/1006 659/1004/1004
f 659/1004/1004 1107/1006/1006 391/1007/1007 1110/1008/1008
f 1565/741/741 659/1004/1004 1110/1008/1008 336/742/742
f 148/1005/1005 1638/1009/1009 660/1010/1010 1107/1006/1006
f 1638/1009/1009 81/594/594 1522/593/593 660/1010/1010
f 660/1010/1010 1522/593/593 314/589/589 1108/1011/1011
f 1107/1006/1006 660/1010/1010 1108/1011/1011 391/1007/1007
f 391/1007/1007 1108/1011/1011 661/1799/1012 1109/1795/1013
f 1108/1011/1011 314/589/589 1521/1798/588 661/1799/1012
f 661/1012/1012 1521/588/588 40/587/587 1639/1014/1014
f 1109/1013/1013 661/1012/1012 1639/1014/1014 149/1015/1015
f 336/742/742 1110/1008/1008 662/1796/1016 1566/746/746
f 1110/1008/1008 391/1007/1007 1109/1795/1013 662/1796/1016
f 662/1016/1016 1109/1013/1013 149/1015/1015 1640/1017/1017
f 1566/1797/746 662/1016/1016 1640/1017/1017 57/747/747
f 66/720/720 1641/1018/1018 663/1019/1019 1559/721/721
f 1641/1018/1018 150/1020/1020 1111/1021/1021 663/1019/1019
f 663/1019/1019 1111/1021/1021 392/1022/1022 1114/1023/1023
f 1559/721/721 663/1019/1019 1114/1023/1023 333/722/722
f 150/1020/1020 1642/1024/1024 664/1025/1025 1111/1021/1021
f 1642/1024/1024 67/447/447 1478/446/446 664/1025/1025
f 664/1025/1025 1478/446/446 292/442/442 1112/1026/1026
f 1111/1021/1021 664/1025/1025 1112/1026/1026 392/1022/1022
f 392/1022/1022 1112/1026/1026 665/1027/1027 1113/1028/1028
f 1112/1026/1026 292/442/442 1477/441/441 665/1027/1027
f 665/1027/1027 1477/441/441 39/440/440 1643/1029/1029
f 1113/1028/1028 665/1027/1027 1643/1029/1029 151/1030/1030
f 333/722/722 1114/1023/1023 666/1031/1031 1560/726/726
f 1114/1023/1023 392/1022/1022 1113/1028/1028 666/1031/1031
f 666/1031/1031 1113/1028/1028 151/1030/1030 1644/1032/1032
f 1560/726/726 666/1031/1031 1644/1032/1032 58/727/727
f 110/704/704 1645/1033/1033 667/1034/1034 1555/705/705
f 1645/1033/1033 152/1035/1035 1115/1036/1036 667/1034/1034
f 667/1034/1034 1115/1036/1036 393/1858/1037 1118/1860/1038
f 1555/705/705 667/1034/1034 1118/1860/1038 331/706/706
f 152/1035/1035 1646/1039/1039 668/1040/1040 1115/1036/1036
f 1646/1039/1039 111/271/271 1426/270/270 668/1040/1040
f 668/1040/1040 1426/270/270 266/1859/266 1116/1857/1041
f 1115/1036/1036 668/1040/1040 1116/1857/1041 393/1858/1037
f 393/1037/1037 1116/1041/1041 669/1042/1042 1117/1043/1043
f 1116/1041/1041 266/266/266 1425/265/265 669/1042/1042
f 669/1042/1042 1425/265/265 38/219/219 1647/1044/1044
f 1117/1043/1043 669/1042/1042 1647/1044/1044 153/1045/1045
f 331/1861/706 1118/1038/1038 670/1046/1046 1556/710/710
f 1118/1038/1038 393/1037/1037 1117/1043/1043 670/1046/1046
f 670/1046/1046 1117/1043/1043 153/1045/1045 1648/1047/1047
f 1556/710/710 670/1046/1046 1648/1047/1047 59/691/691
f 60/675/675 1552/695/695 671/1048/1048 1650/1049/1049
f 1552/695/695 329/693/693 1119/1050/1050 671/1048/1048
f 671/1048/1048 1119/1050/1050 394/1051/1051 1122/1052/1052
f 1650/1049/1049 671/1048/1048 1122/1052/1052 154/1053/1053
f 329/693/693 1551/692/692 672/1054/1054 1119/1050/1050
f 1551/692/692 59/691/691 1648/1047/1047 672/1054/1054
f 672/1054/1054 1648/1047/1047 153/1045/1045 1120/1055/1055
f 1119/1050/1050 672/1054/1054 1120/1055/1055 394/1051/1051
f 394/1051/1051 1120/1055/1055 673/1056/1056 1121/1057/1057
f 1120/1055/1055 153/1045/1045 1647/1044/1044 673/1056/1056
f 673/1056/1056 1647/1044/1044 38/219/219 1414/217/217
f 1121/1057/1057 673/1056/1056 1414/217/217 260/213/213
f 154/1053/1053 1122/1052/1052 674/1058/1058 1649/1059/1059
f 1122/1052/1052 394/1051/1051 1121/1057/1057 674/1058/1058
f 674/1058/1058 1121/1057/1057 260/213/213 1413/211/211
f 1649/1059/1059 674/1058/1058 1413/211/211 37/197/197
f 48/652/652 1548/679/679 675/1060/1060 1611/900/900
f 1548/679/679 327/677/677 1123/1061/1061 675/1060/1060
f 675/1060/1060 1123/1061/1061 395/1062/1062 1126/1063/1063
f 1611/900/900 675/1060/1060 1126/1063/1063 135/901/901
f 327/677/677 1547/676/676 676/1064/1064 1123/1061/1061
f 1547/676/676 60/675/675 1650/1049/1049 676/1064/1064
f 676/1064/1064 1650/1049/1049 154/1053/1053 1124/1065/1065
f 1123/1061/1061 676/1064/1064 1124/1065/1065 395/1062/1062
f 395/1062/1062 1124/1065/1065 677/1066/1066 1125/1067/1067
f 1124/1065/1065 154/1053/1053 1649/1059/1059 677/1066/1066
f 677/1066/1066 1649/1059/1059 37/197/197 1406/195/195
f 1125/1067/1067 677/1066/1066 1406/195/195 256/190/190
f 135/901/901 1126/1063/1063 678/1068/1068 1612/903/903
f 1126/1063/1063 395/1062/1062 1125/1067/1067 678/1068/1068
f 678/1068/1068 1125/1067/1067 256/190/190 1405/187/187
f 1612/903/903 678/1068/1068 1405/187/187 36/186/186
f 43/639/639 1651/1069/1069 679/1070/1070 1537/640/640
f 1651/1069/1069 155/1071/1071 1127/1072/1072 679/1070/1070
f 679/1070/1070 1127/1072/1072 396/1073/1073 1130/1074/1074
f 1537/640/640 679/1070/1070 1130/1074/1074 322/641/641
f 155/1071/1071 1652/1075/1075 680/1076/1076 1127/1072/1072
f 1652/1075/1075 62/355/355 1653/1077/1077 680/1076/1076
f 680/1076/1076 1653/1077/1077 156/1078/1078 1128/1079/1079
f 1127/1072/1072 680/1076/1076 1128/1079/1079 396/1073/1073
f 396/1073/1073 1128/1079/1079 681/1080/1080 1129/1081/1081
f 1128/1079/1079 156/1078/1078 1654/1082/1082 681/1080/1080
f 681/1080/1080 1654/1082/1082 61/431/431 1655/1083/1083
f 1129/1081/1081 681/1080/1080 1655/1083/1083 157/1084/1084
f 322/641/641 1130/1074/1074 682/1085/1085 1538/643/643
f 1130/1074/1074 396/1073/1073 1129/1081/1081 682/1085/1085
f 682/1085/1085 1129/1081/1081 157/1084/1084 1656/1086/1086
f 1538/643/643 682/1085/1085 1656/1086/1086 23/554/554
f 54/785/785 1657/1087/1087 683/1088/1088 1631/984/984
f 1657/1087/1087 158/1089/1089 1131/1090/1090 683/1088/1088
f 683/1088/1088 1131/1090/1090 397/1091/1091 1134/1092/1092
f 1631/984/984 683/1088/1088 1134/1092/1092 145/985/985
f 158/1089/1089 1658/1093/1093 684/1094/1094 1131/1090/1090
f 1658/1093/1093 63/808/808 1626/970/970 684/1094/1094
f 684/1094/1094 1626/970/970 142/966/966 1132/1095/1095
f 1131/1090/1090 684/1094/1094 1132/1095/1095 397/1091/1091
f 397/1091/1091 1132/1095/1095 685/1096/1096 1133/1097/1097
f 1132/1095/1095 142/966/966 1625/965/965 685/1096/1096
f 685/1096/1096 1625/965/965 62/355/355 1652/1075/1075
f 1133/1097/1097 685/1096/1096 1652/1075/1075 155/1071/1071
f 145/985/985 1134/1092/1092 686/1098/1098 1632/987/987
f 1134/1092/1092 397/1091/1091 1133/1097/1097 686/1098/1098
f 686/1098/1098 1133/1097/1097 155/1071/1071 1651/1069/1069
f 1632/987/987 686/1098/1098 1651/1069/1069 43/639/639
f 64/470/470 1659/1099/1099 687/1100/1100 1662/1101/1101
f 1659/1099/1099 159/1102/1102 1135/1103/1103 687/1100/1100
f 687/1100/1100 1135/1103/1103 398/1104/1104 1138/1105/1105
f 1662/1101/1101 687/1100/1100 1138/1105/1105 160/1106/1106
f 159/1102/1102 1660/1107/1107 688/1108/1108 1135/1103/1103
f 1660/1107/1107 63/808/808 1658/1093/1093 688/1108/1108
f 688/1108/1108 1658/1093/1093 158/1089/1089 1136/1109/1109
f 1135/1103/1103 688/1108/1108 1136/1109/1109 398/1104/1104
f 398/1104/1104 1136/1109/1109 689/1110/1110 1137/1111/1111
f 1136/1109/1109 158/1089/1089 1657/1087/1087 689/1110/1110
f 689/1110/1110 1657/1087/1087 54/785/785 1578/783/783
f 1137/1111/1111 689/1110/1110 1578/783/783 118/779/779
f 160/1106/1106 1138/1105/1105 690/1112/1112 1661/1113/1113
f 1138/1105/1105 398/1104/1104 1137/1111/1111 690/1112/1112
f 690/1112/1112 1137/1111/1111 118/779/779 1577/777/777
f 1661/1113/1113 690/1112/1112 1577/777/777 26/610/610
f 65/476/476 1486/475/475 691/1114/1114 1664/1115/1115
f 1486/475/475 296/472/472 1139/1116/1116 691/1114/1114
f 691/1114/1114 1139/1116/1116 399/1117/1117 1142/1118/1118
f 1664/1115/1115 691/1114/1114 1142/1118/1118 161/1119/1119
f 296/472/472 1485/471/471 692/1120/1120 1139/1116/1116
f 1485/471/471 64/470/470 1662/1101/1101 692/1120/1120
f 692/1120/1120 1662/1101/1101 160/1106/1106 1140/1121/1121
f 1139/1116/1116 692/1120/1120 1140/1121/1121 399/1117/1117
f 399/1117/1117 1140/1121/1121 693/1122/1122 1141/1123/1123
f 1140/1121/1121 160/1106/1106 1661/1113/1113 693/1122/1122
f 693/1122/1122 1661/1113/1113 26/610/610 1526/608/608
f 1141/1123/1123 693/1122/1122 1526/608/608 316/603/603
f 161/1119/1119 1142/1118/1118 694/1124/1124 1663/1125/1125
f 1142/1118/1118 399/1117/1117 1141/1123/1123 694/1124/1124
f 694/1124/1124 1141/1123/1123 316/603/603 1525/600/600
f 1663/1125/1125 694/1124/1124 1525/600/600 25/599/599
f 57/747/747 1665/1126/1126 695/1127/1127 1567/748/748
f 1665/1126/1126 162/1128/1128 1143/1129/1129 695/1127/1127
f 695/1127/1127 1143/1129/1129 400/1130/1130 1146/1131/1131
f 1567/748/748 695/1127/1127 1146/1131/1131 337/749/749
f 162/1128/1128 1666/1132/1132 696/1133/1133 1143/1129/1129
f 1666/1132/1132 66/720/720 1558/718/718 696/1133/1133
f 696/1133/1133 1558/718/718 332/714/714 1144/1134/1134
f 1143/1129/1129 696/1133/1133 1144/1134/1134 400/1130/1130
f 400/1130/1130 1144/1134/1134 697/1135/1135 1145/1136/1136
f 1144/1134/1134 332/714/714 1557/712/712 697/1135/1135
f 697/1135/1135 1557/712/712 65/476/476 1664/1115/1115
f 1145/1136/1136 697/1135/1135 1664/1115/1115 161/1119/1119
f 337/749/749 1146/1131/1131 698/1137/1137 1568/751/751
f 1146/1131/1131 400/1130/1130 1145/1136/1136 698/1137/1137
f 698/1137/1137 1145/1136/1136 161/1119/1119 1663/1125/1125
f 1568/751/751 698/1137/1137 1663/1125/1125 25/599/599
f 40/587/587 1667/1138/1138 699/1139/1139 1639/1014/1014
f 1667/1138/1138 163/1140/1140 1147/1141/1141 699/1139/1139
f 699/1139/1139 1147/1141/1141 401/1142/1142 1150/1143/1143
f 1639/1014/1014 699/1139/1139 1150/1143/1143 149/1015/1015
f 163/1140/1140 1668/1144/1144 700/1145/1145 1147/1141/1141
f 1668/1144/1144 67/447/447 1642/1024/1024 700/1145/1145
f 700/1145/1145 1642/1024/1024 150/1020/1020 1148/1146/1146
f 1147/1141/1141 700/1145/1145 1148/1146/1146 401/1142/1142
f 401/1142/1142 1148/1146/1146 701/1147/1147 1149/1148/1148
f 1148/1146/1146 150/1020/1020 1641/1018/1018 701/1147/1147
f 701/1147/1147 1641/1018/1018 66/720/720 1666/1132/1132
f 1149/1148/1148 701/1147/1147 1666/1132/1132 162/1128/1128
f 149/1015/1015 1150/1143/1143 702/1149/1149 1640/1017/1017
f 1150/1143/1143 401/1142/1142 1149/1148/1148 702/1149/1149
f 702/1149/1149 1149/1148/1148 162/1128/1128 1665/1126/1126
f 1640/1017/1017 702/1149/1149 1665/1126/1126 57/747/747
f 68/425/425 1480/451/451 703/1150/1150 1670/1151/1151
f 1480/451/451 293/449/449 1151/1152/1152 703/1150/1150
f 703/1150/1150 1151/1152/1152 402/1153/1153 1154/1154/1154
f 1670/1151/1151 703/1150/1150 1154/1154/1154 164/1155/1155
f 293/449/449 1479/448/448 704/1156/1156 1151/1152/1152
f 1479/448/448 67/447/447 1668/1144/1144 704/1156/1156
f 704/1156/1156 1668/1144/1144 163/1140/1140 1152/1157/1157
f 1151/1152/1152 704/1156/1156 1152/1157/1157 402/1153/1153
f 402/1153/1153 1152/1157/1157 705/1158/1158 1153/1159/1159
f 1152/1157/1157 163/1140/1140 1667/1138/1138 705/1158/1158
f 705/1158/1158 1667/1138/1138 40/587/587 1520/585/585
f 1153/1159/1159 705/1158/1158 1520/585/585 313/581/581
f 164/1155/1155 1154/1154/1154 706/1160/1160 1669/1161/1161
f 1154/1154/1154 402/1153/1153 1153/1159/1159 706/1160/1160
f 706/1160/1160 1153/1159/1159 313/581/581 1519/579/579
f 1669/1161/1161 706/1160/1160 1519/579/579 24/565/565
f 61/431/431 1472/430/430 707/1162/1162 1655/1083/1083
f 1472/430/430 289/427/427 1155/1163/1163 707/1162/1162
f 707/1162/1162 1155/1163/1163 403/1164/1164 1158/1165/1165
f 1655/1083/1083 707/1162/1162 1158/1165/1165 157/1084/1084
f 289/427/427 1471/426/426 708/1166/1166 1155/1163/1163
f 1471/426/426 68/425/425 1670/1151/1151 708/1166/1166
f 708/1166/1166 1670/1151/1151 164/1155/1155 1156/1167/1167
f 1155/1163/1163 708/1166/1166 1156/1167/1167 403/1164/1164
f 403/1164/1164 1156/1167/1167 709/1168/1168 1157/1169/1169
f 1156/1167/1167 164/1155/1155 1669/1161/1161 709/1168/1168
f 709/1168/1168 1669/1161/1161 24/565/565 1512/563/563
f 1157/1169/1169 709/1168/1168 1512/563/563 309/558/558
f 157/1084/1084 1158/1165/1165 710/1170/1170 1656/1086/1086
f 1158/1165/1165 403/1164/1164 1157/1169/1169 710/1170/1170
f 710/1170/1170 1157/1169/1169 309/558/558 1511/555/555
f 1656/1086/1086 710/1170/1170 1511/555/555 23/554/554
f 62/355/355 1450/353/353 711/1171/1171 1653/1077/1077
f 1450/353/353 278/349/349 1159/1172/1172 711/1171/1171
f 711/1171/1171 1159/1172/1172 404/1173/1173 1162/1174/1174
f 1653/1077/1077 711/1171/1171 1162/1174/1174 156/1078/1078
f 278/349/349 1449/347/347 712/1175/1175 1159/1172/1172
f 1449/347/347 69/333/333 1671/1176/1176 712/1175/1175
f 712/1175/1175 1671/1176/1176 165/1177/1177 1160/1178/1178
f 1159/1172/1172 712/1175/1175 1160/1178/1178 404/1173/1173
f 404/1173/1173 1160/1178/1178 713/1179/1179 1161/1180/1180
f 1160/1178/1178 165/1177/1177 1672/1181/1181 713/1179/1179
f 713/1179/1179 1672/1181/1181 8/64/64 1474/413/413
f 1161/1180/1180 713/1179/1179 1474/413/413 290/417/417
f 156/1078/1078 1162/1174/1174 714/1182/1182 1654/1082/1082
f 1162/1174/1174 404/1173/1173 1161/1180/1180 714/1182/1182
f 714/1182/1182 1161/1180/1180 290/417/417 1473/429/429
f 1654/1082/1082 714/1182/1182 1473/429/429 61/431/431
f 11/463/463 1673/1183/1183 715/1184/1184 1483/464/464
f 1673/1183/1183 166/1185/1185 1163/1186/1186 715/1184/1184
f 715/1184/1184 1163/1186/1186 405/1187/1187 1166/1188/1188
f 1483/464/464 715/1184/1184 1166/1188/1188 295/465/465
f 166/1185/1185 1674/1189/1189 716/1190/1190 1163/1186/1186
f 1674/1189/1189 70/367/367 1586/814/814 716/1190/1190
f 716/1190/1190 1586/814/814 122/810/810 1164/1191/1191
f 1163/1186/1186 716/1190/1190 1164/1191/1191 405/1187/1187
f 405/1187/1187 1164/1191/1191 717/1192/1192 1165/1193/1193
f 1164/1191/1191 122/810/810 1585/809/809 717/1192/1192
f 717/1192/1192 1585/809/809 63/808/808 1660/1107/1107
f 1165/1193/1193 717/1192/1192 1660/1107/1107 159/1102/1102
f 295/465/465 1166/1188/1188 718/1194/1194 1484/469/469
f 1166/1188/1188 405/1187/1187 1165/1193/1193 718/1194/1194
f 718/1194/1194 1165/1193/1193 159/1102/1102 1659/1099/1099
f 1484/469/469 718/1194/1194 1659/1099/1099 64/470/470
f 11/463/463 1675/1195/1195 719/1196/1196 1673/1183/1183
f 1675/1195/1195 167/1197/1197 1167/1198/1198 719/1196/1196
f 719/1196/1196 1167/1198/1198 406/1199/1199 1170/1200/1200
f 1673/1183/1183 719/1196/1196 1170/1200/1200 166/1185/1185
f 167/1197/1197 1676/1201/1201 720/1202/1202 1167/1198/1198
f 1676/1201/1201 10/1203/1203 1677/1204/1204 720/1202/1202
f 720/1202/1202 1677/1204/1204 168/1205/1205 1168/1206/1206
f 1167/1198/1198 720/1202/1202 1168/1206/1206 406/1199/1199
f 406/1199/1199 1168/1206/1206 721/1207/1207 1169/1208/1208
f 1168/1206/1206 168/1205/1205 1678/1209/1209 721/1207/1207
f 721/1207/1207 1678/1209/1209 71/378/378 1456/376/376
f 1169/1208/1208 721/1207/1207 1456/376/376 281/371/371
f 166/1185/1185 1170/1200/1200 722/1210/1210 1674/1189/1189
f 1170/1200/1200 406/1199/1199 1169/1208/1208 722/1210/1210
f 722/1210/1210 1169/1208/1208 281/371/371 1455/368/368
f 1674/1189/1189 722/1210/1210 1455/368/368 70/367/367
f 10/1203/1203 1679/1211/1211 723/1212/1212 1677/1204/1204
f 1679/1211/1211 169/1213/1213 1171/1214/1214 723/1212/1212
f 723/1212/1212 1171/1214/1214 407/1215/1215 1174/1216/1216
f 1677/1204/1204 723/1212/1212 1174/1216/1216 168/1205/1205
f 169/1213/1213 1680/1217/1217 724/1218/1218 1171/1214/1214
f 1680/1217/1217 49/1219/1219 1681/1220/1220 724/1218/1218
f 724/1218/1218 1681/1220/1220 170/1221/1221 1172/1222/1222
f 1171/1214/1214 724/1218/1218 1172/1222/1222 407/1215/1215
f 407/1215/1215 1172/1222/1222 725/1223/1223 1173/1224/1224
f 1172/1222/1222 170/1221/1221 1682/1225/1225 725/1223/1223
f 725/1223/1223 1682/1225/1225 72/877/877 1604/875/875
f 1173/1224/1224 725/1223/1223 1604/875/875 131/871/871
f 168/1205/1205 1174/1216/1216 726/1226/1226 1678/1209/1209
f 1174/1216/1216 407/1215/1215 1173/1224/1224 726/1226/1226
f 726/1226/1226 1173/1224/1224 131/871/871 1603/869/869
f 1678/1209/1209 726/1226/1226 1603/869/869 71/378/378
f 73/403/403 1614/916/916 727/1227/1227 1686/1228/1228
f 1614/916/916 136/912/912 1175/1229/1229 727/1227/1227
f 727/1227/1227 1175/1229/1229 408/1230/1230 1178/1231/1231
f 1686/1228/1228 727/1227/1227 1178/1231/1231 172/1232/1232
f 136/912/912 1613/911/911 728/1233/1233 1175/1229/1229
f 1613/911/911 72/877/877 1682/1225/1225 728/1233/1233
f 728/1233/1233 1682/1225/1225 170/1221/1221 1176/1234/1234
f 1175/1229/1229 728/1233/1233 1176/1234/1234 408/1230/1230
f 408/1230/1230 1176/1234/1234 729/1235/1235 1177/1236/1236
f 1176/1234/1234 170/1221/1221 1681/1220/1220 729/1235/1235
f 729/1235/1235 1681/1220/1220 49/1219/1219 1683/1237/1237
f 1177/1236/1236 729/1235/1235 1683/1237/1237 171/1238/1238
f 172/1232/1232 1178/1231/1231 730/1239/1239 1685/1240/1240
f 1178/1231/1231 408/1230/1230 1177/1236/1236 730/1239/1239
f 730/1239/1239 1177/1236/1236 171/1238/1238 1684/1241/1241
f 1685/1240/1240 730/1239/1239 1684/1241/1241 35/1242/1242
f 74/322/322 1466/409/409 731/1243/1243 1690/1244/1244
f 1466/409/409 286/405/405 1179/1245/1245 731/1243/1243
f 731/1243/1243 1179/1245/1245 409/1246/1246 1182/1247/1247
f 1690/1244/1244 731/1243/1243 1182/1247/1247 174/1248/1248
f 286/405/405 1465/404/404 732/1249/1249 1179/1245/1245
f 1465/404/404 73/403/403 1686/1228/1228 732/1249/1249
f 732/1249/1249 1686/1228/1228 172/1232/1232 1180/1250/1250
f 1179/1245/1245 732/1249/1249 1180/1250/1250 409/1246/1246
f 409/1246/1246 1180/1250/1250 733/1251/1251 1181/1252/1252
f 1180/1250/1250 172/1232/1232 1685/1240/1240 733/1251/1251
f 733/1251/1251 1685/1240/1240 35/1242/1242 1687/1253/1253
f 1181/1252/1252 733/1251/1251 1687/1253/1253 173/1254/1254
f 174/1248/1248 1182/1247/1247 734/1255/1255 1689/1256/1256
f 1182/1247/1247 409/1246/1246 1181/1252/1252 734/1255/1255
f 734/1255/1255 1181/1252/1252 173/1254/1254 1688/1257/1257
f 1689/1256/1256 734/1255/1255 1688/1257/1257 7/70/70
f 7/70/70 1366/69/69 735/1258/1258 1689/1256/1256
f 1366/69/69 236/66/66 1183/1259/1259 735/1258/1258
f 735/1258/1258 1183/1259/1259 410/1260/1260 1186/1261/1261
f 1689/1256/1256 735/1258/1258 1186/1261/1261 174/1248/1248
f 236/66/66 1365/65/65 736/1262/1262 1183/1259/1259
f 1365/65/65 8/64/64 1672/1181/1181 736/1262/1262
f 736/1262/1262 1672/1181/1181 165/1177/1177 1184/1263/1263
f 1183/1259/1259 736/1262/1262 1184/1263/1263 410/1260/1260
f 410/1260/1260 1184/1263/1263 737/1264/1264 1185/1265/1265
f 1184/1263/1263 165/1177/1177 1671/1176/1176 737/1264/1264
f 737/1264/1264 1671/1176/1176 69/333/333 1442/331/331
f 1185/1265/1265 737/1264/1264 1442/331/331 274/326/326
f 174/1248/1248 1186/1261/1261 738/1266/1266 1690/1244/1244
f 1186/1261/1261 410/1260/1260 1185/1265/1265 738/1266/1266
f 738/1266/1266 1185/1265/1265 274/326/326 1441/323/323
f 1690/1244/1244 738/1266/1266 1441/323/323 74/322/322
f 42/140/140 1691/1267/1267 739/1268/1268 1389/138/138
f 1691/1267/1267 175/1269/1269 1187/1270/1270 739/1268/1268
f 739/1268/1268 1187/1270/1270 411/1271/1271 1190/1272/1272
f 1389/138/138 739/1268/1268 1190/1272/1272 248/124/124
f 175/1269/1269 1692/1273/1273 740/1274/1274 1187/1270/1270
f 1692/1273/1273 76/632/632 1534/630/630 740/1274/1274
f 740/1274/1274 1534/630/630 320/626/626 1188/1275/1275
f 1187/1270/1270 740/1274/1274 1188/1275/1275 411/1271/1271
f 411/1271/1271 1188/1275/1275 741/1276/1276 1189/1277/1277
f 1188/1275/1275 320/626/626 1533/624/624 741/1276/1276
f 741/1276/1276 1533/624/624 75/578/578 1693/1278/1278
f 1189/1277/1277 741/1276/1276 1693/1278/1278 176/1279/1279
f 248/124/124 1190/1272/1272 742/1280/1280 1390/119/119
f 1190/1272/1272 411/1271/1271 1189/1277/1277 742/1280/1280
f 742/1280/1280 1189/1277/1277 176/1279/1279 1694/1281/1281
f 1390/119/119 742/1280/1280 1694/1281/1281 31/116/116
f 55/752/752 1695/1282/1282 743/1283/1283 1635/1002/1002
f 1695/1282/1282 177/1284/1284 1191/1285/1285 743/1283/1283
f 743/1283/1283 1191/1285/1285 412/1286/1286 1194/1287/1287
f 1635/1002/1002 743/1283/1283 1194/1287/1287 147/993/993
f 177/1284/1284 1696/1288/1288 744/1289/1289 1191/1285/1285
f 1696/1288/1288 77/792/792 1630/979/979 744/1289/1289
f 744/1289/1289 1630/979/979 144/975/975 1192/1290/1290
f 1191/1285/1285 744/1289/1289 1192/1290/1290 412/1286/1286
f 412/1286/1286 1192/1290/1290 745/1291/1291 1193/1292/1292
f 1192/1290/1290 144/975/975 1629/973/973 745/1291/1291
f 745/1291/1291 1629/973/973 76/632/632 1692/1273/1273
f 1193/1292/1292 745/1291/1291 1692/1273/1273 175/1269/1269
f 147/993/993 1194/1287/1287 746/1293/1293 1636/989/989
f 1194/1287/1287 412/1286/1286 1193/1292/1292 746/1293/1293
f 746/1293/1293 1193/1292/1292 175/1269/1269 1691/1267/1267
f 1636/989/989 746/1293/1293 1691/1267/1267 42/140/140
f 78/617/617 1582/796/796 747/1294/1294 1698/1295/1295
f 1582/796/796 120/794/794 1195/1296/1296 747/1294/1294
f 747/1294/1294 1195/1296/1296 413/1297/1297 1198/1298/1298
f 1698/1295/1295 747/1294/1294 1198/1298/1298 178/1299/1299
f 120/794/794 1581/793/793 748/1300/1300 1195/1296/1296
f 1581/793/793 77/792/792 1696/1288/1288 748/1300/1300
f 748/1300/1300 1696/1288/1288 177/1284/1284 1196/1301/1301
f 1195/1296/1296 748/1300/1300 1196/1301/1301 413/1297/1297
f 413/1297/1297 1196/1301/1301 749/1302/1302 1197/1303/1303
f 1196/1301/1301 177/1284/1284 1695/1282/1282 749/1302/1302
f 749/1302/1302 1695/1282/1282 55/752/752 1576/755/755
f 1197/1303/1303 749/1302/1302 1576/755/755 117/760/760
f 178/1299/1299 1198/1298/1298 750/1304/1304 1697/1305/1305
f 1198/1298/1298 413/1297/1297 1197/1303/1303 750/1304/1304
f 750/1304/1304 1197/1303/1303 117/760/760 1575/774/774
f 1697/1305/1305 750/1304/1304 1575/774/774 34/776/776
f 79/623/623 1530/622/622 751/1306/1306 1700/1307/1307
f 1530/622/622 318/619/619 1199/1308/1308 751/1306/1306
f 751/1306/1306 1199/1308/1308 414/1309/1309 1202/1310/1310
f 1700/1307/1307 751/1306/1306 1202/1310/1310 179/1311/1311
f 318/619/619 1529/618/618 752/1312/1312 1199/1308/1308
f 1529/618/618 78/617/617 1698/1295/1295 752/1312/1312
f 752/1312/1312 1698/1295/1295 178/1299/1299 1200/1313/1313
f 1199/1308/1308 752/1312/1312 1200/1313/1313 414/1309/1309
f 414/1309/1309 1200/1313/1313 753/1314/1314 1201/1315/1315
f 1200/1313/1313 178/1299/1299 1697/1305/1305 753/1314/1314
f 753/1314/1314 1697/1305/1305 34/776/776 1574/775/775
f 1201/1315/1315 753/1314/1314 1574/775/775 116/772/772
f 179/1311/1311 1202/1310/1310 754/1316/1316 1699/1317/1317
f 1202/1310/1310 414/1309/1309 1201/1315/1315 754/1316/1316
f 754/1316/1316 1201/1315/1315 116/772/772 1573/771/771
f 1699/1317/1317 754/1316/1316 1573/771/771 33/770/770
f 56/763/763 1701/1318/1318 755/1319/1319 1571/764/764
f 1701/1318/1318 180/1320/1320 1203/1321/1321 755/1319/1319
f 755/1319/1319 1203/1321/1321 415/1322/1322 1206/1323/1323
f 1571/764/764 755/1319/1319 1206/1323/1323 115/765/765
f 180/1320/1320 1702/1324/1324 756/1325/1325 1203/1321/1321
f 1702/1324/1324 80/740/740 1564/738/738 756/1325/1325
f 756/1325/1325 1564/738/738 335/734/734 1204/1326/1326
f 1203/1321/1321 756/1325/1325 1204/1326/1326 415/1322/1322
f 415/1322/1322 1204/1326/1326 757/1327/1327 1205/1328/1328
f 1204/1326/1326 335/734/734 1563/732/732 757/1327/1327
f 757/1327/1327 1563/732/732 79/623/623 1700/1307/1307
f 1205/1328/1328 757/1327/1327 1700/1307/1307 179/1311/1311
f 115/765/765 1206/1323/1323 758/1329/1329 1572/769/769
f 1206/1323/1323 415/1322/1322 1205/1328/1328 758/1329/1329
f 758/1329/1329 1205/1328/1328 179/1311/1311 1699/1317/1317
f 1572/769/769 758/1329/1329 1699/1317/1317 33/770/770
f 41/134/134 1703/1330/1330 759/1331/1331 1633/995/995
f 1703/1330/1330 181/1332/1332 1207/1333/1333 759/1331/1331
f 759/1331/1331 1207/1333/1333 416/1334/1334 1210/1335/1335
f 1633/995/995 759/1331/1331 1210/1335/1335 146/996/996
f 181/1332/1332 1704/1336/1336 760/1337/1337 1207/1333/1333
f 1704/1336/1336 81/594/594 1638/1009/1009 760/1337/1337
f 760/1337/1337 1638/1009/1009 148/1005/1005 1208/1338/1338
f 1207/1333/1333 760/1337/1337 1208/1338/1338 416/1334/1334
f 416/1334/1334 1208/1338/1338 761/1339/1339 1209/1340/1340
f 1208/1338/1338 148/1005/1005 1637/1003/1003 761/1339/1339
f 761/1339/1339 1637/1003/1003 80/740/740 1702/1324/1324
f 1209/1340/1340 761/1339/1339 1702/1324/1324 180/1320/1320
f 146/996/996 1210/1335/1335 762/1341/1341 1634/1000/1000
f 1210/1335/1335 416/1334/1334 1209/1340/1340 762/1341/1341
f 762/1341/1341 1209/1340/1340 180/1320/1320 1701/1318/1318
f 1634/1000/1000 762/1341/1341 1701/1318/1318 56/763/763
f 82/572/572 1524/598/598 763/1342/1342 1706/1343/1343
f 1524/598/598 315/596/596 1211/1344/1344 763/1342/1342
f 763/1342/1342 1211/1344/1344 417/1345/1345 1214/1346/1346
f 1706/1343/1343 763/1342/1342 1214/1346/1346 182/1347/1347
f 315/596/596 1523/595/595 764/1348/1348 1211/1344/1344
f 1523/595/595 81/594/594 1704/1336/1336 764/1348/1348
f 764/1348/1348 1704/1336/1336 181/1332/1332 1212/1349/1349
f 1211/1344/1344 764/1348/1348 1212/1349/1349 417/1345/1345
f 417/1345/1345 1212/1349/1349 765/1350/1350 1213/1351/1351
f 1212/1349/1349 181/1332/1332 1703/1330/1330 765/1350/1350
f 765/1350/1350 1703/1330/1330 41/134/134 1386/133/133
f 1213/1351/1351 765/1350/1350 1386/133/133 246/129/129
f 182/1347/1347 1214/1346/1346 766/1352/1352 1705/1353/1353
f 1214/1346/1346 417/1345/1345 1213/1351/1351 766/1352/1352
f 766/1352/1352 1213/1351/1351 246/129/129 1385/128/128
f 1705/1353/1353 766/1352/1352 1385/128/128 32/127/127
f 75/578/578 1516/577/577 767/1354/1354 1693/1278/1278
f 1516/577/577 311/574/574 1215/1355/1355 767/1354/1354
f 767/1354/1354 1215/1355/1355 418/1356/1356 1218/1357/1357
f 1693/1278/1278 767/1354/1354 1218/1357/1357 176/1279/1279
f 311/574/574 1515/573/573 768/1358/1358 1215/1355/1355
f 1515/573/573 82/572/572 1706/1343/1343 768/1358/1358
f 768/1358/1358 1706/1343/1343 182/1347/1347 1216/1359/1359
f 1215/1355/1355 768/1358/1358 1216/1359/1359 418/1356/1356
f 418/1356/1356 1216/1359/1359 769/1360/1360 1217/1361/1361
f 1216/1359/1359 182/1347/1347 1705/1353/1353 769/1360/1360
f 769/1360/1360 1705/1353/1353 32/127/127 1384/125/125
f 1217/1361/1361 769/1360/1360 1384/125/125 245/120/120
f 176/1279/1279 1218/1357/1357 770/1362/1362 1694/1281/1281
f 1218/1357/1357 418/1356/1356 1217/1361/1361 770/1362/1362
f 770/1362/1362 1217/1361/1361 245/120/120 1383/117/117
f 1694/1281/1281 770/1362/1362 1383/117/117 31/116/116
f 20/340/340 1454/366/366 771/1951/1363 1710/1920/1364
f 1454/366/366 280/364/364 1219/1365/1365 771/1951/1363
f 771/1363/1363 1219/1950/1365 419/1366/1366 1222/1367/1367
f 1710/1364/1364 771/1363/1363 1222/1367/1367 184/1368/1368
f 280/364/364 1453/363/363 772/1949/1369 1219/1365/1365
f 1453/363/363 44/362/362 1707/1370/1370 772/1949/1369
f 772/1369/1369 1707/1947/1370 183/1371/1371 1220/1372/1372
f 1219/1950/1365 772/1369/1369 1220/1372/1372 419/1366/1366
f 419/1366/1366 1220/1372/1372 773/1373/1373 1221/1374/1374
f 1220/1372/1372 183/1371/1371 1708/1375/1375 773/1373/1373
f 773/1373/1373 1708/1375/1375 84/505/505 1496/503/503
f 1221/1374/1374 773/1373/1373 1496/503/503 301/499/499
f 184/1368/1368 1222/1367/1367 774/1376/1376 1709/1377/1377
f 1222/1367/1367 419/1366/1366 1221/1374/1374 774/1376/1376
f 774/1376/1376 1221/1374/1374 301/499/499 1495/497/497
f 1709/1377/1377 774/1376/1376 1495/497/497 83/488/488
f 85/828/828 1624/956/956 775/1378/1378 1712/1379/1379
f 1624/956/956 141/952/952 1223/1380/1380 775/1378/1378
f 775/1378/1378 1223/1380/1380 420/1381/1381 1226/1382/1382
f 1712/1379/1379 775/1378/1378 1226/1382/1382 185/1383/1383
f 141/952/952 1623/951/951 776/1384/1384 1223/1380/1380
f 1623/951/951 84/505/505 1708/1375/1375 776/1384/1384
f 776/1384/1384 1708/1375/1375 183/1371/1371 1224/1385/1385
f 1223/1380/1380 776/1384/1384 1224/1385/1385 420/1381/1381
f 420/1381/1381 1224/1385/1385 777/1948/1386 1225/1945/1387
f 1224/1385/1385 183/1371/1371 1707/1947/1370 777/1948/1386
f 777/1386/1386 1707/1370/1370 44/362/362 1628/959/959
f 1225/1387/1387 777/1386/1386 1628/959/959 143/963/963
f 185/1383/1383 1226/1382/1382 778/1946/1388 1711/1943/1389
f 1226/1382/1382 420/1381/1381 1225/1945/1387 778/1946/1388
f 778/1388/1388 1225/1387/1387 143/963/963 1627/972/972
f 1711/1389/1389 778/1388/1388 1627/972/972 53/797/797
f 86/513/513 1592/834/834 779/1390/1390 1714/1391/1391
f 1592/834/834 125/830/830 1227/1392/1392 779/1390/1390
f 779/1390/1390 1227/1392/1392 421/1393/1393 1230/1394/1394
f 1714/1391/1391 779/1390/1390 1230/1394/1394 186/1395/1395
f 125/830/830 1591/829/829 780/1396/1396 1227/1392/1392
f 1591/829/829 85/828/828 1712/1379/1379 780/1396/1396
f 780/1396/1396 1712/1379/1379 185/1383/1383 1228/1397/1397
f 1227/1392/1392 780/1396/1396 1228/1397/1397 421/1393/1393
f 421/1393/1393 1228/1397/1397 781/1944/1398 1229/1941/1399
f 1228/1397/1397 185/1383/1383 1711/1943/1389 781/1944/1398
f 781/1398/1398 1711/1389/1389 53/797/797 1588/800/800
f 1229/1399/1399 781/1398/1398 1588/800/800 123/805/805
f 186/1395/1395 1230/1394/1394 782/1942/1400 1713/1940/1401
f 1230/1394/1394 421/1393/1393 1229/1941/1399 782/1942/1400
f 782/1400/1400 1229/1399/1399 123/805/805 1587/816/816
f 1713/1401/1401 782/1400/1400 1587/816/816 21/391/391
f 21/391/391 1460/390/390 783/1939/1402 1713/1401/1401
f 1460/390/390 283/387/387 1231/1403/1403 783/1939/1402
f 783/1402/1402 1231/1938/1403 422/1404/1404 1234/1405/1405
f 1713/1940/1401 783/1402/1402 1234/1405/1405 186/1395/1395
f 283/387/387 1459/386/386 784/1937/1406 1231/1403/1403
f 1459/386/386 22/385/385 1715/1407/1407 784/1937/1406
f 784/1406/1406 1715/1936/1407 187/1408/1408 1232/1409/1409
f 1231/1938/1403 784/1406/1406 1232/1409/1409 422/1404/1404
f 422/1404/1404 1232/1409/1409 785/1410/1410 1233/1411/1411
f 1232/1409/1409 187/1408/1408 1716/1412/1412 785/1410/1410
f 785/1410/1410 1716/1412/1412 87/524/524 1500/522/522
f 1233/1411/1411 785/1410/1410 1500/522/522 303/517/517
f 186/1395/1395 1234/1405/1405 786/1413/1413 1714/1391/1391
f 1234/1405/1405 422/1404/1404 1233/1411/1411 786/1413/1413
f 786/1413/1413 1233/1411/1411 303/517/517 1499/514/514
f 1714/1391/1391 786/1413/1413 1499/514/514 86/513/513
f 22/385/385 1608/888/888 787/1935/1414 1715/1407/1407
f 1608/888/888 133/886/886 1235/1415/1415 787/1935/1414
f 787/1414/1414 1235/1934/1415 423/1416/1416 1238/1417/1417
f 1715/1936/1407 787/1414/1414 1238/1417/1417 187/1408/1408
f 133/886/886 1607/885/885 788/1933/1418 1235/1415/1415
f 1607/885/885 50/884/884 1717/1419/1419 788/1933/1418
f 788/1418/1418 1717/1931/1419 188/1420/1420 1236/1421/1421
f 1235/1934/1415 788/1418/1418 1236/1421/1421 423/1416/1416
f 423/1416/1416 1236/1421/1421 789/1422/1422 1237/1423/1423
f 1236/1421/1421 188/1420/1420 1718/1424/1424 789/1422/1422
f 789/1422/1422 1718/1424/1424 88/861/861 1600/859/859
f 1237/1423/1423 789/1422/1422 1600/859/859 129/855/855
f 187/1408/1408 1238/1417/1417 790/1425/1425 1716/1412/1412
f 1238/1417/1417 423/1416/1416 1237/1423/1423 790/1425/1425
f 790/1425/1425 1237/1423/1423 129/855/855 1599/853/853
f 1716/1412/1412 790/1425/1425 1599/853/853 87/524/524
f 89/546/546 1618/931/931 791/1426/1426 1720/1427/1427
f 1618/931/931 138/927/927 1239/1428/1428 791/1426/1426
f 791/1426/1426 1239/1428/1428 424/1429/1429 1242/1430/1430
f 1720/1427/1427 791/1426/1426 1242/1430/1430 189/1431/1431
f 138/927/927 1617/926/926 792/1432/1432 1239/1428/1428
f 1617/926/926 88/861/861 1718/1424/1424 792/1432/1432
f 792/1432/1432 1718/1424/1424 188/1420/1420 1240/1433/1433
f 1239/1428/1428 792/1432/1432 1240/1433/1433 424/1429/1429
f 424/1429/1429 1240/1433/1433 793/1932/1434 1241/1929/1435
f 1240/1433/1433 188/1420/1420 1717/1931/1419 793/1932/1434
f 793/1434/1434 1717/1419/1419 50/884/884 1616/905/905
f 1241/1435/1435 793/1434/1434 1616/905/905 137/909/909
f 189/1431/1431 1242/1430/1430 794/1930/1436 1719/1927/1437
f 1242/1430/1430 424/1429/1429 1241/1929/1435 794/1930/1436
f 794/1436/1436 1241/1435/1435 137/909/909 1615/918/918
f 1719/1437/1437 794/1436/1436 1615/918/918 47/392/392
f 90/477/477 1510/552/552 795/1438/1438 1722/1439/1439
f 1510/552/552 308/548/548 1243/1440/1440 795/1438/1438
f 795/1438/1438 1243/1440/1440 425/1441/1441 1246/1442/1442
f 1722/1439/1439 795/1438/1438 1246/1442/1442 190/1443/1443
f 308/548/548 1509/547/547 796/1444/1444 1243/1440/1440
f 1509/547/547 89/546/546 1720/1427/1427 796/1444/1444
f 796/1444/1444 1720/1427/1427 189/1431/1431 1244/1445/1445
f 1243/1440/1440 796/1444/1444 1244/1445/1445 425/1441/1441
f 425/1441/1441 1244/1445/1445 797/1928/1446 1245/1925/1447
f 1244/1445/1445 189/1431/1431 1719/1927/1437 797/1928/1446
f 797/1446/1446 1719/1437/1437 47/392/392 1468/395/395
f 1245/1447/1447 797/1446/1446 1468/395/395 287/400/400
f 190/1443/1443 1246/1442/1442 798/1926/1448 1721/1924/1449
f 1246/1442/1442 425/1441/1441 1245/1925/1447 798/1926/1448
f 798/1448/1448 1245/1447/1447 287/400/400 1467/411/411
f 1721/1449/1449 798/1448/1448 1467/411/411 19/346/346
f 19/346/346 1446/345/345 799/1923/1450 1721/1449/1449
f 1446/345/345 276/342/342 1247/1451/1451 799/1923/1450
f 799/1450/1450 1247/1922/1451 426/1452/1452 1250/1453/1453
f 1721/1924/1449 799/1450/1450 1250/1453/1453 190/1443/1443
f 276/342/342 1445/341/341 800/1921/1454 1247/1451/1451
f 1445/341/341 20/340/340 1710/1920/1364 800/1921/1454
f 800/1454/1454 1710/1364/1364 184/1368/1368 1248/1455/1455
f 1247/1922/1451 800/1454/1454 1248/1455/1455 426/1452/1452
f 426/1452/1452 1248/1455/1455 801/1456/1456 1249/1457/1457
f 1248/1455/1455 184/1368/1368 1709/1377/1377 801/1456/1456
f 801/1456/1456 1709/1377/1377 83/488/488 1490/486/486
f 1249/1457/1457 801/1456/1456 1490/486/486 298/481/481
f 190/1443/1443 1250/1453/1453 802/1458/1458 1722/1439/1439
f 1250/1453/1453 426/1452/1452 1249/1457/1457 802/1458/1458
f 802/1458/1458 1249/1457/1457 298/481/481 1489/478/478
f 1722/1439/1439 802/1458/1458 1489/478/478 90/477/477
f 92/1459/1459 1723/1460/1460 803/1461/1461 1728/1462/1462
f 1723/1460/1460 191/1463/1463 1251/1464/1464 803/1461/1461
f 803/1461/1461 1251/1464/1464 427/1465/1465 1254/1466/1466
f 1728/1462/1462 803/1461/1461 1254/1466/1466 193/1467/1467
f 191/1463/1463 1724/1468/1468 804/1469/1469 1251/1464/1464
f 1724/1468/1468 91/1470/1470 1725/1915/1471 804/1469/1469
f 804/1469/1469 1725/1915/1471 192/1914/1472 1252/1473/1473
f 1251/1464/1464 804/1469/1469 1252/1473/1473 427/1465/1465
f 427/1465/1465 1252/1473/1473 805/1856/1474 1253/1853/1475
f 1252/1473/1473 192/1914/1472 1726/1855/1476 805/1856/1474
f 805/1474/1474 1726/1476/1476 4/46/46 1368/49/49
f 1253/1475/1475 805/1474/1474 1368/49/49 237/54/54
f 193/1467/1467 1254/1466/1466 806/1854/1477 1727/1849/1478
f 1254/1466/1466 427/1465/1465 1253/1853/1475 806/1854/1477
f 806/1477/1477 1253/1475/1475 237/54/54 1367/68/68
f 1727/1478/1478 806/1477/1477 1367/68/68 7/70/70
f 35/1242/1242 1729/1479/1479 807/1852/1480 1687/1253/1253
f 1729/1845/1479 194/1481/1481 1255/1482/1482 807/1480/1480
f 807/1480/1480 1255/1482/1482 428/1483/1483 1258/1484/1484
f 1687/1253/1253 807/1852/1480 1258/1851/1484 173/1254/1254
f 194/1481/1481 1730/1485/1485 808/1486/1486 1255/1482/1482
f 1730/1485/1485 93/1487/1487 1731/1488/1488 808/1486/1486
f 808/1486/1486 1731/1488/1488 195/1489/1489 1256/1490/1490
f 1255/1482/1482 808/1486/1486 1256/1490/1490 428/1483/1483
f 428/1483/1483 1256/1490/1490 809/1491/1491 1257/1492/1492
f 1256/1490/1490 195/1489/1489 1732/1493/1493 809/1491/1491
f 809/1491/1491 1732/1493/1493 92/1459/1459 1728/1462/1462
f 1257/1492/1492 809/1491/1491 1728/1462/1462 193/1467/1467
f 173/1254/1254 1258/1851/1484 810/1850/1494 1688/1257/1257
f 1258/1484/1484 428/1483/1483 1257/1492/1492 810/1494/1494
f 810/1494/1494 1257/1492/1492 193/1467/1467 1727/1849/1478
f 1688/1257/1257 810/1850/1494 1727/1478/1478 7/70/70
f 49/1219/1219 1733/1495/1495 811/1848/1496 1683/1237/1237
f 1733/1843/1495 196/1497/1497 1259/1498/1498 811/1496/1496
f 811/1496/1496 1259/1498/1498 429/1499/1499 1262/1500/1500
f 1683/1237/1237 811/1848/1496 1262/1847/1500 171/1238/1238
f 196/1497/1497 1734/1501/1501 812/1502/1502 1259/1498/1498
f 1734/1501/1501 94/1503/1503 1735/1504/1504 812/1502/1502
f 812/1502/1502 1735/1504/1504 197/1505/1505 1260/1506/1506
f 1259/1498/1498 812/1502/1502 1260/1506/1506 429/1499/1499
f 429/1499/1499 1260/1506/1506 813/1507/1507 1261/1508/1508
f 1260/1506/1506 197/1505/1505 1736/1509/1509 813/1507/1507
f 813/1507/1507 1736/1509/1509 93/1487/1487 1730/1485/1485
f 1261/1508/1508 813/1507/1507 1730/1485/1485 194/1481/1481
f 171/1238/1238 1262/1847/1500 814/1846/1510 1684/1241/1241
f 1262/1500/1500 429/1499/1499 1261/1508/1508 814/1510/1510
f 814/1510/1510 1261/1508/1508 194/1481/1481 1729/1845/1479
f 1684/1241/1241 814/1846/1510 1729/1479/1479 35/1242/1242
f 95/1511/1511 1737/1512/1512 815/1513/1513 1740/1514/1514
f 1737/1512/1512 198/1515/1515 1263/1516/1516 815/1513/1513
f 815/1513/1513 1263/1516/1516 430/1517/1517 1266/1518/1518
f 1740/1514/1514 815/1513/1513 1266/1518/1518 199/1519/1519
f 198/1515/1515 1738/1520/1520 816/1521/1521 1263/1516/1516
f 1738/1520/1520 94/1503/1503 1734/1501/1501 816/1521/1521
f 816/1521/1521 1734/1501/1501 196/1497/1497 1264/1522/1522
f 1263/1516/1516 816/1521/1521 1264/1522/1522 430/1517/1517
f 430/1517/1517 1264/1522/1522 817/1844/1523 1265/1842/1524
f 1264/1522/1522 196/1497/1497 1733/1843/1495 817/1844/1523
f 817/1523/1523 1733/1495/1495 49/1219/1219 1680/1217/1217
f 1265/1524/1524 817/1523/1523 1680/1217/1217 169/1213/1213
f 199/1519/1519 1266/1518/1518 818/1525/1525 1739/1526/1526
f 1266/1518/1518 430/1517/1517 1265/1842/1524 818/1525/1525
f 818/1525/1525 1265/1524/1524 169/1213/1213 1679/1211/1211
f 1739/1526/1526 818/1525/1525 1679/1211/1211 10/1203/1203
f 10/1203/1203 1676/1201/1201 819/1527/1527 1739/1526/1526
f 1676/1201/1201 167/1197/1197 1267/1528/1528 819/1527/1527
f 819/1527/1527 1267/1528/1528 431/1529/1529 1270/1530/1530
f 1739/1526/1526 819/1527/1527 1270/1530/1530 199/1519/1519
f 167/1197/1197 1675/1195/1195 820/1531/1531 1267/1528/1528
f 1675/1195/1195 11/463/463 1741/1532/1532 820/1531/1531
f 820/1531/1531 1741/1532/1532 200/1533/1533 1268/1534/1534
f 1267/1528/1528 820/1531/1531 1268/1534/1534 431/1529/1529
f 431/1529/1529 1268/1534/1534 821/1535/1535 1269/1536/1536
f 1268/1534/1534 200/1533/1533 1742/1537/1537 821/1535/1535
f 821/1535/1535 1742/1537/1537 96/1538/1538 1743/1539/1539
f 1269/1536/1536 821/1535/1535 1743/1539/1539 201/1540/1540
f 199/1519/1519 1270/1530/1530 822/1541/1541 1740/1514/1514
f 1270/1530/1530 431/1529/1529 1269/1536/1536 822/1541/1541
f 822/1541/1541 1269/1536/1536 201/1540/1540 1744/1542/1542
f 1740/1514/1514 822/1541/1541 1744/1542/1542 95/1511/1511
f 11/463/463 1482/461/461 823/1543/1543 1741/1532/1532
f 1482/461/461 294/456/456 1271/1544/1544 823/1543/1543
f 823/1543/1543 1271/1544/1544 432/1545/1545 1274/1546/1546
f 1741/1532/1532 823/1543/1543 1274/1546/1546 200/1533/1533
f 294/456/456 1481/453/453 824/1547/1547 1271/1544/1544
f 1481/453/453 12/452/452 1745/1548/1548 824/1547/1547
f 824/1547/1547 1745/1548/1548 202/1549/1549 1272/1550/1550
f 1271/1544/1544 824/1547/1547 1272/1550/1550 432/1545/1545
f 432/1545/1545 1272/1550/1550 825/1551/1551 1273/1552/1552
f 1272/1550/1550 202/1549/1549 1746/1553/1553 825/1551/1551
f 825/1551/1551 1746/1553/1553 97/1554/1554 1747/1555/1555
f 1273/1552/1552 825/1551/1551 1747/1555/1555 203/1556/1556
f 200/1533/1533 1274/1546/1546 826/1557/1557 1742/1537/1537
f 1274/1546/1546 432/1545/1545 1273/1552/1552 826/1557/1557
f 826/1557/1557 1273/1552/1552 203/1556/1556 1748/1558/1558
f 1742/1537/1537 826/1557/1557 1748/1558/1558 96/1538/1538
f 58/727/727 1749/1559/1559 827/1841/1560 1561/728/728
f 1749/1836/1559 204/1561/1561 1275/1562/1562 827/1560/1560
f 827/1560/1560 1275/1562/1562 433/1563/1563 1278/1564/1564
f 1561/728/728 827/1841/1560 1278/1840/1564 334/729/729
f 204/1561/1561 1750/1565/1565 828/1566/1566 1275/1562/1562
f 1750/1565/1565 98/1567/1567 1751/1568/1568 828/1566/1566
f 828/1566/1566 1751/1568/1568 205/1569/1569 1276/1570/1570
f 1275/1562/1562 828/1566/1566 1276/1570/1570 433/1563/1563
f 433/1563/1563 1276/1570/1570 829/1571/1571 1277/1572/1572
f 1276/1570/1570 205/1569/1569 1752/1573/1573 829/1571/1571
f 829/1571/1571 1752/1573/1573 97/1554/1554 1746/1553/1553
f 1277/1572/1572 829/1571/1571 1746/1553/1553 202/1549/1549
f 334/729/729 1278/1840/1564 830/1574/1574 1562/731/731
f 1278/1564/1564 433/1563/1563 1277/1572/1572 830/1574/1574
f 830/1574/1574 1277/1572/1572 202/1549/1549 1745/1548/1548
f 1562/731/731 830/1574/1574 1745/1548/1548 12/452/452
f 39/440/440 1753/1575/1575 831/1839/1576 1643/1029/1029
f 1753/1834/1575 206/1577/1577 1279/1578/1578 831/1576/1576
f 831/1576/1576 1279/1578/1578 434/1579/1579 1282/1580/1580
f 1643/1029/1029 831/1839/1576 1282/1838/1580 151/1030/1030
f 206/1577/1577 1754/1581/1581 832/1582/1582 1279/1578/1578
f 1754/1581/1581 99/1583/1583 1755/1584/1584 832/1582/1582
f 832/1582/1582 1755/1584/1584 207/1585/1585 1280/1586/1586
f 1279/1578/1578 832/1582/1582 1280/1586/1586 434/1579/1579
f 434/1579/1579 1280/1586/1586 833/1587/1587 1281/1588/1588
f 1280/1586/1586 207/1585/1585 1756/1589/1589 833/1587/1587
f 833/1587/1587 1756/1589/1589 98/1567/1567 1750/1565/1565
f 1281/1588/1588 833/1587/1587 1750/1565/1565 204/1561/1561
f 151/1030/1030 1282/1838/1580 834/1837/1590 1644/1032/1032
f 1282/1580/1580 434/1579/1579 1281/1588/1588 834/1590/1590
f 834/1590/1590 1281/1588/1588 204/1561/1561 1749/1836/1559
f 1644/1032/1032 834/1837/1590 1749/1559/1559 58/727/727
f 100/1591/1591 1757/1592/1592 835/1593/1593 1760/1594/1594
f 1757/1592/1592 208/1595/1595 1283/1596/1596 835/1593/1593
f 835/1593/1593 1283/1596/1596 435/1597/1597 1286/1598/1598
f 1760/1594/1594 835/1593/1593 1286/1598/1598 209/1599/1599
f 208/1595/1595 1758/1600/1600 836/1601/1601 1283/1596/1596
f 1758/1600/1600 99/1583/1583 1754/1581/1581 836/1601/1601
f 836/1601/1601 1754/1581/1581 206/1577/1577 1284/1602/1602
f 1283/1596/1596 836/1601/1601 1284/1602/1602 435/1597/1597
f 435/1597/1597 1284/1602/1602 837/1835/1603 1285/1832/1604
f 1284/1602/1602 206/1577/1577 1753/1834/1575 837/1835/1603
f 837/1603/1603 1753/1575/1575 39/440/440 1476/438/438
f 1285/1604/1604 837/1603/1603 1476/438/438 291/434/434
f 209/1599/1599 1286/1598/1598 838/1833/1605 1759/1830/1606
f 1286/1598/1598 435/1597/1597 1285/1832/1604 838/1833/1605
f 838/1605/1605 1285/1604/1604 291/434/434 1475/432/432
f 1759/1606/1606 838/1605/1605 1475/432/432 9/86/86
f 101/1903/1607 1761/1608/1608 839/1609/1609 1764/1913/1610
f 1761/1608/1608 210/1611/1611 1287/1612/1612 839/1609/1609
f 839/1609/1609 1287/1612/1612 436/1613/1613 1290/1614/1614
f 1764/1913/1610 839/1609/1609 1290/1614/1614 211/1912/1615
f 210/1611/1611 1762/1616/1616 840/1617/1617 1287/1612/1612
f 1762/1616/1616 100/1591/1591 1760/1594/1594 840/1617/1617
f 840/1617/1617 1760/1594/1594 209/1599/1599 1288/1618/1618
f 1287/1612/1612 840/1617/1617 1288/1618/1618 436/1613/1613
f 436/1613/1613 1288/1618/1618 841/1831/1619 1289/1827/1620
f 1288/1618/1618 209/1599/1599 1759/1830/1606 841/1831/1619
f 841/1619/1619 1759/1606/1606 9/86/86 1372/85/85
f 1289/1620/1620 841/1619/1619 1372/85/85 239/81/81
f 211/1912/1615 1290/1614/1614 842/1828/1621 1763/1829/1622
f 1290/1614/1614 436/1613/1613 1289/1827/1620 842/1828/1621
f 842/1621/1621 1289/1620/1620 239/81/81 1371/80/80
f 1763/1622/1622 842/1621/1621 1371/80/80 6/79/79
f 102/1623/1623 1765/1624/1624 843/1625/1625 1768/1626/1626
f 1765/1624/1624 212/1627/1627 1291/1628/1628 843/1625/1625
f 843/1625/1625 1291/1628/1628 437/1629/1629 1294/1630/1630
f 1768/1626/1626 843/1625/1625 1294/1630/1630 213/1631/1631
f 212/1627/1627 1766/1632/1632 844/1633/1633 1291/1628/1628
f 1766/1632/1632 101/1607/1607 1764/1610/1610 844/1633/1633
f 844/1633/1633 1764/1610/1610 211/1615/1615 1292/1634/1634
f 1291/1628/1628 844/1633/1633 1292/1634/1634 437/1629/1629
f 437/1629/1629 1292/1634/1634 845/1635/1635 1293/1636/1636
f 1292/1634/1634 211/1615/1615 1763/1622/1622 845/1635/1635
f 845/1635/1635 1763/1622/1622 6/79/79 1370/77/77
f 1293/1636/1636 845/1635/1635 1370/77/77 238/73/73
f 213/1631/1631 1294/1630/1630 846/1637/1637 1767/1638/1638
f 1294/1630/1630 437/1629/1629 1293/1636/1636 846/1637/1637
f 846/1637/1637 1293/1636/1636 238/73/73 1369/71/71
f 1767/1638/1638 846/1637/1637 1369/71/71 5/57/57
f 91/1908/1470 1769/1639/1639 847/1640/1640 1725/1471/1471
f 1769/1639/1639 214/1641/1641 1295/1642/1642 847/1640/1640
f 847/1640/1640 1295/1642/1642 438/1643/1643 1298/1644/1644
f 1725/1471/1471 847/1640/1640 1298/1644/1644 192/1472/1472
f 214/1641/1641 1770/1645/1645 848/1646/1646 1295/1642/1642
f 1770/1645/1645 102/1623/1623 1768/1626/1626 848/1646/1646
f 848/1646/1646 1768/1626/1626 213/1631/1631 1296/1647/1647
f 1295/1642/1642 848/1646/1646 1296/1647/1647 438/1643/1643
f 438/1643/1643 1296/1647/1647 849/1648/1648 1297/1649/1649
f 1296/1647/1647 213/1631/1631 1767/1638/1638 849/1648/1648
f 849/1648/1648 1767/1638/1638 5/57/57 1362/55/55
f 1297/1649/1649 849/1648/1648 1362/55/55 234/50/50
f 192/1472/1472 1298/1644/1644 850/1650/1650 1726/1476/1476
f 1298/1644/1644 438/1643/1643 1297/1649/1649 850/1650/1650
f 850/1650/1650 1297/1649/1649 234/50/50 1361/47/47
f 1726/1476/1476 850/1650/1650 1361/47/47 4/46/46
f 104/290/290 1440/321/321 851/1651/1651 1774/1652/1652
f 1440/321/321 273/319/319 1299/1653/1653 851/1651/1651
f 851/1651/1651 1299/1653/1653 439/1654/1654 1302/1655/1655
f 1774/1652/1652 851/1651/1651 1302/1655/1655 216/1656/1656
f 273/319/319 1439/318/318 852/1657/1657 1299/1653/1653
f 1439/318/318 103/1911/25 1771/1910/1658 852/1657/1657
f 852/1657/1657 1771/1910/1658 215/1909/1659 1300/1660/1660
f 1299/1653/1653 852/1657/1657 1300/1660/1660 439/1654/1654
f 439/1654/1654 1300/1660/1660 853/1661/1661 1301/1662/1662
f 1300/1660/1660 215/1909/1659 1772/1907/1663 853/1661/1661
f 853/1661/1661 1772/1907/1663 91/1470/1470 1724/1468/1468
f 1301/1662/1662 853/1661/1661 1724/1468/1468 191/1463/1463
f 216/1656/1656 1302/1655/1655 854/1664/1664 1773/1665/1665
f 1302/1655/1655 439/1654/1654 1301/1662/1662 854/1664/1664
f 854/1664/1664 1301/1662/1662 191/1463/1463 1723/1460/1460
f 1773/1665/1665 854/1664/1664 1723/1460/1460 92/1459/1459
f 92/1459/1459 1732/1493/1493 855/1666/1666 1773/1665/1665
f 1732/1493/1493 195/1489/1489 1303/1667/1667 855/1666/1666
f 855/1666/1666 1303/1667/1667 440/1668/1668 1306/1669/1669
f 1773/1665/1665 855/1666/1666 1306/1669/1669 216/1656/1656
f 195/1489/1489 1731/1488/1488 856/1670/1670 1303/1667/1667
f 1731/1488/1488 93/1487/1487 1775/1671/1671 856/1670/1670
f 856/1670/1670 1775/1671/1671 217/1672/1672 1304/1673/1673
f 1303/1667/1667 856/1670/1670 1304/1673/1673 440/1668/1668
f 440/1668/1668 1304/1673/1673 857/1674/1674 1305/1675/1675
f 1304/1673/1673 217/1672/1672 1776/1676/1676 857/1674/1674
f 857/1674/1674 1776/1676/1676 105/301/301 1434/299/299
f 1305/1675/1675 857/1674/1674 1434/299/299 270/294/294
f 216/1656/1656 1306/1669/1669 858/1677/1677 1774/1652/1652
f 1306/1669/1669 440/1668/1668 1305/1675/1675 858/1677/1677
f 858/1677/1677 1305/1675/1675 270/294/294 1433/291/291
f 1774/1652/1652 858/1677/1677 1433/291/291 104/290/290
f 93/1487/1487 1736/1509/1509 859/1678/1678 1775/1671/1671
f 1736/1509/1509 197/1505/1505 1307/1679/1679 859/1678/1678
f 859/1678/1678 1307/1679/1679 441/1680/1680 1310/1681/1681
f 1775/1671/1671 859/1678/1678 1310/1681/1681 217/1672/1672
f 197/1505/1505 1735/1504/1504 860/1682/1682 1307/1679/1679
f 1735/1504/1504 94/1503/1503 1777/1683/1683 860/1682/1682
f 860/1682/1682 1777/1683/1683 218/1684/1684 1308/1685/1685
f 1307/1679/1679 860/1682/1682 1308/1685/1685 441/1680/1680
f 441/1680/1680 1308/1685/1685 861/1686/1686 1309/1687/1687
f 1308/1685/1685 218/1684/1684 1778/1688/1688 861/1686/1686
f 861/1686/1686 1778/1688/1688 106/659/659 1610/895/895
f 1309/1687/1687 861/1686/1686 1610/895/895 134/891/891
f 217/1672/1672 1310/1681/1681 862/1689/1689 1776/1676/1676
f 1310/1681/1681 441/1680/1680 1309/1687/1687 862/1689/1689
f 862/1689/1689 1309/1687/1687 134/891/891 1609/889/889
f 1776/1676/1676 862/1689/1689 1609/889/889 105/301/301
f 107/141/141 1544/663/663 863/1690/1690 1780/1691/1691
f 1544/663/663 325/661/661 1311/1692/1692 863/1690/1690
f 863/1690/1690 1311/1692/1692 442/1693/1693 1314/1694/1694
f 1780/1691/1691 863/1690/1690 1314/1694/1694 219/1695/1695
f 325/661/661 1543/660/660 864/1696/1696 1311/1692/1692
f 1543/660/660 106/659/659 1778/1688/1688 864/1696/1696
f 864/1696/1696 1778/1688/1688 218/1684/1684 1312/1697/1697
f 1311/1692/1692 864/1696/1696 1312/1697/1697 442/1693/1693
f 442/1693/1693 1312/1697/1697 865/1698/1698 1313/1699/1699
f 1312/1697/1697 218/1684/1684 1777/1683/1683 865/1698/1698
f 865/1698/1698 1777/1683/1683 94/1503/1503 1738/1520/1520
f 1313/1699/1699 865/1698/1698 1738/1520/1520 198/1515/1515
f 219/1695/1695 1314/1694/1694 866/1700/1700 1779/1701/1701
f 1314/1694/1694 442/1693/1693 1313/1699/1699 866/1700/1700
f 866/1700/1700 1313/1699/1699 198/1515/1515 1737/1512/1512
f 1779/1701/1701 866/1700/1700 1737/1512/1512 95/1511/1511
f 95/1511/1511 1744/1542/1542 867/1702/1702 1779/1701/1701
f 1744/1542/1542 201/1540/1540 1315/1703/1703 867/1702/1702
f 867/1702/1702 1315/1703/1703 443/1704/1704 1318/1705/1705
f 1779/1701/1701 867/1702/1702 1318/1705/1705 219/1695/1695
f 201/1540/1540 1743/1539/1539 868/1706/1706 1315/1703/1703
f 1743/1539/1539 96/1538/1538 1781/1707/1707 868/1706/1706
f 868/1706/1706 1781/1707/1707 220/1708/1708 1316/1709/1709
f 1315/1703/1703 868/1706/1706 1316/1709/1709 443/1704/1704
f 443/1704/1704 1316/1709/1709 869/1710/1710 1317/1711/1711
f 1316/1709/1709 220/1708/1708 1782/1712/1712 869/1710/1710
f 869/1710/1710 1782/1712/1712 108/152/152 1392/150/150
f 1317/1711/1711 869/1710/1710 1392/150/150 249/145/145
f 219/1695/1695 1318/1705/1705 870/1713/1713 1780/1691/1691
f 1318/1705/1705 443/1704/1704 1317/1711/1711 870/1713/1713
f 870/1713/1713 1317/1711/1711 249/145/145 1391/142/142
f 1780/1691/1691 870/1713/1713 1391/142/142 107/141/141
f 96/1538/1538 1748/1558/1558 871/1714/1714 1781/1707/1707
f 1748/1558/1558 203/1556/1556 1319/1715/1715 871/1714/1714
f 871/1714/1714 1319/1715/1715 444/1716/1716 1322/1717/1717
f 1781/1707/1707 871/1714/1714 1322/1717/1717 220/1708/1708
f 203/1556/1556 1747/1555/1555 872/1718/1718 1319/1715/1715
f 1747/1555/1555 97/1554/1554 1783/1719/1719 872/1718/1718
f 872/1718/1718 1783/1719/1719 221/1720/1720 1320/1721/1721
f 1319/1715/1715 872/1718/1718 1320/1721/1721 444/1716/1716
f 444/1716/1716 1320/1721/1721 873/1722/1722 1321/1723/1723
f 1320/1721/1721 221/1720/1720 1784/1724/1724 873/1722/1722
f 873/1722/1722 1784/1724/1724 109/174/174 1400/172/172
f 1321/1723/1723 873/1722/1722 1400/172/172 253/168/168
f 220/1708/1708 1322/1717/1717 874/1725/1725 1782/1712/1712
f 1322/1717/1717 444/1716/1716 1321/1723/1723 874/1725/1725
f 874/1725/1725 1321/1723/1723 253/168/168 1399/166/166
f 1782/1712/1712 874/1725/1725 1399/166/166 108/152/152
f 97/1554/1554 1752/1573/1573 875/1726/1726 1783/1719/1719
f 1752/1573/1573 205/1569/1569 1323/1727/1727 875/1726/1726
f 875/1726/1726 1323/1727/1727 445/1728/1728 1326/1729/1729
f 1783/1719/1719 875/1726/1726 1326/1729/1729 221/1720/1720
f 205/1569/1569 1751/1568/1568 876/1730/1730 1323/1727/1727
f 1751/1568/1568 98/1567/1567 1785/1731/1731 876/1730/1730
f 876/1730/1730 1785/1731/1731 222/1732/1732 1324/1733/1733
f 1323/1727/1727 876/1730/1730 1324/1733/1733 445/1728/1728
f 445/1728/1728 1324/1733/1733 877/1734/1734 1325/1735/1735
f 1324/1733/1733 222/1732/1732 1786/1736/1736 877/1734/1734
f 877/1734/1734 1786/1736/1736 110/704/704 1554/702/702
f 1325/1735/1735 877/1734/1734 1554/702/702 330/698/698
f 221/1720/1720 1326/1729/1729 878/1737/1737 1784/1724/1724
f 1326/1729/1729 445/1728/1728 1325/1735/1735 878/1737/1737
f 878/1737/1737 1325/1735/1735 330/698/698 1553/696/696
f 1784/1724/1724 878/1737/1737 1553/696/696 109/174/174
f 98/1567/1567 1756/1589/1589 879/1738/1738 1785/1731/1731
f 1756/1589/1589 207/1585/1585 1327/1739/1739 879/1738/1738
f 879/1738/1738 1327/1739/1739 446/1740/1740 1330/1741/1741
f 1785/1731/1731 879/1738/1738 1330/1741/1741 222/1732/1732
f 207/1585/1585 1755/1584/1584 880/1742/1742 1327/1739/1739
f 1755/1584/1584 99/1583/1583 1787/1743/1743 880/1742/1742
f 880/1742/1742 1787/1743/1743 223/1744/1744 1328/1745/1745
f 1327/1739/1739 880/1742/1742 1328/1745/1745 446/1740/1740
f 446/1740/1740 1328/1745/1745 881/1746/1746 1329/1747/1747
f 1328/1745/1745 223/1744/1744 1788/1748/1748 881/1746/1746
f 881/1746/1746 1788/1748/1748 111/271/271 1646/1039/1039
f 1329/1747/1747 881/1746/1746 1646/1039/1039 152/1035/1035
f 222/1732/1732 1330/1741/1741 882/1749/1749 1786/1736/1736
f 1330/1741/1741 446/1740/1740 1329/1747/1747 882/1749/1749
f 882/1749/1749 1329/1747/1747 152/1035/1035 1645/1033/1033
f 1786/1736/1736 882/1749/1749 1645/1033/1033 110/704/704
f 112/277/277 1428/276/276 883/1750/1750 1790/1751/1751
f 1428/276/276 267/273/273 1331/1752/1752 883/1750/1750
f 883/1750/1750 1331/1752/1752 447/1753/1753 1334/1754/1754
f 1790/1751/1751 883/1750/1750 1334/1754/1754 224/1755/1755
f 267/273/273 1427/272/272 884/1756/1756 1331/1752/1752
f 1427/272/272 111/271/271 1788/1748/1748 884/1756/1756
f 884/1756/1756 1788/1748/1748 223/1744/1744 1332/1757/1757
f 1331/1752/1752 884/1756/1756 1332/1757/1757 447/1753/1753
f 447/1753/1753 1332/1757/1757 885/1758/1758 1333/1759/1759
f 1332/1757/1757 223/1744/1744 1787/1743/1743 885/1758/1758
f 885/1758/1758 1787/1743/1743 99/1583/1583 1758/1600/1600
f 1333/1759/1759 885/1758/1758 1758/1600/1600 208/1595/1595
f 224/1755/1755 1334/1754/1754 886/1760/1760 1789/1761/1761
f 1334/1754/1754 447/1753/1753 1333/1759/1759 886/1760/1760
f 886/1760/1760 1333/1759/1759 208/1595/1595 1757/1592/1592
f 1789/1761/1761 886/1760/1760 1757/1592/1592 100/1591/1591
f 113/1906/41 1432/289/289 887/1762/1762 1792/1905/1763
f 1432/289/289 269/287/287 1335/1764/1764 887/1762/1762
f 887/1762/1762 1335/1764/1764 448/1765/1765 1338/1766/1766
f 1792/1905/1763 887/1762/1762 1338/1766/1766 225/1904/1767
f 269/287/287 1431/286/286 888/1768/1768 1335/1764/1764
f 1431/286/286 112/277/277 1790/1751/1751 888/1768/1768
f 888/1768/1768 1790/1751/1751 224/1755/1755 1336/1769/1769
f 1335/1764/1764 888/1768/1768 1336/1769/1769 448/1765/1765
f 448/1765/1765 1336/1769/1769 889/1770/1770 1337/1771/1771
f 1336/1769/1769 224/1755/1755 1789/1761/1761 889/1770/1770
f 889/1770/1770 1789/1761/1761 100/1591/1591 1762/1616/1616
f 1337/1771/1771 889/1770/1770 1762/1616/1616 210/1611/1611
f 225/1904/1767 1338/1766/1766 890/1772/1772 1791/1902/1773
f 1338/1766/1766 448/1765/1765 1337/1771/1771 890/1772/1772
f 890/1772/1772 1337/1771/1771 210/1611/1611 1761/1608/1608
f 1791/1902/1773 890/1772/1772 1761/1608/1608 101/1903/1607
f 114/19/19 1360/45/45 891/1774/1774 1794/1775/1775
f 1360/45/45 233/43/43 1339/1776/1776 891/1774/1774
f 891/1774/1774 1339/1776/1776 449/1777/1777 1342/1778/1778
f 1794/1775/1775 891/1774/1774 1342/1778/1778 226/1779/1779
f 233/43/43 1359/42/42 892/1780/1780 1339/1776/1776
f 1359/42/42 113/41/41 1792/1763/1763 892/1780/1780
f 892/1780/1780 1792/1763/1763 225/1767/1767 1340/1781/1781
f 1339/1776/1776 892/1780/1780 1340/1781/1781 449/1777/1777
f 449/1777/1777 1340/1781/1781 893/1782/1782 1341/1783/1783
f 1340/1781/1781 225/1767/1767 1791/1773/1773 893/1782/1782
f 893/1782/1782 1791/1773/1773 101/1607/1607 1766/1632/1632
f 1341/1783/1783 893/1782/1782 1766/1632/1632 212/1627/1627
f 226/1779/1779 1342/1778/1778 894/1784/1784 1793/1785/1785
f 1342/1778/1778 449/1777/1777 1341/1783/1783 894/1784/1784
f 894/1784/1784 1341/1783/1783 212/1627/1627 1765/1624/1624
f 1793/1785/1785 894/1784/1784 1765/1624/1624 102/1623/1623
f 103/25/25 1352/24/24 895/1786/1786 1771/1658/1658
f 1352/24/24 229/21/21 1343/1787/1787 895/1786/1786
f 895/1786/1786 1343/1787/1787 450/1788/1788 1346/1789/1789
f 1771/1658/1658 895/1786/1786 1346/1789/1789 215/1659/1659
f 229/21/21 1351/20/20 896/1790/1790 1343/1787/1787
f 1351/20/20 114/19/19 1794/1775/1775 896/1790/1790
f 896/1790/1790 1794/1775/1775 226/1779/1779 1344/1791/1791
f 1343/1787/1787 896/1790/1790 1344/1791/1791 450/1788/1788
f 450/1788/1788 1344/1791/1791 897/1792/1792 1345/1793/1793
f 1344/1791/1791 226/1779/1779 1793/1785/1785 897/1792/1792
f 897/1792/1792 1793/1785/1785 102/1623/1623 1770/1645/1645
f 1345/1793/1793 897/1792/1792 1770/1645/1645 214/1641/1641
f 215/1659/1659 1346/1789/1789 898/1794/1794 1772/1663/1663
f 1346/1789/1789 450/1788/1788 1345/1793/1793 898/1794/1794
f 898/1794/1794 1345/1793/1793 214/1641/1641 1769/1639/1639
f 1772/1663/1663 898/1794/1794 1769/1639/1639 91/1908/1470
g default
v 4.057752 5.443688 -7.550487
v 4.057752 5.439137 -7.559418
v 4.057752 5.432049 -7.566507
v 4.057752 5.423117 -7.571058
v 4.057752 5.413217 -7.572626
v 4.057752 5.403316 -7.571058
v 4.057752 5.394384 -7.566507
v 4.057752 5.387296 -7.559418
v 4.057752 5.382745 -7.550487
v 4.057752 5.381177 -7.540586
v 4.057752 5.382745 -7.530685
v 4.057752 5.387296 -7.521754
v 4.057752 5.394384 -7.514666
v 4.057752 5.403316 -7.510115
v 4.057752 5.413217 -7.508547
v 4.057752 5.423117 -7.510115
v 4.057752 5.432049 -7.514666
v 4.057752 5.439137 -7.521754
v 4.057752 5.443688 -7.530685
v 4.057752 5.445256 -7.540586
v 4.050218 5.445143 -7.550960
v 4.050218 5.440375 -7.560318
v 4.050218 5.432948 -7.567745
v 4.050218 5.423590 -7.572513
v 4.050218 5.413217 -7.574156
v 4.050218 5.402843 -7.572513
v 4.050218 5.393485 -7.567745
v 4.050218 5.386058 -7.560318
v 4.050218 5.381290 -7.550960
v 4.050218 5.379647 -7.540586
v 4.050218 5.381290 -7.530213
v 4.050218 5.386058 -7.520854
v 4.050218 5.393485 -7.513428
v 4.050218 5.402843 -7.508659
v 4.050218 5.413217 -7.507016
v 4.050218 5.423590 -7.508659
v 4.050218 5.432948 -7.513428
v 4.050218 5.440375 -7.520854
v 4.050218 5.445143 -7.530213
v 4.050218 5.446786 -7.540586
v 4.043422 5.449367 -7.552332
v 4.043422 5.443968 -7.562928
v 4.043422 5.435559 -7.571337
v 4.043422 5.424963 -7.576736
v 4.043422 5.413217 -7.578597
v 4.043422 5.401471 -7.576736
v 4.043422 5.390875 -7.571337
v 4.043422 5.382465 -7.562928
v 4.043422 5.377066 -7.552332
v 4.043422 5.375206 -7.540586
v 4.043422 5.377066 -7.528840
v 4.043422 5.382465 -7.518244
v 4.043422 5.390875 -7.509835
v 4.043422 5.401471 -7.504436
v 4.043422 5.413217 -7.502576
v 4.043422 5.424963 -7.504436
v 4.043422 5.435559 -7.509835
v 4.043422 5.443968 -7.518244
v 4.043422 5.449367 -7.528840
v 4.043422 5.451227 -7.540586
v 4.038028 5.455945 -7.554469
v 4.038028 5.449564 -7.566994
v 4.038028 5.439624 -7.576933
v 4.038028 5.427100 -7.583315
v 4.038028 5.413217 -7.585514
v 4.038028 5.399333 -7.583315
v 4.038028 5.386809 -7.576933
v 4.038028 5.376870 -7.566994
v 4.038028 5.370488 -7.554469
v 4.038028 5.368289 -7.540586
v 4.038028 5.370488 -7.526703
v 4.038028 5.376870 -7.514179
v 4.038028 5.386809 -7.504239
v 4.038028 5.399333 -7.497858
v 4.038028 5.413217 -7.495659
v 4.038028 5.427100 -7.497858
v 4.038028 5.439624 -7.504239
v 4.038028 5.449564 -7.514179
v 4.038028 5.455945 -7.526703
v 4.038028 5.458144 -7.540586
v 4.034566 5.464234 -7.557163
v 4.034566 5.456615 -7.572117
v 4.034566 5.444747 -7.583984
v 4.034566 5.429793 -7.591604
v 4.034566 5.413217 -7.594229
v 4.034566 5.396640 -7.591604
v 4.034566 5.381686 -7.583984
v 4.034566 5.369818 -7.572117
v 4.034566 5.362199 -7.557163
v 4.034566 5.359574 -7.540586
v 4.034566 5.362199 -7.524010
v 4.034566 5.369818 -7.509056
v 4.034566 5.381686 -7.497188
v 4.034566 5.396640 -7.489569
v 4.034566 5.413217 -7.486943
v 4.034566 5.429793 -7.489569
v 4.034566 5.444747 -7.497188
v 4.034566 5.456615 -7.509056
v 4.034566 5.464234 -7.524010
v 4.034566 5.466860 -7.540586
v 4.033372 5.473423 -7.560148
v 4.033372 5.464431 -7.577796
v 4.033372 5.450426 -7.591801
v 4.033372 5.432779 -7.600792
v 4.033372 5.413217 -7.603891
v 4.033372 5.393654 -7.600792
v 4.033372 5.376007 -7.591800
v 4.033372 5.362002 -7.577796
v 4.033372 5.353011 -7.560148
v 4.033372 5.349912 -7.540586
v 4.033372 5.353011 -7.521024
v 4.033372 5.362002 -7.503377
v 4.033372 5.376007 -7.489372
v 4.033372 5.393654 -7.480380
v 4.033372 5.413217 -7.477282
v 4.033372 5.432779 -7.480380
v 4.033372 5.450426 -7.489372
v 4.033372 5.464431 -7.503377
v 4.033372 5.473423 -7.521024
v 4.033372 5.476521 -7.540586
v 4.034566 5.482611 -7.563134
v 4.034566 5.472247 -7.583474
v 4.034566 5.456105 -7.599617
v 4.034566 5.435764 -7.609981
v 4.034566 5.413217 -7.613552
v 4.034566 5.390669 -7.609981
v 4.034566 5.370328 -7.599617
v 4.034566 5.354186 -7.583474
v 4.034566 5.343822 -7.563134
v 4.034566 5.340251 -7.540586
v 4.034566 5.343822 -7.518038
v 4.034566 5.354186 -7.497698
v 4.034566 5.370328 -7.481556
v 4.034566 5.390669 -7.471192
v 4.034566 5.413217 -7.467620
v 4.034566 5.435764 -7.471192
v 4.034566 5.456105 -7.481556
v 4.034566 5.472247 -7.497698
v 4.034566 5.482611 -7.518038
v 4.034566 5.486182 -7.540586
v 4.038028 5.490900 -7.565827
v 4.038028 5.479298 -7.588597
v 4.038028 5.461228 -7.606668
v 4.038028 5.438458 -7.618270
v 4.038028 5.413217 -7.622268
v 4.038028 5.387976 -7.618270
v 4.038028 5.365205 -7.606668
v 4.038028 5.347135 -7.588597
v 4.038028 5.335533 -7.565827
v 4.038028 5.331535 -7.540586
v 4.038028 5.335533 -7.515345
v 4.038028 5.347135 -7.492575
v 4.038028 5.365205 -7.474504
v 4.038028 5.387976 -7.462902
v 4.038028 5.413217 -7.458905
v 4.038028 5.438458 -7.462902
v 4.038028 5.461228 -7.474504
v 4.038028 5.479298 -7.492575
v 4.038028 5.490900 -7.515345
v 4.038028 5.494898 -7.540586
v 4.043422 5.497479 -7.567965
v 4.043422 5.484894 -7.592663
v 4.043422 5.465293 -7.612264
v 4.043422 5.440595 -7.624848
v 4.043422 5.413217 -7.629184
v 4.043422 5.385838 -7.624848
v 4.043422 5.361140 -7.612264
v 4.043422 5.341539 -7.592663
v 4.043422 5.328955 -7.567965
v 4.043422 5.324618 -7.540586
v 4.043422 5.328955 -7.513208
v 4.043422 5.341539 -7.488509
v 4.043422 5.361140 -7.468909
v 4.043422 5.385838 -7.456324
v 4.043422 5.413217 -7.451988
v 4.043422 5.440595 -7.456324
v 4.043422 5.465293 -7.468909
v 4.043422 5.484894 -7.488509
v 4.043422 5.497479 -7.513208
v 4.043422 5.501815 -7.540586
v 4.050218 5.501702 -7.569337
v 4.050218 5.488487 -7.595273
v 4.050218 5.467904 -7.615856
v 4.050218 5.441967 -7.629072
v 4.050218 5.413217 -7.633625
v 4.050218 5.384466 -7.629072
v 4.050218 5.358530 -7.615856
v 4.050218 5.337946 -7.595273
v 4.050218 5.324731 -7.569337
v 4.050218 5.320177 -7.540586
v 4.050218 5.324731 -7.511835
v 4.050218 5.337946 -7.485899
v 4.050218 5.358530 -7.465316
v 4.050218 5.384466 -7.452101
v 4.050218 5.413217 -7.447547
v 4.050218 5.441967 -7.452101
v 4.050218 5.467904 -7.465316
v 4.050218 5.488487 -7.485899
v 4.050218 5.501702 -7.511835
v 4.050218 5.506256 -7.540586
v 4.057752 5.503157 -7.569810
v 4.057752 5.489725 -7.596173
v 4.057752 5.468803 -7.617094
v 4.057752 5.442440 -7.630527
v 4.057752 5.413217 -7.635156
v 4.057752 5.383993 -7.630527
v 4.057752 5.357630 -7.617094
v 4.057752 5.336708 -7.596173
v 4.057752 5.323276 -7.569810
v 4.057752 5.318647 -7.540586
v 4.057752 5.323276 -7.511363
v 4.057752 5.336708 -7.485000
v 4.057752 5.357630 -7.464078
v 4.057752 5.383993 -7.450645
v 4.057752 5.413217 -7.446017
v 4.057752 5.442440 -7.450645
v 4.057752 5.468803 -7.464078
v 4.057752 5.489725 -7.485000
v 4.057752 5.503157 -7.511363
v 4.057752 5.507786 -7.540586
v 4.065286 5.501702 -7.569337
v 4.065286 5.488487 -7.595273
v 4.065286 5.467904 -7.615856
v 4.065286 5.441967 -7.629072
v 4.065286 5.413217 -7.633625
v 4.065286 5.384466 -7.629072
v 4.065286 5.358530 -7.615856
v 4.065286 5.337946 -7.595273
v 4.065286 5.324731 -7.569337
v 4.065286 5.320177 -7.540586
v 4.065286 5.324731 -7.511835
v 4.065286 5.337946 -7.485899
v 4.065286 5.358530 -7.465316
v 4.065286 5.384466 -7.452101
v 4.065286 5.413217 -7.447547
v 4.065286 5.441967 -7.452101
v 4.065286 5.467904 -7.465316
v 4.065286 5.488487 -7.485899
v 4.065286 5.501702 -7.511835
v 4.065286 5.506256 -7.540586
v 4.072082 5.497479 -7.567965
v 4.072082 5.484894 -7.592663
v 4.072082 5.465293 -7.612264
v 4.072082 5.440595 -7.624848
v 4.072082 5.413217 -7.629184
v 4.072082 5.385838 -7.624848
v 4.072082 5.361140 -7.612264
v 4.072082 5.341539 -7.592663
v 4.072082 5.328955 -7.567965
v 4.072082 5.324618 -7.540586
v 4.072082 5.328955 -7.513208
v 4.072082 5.341539 -7.488509
v 4.072082 5.361140 -7.468909
v 4.072082 5.385838 -7.456324
v 4.072082 5.413217 -7.451988
v 4.072082 5.440595 -7.456324
v 4.072082 5.465293 -7.468909
v 4.072082 5.484894 -7.488509
v 4.072082 5.497479 -7.513208
v 4.072082 5.501815 -7.540586
v 4.077476 5.490900 -7.565827
v 4.077476 5.479298 -7.588597
v 4.077476 5.461228 -7.606668
v 4.077476 5.438458 -7.618270
v 4.077476 5.413217 -7.622268
v 4.077476 5.387976 -7.618270
v 4.077476 5.365205 -7.606668
v 4.077476 5.347135 -7.588597
v 4.077476 5.335533 -7.565827
v 4.077476 5.331535 -7.540586
v 4.077476 5.335533 -7.515345
v 4.077476 5.347135 -7.492575
v 4.077476 5.365205 -7.474504
v 4.077476 5.387976 -7.462902
v 4.077476 5.413217 -7.458905
v 4.077476 5.438458 -7.462902
v 4.077476 5.461228 -7.474504
v 4.077476 5.479298 -7.492575
v 4.077476 5.490900 -7.515345
v 4.077476 5.494898 -7.540586
v 4.080939 5.482611 -7.563134
v 4.080939 5.472247 -7.583474
v 4.080939 5.456105 -7.599617
v 4.080939 5.435764 -7.609981
v 4.080939 5.413217 -7.613552
v 4.080939 5.390669 -7.609981
v 4.080939 5.370328 -7.599617
v 4.080939 5.354186 -7.583474
v 4.080939 5.343822 -7.563134
v 4.080939 5.340251 -7.540586
v 4.080939 5.343822 -7.518038
v 4.080939 5.354186 -7.497698
v 4.080939 5.370328 -7.481556
v 4.080939 5.390669 -7.471192
v 4.080939 5.413217 -7.467620
v 4.080939 5.435764 -7.471192
v 4.080939 5.456105 -7.481556
v 4.080939 5.472247 -7.497698
v 4.080939 5.482611 -7.518038
v 4.080939 5.486182 -7.540586
v 4.082132 5.473423 -7.560148
v 4.082132 5.464431 -7.577796
v 4.082132 5.450426 -7.591801
v 4.082132 5.432779 -7.600792
v 4.082132 5.413217 -7.603891
v 4.082132 5.393654 -7.600792
v 4.082132 5.376007 -7.591800
v 4.082132 5.362002 -7.577796
v 4.082132 5.353011 -7.560148
v 4.082132 5.349912 -7.540586
v 4.082132 5.353011 -7.521024
v 4.082132 5.362002 -7.503377
v 4.082132 5.376007 -7.489372
v 4.082132 5.393654 -7.480380
v 4.082132 5.413217 -7.477282
v 4.082132 5.432779 -7.480380
v 4.082132 5.450426 -7.489372
v 4.082132 5.464431 -7.503377
v 4.082132 5.473423 -7.521024
v 4.082132 5.476521 -7.540586
v 4.080939 5.464234 -7.557163
v 4.080939 5.456615 -7.572117
v 4.080939 5.444747 -7.583984
v 4.080939 5.429793 -7.591604
v 4.080939 5.413217 -7.594229
v 4.080939 5.396640 -7.591604
v 4.080939 5.381686 -7.583984
v 4.080939 5.369818 -7.572117
v 4.080939 5.362199 -7.557163
v 4.080939 5.359574 -7.540586
v 4.080939 5.362199 -7.524010
v 4.080939 5.369818 -7.509056
v 4.080939 5.381686 -7.497188
v 4.080939 5.396640 -7.489569
v 4.080939 5.413217 -7.486943
v 4.080939 5.429793 -7.489569
v 4.080939 5.444747 -7.497188
v 4.080939 5.456615 -7.509056
v 4.080939 5.464234 -7.524010
v 4.080939 5.466860 -7.540586
v 4.077476 5.455945 -7.554469
v 4.077476 5.449564 -7.566994
v 4.077476 5.439624 -7.576933
v 4.077476 5.427100 -7.583315
v 4.077476 5.413217 -7.585514
v 4.077476 5.399333 -7.583315
v 4.077476 5.386809 -7.576933
v 4.077476 5.376870 -7.566994
v 4.077476 5.370488 -7.554469
v 4.077476 5.368289 -7.540586
v 4.077476 5.370488 -7.526703
v 4.077476 5.376870 -7.514179
v 4.077476 5.386809 -7.504239
v 4.077476 5.399333 -7.497858
v 4.077476 5.413217 -7.495659
v 4.077476 5.427100 -7.497858
v 4.077476 5.439624 -7.504239
v 4.077476 5.449564 -7.514179
v 4.077476 5.455945 -7.526703
v 4.077476 5.458144 -7.540586
v 4.072082 5.449367 -7.552332
v 4.072082 5.443968 -7.562928
v 4.072082 5.435559 -7.571337
v 4.072082 5.424963 -7.576736
v 4.072082 5.413217 -7.578597
v 4.072082 5.401471 -7.576736
v 4.072082 5.390875 -7.571337
v 4.072082 5.382465 -7.562928
v 4.072082 5.377066 -7.552332
v 4.072082 5.375206 -7.540586
v 4.072082 5.377066 -7.528840
v 4.072082 5.382465 -7.518244
v 4.072082 5.390875 -7.509835
v 4.072082 5.401471 -7.504436
v 4.072082 5.413217 -7.502576
v 4.072082 5.424962 -7.504436
v 4.072082 5.435559 -7.509835
v 4.072082 5.443968 -7.518244
v 4.072082 5.449367 -7.528840
v 4.072082 5.451227 -7.540586
v 4.065286 5.445143 -7.550960
v 4.065286 5.440375 -7.560318
v 4.065286 5.432948 -7.567745
v 4.065286 5.423590 -7.572513
v 4.065286 5.413217 -7.574156
v 4.065286 5.402843 -7.572513
v 4.065286 5.393485 -7.567745
v 4.065286 5.386058 -7.560318
v 4.065286 5.381290 -7.550960
v 4.065286 5.379647 -7.540586
v 4.065286 5.381290 -7.530213
v 4.065286 5.386058 -7.520854
v 4.065286 5.393485 -7.513428
v 4.065286 5.402843 -7.508659
v 4.065286 5.413217 -7.507016
v 4.065286 5.423590 -7.508659
v 4.065286 5.432948 -7.513428
v 4.065286 5.440375 -7.520854
v 4.065286 5.445143 -7.530213
v 4.065286 5.446786 -7.540586
v 4.053939 5.323644 -7.511482
v 4.057752 5.328961 -7.497656
v 4.053939 5.337022 -7.485227
v 4.057752 5.346351 -7.473721
v 4.053939 5.357858 -7.464391
v 4.057752 5.370286 -7.456331
v 4.053939 5.384113 -7.451014
v 4.057752 5.398424 -7.447188
v 4.053939 5.413217 -7.446404
v 4.057752 5.428009 -7.447188
v 4.053939 5.442320 -7.451014
v 4.057752 5.456147 -7.456331
v 4.053939 5.468575 -7.464391
v 4.057752 5.480082 -7.473721
v 4.053939 5.489411 -7.485227
v 4.057752 5.497472 -7.497656
v 4.053939 5.502789 -7.511482
v 4.057752 5.506614 -7.525793
v 4.053939 5.507399 -7.540586
v 4.057752 5.506614 -7.555379
v 4.061566 5.502789 -7.569690
v 4.065286 5.496109 -7.582822
v 4.061566 5.489411 -7.595945
v 4.065286 5.479000 -7.606370
v 4.061566 5.468575 -7.616781
v 4.065286 5.455452 -7.623478
v 4.061566 5.442320 -7.630159
v 4.065286 5.427770 -7.632473
v 4.061566 5.413217 -7.634768
v 4.065286 5.398663 -7.632473
v 4.061566 5.384113 -7.630159
v 4.065286 5.370981 -7.623478
v 4.061566 5.357858 -7.616781
v 4.065286 5.347433 -7.606370
v 4.061566 5.337022 -7.595945
v 4.065286 5.330324 -7.582822
v 4.061566 5.323644 -7.569690
v 4.065286 5.321330 -7.555140
v 4.061566 5.319035 -7.540586
v 4.065286 5.321330 -7.526033
v 4.061566 5.323644 -7.511482
v 4.065286 5.330324 -7.498351
v 4.061566 5.337022 -7.485227
v 4.065286 5.347433 -7.474803
v 4.061566 5.357858 -7.464391
v 4.065286 5.370981 -7.457694
v 4.061566 5.384113 -7.451014
v 4.065286 5.398663 -7.448700
v 4.061566 5.413217 -7.446404
v 4.065286 5.427770 -7.448700
v 4.061566 5.442320 -7.451014
v 4.065286 5.455452 -7.457694
v 4.061566 5.468575 -7.464391
v 4.065286 5.479000 -7.474803
v 4.061566 5.489411 -7.485227
v 4.065286 5.496109 -7.498351
v 4.061566 5.502789 -7.511482
v 4.065286 5.505103 -7.526033
v 4.061566 5.507399 -7.540586
v 4.065286 5.505103 -7.555140
v 4.068820 5.499914 -7.568756
v 4.072082 5.492152 -7.580806
v 4.068820 5.486966 -7.594168
v 4.072082 5.475860 -7.603230
v 4.068820 5.466799 -7.614336
v 4.072082 5.453436 -7.619522
v 4.068820 5.441386 -7.627284
v 4.072082 5.427075 -7.628087
v 4.068820 5.413217 -7.631746
v 4.072082 5.399358 -7.628087
v 4.068820 5.385047 -7.627284
v 4.072082 5.372997 -7.619522
v 4.068820 5.359634 -7.614336
v 4.072082 5.350573 -7.603230
v 4.068820 5.339467 -7.594168
v 4.072082 5.334281 -7.580806
v 4.068820 5.326519 -7.568756
v 4.072082 5.325716 -7.554445
v 4.068820 5.322057 -7.540586
v 4.072082 5.325716 -7.526727
v 4.068820 5.326519 -7.512416
v 4.072082 5.334281 -7.500366
v 4.068820 5.339467 -7.487004
v 4.072082 5.350573 -7.477943
v 4.068820 5.359634 -7.466837
v 4.072082 5.372997 -7.461651
v 4.068820 5.385047 -7.453888
v 4.072082 5.399358 -7.453085
v 4.068820 5.413217 -7.449427
v 4.072082 5.427075 -7.453085
v 4.068820 5.441386 -7.453888
v 4.072082 5.453436 -7.461651
v 4.068820 5.466799 -7.466837
v 4.072082 5.475860 -7.477943
v 4.068820 5.486966 -7.487004
v 4.072082 5.492152 -7.500366
v 4.068820 5.499914 -7.512416
v 4.072082 5.500717 -7.526727
v 4.068820 5.504376 -7.540586
v 4.072082 5.500717 -7.554445
v 4.074990 5.494447 -7.566979
v 4.077476 5.485990 -7.577666
v 4.074990 5.482315 -7.590789
v 4.077476 5.470970 -7.598339
v 4.074990 5.463420 -7.609685
v 4.077476 5.450296 -7.613359
v 4.074990 5.439610 -7.621816
v 4.077476 5.425993 -7.621256
v 4.074990 5.413217 -7.625997
v 4.077476 5.400440 -7.621256
v 4.074990 5.386823 -7.621816
v 4.077476 5.376137 -7.613359
v 4.074990 5.363014 -7.609685
v 4.077476 5.355464 -7.598339
v 4.074990 5.344118 -7.590789
v 4.077476 5.340443 -7.577666
v 4.074990 5.331987 -7.566979
v 4.077476 5.332547 -7.553363
v 4.074990 5.327806 -7.540586
v 4.077476 5.332547 -7.527809
v 4.074990 5.331987 -7.514193
v 4.077476 5.340443 -7.503506
v 4.074990 5.344118 -7.490383
v 4.077476 5.355464 -7.482833
v 4.074990 5.363014 -7.471488
v 4.077476 5.376137 -7.467813
v 4.074990 5.386823 -7.459356
v 4.077476 5.400440 -7.459916
v 4.074990 5.413217 -7.455176
v 4.077476 5.425993 -7.459917
v 4.074990 5.439610 -7.459356
v 4.077476 5.450296 -7.467813
v 4.074990 5.463420 -7.471488
v 4.077476 5.470970 -7.482833
v 4.074990 5.482315 -7.490383
v 4.077476 5.485990 -7.503506
v 4.074990 5.494447 -7.514193
v 4.077476 5.493886 -7.527809
v 4.074990 5.498627 -7.540586
v 4.077476 5.493886 -7.553363
v 4.079473 5.486921 -7.564534
v 4.080939 5.478225 -7.573709
v 4.079473 5.475913 -7.586138
v 4.080939 5.464807 -7.592177
v 4.079473 5.458768 -7.603283
v 4.080939 5.446340 -7.605594
v 4.079473 5.437165 -7.614290
v 4.080939 5.424630 -7.612648
v 4.079473 5.413217 -7.618083
v 4.080939 5.401803 -7.612648
v 4.079473 5.389269 -7.614290
v 4.080939 5.380093 -7.605594
v 4.079473 5.367665 -7.603283
v 4.080939 5.361626 -7.592177
v 4.079473 5.350520 -7.586138
v 4.080939 5.348209 -7.573709
v 4.079473 5.339512 -7.564534
v 4.080939 5.341155 -7.552000
v 4.079473 5.335719 -7.540586
v 4.080939 5.341155 -7.529173
v 4.079473 5.339512 -7.516638
v 4.080939 5.348209 -7.507463
v 4.079473 5.350520 -7.495034
v 4.080939 5.361626 -7.488995
v 4.079473 5.367665 -7.477890
v 4.080939 5.380093 -7.475578
v 4.079473 5.389269 -7.466882
v 4.080939 5.401803 -7.468524
v 4.079473 5.413217 -7.463089
v 4.080939 5.424630 -7.468524
v 4.079473 5.437165 -7.466882
v 4.080939 5.446340 -7.475578
v 4.079473 5.458768 -7.477890
v 4.080939 5.464807 -7.488995
v 4.079473 5.475913 -7.495034
v 4.080939 5.478225 -7.507463
v 4.079473 5.486921 -7.516638
v 4.080939 5.485279 -7.529173
v 4.079473 5.490714 -7.540586
v 4.080939 5.485279 -7.552000
v 4.081830 5.478074 -7.561660
v 4.082132 5.469617 -7.569324
v 4.081830 5.468387 -7.580670
v 4.082132 5.457976 -7.585346
v 4.081830 5.453301 -7.595757
v 4.082132 5.441954 -7.596986
v 4.081830 5.434290 -7.605443
v 4.082132 5.423119 -7.603106
v 4.081830 5.413217 -7.608781
v 4.082132 5.403314 -7.603106
v 4.081830 5.392143 -7.605443
v 4.082132 5.384479 -7.596986
v 4.081830 5.373133 -7.595757
v 4.082132 5.368457 -7.585346
v 4.081830 5.358046 -7.580670
v 4.082132 5.356816 -7.569324
v 4.081830 5.348359 -7.561660
v 4.082132 5.350696 -7.550488
v 4.081830 5.345022 -7.540586
v 4.082132 5.350696 -7.530684
v 4.081830 5.348359 -7.519513
v 4.082132 5.356816 -7.511849
v 4.081830 5.358046 -7.500502
v 4.082132 5.368457 -7.495827
v 4.081830 5.373133 -7.485415
v 4.082132 5.384479 -7.484186
v 4.081830 5.392143 -7.475729
v 4.082132 5.403314 -7.478066
v 4.081830 5.413217 -7.472391
v 4.082132 5.423119 -7.478066
v 4.081830 5.434290 -7.475729
v 4.082132 5.441954 -7.484186
v 4.081830 5.453301 -7.485415
v 4.082132 5.457976 -7.495827
v 4.081830 5.468387 -7.500502
v 4.082132 5.469617 -7.511849
v 4.081830 5.478074 -7.519513
v 4.082132 5.475737 -7.530684
v 4.081830 5.481412 -7.540586
v 4.082132 5.475737 -7.550488
v 4.081830 5.468772 -7.558637
v 4.080939 5.461009 -7.564938
v 4.081830 5.460474 -7.574921
v 4.080939 5.451145 -7.578515
v 4.081830 5.447551 -7.587844
v 4.080939 5.437568 -7.588379
v 4.081830 5.431267 -7.596141
v 4.080939 5.421608 -7.593565
v 4.081830 5.413217 -7.599000
v 4.080939 5.404826 -7.593565
v 4.081830 5.395166 -7.596141
v 4.080939 5.388865 -7.588379
v 4.081830 5.378882 -7.587844
v 4.080939 5.375288 -7.578515
v 4.081830 5.365959 -7.574921
v 4.080939 5.365424 -7.564938
v 4.081830 5.357662 -7.558637
v 4.080939 5.360238 -7.548977
v 4.081830 5.354803 -7.540586
v 4.080939 5.360238 -7.532195
v 4.081830 5.357662 -7.522535
v 4.080939 5.365424 -7.516235
v 4.081830 5.365959 -7.506251
v 4.080939 5.375288 -7.502658
v 4.081830 5.378882 -7.493328
v 4.080939 5.388865 -7.492794
v 4.081830 5.395166 -7.485031
v 4.080939 5.404826 -7.487608
v 4.081830 5.413217 -7.482172
v 4.080939 5.421608 -7.487608
v 4.081830 5.431267 -7.485031
v 4.080939 5.437568 -7.492794
v 4.081830 5.447551 -7.493328
v 4.080939 5.451145 -7.502658
v 4.081830 5.460474 -7.506251
v 4.080939 5.461009 -7.516235
v 4.081830 5.468771 -7.522535
v 4.080939 5.466195 -7.532195
v 4.081830 5.471630 -7.540586
v 4.080939 5.466195 -7.548977
v 4.079473 5.459924 -7.555762
v 4.077476 5.453244 -7.560981
v 4.079473 5.452949 -7.569453
v 4.077476 5.444983 -7.572352
v 4.079473 5.442084 -7.580318
v 4.077476 5.433612 -7.580614
v 4.079473 5.428393 -7.587294
v 4.077476 5.420244 -7.584957
v 4.079473 5.413217 -7.589698
v 4.077476 5.406189 -7.584957
v 4.079473 5.398040 -7.587294
v 4.077476 5.392822 -7.580614
v 4.079473 5.384350 -7.580318
v 4.077476 5.381451 -7.572352
v 4.079473 5.373485 -7.569453
v 4.077476 5.373189 -7.560981
v 4.079473 5.366509 -7.555762
v 4.077476 5.368846 -7.547614
v 4.079473 5.364105 -7.540586
v 4.077476 5.368846 -7.533558
v 4.079473 5.366509 -7.525410
v 4.077476 5.373189 -7.520191
v 4.079473 5.373485 -7.511719
v 4.077476 5.381451 -7.508820
v 4.079473 5.384350 -7.500854
v 4.077476 5.392822 -7.500559
v 4.079473 5.398040 -7.493878
v 4.077476 5.406189 -7.496215
v 4.079473 5.413217 -7.491475
v 4.077476 5.420244 -7.496215
v 4.079473 5.428393 -7.493878
v 4.077476 5.433612 -7.500559
v 4.079473 5.442084 -7.500854
v 4.077476 5.444983 -7.508820
v 4.079473 5.452949 -7.511719
v 4.077476 5.453244 -7.520191
v 4.079473 5.459924 -7.525410
v 4.077476 5.457587 -7.533558
v 4.079473 5.462328 -7.540586
v 4.077476 5.457587 -7.547614
v 4.074990 5.452399 -7.553317
v 4.072082 5.447082 -7.557841
v 4.074990 5.446547 -7.564802
v 4.072082 5.440092 -7.567462
v 4.074990 5.437432 -7.573916
v 4.072082 5.430472 -7.574451
v 4.074990 5.425948 -7.579768
v 4.072082 5.419162 -7.578126
v 4.074990 5.413217 -7.581785
v 4.072082 5.407271 -7.578126
v 4.074990 5.400486 -7.579768
v 4.072082 5.395961 -7.574451
v 4.074990 5.389001 -7.573916
v 4.072082 5.386341 -7.567462
v 4.074990 5.379886 -7.564802
v 4.072082 5.379352 -7.557841
v 4.074990 5.374035 -7.553317
v 4.072082 5.375677 -7.546532
v 4.074990 5.372018 -7.540586
v 4.072082 5.375677 -7.534640
v 4.074990 5.374035 -7.527855
v 4.072082 5.379352 -7.523331
v 4.074990 5.379886 -7.516370
v 4.072082 5.386341 -7.513711
v 4.074990 5.389001 -7.507256
v 4.072082 5.395961 -7.506721
v 4.074990 5.400486 -7.501404
v 4.072082 5.407271 -7.503046
v 4.074990 5.413217 -7.499388
v 4.072082 5.419162 -7.503046
v 4.074990 5.425948 -7.501404
v 4.072082 5.430472 -7.506721
v 4.074990 5.437432 -7.507256
v 4.072082 5.440092 -7.513711
v 4.074990 5.446547 -7.516370
v 4.072082 5.447082 -7.523331
v 4.074990 5.452399 -7.527855
v 4.072082 5.450756 -7.534640
v 4.074990 5.454415 -7.540586
v 4.072082 5.450756 -7.546532
v 4.068820 5.446931 -7.551541
v 4.065286 5.443125 -7.555825
v 4.068820 5.441896 -7.561423
v 4.065286 5.436952 -7.564322
v 4.068820 5.434053 -7.569265
v 4.065286 5.428456 -7.570495
v 4.068820 5.424171 -7.574300
v 4.065286 5.418468 -7.573740
v 4.068820 5.413217 -7.576035
v 4.065286 5.407966 -7.573740
v 4.068820 5.402262 -7.574300
v 4.065286 5.397977 -7.570495
v 4.068820 5.392380 -7.569265
v 4.065286 5.389481 -7.564322
v 4.068820 5.384538 -7.561423
v 4.065286 5.383308 -7.555825
v 4.068820 5.379502 -7.551541
v 4.065286 5.380063 -7.545837
v 4.068820 5.377767 -7.540586
v 4.065286 5.380063 -7.535335
v 4.068820 5.379502 -7.529632
v 4.065286 5.383308 -7.525347
v 4.068820 5.384538 -7.519750
v 4.065286 5.389481 -7.516851
v 4.068820 5.392380 -7.511907
v 4.065286 5.397977 -7.510678
v 4.068820 5.402262 -7.506872
v 4.065286 5.407966 -7.507432
v 4.068820 5.413217 -7.505137
v 4.065286 5.418468 -7.507432
v 4.068820 5.424171 -7.506872
v 4.065286 5.428456 -7.510678
v 4.068820 5.434053 -7.511907
v 4.065286 5.436952 -7.516851
v 4.068820 5.441896 -7.519750
v 4.065286 5.443125 -7.525347
v 4.068820 5.446931 -7.529632
v 4.065286 5.446370 -7.535335
v 4.068820 5.448666 -7.540586
v 4.065286 5.446370 -7.545837
v 4.061566 5.444056 -7.550607
v 4.061566 5.439450 -7.559646
v 4.061566 5.432277 -7.566820
v 4.061566 5.423237 -7.571426
v 4.061566 5.413217 -7.573013
v 4.061566 5.403196 -7.571426
v 4.061566 5.394157 -7.566820
v 4.061566 5.386983 -7.559646
v 4.061566 5.382377 -7.550607
v 4.061566 5.380790 -7.540586
v 4.061566 5.382377 -7.530566
v 4.061566 5.386983 -7.521526
v 4.061566 5.394157 -7.514352
v 4.061566 5.403196 -7.509746
v 4.061566 5.413217 -7.508159
v 4.061566 5.423237 -7.509746
v 4.061566 5.432277 -7.514352
v 4.061566 5.439450 -7.521526
v 4.061566 5.444056 -7.530566
v 4.061566 5.445643 -7.540586
v 4.057752 5.441762 -7.555131
v 4.053939 5.444056 -7.550607
v 4.050218 5.443125 -7.555825
v 4.053939 5.439450 -7.559646
v 4.057752 5.435870 -7.563240
v 4.050218 5.436952 -7.564322
v 4.053939 5.432277 -7.566820
v 4.057752 5.427761 -7.569131
v 4.050218 5.428456 -7.570495
v 4.053939 5.423237 -7.571426
v 4.057752 5.418228 -7.572229
v 4.050218 5.418468 -7.573740
v 4.053939 5.413217 -7.573013
v 4.057752 5.408205 -7.572229
v 4.050218 5.407966 -7.573740
v 4.053939 5.403196 -7.571426
v 4.057752 5.398672 -7.569131
v 4.050218 5.397977 -7.570495
v 4.053939 5.394157 -7.566820
v 4.057752 5.390563 -7.563240
v 4.050218 5.389481 -7.564322
v 4.053939 5.386983 -7.559646
v 4.057752 5.384671 -7.555131
v 4.050218 5.383308 -7.555825
v 4.053939 5.382377 -7.550607
v 4.057752 5.381574 -7.545598
v 4.050218 5.380063 -7.545837
v 4.053939 5.380790 -7.540586
v 4.057752 5.381574 -7.535574
v 4.050218 5.380063 -7.535335
v 4.053939 5.382377 -7.530566
v 4.057752 5.384671 -7.526042
v 4.050218 5.383308 -7.525347
v 4.053939 5.386983 -7.521526
v 4.057752 5.390563 -7.517933
v 4.050218 5.389481 -7.516851
v 4.053939 5.394157 -7.514352
v 4.057752 5.398672 -7.512041
v 4.050218 5.397977 -7.510678
v 4.053939 5.403196 -7.509746
v 4.057752 5.408205 -7.508944
v 4.050218 5.407966 -7.507432
v 4.053939 5.413217 -7.508159
v 4.057752 5.418228 -7.508944
v 4.050218 5.418468 -7.507432
v 4.053939 5.423237 -7.509746
v 4.057752 5.427761 -7.512041
v 4.050218 5.428456 -7.510678
v 4.053939 5.432277 -7.514352
v 4.057752 5.435870 -7.517933
v 4.050218 5.436952 -7.516851
v 4.053939 5.439450 -7.521526
v 4.057752 5.441762 -7.526042
v 4.050218 5.443125 -7.525347
v 4.053939 5.444056 -7.530566
v 4.057752 5.444859 -7.535574
v 4.050218 5.446370 -7.535335
v 4.053939 5.445643 -7.540586
v 4.057752 5.444859 -7.545598
v 4.050218 5.446370 -7.545837
v 4.046685 5.446931 -7.551541
v 4.043422 5.447082 -7.557841
v 4.046685 5.441896 -7.561423
v 4.043422 5.440092 -7.567462
v 4.046685 5.434053 -7.569265
v 4.043422 5.430472 -7.574451
v 4.046685 5.424171 -7.574300
v 4.043422 5.419162 -7.578126
v 4.046685 5.413217 -7.576035
v 4.043422 5.407271 -7.578126
v 4.046685 5.402262 -7.574300
v 4.043422 5.395961 -7.574451
v 4.046685 5.392380 -7.569265
v 4.043422 5.386341 -7.567462
v 4.046685 5.384538 -7.561423
v 4.043422 5.379352 -7.557841
v 4.046685 5.379502 -7.551541
v 4.043422 5.375677 -7.546532
v 4.046685 5.377767 -7.540586
v 4.043422 5.375677 -7.534640
v 4.046685 5.379502 -7.529632
v 4.043422 5.379352 -7.523331
v 4.046685 5.384538 -7.519750
v 4.043422 5.386341 -7.513711
v 4.046685 5.392380 -7.511907
v 4.043422 5.395961 -7.506721
v 4.046685 5.402262 -7.506872
v 4.043422 5.407271 -7.503046
v 4.046685 5.413217 -7.505137
v 4.043422 5.419162 -7.503046
v 4.046685 5.424171 -7.506872
v 4.043422 5.430472 -7.506721
v 4.046685 5.434053 -7.511907
v 4.043422 5.440092 -7.513711
v 4.046685 5.441896 -7.519750
v 4.043422 5.447082 -7.523331
v 4.046685 5.446931 -7.529632
v 4.043422 5.450756 -7.534640
v 4.046685 5.448666 -7.540586
v 4.043422 5.450756 -7.546532
v 4.040514 5.452399 -7.553317
v 4.038028 5.453244 -7.560981
v 4.040514 5.446547 -7.564802
v 4.038028 5.444983 -7.572352
v 4.040514 5.437432 -7.573916
v 4.038028 5.433612 -7.580614
v 4.040514 5.425948 -7.579768
v 4.038028 5.420244 -7.584957
v 4.040514 5.413217 -7.581785
v 4.038028 5.406189 -7.584957
v 4.040514 5.400486 -7.579768
v 4.038028 5.392822 -7.580614
v 4.040514 5.389001 -7.573916
v 4.038028 5.381451 -7.572352
v 4.040514 5.379886 -7.564802
v 4.038028 5.373189 -7.560981
v 4.040514 5.374035 -7.553317
v 4.038028 5.368846 -7.547614
v 4.040514 5.372018 -7.540586
v 4.038028 5.368846 -7.533558
v 4.040514 5.374035 -7.527855
v 4.038028 5.373189 -7.520191
v 4.040514 5.379886 -7.516370
v 4.038028 5.381451 -7.508820
v 4.040514 5.389001 -7.507256
v 4.038028 5.392822 -7.500559
v 4.040514 5.400486 -7.501404
v 4.038028 5.406189 -7.496215
v 4.040514 5.413217 -7.499388
v 4.038028 5.420244 -7.496215
v 4.040514 5.425948 -7.501404
v 4.038028 5.433612 -7.500559
v 4.040514 5.437432 -7.507256
v 4.038028 5.444983 -7.508820
v 4.040514 5.446547 -7.516370
v 4.038028 5.453244 -7.520191
v 4.040514 5.452399 -7.527855
v 4.038028 5.457587 -7.533558
v 4.040514 5.454415 -7.540586
v 4.038028 5.457587 -7.547614
v 4.036031 5.459924 -7.555762
v 4.034566 5.461009 -7.564938
v 4.036031 5.452949 -7.569453
v 4.034566 5.451145 -7.578515
v 4.036031 5.442084 -7.580318
v 4.034566 5.437568 -7.588379
v 4.036031 5.428393 -7.587294
v 4.034566 5.421608 -7.593565
v 4.036031 5.413217 -7.589698
v 4.034566 5.404826 -7.593565
v 4.036031 5.398040 -7.587294
v 4.034566 5.388865 -7.588379
v 4.036031 5.384350 -7.580318
v 4.034566 5.375288 -7.578515
v 4.036031 5.373485 -7.569453
v 4.034566 5.365424 -7.564938
v 4.036031 5.366509 -7.555762
v 4.034566 5.360238 -7.548977
v 4.036031 5.364105 -7.540586
v 4.034566 5.360238 -7.532195
v 4.036031 5.366509 -7.525410
v 4.034566 5.365424 -7.516235
v 4.036031 5.373485 -7.511719
v 4.034566 5.375288 -7.502658
v 4.036031 5.384350 -7.500854
v 4.034566 5.388865 -7.492794
v 4.036031 5.398040 -7.493878
v 4.034566 5.404826 -7.487608
v 4.036031 5.413217 -7.491475
v 4.034566 5.421608 -7.487608
v 4.036031 5.428393 -7.493878
v 4.034566 5.437568 -7.492794
v 4.036031 5.442084 -7.500854
v 4.034566 5.451145 -7.502658
v 4.036031 5.452949 -7.511719
v 4.034566 5.461009 -7.516235
v 4.036031 5.459924 -7.525410
v 4.034566 5.466195 -7.532195
v 4.036031 5.462328 -7.540586
v 4.034566 5.466195 -7.548977
v 4.033674 5.468772 -7.558637
v 4.033372 5.469617 -7.569324
v 4.033674 5.460474 -7.574921
v 4.033372 5.457976 -7.585346
v 4.033674 5.447551 -7.587844
v 4.033372 5.441954 -7.596986
v 4.033674 5.431267 -7.596141
v 4.033372 5.423119 -7.603106
v 4.033674 5.413217 -7.599000
v 4.033372 5.403314 -7.603106
v 4.033674 5.395166 -7.596141
v 4.033372 5.384479 -7.596986
v 4.033674 5.378882 -7.587844
v 4.033372 5.368457 -7.585346
v 4.033674 5.365959 -7.574921
v 4.033372 5.356816 -7.569324
v 4.033674 5.357662 -7.558637
v 4.033372 5.350696 -7.550488
v 4.033674 5.354803 -7.540586
v 4.033372 5.350696 -7.530684
v 4.033674 5.357662 -7.522535
v 4.033372 5.356816 -7.511849
v 4.033674 5.365959 -7.506251
v 4.033372 5.368457 -7.495827
v 4.033674 5.378882 -7.493328
v 4.033372 5.384479 -7.484186
v 4.033674 5.395166 -7.485031
v 4.033372 5.403314 -7.478066
v 4.033674 5.413217 -7.482172
v 4.033372 5.423119 -7.478066
v 4.033674 5.431267 -7.485031
v 4.033372 5.441954 -7.484186
v 4.033674 5.447551 -7.493328
v 4.033372 5.457976 -7.495827
v 4.033674 5.460474 -7.506251
v 4.033372 5.469617 -7.511849
v 4.033674 5.468771 -7.522535
v 4.033372 5.475737 -7.530684
v 4.033674 5.471630 -7.540586
v 4.033372 5.475737 -7.550488
v 4.033674 5.478074 -7.561660
v 4.034566 5.478225 -7.573709
v 4.033674 5.468387 -7.580670
v 4.034566 5.464807 -7.592177
v 4.033674 5.453301 -7.595757
v 4.034566 5.446340 -7.605594
v 4.033674 5.434290 -7.605443
v 4.034566 5.424630 -7.612648
v 4.033674 5.413217 -7.608781
v 4.034566 5.401803 -7.612648
v 4.033674 5.392143 -7.605443
v 4.034566 5.380093 -7.605594
v 4.033674 5.373133 -7.595757
v 4.034566 5.361626 -7.592177
v 4.033674 5.358046 -7.580670
v 4.034566 5.348209 -7.573709
v 4.033674 5.348359 -7.561660
v 4.034566 5.341155 -7.552000
v 4.033674 5.345022 -7.540586
v 4.034566 5.341155 -7.529173
v 4.033674 5.348359 -7.519513
v 4.034566 5.348209 -7.507463
v 4.033674 5.358046 -7.500502
v 4.034566 5.361626 -7.488995
v 4.033674 5.373133 -7.485415
v 4.034566 5.380093 -7.475578
v 4.033674 5.392143 -7.475729
v 4.034566 5.401803 -7.468524
v 4.033674 5.413217 -7.472391
v 4.034566 5.424630 -7.468524
v 4.033674 5.434290 -7.475729
v 4.034566 5.446340 -7.475578
v 4.033674 5.453301 -7.485415
v 4.034566 5.464807 -7.488995
v 4.033674 5.468387 -7.500502
v 4.034566 5.478225 -7.507463
v 4.033674 5.478074 -7.519513
v 4.034566 5.485279 -7.529173
v 4.033674 5.481412 -7.540586
v 4.034566 5.485279 -7.552000
v 4.036031 5.486921 -7.564534
v 4.038028 5.485990 -7.577666
v 4.036031 5.475913 -7.586138
v 4.038028 5.470970 -7.598339
v 4.036031 5.458768 -7.603283
v 4.038028 5.450296 -7.613359
v 4.036031 5.437165 -7.614290
v 4.038028 5.425993 -7.621256
v 4.036031 5.413217 -7.618083
v 4.038028 5.400440 -7.621256
v 4.036031 5.389269 -7.614290
v 4.038028 5.376137 -7.613359
v 4.036031 5.367665 -7.603283
v 4.038028 5.355464 -7.598339
v 4.036031 5.350520 -7.586138
v 4.038028 5.340443 -7.577666
v 4.036031 5.339512 -7.564534
v 4.038028 5.332547 -7.553363
v 4.036031 5.335719 -7.540586
v 4.038028 5.332547 -7.527809
v 4.036031 5.339512 -7.516638
v 4.038028 5.340443 -7.503506
v 4.036031 5.350520 -7.495034
v 4.038028 5.355464 -7.482833
v 4.036031 5.367665 -7.477890
v 4.038028 5.376137 -7.467813
v 4.036031 5.389269 -7.466882
v 4.038028 5.400440 -7.459917
v 4.036031 5.413217 -7.463089
v 4.038028 5.425993 -7.459917
v 4.036031 5.437165 -7.466882
v 4.038028 5.450296 -7.467813
v 4.036031 5.458768 -7.477890
v 4.038028 5.470970 -7.482833
v 4.036031 5.475913 -7.495034
v 4.038028 5.485990 -7.503506
v 4.036031 5.486921 -7.516638
v 4.038028 5.493886 -7.527809
v 4.036031 5.490714 -7.540586
v 4.038028 5.493886 -7.553363
v 4.040514 5.494447 -7.566979
v 4.043422 5.492152 -7.580806
v 4.040514 5.482315 -7.590789
v 4.043422 5.475860 -7.603230
v 4.040514 5.463420 -7.609685
v 4.043422 5.453436 -7.619522
v 4.040514 5.439610 -7.621816
v 4.043422 5.427075 -7.628087
v 4.040514 5.413217 -7.625997
v 4.043422 5.399358 -7.628087
v 4.040514 5.386823 -7.621816
v 4.043422 5.372997 -7.619522
v 4.040514 5.363014 -7.609685
v 4.043422 5.350573 -7.603230
v 4.040514 5.344118 -7.590789
v 4.043422 5.334281 -7.580806
v 4.040514 5.331987 -7.566979
v 4.043422 5.325716 -7.554445
v 4.040514 5.327806 -7.540586
v 4.043422 5.325716 -7.526727
v 4.040514 5.331987 -7.514193
v 4.043422 5.334281 -7.500366
v 4.040514 5.344118 -7.490383
v 4.043422 5.350573 -7.477943
v 4.040514 5.363014 -7.471488
v 4.043422 5.372997 -7.461651
v 4.040514 5.386823 -7.459356
v 4.043422 5.399358 -7.453085
v 4.040514 5.413217 -7.455176
v 4.043422 5.427075 -7.453085
v 4.040514 5.439610 -7.459356
v 4.043422 5.453436 -7.461651
v 4.040514 5.463420 -7.471488
v 4.043422 5.475860 -7.477943
v 4.040514 5.482315 -7.490383
v 4.043422 5.492152 -7.500366
v 4.040514 5.494447 -7.514193
v 4.043422 5.500717 -7.526727
v 4.040514 5.498627 -7.540586
v 4.043422 5.500717 -7.554445
v 4.046685 5.499914 -7.568756
v 4.050218 5.496109 -7.582822
v 4.046685 5.486966 -7.594168
v 4.050218 5.479000 -7.606370
v 4.046685 5.466799 -7.614336
v 4.050218 5.455452 -7.623478
v 4.046685 5.441386 -7.627284
v 4.050218 5.427770 -7.632473
v 4.046685 5.413217 -7.631746
v 4.050218 5.398663 -7.632473
v 4.046685 5.385047 -7.627284
v 4.050218 5.370981 -7.623478
v 4.046685 5.359634 -7.614336
v 4.050218 5.347433 -7.606370
v 4.046685 5.339467 -7.594168
v 4.050218 5.330324 -7.582822
v 4.046685 5.326519 -7.568756
v 4.050218 5.321330 -7.555140
v 4.046685 5.322057 -7.540586
v 4.050218 5.321330 -7.526033
v 4.046685 5.326519 -7.512416
v 4.050218 5.330324 -7.498351
v 4.046685 5.339467 -7.487004
v 4.050218 5.347433 -7.474803
v 4.046685 5.359634 -7.466837
v 4.050218 5.370981 -7.457694
v 4.046685 5.385047 -7.453888
v 4.050218 5.398663 -7.448700
v 4.046685 5.413217 -7.449427
v 4.050218 5.427770 -7.448700
v 4.046685 5.441386 -7.453888
v 4.050218 5.455452 -7.457694
v 4.046685 5.466799 -7.466837
v 4.050218 5.479000 -7.474803
v 4.046685 5.486966 -7.487004
v 4.050218 5.496109 -7.498351
v 4.046685 5.499914 -7.512416
v 4.050218 5.505103 -7.526033
v 4.046685 5.504376 -7.540586
v 4.050218 5.505103 -7.555140
v 4.053939 5.502789 -7.569690
v 4.057752 5.497472 -7.583516
v 4.053939 5.489411 -7.595945
v 4.057752 5.480082 -7.607452
v 4.053939 5.468575 -7.616781
v 4.057752 5.456147 -7.624842
v 4.053939 5.442320 -7.630159
v 4.057752 5.428009 -7.633984
v 4.053939 5.413217 -7.634768
v 4.057752 5.398424 -7.633984
v 4.053939 5.384113 -7.630159
v 4.057752 5.370286 -7.624842
v 4.053939 5.357858 -7.616781
v 4.057752 5.346351 -7.607452
v 4.053939 5.337022 -7.595945
v 4.057752 5.328961 -7.583516
v 4.053939 5.323644 -7.569690
v 4.057752 5.319819 -7.555379
v 4.053939 5.319035 -7.540586
v 4.057752 5.319819 -7.525793
v 4.053939 5.442107 -7.555306
v 4.053939 5.436144 -7.563514
v 4.053939 5.427937 -7.569476
v 4.053939 5.418289 -7.572611
v 4.053939 5.408144 -7.572611
v 4.053939 5.398496 -7.569476
v 4.053939 5.390289 -7.563514
v 4.053939 5.384326 -7.555306
v 4.053939 5.381191 -7.545658
v 4.053939 5.381191 -7.535514
v 4.053939 5.384326 -7.525866
v 4.053939 5.390289 -7.517659
v 4.053939 5.398496 -7.511696
v 4.053939 5.408144 -7.508561
v 4.053939 5.418289 -7.508561
v 4.053939 5.427937 -7.511696
v 4.053939 5.436144 -7.517659
v 4.053939 5.442107 -7.525866
v 4.053939 5.445242 -7.535514
v 4.053939 5.445242 -7.545658
v 4.046685 5.444800 -7.556679
v 4.046685 5.438281 -7.565651
v 4.046685 5.429309 -7.572169
v 4.046685 5.418762 -7.575596
v 4.046685 5.407672 -7.575596
v 4.046685 5.397124 -7.572169
v 4.046685 5.388152 -7.565651
v 4.046685 5.381633 -7.556679
v 4.046685 5.378206 -7.546131
v 4.046685 5.378206 -7.535041
v 4.046685 5.381633 -7.524494
v 4.046685 5.388152 -7.515522
v 4.046685 5.397124 -7.509003
v 4.046685 5.407672 -7.505576
v 4.046685 5.418762 -7.505576
v 4.046685 5.429309 -7.509003
v 4.046685 5.438281 -7.515522
v 4.046685 5.444800 -7.524494
v 4.046685 5.448227 -7.535041
v 4.046685 5.448227 -7.546131
v 4.040514 5.449922 -7.559288
v 4.040514 5.442346 -7.569716
v 4.040514 5.431919 -7.577291
v 4.040514 5.419661 -7.581274
v 4.040514 5.406772 -7.581274
v 4.040514 5.394514 -7.577291
v 4.040514 5.384087 -7.569716
v 4.040514 5.376511 -7.559288
v 4.040514 5.372528 -7.547031
v 4.040514 5.372528 -7.534142
v 4.040514 5.376511 -7.521884
v 4.040514 5.384087 -7.511457
v 4.040514 5.394514 -7.503881
v 4.040514 5.406772 -7.499898
v 4.040514 5.419661 -7.499898
v 4.040514 5.431919 -7.503881
v 4.040514 5.442346 -7.511457
v 4.040514 5.449922 -7.521884
v 4.040514 5.453905 -7.534142
v 4.040514 5.453905 -7.547031
v 4.036031 5.456972 -7.562881
v 4.036031 5.447941 -7.575311
v 4.036031 5.435511 -7.584341
v 4.036031 5.420899 -7.589089
v 4.036031 5.405534 -7.589089
v 4.036031 5.390922 -7.584341
v 4.036031 5.378492 -7.575311
v 4.036031 5.369461 -7.562881
v 4.036031 5.364713 -7.548268
v 4.036031 5.364713 -7.532904
v 4.036031 5.369461 -7.518292
v 4.036031 5.378492 -7.505862
v 4.036031 5.390922 -7.496831
v 4.036031 5.405534 -7.492083
v 4.036031 5.420899 -7.492083
v 4.036031 5.435511 -7.496831
v 4.036031 5.447941 -7.505862
v 4.036031 5.456972 -7.518292
v 4.036031 5.461720 -7.532904
v 4.036031 5.461720 -7.548268
v 4.033674 5.465260 -7.567103
v 4.033674 5.454518 -7.581888
v 4.033674 5.439734 -7.592629
v 4.033674 5.422354 -7.598276
v 4.033674 5.404079 -7.598276
v 4.033674 5.386699 -7.592629
v 4.033674 5.371915 -7.581888
v 4.033674 5.361173 -7.567103
v 4.033674 5.355526 -7.549723
v 4.033674 5.355526 -7.531449
v 4.033674 5.361173 -7.514069
v 4.033674 5.371915 -7.499284
v 4.033674 5.386699 -7.488543
v 4.033674 5.404079 -7.482896
v 4.033674 5.422354 -7.482896
v 4.033674 5.439734 -7.488543
v 4.033674 5.454518 -7.499284
v 4.033674 5.465260 -7.514069
v 4.033674 5.470907 -7.531449
v 4.033674 5.470907 -7.549723
v 4.033674 5.473974 -7.571544
v 4.033674 5.461434 -7.588804
v 4.033674 5.444174 -7.601344
v 4.033674 5.423884 -7.607936
v 4.033674 5.402549 -7.607936
v 4.033674 5.382259 -7.601344
v 4.033674 5.364999 -7.588804
v 4.033674 5.352459 -7.571544
v 4.033674 5.345866 -7.551253
v 4.033674 5.345866 -7.529919
v 4.033674 5.352459 -7.509629
v 4.033674 5.364999 -7.492369
v 4.033674 5.382259 -7.479829
v 4.033674 5.402549 -7.473236
v 4.033674 5.423884 -7.473236
v 4.033674 5.444174 -7.479829
v 4.033674 5.461434 -7.492369
v 4.033674 5.473974 -7.509629
v 4.033674 5.480567 -7.529919
v 4.033674 5.480567 -7.551253
v 4.036031 5.482262 -7.575766
v 4.036031 5.468011 -7.595381
v 4.036031 5.448397 -7.609631
v 4.036031 5.425339 -7.617123
v 4.036031 5.401094 -7.617123
v 4.036031 5.378036 -7.609631
v 4.036031 5.358422 -7.595381
v 4.036031 5.344171 -7.575766
v 4.036031 5.336679 -7.552708
v 4.036031 5.336679 -7.528464
v 4.036031 5.344171 -7.505406
v 4.036031 5.358422 -7.485791
v 4.036031 5.378036 -7.471541
v 4.036031 5.401094 -7.464049
v 4.036031 5.425339 -7.464049
v 4.036031 5.448397 -7.471541
v 4.036031 5.468011 -7.485791
v 4.036031 5.482262 -7.505406
v 4.036031 5.489754 -7.528464
v 4.036031 5.489754 -7.552708
v 4.040514 5.489312 -7.579359
v 4.040514 5.473606 -7.600976
v 4.040514 5.451989 -7.616682
v 4.040514 5.426577 -7.624939
v 4.040514 5.399856 -7.624938
v 4.040514 5.374444 -7.616682
v 4.040514 5.352827 -7.600976
v 4.040514 5.337121 -7.579359
v 4.040514 5.328864 -7.553946
v 4.040514 5.328864 -7.527226
v 4.040514 5.337121 -7.501814
v 4.040514 5.352827 -7.480197
v 4.040514 5.374444 -7.464491
v 4.040514 5.399857 -7.456234
v 4.040514 5.426577 -7.456234
v 4.040514 5.451989 -7.464491
v 4.040514 5.473606 -7.480197
v 4.040514 5.489312 -7.501814
v 4.040514 5.497569 -7.527226
v 4.040514 5.497569 -7.553946
v 4.046685 5.494434 -7.581969
v 4.046685 5.477671 -7.605041
v 4.046685 5.454599 -7.621804
v 4.046685 5.427476 -7.630616
v 4.046685 5.398957 -7.630616
v 4.046685 5.371834 -7.621804
v 4.046685 5.348762 -7.605041
v 4.046685 5.331999 -7.581969
v 4.046685 5.323186 -7.554846
v 4.046685 5.323186 -7.526327
v 4.046685 5.331999 -7.499204
v 4.046685 5.348762 -7.476132
v 4.046685 5.371834 -7.459369
v 4.046685 5.398957 -7.450556
v 4.046685 5.427476 -7.450556
v 4.046685 5.454599 -7.459369
v 4.046685 5.477671 -7.476132
v 4.046685 5.494434 -7.499204
v 4.046685 5.503247 -7.526327
v 4.046685 5.503247 -7.554846
v 4.053939 5.497127 -7.583341
v 4.053939 5.479808 -7.607178
v 4.053939 5.455971 -7.624497
v 4.053939 5.427949 -7.633602
v 4.053939 5.398484 -7.633602
v 4.053939 5.370462 -7.624497
v 4.053939 5.346625 -7.607178
v 4.053939 5.329306 -7.583341
v 4.053939 5.320201 -7.555318
v 4.053939 5.320201 -7.525854
v 4.053939 5.329306 -7.497832
v 4.053939 5.346625 -7.473994
v 4.053939 5.370462 -7.456676
v 4.053939 5.398484 -7.447571
v 4.053939 5.427949 -7.447571
v 4.053939 5.455971 -7.456676
v 4.053939 5.479808 -7.473995
v 4.053939 5.497127 -7.497832
v 4.053939 5.506232 -7.525854
v 4.053939 5.506232 -7.555318
v 4.061566 5.497127 -7.583341
v 4.061566 5.479808 -7.607178
v 4.061566 5.455971 -7.624497
v 4.061566 5.427949 -7.633602
v 4.061566 5.398484 -7.633602
v 4.061566 5.370462 -7.624497
v 4.061566 5.346625 -7.607178
v 4.061566 5.329306 -7.583341
v 4.061566 5.320201 -7.555318
v 4.061566 5.320201 -7.525854
v 4.061566 5.329306 -7.497832
v 4.061566 5.346625 -7.473995
v 4.061566 5.370462 -7.456676
v 4.061566 5.398484 -7.447571
v 4.061566 5.427949 -7.447571
v 4.061566 5.455971 -7.456676
v 4.061566 5.479808 -7.473995
v 4.061566 5.497127 -7.497832
v 4.061566 5.506232 -7.525854
v 4.061566 5.506232 -7.555318
v 4.068820 5.494434 -7.581969
v 4.068820 5.477671 -7.605041
v 4.068820 5.454599 -7.621804
v 4.068820 5.427476 -7.630616
v 4.068820 5.398957 -7.630616
v 4.068820 5.371834 -7.621804
v 4.068820 5.348762 -7.605041
v 4.068820 5.331999 -7.581969
v 4.068820 5.323186 -7.554846
v 4.068820 5.323186 -7.526327
v 4.068820 5.331999 -7.499204
v 4.068820 5.348762 -7.476132
v 4.068820 5.371834 -7.459369
v 4.068820 5.398957 -7.450556
v 4.068820 5.427476 -7.450556
v 4.068820 5.454599 -7.459369
v 4.068820 5.477671 -7.476132
v 4.068820 5.494434 -7.499204
v 4.068820 5.503247 -7.526327
v 4.068820 5.503247 -7.554846
v 4.074990 5.489312 -7.579359
v 4.074990 5.473606 -7.600976
v 4.074990 5.451989 -7.616682
v 4.074990 5.426577 -7.624939
v 4.074990 5.399856 -7.624938
v 4.074990 5.374444 -7.616681
v 4.074990 5.352827 -7.600976
v 4.074990 5.337121 -7.579359
v 4.074990 5.328864 -7.553946
v 4.074990 5.328864 -7.527226
v 4.074990 5.337121 -7.501814
v 4.074990 5.352827 -7.480197
v 4.074990 5.374444 -7.464491
v 4.074990 5.399857 -7.456234
v 4.074990 5.426577 -7.456234
v 4.074990 5.451989 -7.464491
v 4.074990 5.473606 -7.480197
v 4.074990 5.489312 -7.501814
v 4.074990 5.497569 -7.527226
v 4.074990 5.497569 -7.553946
v 4.079473 5.482262 -7.575766
v 4.079473 5.468011 -7.595381
v 4.079473 5.448397 -7.609631
v 4.079473 5.425339 -7.617123
v 4.079473 5.401094 -7.617123
v 4.079473 5.378036 -7.609631
v 4.079473 5.358422 -7.595381
v 4.079473 5.344171 -7.575766
v 4.079473 5.336679 -7.552708
v 4.079473 5.336679 -7.528464
v 4.079473 5.344171 -7.505406
v 4.079473 5.358422 -7.485791
v 4.079473 5.378036 -7.471541
v 4.079473 5.401094 -7.464049
v 4.079473 5.425339 -7.464049
v 4.079473 5.448397 -7.471541
v 4.079473 5.468011 -7.485791
v 4.079473 5.482262 -7.505406
v 4.079473 5.489754 -7.528464
v 4.079473 5.489754 -7.552708
v 4.081830 5.473974 -7.571544
v 4.081830 5.461434 -7.588804
v 4.081830 5.444174 -7.601344
v 4.081830 5.423884 -7.607936
v 4.081830 5.402549 -7.607936
v 4.081830 5.382259 -7.601344
v 4.081830 5.364999 -7.588804
v 4.081830 5.352459 -7.571544
v 4.081830 5.345866 -7.551253
v 4.081830 5.345866 -7.529919
v 4.081830 5.352459 -7.509629
v 4.081830 5.364999 -7.492369
v 4.081830 5.382259 -7.479829
v 4.081830 5.402549 -7.473236
v 4.081830 5.423884 -7.473236
v 4.081830 5.444174 -7.479829
v 4.081830 5.461434 -7.492369
v 4.081830 5.473974 -7.509629
v 4.081830 5.480567 -7.529919
v 4.081830 5.480567 -7.551253
v 4.081830 5.465260 -7.567103
v 4.081830 5.454518 -7.581888
v 4.081830 5.439734 -7.592629
v 4.081830 5.422354 -7.598276
v 4.081830 5.404079 -7.598276
v 4.081830 5.386699 -7.592629
v 4.081830 5.371915 -7.581888
v 4.081830 5.361173 -7.567103
v 4.081830 5.355526 -7.549723
v 4.081830 5.355526 -7.531449
v 4.081830 5.361173 -7.514069
v 4.081830 5.371915 -7.499284
v 4.081830 5.386699 -7.488543
v 4.081830 5.404079 -7.482896
v 4.081830 5.422354 -7.482896
v 4.081830 5.439734 -7.488543
v 4.081830 5.454518 -7.499284
v 4.081830 5.465260 -7.514069
v 4.081830 5.470907 -7.531449
v 4.081830 5.470907 -7.549723
v 4.079473 5.456972 -7.562881
v 4.079473 5.447941 -7.575311
v 4.079473 5.435511 -7.584341
v 4.079473 5.420899 -7.589089
v 4.079473 5.405534 -7.589089
v 4.079473 5.390922 -7.584341
v 4.079473 5.378492 -7.575311
v 4.079473 5.369461 -7.562881
v 4.079473 5.364713 -7.548268
v 4.079473 5.364713 -7.532904
v 4.079473 5.369461 -7.518292
v 4.079473 5.378492 -7.505862
v 4.079473 5.390922 -7.496831
v 4.079473 5.405534 -7.492083
v 4.079473 5.420899 -7.492083
v 4.079473 5.435511 -7.496831
v 4.079473 5.447941 -7.505862
v 4.079473 5.456972 -7.518292
v 4.079473 5.461720 -7.532904
v 4.079473 5.461720 -7.548268
v 4.074990 5.449922 -7.559288
v 4.074990 5.442346 -7.569716
v 4.074990 5.431919 -7.577291
v 4.074990 5.419661 -7.581274
v 4.074990 5.406772 -7.581274
v 4.074990 5.394514 -7.577291
v 4.074990 5.384087 -7.569716
v 4.074990 5.376511 -7.559288
v 4.074990 5.372528 -7.547031
v 4.074990 5.372528 -7.534142
v 4.074990 5.376511 -7.521884
v 4.074990 5.384087 -7.511457
v 4.074990 5.394514 -7.503881
v 4.074990 5.406772 -7.499898
v 4.074990 5.419661 -7.499898
v 4.074990 5.431919 -7.503881
v 4.074990 5.442346 -7.511457
v 4.074990 5.449922 -7.521884
v 4.074990 5.453905 -7.534142
v 4.074990 5.453905 -7.547031
v 4.068820 5.444800 -7.556679
v 4.068820 5.438281 -7.565651
v 4.068820 5.429309 -7.572169
v 4.068820 5.418762 -7.575596
v 4.068820 5.407672 -7.575596
v 4.068820 5.397124 -7.572169
v 4.068820 5.388152 -7.565651
v 4.068820 5.381633 -7.556679
v 4.068820 5.378206 -7.546131
v 4.068820 5.378206 -7.535041
v 4.068820 5.381633 -7.524494
v 4.068820 5.388152 -7.515522
v 4.068820 5.397124 -7.509003
v 4.068820 5.407672 -7.505576
v 4.068820 5.418762 -7.505576
v 4.068820 5.429309 -7.509003
v 4.068820 5.438281 -7.515522
v 4.068820 5.444800 -7.524494
v 4.068820 5.448227 -7.535041
v 4.068820 5.448227 -7.546131
v 4.061566 5.442107 -7.555306
v 4.061566 5.436144 -7.563514
v 4.061566 5.427937 -7.569476
v 4.061566 5.418289 -7.572611
v 4.061566 5.408144 -7.572611
v 4.061566 5.398496 -7.569476
v 4.061566 5.390289 -7.563514
v 4.061566 5.384326 -7.555306
v 4.061566 5.381192 -7.545658
v 4.061566 5.381192 -7.535514
v 4.061566 5.384326 -7.525866
v 4.061566 5.390289 -7.517659
v 4.061566 5.398496 -7.511696
v 4.061566 5.408144 -7.508561
v 4.061566 5.418289 -7.508561
v 4.061566 5.427937 -7.511696
v 4.061566 5.436144 -7.517659
v 4.061566 5.442107 -7.525866
v 4.061566 5.445242 -7.535514
v 4.061566 5.445242 -7.545658
vt 0.562383 0.243658
vt 0.551016 0.144030
vt 0.703359 0.120916
vt 0.714724 0.220543
vt 0.567174 0.240723
vt 0.556239 0.145796
vt 0.573223 0.238401
vt 0.562224 0.146713
vt 0.580298 0.236546
vt 0.568917 0.146826
vt 0.588095 0.234974
vt 0.576170 0.146327
vt 0.596360 0.233541
vt 0.583847 0.145400
vt 0.604912 0.232153
vt 0.591845 0.144189
vt 0.613625 0.230754
vt 0.600088 0.142803
vt 0.622409 0.229319
vt 0.608519 0.141317
vt 0.631204 0.227839
vt 0.617094 0.139787
vt 0.639962 0.226323
vt 0.625779 0.138250
vt 0.648646 0.224786
vt 0.634537 0.136733
vt 0.657222 0.223255
vt 0.643332 0.135254
vt 0.665653 0.221770
vt 0.652116 0.133819
vt 0.673895 0.220383
vt 0.660829 0.132420
vt 0.681893 0.219173
vt 0.669382 0.131032
vt 0.689570 0.218246
vt 0.677647 0.129599
vt 0.696823 0.217747
vt 0.685443 0.128027
vt 0.703516 0.217861
vt 0.692519 0.126172
vt 0.709501 0.218777
vt 0.698568 0.123850
vt 0.559606 0.240419
vt 0.716517 0.216765
vt 0.564681 0.237234
vt 0.571135 0.234752
vt 0.578567 0.232796
vt 0.586639 0.231159
vt 0.595108 0.229683
vt 0.603810 0.228264
vt 0.612634 0.226841
vt 0.621506 0.225386
vt 0.630376 0.223889
vt 0.639205 0.222356
vt 0.647966 0.220803
vt 0.656634 0.219254
vt 0.665183 0.217750
vt 0.673583 0.216342
vt 0.681794 0.215110
vt 0.689755 0.214165
vt 0.697378 0.213663
vt 0.704519 0.213807
vt 0.710976 0.214810
vt 0.555847 0.237043
vt 0.719078 0.212789
vt 0.561506 0.233456
vt 0.568593 0.230840
vt 0.576544 0.228835
vt 0.585003 0.227171
vt 0.593751 0.225672
vt 0.602651 0.224228
vt 0.611620 0.222780
vt 0.620604 0.221300
vt 0.629566 0.219780
vt 0.638483 0.218225
vt 0.647338 0.216649
vt 0.656117 0.215077
vt 0.664806 0.213546
vt 0.673391 0.212107
vt 0.681848 0.210836
vt 0.690139 0.209845
vt 0.698191 0.209295
vt 0.705874 0.209408
vt 0.712956 0.210469
vt 0.551196 0.233251
vt 0.722372 0.208392
vt 0.557827 0.229249
vt 0.565774 0.226548
vt 0.574368 0.224544
vt 0.583282 0.222885
vt 0.592344 0.221378
vt 0.601464 0.219915
vt 0.610590 0.218443
vt 0.619692 0.216936
vt 0.628752 0.215389
vt 0.637762 0.213807
vt 0.646716 0.212207
vt 0.655612 0.210610
vt 0.664451 0.209050
vt 0.673231 0.207574
vt 0.681949 0.206255
vt 0.690592 0.205196
vt 0.699120 0.204558
vt 0.707439 0.204586
vt 0.715337 0.205661
vt 0.546064 0.228826
vt 0.726074 0.203439
vt 0.554018 0.224568
vt 0.562959 0.221885
vt 0.572236 0.219935
vt 0.581604 0.218307
vt 0.590971 0.216802
vt 0.600297 0.215324
vt 0.609568 0.213826
vt 0.618779 0.212292
vt 0.627930 0.210717
vt 0.637026 0.209111
vt 0.646074 0.207486
vt 0.655082 0.205866
vt 0.664062 0.204279
vt 0.673029 0.202769
vt 0.681999 0.201399
vt 0.690986 0.200264
vt 0.699992 0.199516
vt 0.708985 0.199410
vt 0.717828 0.200416
vt 0.541002 0.223720
vt 0.729739 0.197940
vt 0.550483 0.219502
vt 0.560415 0.216970
vt 0.570316 0.215123
vt 0.580082 0.213542
vt 0.589705 0.212045
vt 0.599200 0.210554
vt 0.608588 0.209033
vt 0.617886 0.207473
vt 0.627110 0.205874
vt 0.636278 0.204245
vt 0.645404 0.202601
vt 0.654509 0.200961
vt 0.663614 0.199354
vt 0.672745 0.197816
vt 0.681936 0.196401
vt 0.691228 0.195193
vt 0.700667 0.194328
vt 0.710294 0.194052
vt 0.720092 0.194877
vt 0.536518 0.218086
vt 0.732943 0.192049
vt 0.547519 0.214252
vt 0.558309 0.211987
vt 0.568711 0.210277
vt 0.578779 0.208752
vt 0.588590 0.207268
vt 0.598206 0.205766
vt 0.607675 0.204226
vt 0.617033 0.202643
vt 0.626310 0.201022
vt 0.635531 0.199376
vt 0.644719 0.197717
vt 0.653901 0.196065
vt 0.663106 0.194443
vt 0.672371 0.192885
vt 0.681741 0.191436
vt 0.691281 0.190165
vt 0.701075 0.189187
vt 0.711234 0.188725
vt 0.721879 0.189267
vt 0.532945 0.212213
vt 0.735395 0.186026
vt 0.545255 0.209057
vt 0.556690 0.207132
vt 0.567442 0.205573
vt 0.577712 0.204107
vt 0.587641 0.202637
vt 0.597331 0.201128
vt 0.606848 0.199572
vt 0.616242 0.197972
vt 0.625551 0.196335
vt 0.634807 0.194675
vt 0.644039 0.193007
vt 0.653278 0.191347
vt 0.662559 0.189718
vt 0.671925 0.188147
vt 0.681432 0.186673
vt 0.691158 0.185351
vt 0.701216 0.184275
vt 0.711775 0.183626
vt 0.723081 0.183824
vt 0.530397 0.206402
vt 0.736976 0.180135
vt 0.543669 0.204108
vt 0.555520 0.202545
vt 0.566481 0.201137
vt 0.576862 0.199730
vt 0.586852 0.198276
vt 0.596575 0.196764
vt 0.606112 0.195197
vt 0.615521 0.193583
vt 0.624846 0.191935
vt 0.634122 0.190267
vt 0.643383 0.188593
vt 0.652663 0.186930
vt 0.661998 0.185298
vt 0.671436 0.183720
vt 0.681039 0.182229
vt 0.690895 0.180867
vt 0.701135 0.179707
vt 0.711964 0.178885
vt 0.723721 0.178720
vt 0.528809 0.200825
vt 0.737715 0.174520
vt 0.542647 0.199468
vt 0.554712 0.198261
vt 0.565768 0.196997
vt 0.576191 0.195647
vt 0.586197 0.194211
vt 0.595924 0.192699
vt 0.605460 0.191125
vt 0.614868 0.189502
vt 0.624196 0.187846
vt 0.633481 0.186172
vt 0.642759 0.184496
vt 0.652065 0.182833
vt 0.661437 0.181202
vt 0.670925 0.179622
vt 0.680592 0.178120
vt 0.690533 0.176728
vt 0.700885 0.175497
vt 0.711875 0.174519
vt 0.723891 0.173998
vt 0.528047 0.195446
vt 0.737694 0.169128
vt 0.542064 0.195035
vt 0.554178 0.194171
vt 0.565241 0.193047
vt 0.575652 0.191755
vt 0.585641 0.190339
vt 0.595349 0.188830
vt 0.604868 0.187251
vt 0.614264 0.185623
vt 0.623585 0.183962
vt 0.632870 0.182286
vt 0.642156 0.180610
vt 0.651477 0.178950
vt 0.660873 0.177321
vt 0.670392 0.175743
vt 0.680100 0.174234
vt 0.690088 0.172818
vt 0.700500 0.171526
vt 0.711563 0.170403
vt 0.723677 0.169539
vt 0.528025 0.190054
vt 0.736932 0.163749
vt 0.541850 0.190575
vt 0.553866 0.190055
vt 0.564855 0.189076
vt 0.575208 0.187845
vt 0.585148 0.186453
vt 0.594816 0.184951
vt 0.604303 0.183371
vt 0.613676 0.181739
vt 0.622981 0.180076
vt 0.632259 0.178400
vt 0.641545 0.176726
vt 0.650872 0.175071
vt 0.660281 0.173448
vt 0.669817 0.171874
vt 0.679543 0.170362
vt 0.689550 0.168926
vt 0.699973 0.167576
vt 0.711029 0.166313
vt 0.723094 0.165105
vt 0.528765 0.184439
vt 0.735344 0.158172
vt 0.542020 0.185854
vt 0.553776 0.185688
vt 0.564606 0.184866
vt 0.574846 0.183706
vt 0.584702 0.182344
vt 0.594305 0.180853
vt 0.603743 0.179275
vt 0.613078 0.177643
vt 0.622357 0.175980
vt 0.631618 0.174306
vt 0.640895 0.172637
vt 0.650220 0.170989
vt 0.659629 0.169376
vt 0.669166 0.167809
vt 0.678888 0.166297
vt 0.688879 0.164843
vt 0.699260 0.163436
vt 0.710221 0.162028
vt 0.722072 0.160466
vt 0.530346 0.178548
vt 0.732796 0.152361
vt 0.542659 0.180750
vt 0.553965 0.180948
vt 0.564525 0.180299
vt 0.574583 0.179222
vt 0.584309 0.177900
vt 0.593816 0.176426
vt 0.603181 0.174855
vt 0.612462 0.173225
vt 0.621701 0.171566
vt 0.630934 0.169897
vt 0.640190 0.168237
vt 0.649499 0.166601
vt 0.658893 0.165000
vt 0.668410 0.163444
vt 0.678099 0.161936
vt 0.688029 0.160466
vt 0.698298 0.159000
vt 0.709051 0.157441
vt 0.720486 0.155517
vt 0.532797 0.172525
vt 0.729224 0.146488
vt 0.543862 0.175307
vt 0.554506 0.175849
vt 0.564666 0.175386
vt 0.574459 0.174408
vt 0.583999 0.173137
vt 0.593370 0.171688
vt 0.602634 0.170129
vt 0.611839 0.168508
vt 0.621021 0.166856
vt 0.630210 0.165197
vt 0.639430 0.163550
vt 0.648707 0.161930
vt 0.658066 0.160347
vt 0.667535 0.158807
vt 0.677151 0.157305
vt 0.686962 0.155821
vt 0.697030 0.154296
vt 0.707432 0.152586
vt 0.718222 0.150322
vt 0.536001 0.166634
vt 0.724739 0.140853
vt 0.545649 0.169697
vt 0.555446 0.170521
vt 0.565074 0.170245
vt 0.574513 0.169380
vt 0.583804 0.168172
vt 0.592996 0.166757
vt 0.602127 0.165219
vt 0.611231 0.163611
vt 0.620336 0.161972
vt 0.629463 0.160328
vt 0.638631 0.158699
vt 0.647855 0.157100
vt 0.657153 0.155539
vt 0.666541 0.154019
vt 0.676036 0.152527
vt 0.685659 0.151031
vt 0.695425 0.149450
vt 0.705326 0.147604
vt 0.715258 0.145072
vt 0.539666 0.161134
vt 0.719678 0.135747
vt 0.547913 0.164158
vt 0.556755 0.165163
vt 0.565748 0.165057
vt 0.574754 0.164309
vt 0.583741 0.163174
vt 0.592711 0.161803
vt 0.601678 0.160293
vt 0.610659 0.158707
vt 0.619667 0.157086
vt 0.628714 0.155462
vt 0.637810 0.153855
vt 0.646962 0.152281
vt 0.656173 0.150746
vt 0.665443 0.149249
vt 0.674770 0.147771
vt 0.684137 0.146266
vt 0.693506 0.144638
vt 0.702782 0.142689
vt 0.711723 0.140005
vt 0.543368 0.156182
vt 0.714546 0.131322
vt 0.550403 0.158912
vt 0.558302 0.159988
vt 0.566620 0.160015
vt 0.575148 0.159377
vt 0.583791 0.158318
vt 0.592509 0.156998
vt 0.601290 0.155523
vt 0.610128 0.153963
vt 0.619024 0.152366
vt 0.627979 0.150765
vt 0.636988 0.149184
vt 0.646049 0.147637
vt 0.655151 0.146130
vt 0.664277 0.144657
vt 0.673397 0.143195
vt 0.682459 0.141688
vt 0.691373 0.140030
vt 0.699967 0.138025
vt 0.707914 0.135325
vt 0.546662 0.151784
vt 0.709895 0.127531
vt 0.552784 0.154105
vt 0.559866 0.155165
vt 0.567549 0.155278
vt 0.575602 0.154728
vt 0.583892 0.153736
vt 0.592349 0.152466
vt 0.600934 0.151026
vt 0.609624 0.149495
vt 0.618403 0.147924
vt 0.627258 0.146348
vt 0.636175 0.144792
vt 0.645137 0.143272
vt 0.654121 0.141792
vt 0.663090 0.140345
vt 0.671991 0.138901
vt 0.680738 0.137402
vt 0.689197 0.135738
vt 0.697148 0.133733
vt 0.704235 0.131118
vt 0.549223 0.147809
vt 0.706136 0.124155
vt 0.554764 0.149763
vt 0.561221 0.150766
vt 0.568363 0.150910
vt 0.575985 0.150408
vt 0.583947 0.149463
vt 0.592157 0.148231
vt 0.600557 0.146823
vt 0.609106 0.145318
vt 0.617774 0.143770
vt 0.626536 0.142217
vt 0.635365 0.140684
vt 0.644235 0.139187
vt 0.653107 0.137731
vt 0.661931 0.136309
vt 0.670633 0.134889
vt 0.679103 0.133414
vt 0.687175 0.131777
vt 0.694607 0.129821
vt 0.701061 0.127339
vt 0.563381 0.240446
vt 0.568979 0.237727
vt 0.575753 0.235592
vt 0.583365 0.233853
vt 0.591528 0.232336
vt 0.600034 0.230914
vt 0.608738 0.229512
vt 0.617540 0.228086
vt 0.626373 0.226620
vt 0.635188 0.225114
vt 0.643947 0.223577
vt 0.652620 0.222032
vt 0.661177 0.220510
vt 0.669584 0.219057
vt 0.677799 0.217738
vt 0.685765 0.216646
vt 0.693402 0.215910
vt 0.700591 0.215706
vt 0.707173 0.216236
vt 0.712969 0.217653
vt 0.560301 0.236960
vt 0.566400 0.234029
vt 0.573658 0.231791
vt 0.581657 0.229996
vt 0.590107 0.228441
vt 0.598821 0.226990
vt 0.607676 0.225561
vt 0.616593 0.224112
vt 0.625517 0.222625
vt 0.634413 0.221098
vt 0.643255 0.219541
vt 0.652022 0.217976
vt 0.660694 0.216432
vt 0.669251 0.214954
vt 0.677665 0.213606
vt 0.685899 0.212483
vt 0.693888 0.211717
vt 0.701524 0.211495
vt 0.708630 0.212051
vt 0.714938 0.213614
vt 0.556432 0.233134
vt 0.563330 0.229971
vt 0.571264 0.227680
vt 0.579767 0.225872
vt 0.588578 0.224305
vt 0.597546 0.222835
vt 0.606581 0.221383
vt 0.615630 0.219908
vt 0.624660 0.218395
vt 0.633649 0.216843
vt 0.642584 0.215262
vt 0.651456 0.213673
vt 0.660258 0.212102
vt 0.668982 0.210594
vt 0.677619 0.209207
vt 0.686150 0.208032
vt 0.694536 0.207201
vt 0.702695 0.206910
vt 0.710463 0.207437
vt 0.717531 0.209174
vt 0.552069 0.228802
vt 0.560039 0.225487
vt 0.568778 0.223207
vt 0.577842 0.221425
vt 0.587035 0.219867
vt 0.596264 0.218386
vt 0.605480 0.216913
vt 0.614661 0.215411
vt 0.623795 0.213870
vt 0.632876 0.212291
vt 0.641904 0.210685
vt 0.650881 0.209071
vt 0.659813 0.207475
vt 0.668705 0.205934
vt 0.677566 0.204505
vt 0.686399 0.203269
vt 0.695197 0.202351
vt 0.703923 0.201948
vt 0.712465 0.202388
vt 0.720536 0.204243
vt 0.547682 0.223919
vt 0.556878 0.220630
vt 0.566438 0.218443
vt 0.576038 0.216722
vt 0.585581 0.215184
vt 0.595041 0.213698
vt 0.604415 0.212204
vt 0.613709 0.210676
vt 0.622932 0.209108
vt 0.632093 0.207504
vt 0.641203 0.205875
vt 0.650275 0.204239
vt 0.659324 0.202621
vt 0.668370 0.201054
vt 0.677436 0.199585
vt 0.686547 0.198289
vt 0.695733 0.197276
vt 0.705010 0.196736
vt 0.714354 0.197021
vt 0.723573 0.198847
vt 0.543724 0.218606
vt 0.554129 0.215561
vt 0.564419 0.213541
vt 0.574465 0.211904
vt 0.584287 0.210394
vt 0.593926 0.208905
vt 0.603420 0.207393
vt 0.612799 0.205842
vt 0.622089 0.204250
vt 0.631311 0.202624
vt 0.640486 0.200976
vt 0.649636 0.199324
vt 0.658785 0.197690
vt 0.667960 0.196103
vt 0.677198 0.194604
vt 0.686546 0.193255
vt 0.696061 0.192153
vt 0.705820 0.191466
vt 0.715894 0.191537
vt 0.726261 0.193143
vt 0.540505 0.213109
vt 0.551945 0.210492
vt 0.562798 0.208688
vt 0.573171 0.207145
vt 0.583188 0.205668
vt 0.592948 0.204179
vt 0.602519 0.202653
vt 0.611952 0.201082
vt 0.621286 0.199470
vt 0.630550 0.197827
vt 0.639773 0.196166
vt 0.648982 0.194503
vt 0.658207 0.192859
vt 0.667484 0.191258
vt 0.676858 0.189738
vt 0.686389 0.188348
vt 0.696163 0.187167
vt 0.706299 0.186339
vt 0.716963 0.186162
vt 0.728335 0.187373
vt 0.538136 0.207698
vt 0.550340 0.205617
vt 0.561572 0.204047
vt 0.572150 0.202602
vt 0.582283 0.201157
vt 0.592110 0.199672
vt 0.601723 0.198135
vt 0.611184 0.196549
vt 0.620540 0.194922
vt 0.629829 0.193267
vt 0.639084 0.191597
vt 0.648335 0.189928
vt 0.657615 0.188278
vt 0.666967 0.186672
vt 0.676440 0.185137
vt 0.686106 0.183716
vt 0.696065 0.182472
vt 0.706470 0.181515
vt 0.717557 0.181084
vt 0.729693 0.181789
vt 0.536562 0.202556
vt 0.549237 0.201044
vt 0.560681 0.199706
vt 0.571364 0.198354
vt 0.581550 0.196943
vt 0.591403 0.195464
vt 0.601027 0.193920
vt 0.610495 0.192324
vt 0.619859 0.190686
vt 0.629159 0.189023
vt 0.638432 0.187347
vt 0.647710 0.185676
vt 0.657029 0.184025
vt 0.666433 0.182417
vt 0.675975 0.180874
vt 0.685733 0.179431
vt 0.695815 0.178134
vt 0.706394 0.177065
vt 0.717749 0.176391
vt 0.730376 0.176547
vt 0.535641 0.197692
vt 0.548527 0.196743
vt 0.560050 0.195625
vt 0.570760 0.194365
vt 0.580951 0.192988
vt 0.590798 0.191517
vt 0.600413 0.189971
vt 0.609873 0.188367
vt 0.619232 0.186723
vt 0.628533 0.185054
vt 0.637814 0.183376
vt 0.647108 0.181705
vt 0.656452 0.180057
vt 0.665891 0.178449
vt 0.675479 0.176904
vt 0.685294 0.175444
vt 0.695451 0.174105
vt 0.706127 0.172936
vt 0.717620 0.172036
vt 0.730489 0.171640
vt 0.535252 0.192934
vt 0.548121 0.192537
vt 0.559614 0.191637
vt 0.570290 0.190468
vt 0.580446 0.189129
vt 0.590262 0.187669
vt 0.599850 0.186123
vt 0.609288 0.184516
vt 0.618633 0.182867
vt 0.627927 0.181196
vt 0.637207 0.179518
vt 0.646509 0.177849
vt 0.655868 0.176205
vt 0.665328 0.174602
vt 0.674943 0.173056
vt 0.684789 0.171585
vt 0.694980 0.170209
vt 0.705691 0.168948
vt 0.717214 0.167830
vt 0.730100 0.166882
vt 0.535364 0.188026
vt 0.547992 0.188182
vt 0.559347 0.187509
vt 0.569925 0.186439
vt 0.580008 0.185142
vt 0.589765 0.183698
vt 0.599308 0.182156
vt 0.608711 0.180547
vt 0.618031 0.178897
vt 0.627309 0.177225
vt 0.636581 0.175550
vt 0.645882 0.173886
vt 0.655246 0.172249
vt 0.664714 0.170652
vt 0.674338 0.169109
vt 0.684191 0.167630
vt 0.694377 0.166219
vt 0.705060 0.164868
vt 0.716504 0.163529
vt 0.729179 0.162018
vt 0.536047 0.182785
vt 0.548183 0.183490
vt 0.559271 0.183059
vt 0.569675 0.182102
vt 0.579635 0.180857
vt 0.589300 0.179435
vt 0.598774 0.177901
vt 0.608125 0.176294
vt 0.617406 0.174645
vt 0.626657 0.172976
vt 0.635911 0.171306
vt 0.645200 0.169650
vt 0.654557 0.168024
vt 0.664018 0.166438
vt 0.673630 0.164901
vt 0.683457 0.163416
vt 0.693591 0.161971
vt 0.704169 0.160526
vt 0.715401 0.158957
vt 0.727605 0.156875
vt 0.537405 0.177200
vt 0.548778 0.178411
vt 0.559442 0.178234
vt 0.569578 0.177406
vt 0.579351 0.176225
vt 0.588883 0.174835
vt 0.598257 0.173314
vt 0.607533 0.171714
vt 0.616758 0.170069
vt 0.625968 0.168407
vt 0.635191 0.166746
vt 0.644455 0.165103
vt 0.653788 0.163491
vt 0.663222 0.161920
vt 0.672793 0.160393
vt 0.682553 0.158905
vt 0.692570 0.157428
vt 0.702943 0.155886
vt 0.713796 0.154082
vt 0.725236 0.151465
vt 0.539479 0.171431
vt 0.549847 0.173036
vt 0.559921 0.173107
vt 0.569679 0.172421
vt 0.579195 0.171318
vt 0.588542 0.169969
vt 0.597781 0.168470
vt 0.606956 0.166883
vt 0.616104 0.165248
vt 0.625254 0.163596
vt 0.634430 0.161949
vt 0.643652 0.160323
vt 0.652942 0.158731
vt 0.662321 0.157179
vt 0.671815 0.155667
vt 0.681454 0.154179
vt 0.691276 0.152670
vt 0.701323 0.151032
vt 0.711612 0.149012
vt 0.722017 0.145968
vt 0.542167 0.165727
vt 0.551386 0.167552
vt 0.560730 0.167837
vt 0.570007 0.167297
vt 0.579193 0.166284
vt 0.588305 0.164987
vt 0.597370 0.163519
vt 0.606416 0.161952
vt 0.615466 0.160333
vt 0.624538 0.158698
vt 0.633648 0.157069
vt 0.642809 0.155465
vt 0.652032 0.153897
vt 0.661326 0.152369
vt 0.670700 0.150875
vt 0.680160 0.149389
vt 0.689703 0.147851
vt 0.699303 0.146131
vt 0.708864 0.143943
vt 0.718060 0.140655
vt 0.545204 0.160331
vt 0.553275 0.162185
vt 0.561818 0.162625
vt 0.570544 0.162223
vt 0.579342 0.161304
vt 0.588175 0.160068
vt 0.597035 0.158638
vt 0.605928 0.157098
vt 0.614859 0.155501
vt 0.623837 0.153887
vt 0.632865 0.152281
vt 0.641946 0.150703
vt 0.651079 0.149162
vt 0.660261 0.147660
vt 0.669477 0.146186
vt 0.678706 0.144706
vt 0.687899 0.143148
vt 0.696963 0.141367
vt 0.705702 0.139086
vt 0.713672 0.135772
vt 0.548209 0.155399
vt 0.555277 0.157136
vt 0.563045 0.157664
vt 0.571204 0.157372
vt 0.579590 0.156541
vt 0.588121 0.155366
vt 0.596758 0.153979
vt 0.605483 0.152470
vt 0.614284 0.150900
vt 0.623156 0.149310
vt 0.632092 0.147729
vt 0.641081 0.146177
vt 0.650111 0.144664
vt 0.659160 0.143189
vt 0.668196 0.141737
vt 0.677163 0.140268
vt 0.685974 0.138701
vt 0.694478 0.136893
vt 0.702412 0.134602
vt 0.709310 0.131439
vt 0.550802 0.150960
vt 0.557110 0.152523
vt 0.564216 0.153078
vt 0.571852 0.152856
vt 0.579841 0.152090
vt 0.588075 0.150966
vt 0.596490 0.149619
vt 0.605047 0.148141
vt 0.613719 0.146597
vt 0.622486 0.145031
vt 0.631328 0.143475
vt 0.640224 0.141948
vt 0.649148 0.140460
vt 0.658065 0.139012
vt 0.666920 0.137583
vt 0.675634 0.136132
vt 0.684085 0.134577
vt 0.692083 0.132782
vt 0.699341 0.130545
vt 0.705440 0.127613
vt 0.552771 0.146921
vt 0.558567 0.148337
vt 0.565149 0.148867
vt 0.572339 0.148663
vt 0.579975 0.147927
vt 0.587941 0.146835
vt 0.596156 0.145516
vt 0.604563 0.144063
vt 0.613120 0.142541
vt 0.621793 0.140996
vt 0.630553 0.139459
vt 0.639368 0.137952
vt 0.648201 0.136486
vt 0.657003 0.135061
vt 0.665707 0.133658
vt 0.674213 0.132237
vt 0.682377 0.130720
vt 0.689989 0.128981
vt 0.696763 0.126846
vt 0.702360 0.124127
vt 0.564620 0.242113
vt 0.553540 0.145005
vt 0.561105 0.242040
vt 0.715539 0.218664
vt 0.561947 0.238734
vt 0.566013 0.239004
vt 0.570050 0.239492
vt 0.559135 0.146364
vt 0.567761 0.235914
vt 0.572240 0.236597
vt 0.576652 0.237428
vt 0.565491 0.146858
vt 0.574752 0.233722
vt 0.579473 0.234684
vt 0.584124 0.235735
vt 0.572483 0.146641
vt 0.582540 0.231949
vt 0.587392 0.233075
vt 0.592182 0.234247
vt 0.579963 0.145907
vt 0.590836 0.230410
vt 0.595749 0.231619
vt 0.600609 0.232846
vt 0.587812 0.144822
vt 0.599438 0.228972
vt 0.604368 0.230214
vt 0.609255 0.231457
vt 0.595940 0.143513
vt 0.608212 0.227556
vt 0.613132 0.228803
vt 0.618013 0.230042
vt 0.604283 0.142069
vt 0.617068 0.226119
vt 0.621956 0.227359
vt 0.626809 0.228585
vt 0.612791 0.140555
vt 0.625944 0.224643
vt 0.630785 0.225871
vt 0.635590 0.227085
vt 0.621425 0.139017
vt 0.634797 0.223127
vt 0.639576 0.224347
vt 0.644315 0.225556
vt 0.630151 0.137487
vt 0.643596 0.221581
vt 0.648296 0.222803
vt 0.652950 0.224018
vt 0.638932 0.135988
vt 0.652314 0.220026
vt 0.656915 0.221265
vt 0.661458 0.222504
vt 0.647729 0.134531
vt 0.660926 0.218494
vt 0.665402 0.219771
vt 0.669800 0.221060
vt 0.656486 0.133116
vt 0.669404 0.217030
vt 0.673719 0.218375
vt 0.677929 0.219751
vt 0.665132 0.131727
vt 0.677715 0.215698
vt 0.681818 0.217156
vt 0.685777 0.218666
vt 0.673560 0.130326
vt 0.685810 0.214593
vt 0.689631 0.216223
vt 0.693258 0.217932
vt 0.681617 0.128838
vt 0.693616 0.213847
vt 0.697061 0.215729
vt 0.700249 0.217715
vt 0.689089 0.127146
vt 0.701020 0.213641
vt 0.703970 0.215866
vt 0.706605 0.218209
vt 0.695691 0.125081
vt 0.707848 0.214191
vt 0.710179 0.216831
vt 0.712200 0.219568
vt 0.701121 0.122460
vt 0.713873 0.215675
vt 0.557853 0.238765
vt 0.717695 0.214817
vt 0.558453 0.235102
vt 0.563174 0.235391
vt 0.564913 0.232052
vt 0.569913 0.232839
vt 0.572487 0.229781
vt 0.577585 0.230852
vt 0.580727 0.227974
vt 0.585839 0.229198
vt 0.589351 0.226410
vt 0.594440 0.227708
vt 0.598188 0.224949
vt 0.603237 0.226275
vt 0.607132 0.223508
vt 0.612130 0.224840
vt 0.616113 0.222046
vt 0.621056 0.223373
vt 0.625089 0.220546
vt 0.629970 0.221865
vt 0.634031 0.219007
vt 0.638842 0.220321
vt 0.642919 0.217439
vt 0.647649 0.218757
vt 0.651738 0.215862
vt 0.656371 0.217198
vt 0.660474 0.214305
vt 0.664988 0.215680
vt 0.669113 0.212812
vt 0.673478 0.214258
vt 0.677638 0.211446
vt 0.681808 0.213009
vt 0.686018 0.210298
vt 0.689930 0.212044
vt 0.694201 0.209504
vt 0.697760 0.211524
vt 0.702090 0.209253
vt 0.705158 0.211660
vt 0.709509 0.209802
vt 0.711904 0.212694
vt 0.716164 0.211453
vt 0.553612 0.235216
vt 0.720649 0.210654
vt 0.554285 0.231038
vt 0.559709 0.231411
vt 0.561690 0.227782
vt 0.567202 0.228744
vt 0.570017 0.225487
vt 0.575463 0.226732
vt 0.578799 0.223688
vt 0.584145 0.225068
vt 0.587802 0.222122
vt 0.593048 0.223563
vt 0.596901 0.220647
vt 0.602058 0.222109
vt 0.606029 0.219184
vt 0.611106 0.220649
vt 0.615145 0.217696
vt 0.620149 0.219156
vt 0.624228 0.216168
vt 0.629160 0.217622
vt 0.633264 0.214603
vt 0.638124 0.216054
vt 0.642246 0.213010
vt 0.647028 0.214466
vt 0.651172 0.211408
vt 0.655866 0.212882
vt 0.660039 0.209824
vt 0.664630 0.211336
vt 0.668848 0.208299
vt 0.673312 0.209879
vt 0.677598 0.206891
vt 0.681899 0.208584
vt 0.686282 0.205686
vt 0.690365 0.207561
vt 0.694874 0.204813
vt 0.698652 0.206971
vt 0.703314 0.204470
vt 0.706643 0.207048
vt 0.711460 0.204963
vt 0.714112 0.208124
vt 0.719004 0.206772
vt 0.548656 0.231126
vt 0.724199 0.205988
vt 0.549848 0.226425
vt 0.555912 0.226965
vt 0.558422 0.223098
vt 0.564348 0.224257
vt 0.567577 0.220853
vt 0.573285 0.222274
vt 0.576917 0.219098
vt 0.582430 0.220628
vt 0.586292 0.217549
vt 0.591648 0.219121
vt 0.595641 0.216065
vt 0.600875 0.217650
vt 0.604941 0.214581
vt 0.610076 0.216165
vt 0.614182 0.213066
vt 0.619234 0.214644
vt 0.623362 0.211511
vt 0.628342 0.213083
vt 0.632485 0.209919
vt 0.637396 0.211489
vt 0.641556 0.208302
vt 0.646398 0.209876
vt 0.650582 0.206676
vt 0.655352 0.208267
vt 0.659575 0.205068
vt 0.664263 0.206693
vt 0.668547 0.203513
vt 0.673139 0.205200
vt 0.677513 0.202064
vt 0.681985 0.203854
vt 0.686490 0.200797
vt 0.690803 0.202758
vt 0.695487 0.199831
vt 0.699573 0.202067
vt 0.704495 0.199363
vt 0.708229 0.202033
vt 0.713441 0.199733
vt 0.716591 0.203087
vt 0.722076 0.201596
vt 0.543489 0.226353
vt 0.727940 0.200751
vt 0.545626 0.221303
vt 0.552194 0.222073
vt 0.555439 0.218110
vt 0.561640 0.219448
vt 0.565381 0.215997
vt 0.571241 0.217544
vt 0.575218 0.214316
vt 0.580818 0.215938
vt 0.584911 0.212792
vt 0.590321 0.214437
vt 0.594468 0.211304
vt 0.599738 0.212952
vt 0.603907 0.209801
vt 0.609071 0.211443
vt 0.613247 0.208261
vt 0.618329 0.209895
vt 0.622506 0.206680
vt 0.627519 0.208307
vt 0.631700 0.205064
vt 0.636653 0.206689
vt 0.640845 0.203426
vt 0.645742 0.205054
vt 0.649959 0.201781
vt 0.654801 0.203424
vt 0.659060 0.200154
vt 0.663846 0.201826
vt 0.668174 0.198576
vt 0.672899 0.200301
vt 0.677331 0.197091
vt 0.681984 0.198908
vt 0.686567 0.195767
vt 0.691129 0.197735
vt 0.695926 0.194709
vt 0.700360 0.196928
vt 0.705455 0.194096
vt 0.709680 0.196741
vt 0.715178 0.194280
vt 0.719007 0.197670
vt 0.724981 0.196019
vt 0.538662 0.220953
vt 0.731421 0.195029
vt 0.542011 0.215863
vt 0.548918 0.216885
vt 0.552963 0.213013
vt 0.559302 0.214474
vt 0.563557 0.211097
vt 0.569471 0.212693
vt 0.573782 0.209506
vt 0.579401 0.211139
vt 0.583713 0.208012
vt 0.589126 0.209648
vt 0.593419 0.206523
vt 0.598689 0.208151
vt 0.602957 0.205004
vt 0.608122 0.206620
vt 0.612366 0.203442
vt 0.617453 0.205048
vt 0.621681 0.201839
vt 0.626706 0.203438
vt 0.630926 0.200204
vt 0.635903 0.201799
vt 0.640128 0.198549
vt 0.645063 0.200147
vt 0.649310 0.196891
vt 0.654209 0.198501
vt 0.658499 0.195251
vt 0.663366 0.196886
vt 0.667729 0.193656
vt 0.672568 0.195336
vt 0.677039 0.192146
vt 0.681855 0.193903
vt 0.686486 0.190775
vt 0.691278 0.192662
vt 0.696140 0.189632
vt 0.700905 0.191739
vt 0.706100 0.188873
vt 0.710814 0.191371
vt 0.716490 0.188823
vt 0.721055 0.192065
vt 0.727385 0.190249
vt 0.534605 0.215159
vt 0.734275 0.189036
vt 0.539215 0.210378
vt 0.546298 0.211633
vt 0.551073 0.208020
vt 0.557439 0.209533
vt 0.562139 0.206333
vt 0.568035 0.207898
vt 0.572628 0.204839
vt 0.578216 0.206402
vt 0.582712 0.203378
vt 0.588095 0.204925
vt 0.592512 0.201891
vt 0.597753 0.203419
vt 0.602108 0.200359
vt 0.607250 0.201870
vt 0.611558 0.198779
vt 0.616629 0.200278
vt 0.620905 0.197160
vt 0.625924 0.198649
vt 0.630184 0.195510
vt 0.635165 0.196995
vt 0.639424 0.193843
vt 0.644377 0.195331
vt 0.648656 0.192177
vt 0.653590 0.193674
vt 0.657912 0.190530
vt 0.662836 0.192048
vt 0.667229 0.188926
vt 0.672155 0.190483
vt 0.676656 0.187397
vt 0.681599 0.189020
vt 0.686261 0.185990
vt 0.691239 0.187722
vt 0.696136 0.184776
vt 0.701176 0.186693
vt 0.706419 0.183882
vt 0.711553 0.186136
vt 0.717316 0.183577
vt 0.722554 0.186512
vt 0.729104 0.184545
vt 0.531544 0.209284
vt 0.736294 0.183051
vt 0.537258 0.205088
vt 0.544383 0.206544
vt 0.549732 0.203291
vt 0.556054 0.204800
vt 0.561089 0.201838
vt 0.566927 0.203317
vt 0.571730 0.200440
vt 0.577262 0.201881
vt 0.581897 0.199012
vt 0.587228 0.200419
vt 0.591742 0.197529
vt 0.596939 0.198908
vt 0.601363 0.195989
vt 0.606468 0.197346
vt 0.610830 0.194397
vt 0.615872 0.195738
vt 0.620192 0.192764
vt 0.625191 0.194095
vt 0.629488 0.191104
vt 0.634459 0.192430
vt 0.638753 0.189431
vt 0.643707 0.190759
vt 0.648019 0.187761
vt 0.652969 0.189097
vt 0.657321 0.186110
vt 0.662279 0.187466
vt 0.666701 0.184502
vt 0.671684 0.185891
vt 0.676212 0.182963
vt 0.681244 0.184407
vt 0.685929 0.181530
vt 0.691041 0.183064
vt 0.695956 0.180258
vt 0.701200 0.181944
vt 0.706459 0.179243
vt 0.711909 0.181207
vt 0.717698 0.178688
vt 0.723466 0.181223
vt 0.730113 0.179121
vt 0.529491 0.203582
vt 0.737445 0.177292
vt 0.536029 0.200096
vt 0.543096 0.201752
vt 0.548839 0.198868
vt 0.555076 0.200369
vt 0.560338 0.197640
vt 0.566098 0.199034
vt 0.571043 0.196335
vt 0.576507 0.197655
vt 0.581237 0.194940
vt 0.586510 0.196210
vt 0.591090 0.193465
vt 0.596238 0.194698
vt 0.600712 0.191920
vt 0.605777 0.193126
vt 0.610177 0.190319
vt 0.615187 0.191508
vt 0.619540 0.188678
vt 0.624514 0.189855
vt 0.628842 0.187012
vt 0.633797 0.188184
vt 0.638119 0.185335
vt 0.643068 0.186509
vt 0.647407 0.183663
vt 0.652362 0.184845
vt 0.656740 0.182013
vt 0.661717 0.183213
vt 0.666163 0.180405
vt 0.671183 0.181634
vt 0.675731 0.178860
vt 0.680821 0.180136
vt 0.685521 0.177409
vt 0.690724 0.178759
vt 0.695646 0.176090
vt 0.701028 0.177562
vt 0.706282 0.174969
vt 0.711950 0.176660
vt 0.717720 0.174180
vt 0.723858 0.176315
vt 0.730498 0.174060
vt 0.528332 0.198122
vt 0.737796 0.171807
vt 0.535385 0.195316
vt 0.542307 0.197238
vt 0.548289 0.194643
vt 0.554415 0.196204
vt 0.559810 0.193634
vt 0.565485 0.195010
vt 0.570511 0.192419
vt 0.575908 0.193689
vt 0.580689 0.191060
vt 0.585909 0.192262
vt 0.590523 0.189595
vt 0.595629 0.190752
vt 0.600127 0.188048
vt 0.605158 0.189175
vt 0.609578 0.186442
vt 0.614562 0.187549
vt 0.618931 0.184796
vt 0.623887 0.185890
vt 0.628230 0.183125
vt 0.633174 0.184215
vt 0.637511 0.181447
vt 0.642457 0.182538
vt 0.646810 0.179777
vt 0.651771 0.180876
vt 0.656163 0.178130
vt 0.661157 0.179246
vt 0.665613 0.176525
vt 0.670662 0.177667
vt 0.675217 0.174978
vt 0.680352 0.176161
vt 0.685052 0.173513
vt 0.690321 0.174757
vt 0.695230 0.172154
vt 0.700709 0.173494
vt 0.705930 0.170939
vt 0.711745 0.172442
vt 0.717452 0.169930
vt 0.723829 0.171749
vt 0.730356 0.169258
vt 0.527945 0.192767
vt 0.737408 0.166452
vt 0.535243 0.190514
vt 0.541912 0.192825
vt 0.548021 0.190393
vt 0.553996 0.192131
vt 0.559459 0.189604
vt 0.565032 0.191079
vt 0.570095 0.188484
vt 0.575420 0.189816
vt 0.580220 0.187164
vt 0.585388 0.188412
vt 0.590010 0.185712
vt 0.595079 0.186906
vt 0.599578 0.184168
vt 0.604584 0.185326
vt 0.609001 0.182559
vt 0.613969 0.183696
vt 0.618334 0.180909
vt 0.623284 0.182034
vt 0.627621 0.179238
vt 0.632567 0.180357
vt 0.636899 0.177561
vt 0.641854 0.178682
vt 0.646201 0.175894
vt 0.651179 0.177024
vt 0.655564 0.174253
vt 0.660582 0.175398
vt 0.665029 0.172653
vt 0.670112 0.173821
vt 0.674651 0.171108
vt 0.679831 0.172310
vt 0.684504 0.169632
vt 0.689833 0.170884
vt 0.694698 0.168239
vt 0.700256 0.169563
vt 0.705403 0.166933
vt 0.711326 0.168370
vt 0.716902 0.165706
vt 0.723434 0.167335
vt 0.729712 0.164478
vt 0.528295 0.187282
vt 0.736249 0.160992
vt 0.535627 0.185453
vt 0.541882 0.188258
vt 0.548043 0.185885
vt 0.553791 0.187914
vt 0.559282 0.185331
vt 0.564712 0.187011
vt 0.569784 0.184315
vt 0.575016 0.185814
vt 0.579812 0.183043
vt 0.584919 0.184436
vt 0.589528 0.181610
vt 0.594558 0.182939
vt 0.599040 0.180071
vt 0.604023 0.181360
vt 0.608420 0.178462
vt 0.613379 0.179727
vt 0.617722 0.176812
vt 0.622673 0.178064
vt 0.626988 0.175141
vt 0.631944 0.176388
vt 0.636253 0.173468
vt 0.641226 0.174717
vt 0.645549 0.171808
vt 0.650554 0.173065
vt 0.654911 0.170176
vt 0.659964 0.171446
vt 0.664378 0.168584
vt 0.669503 0.169875
vt 0.673999 0.167044
vt 0.679230 0.168363
vt 0.683843 0.165561
vt 0.689234 0.166918
vt 0.694010 0.164133
vt 0.699643 0.165539
vt 0.704652 0.162736
vt 0.710665 0.164204
vt 0.716009 0.161283
vt 0.722645 0.162821
vt 0.728483 0.159486
vt 0.529446 0.181522
vt 0.734197 0.155290
vt 0.536637 0.180029
vt 0.542274 0.183350
vt 0.548424 0.180997
vt 0.553832 0.183367
vt 0.559321 0.180692
vt 0.564541 0.182629
vt 0.569604 0.179797
vt 0.574700 0.181509
vt 0.579479 0.178582
vt 0.584497 0.180166
vt 0.589084 0.177175
vt 0.594056 0.178682
vt 0.598512 0.175647
vt 0.603461 0.177107
vt 0.607829 0.174043
vt 0.612772 0.175475
vt 0.617084 0.172395
vt 0.622033 0.173814
vt 0.626316 0.170729
vt 0.631282 0.172142
vt 0.635557 0.169063
vt 0.640550 0.170477
vt 0.644836 0.167413
vt 0.649868 0.168835
vt 0.654183 0.165793
vt 0.659272 0.167227
vt 0.663633 0.164214
vt 0.668802 0.165665
vt 0.673229 0.162682
vt 0.678513 0.164154
vt 0.683029 0.161195
vt 0.688479 0.162692
vt 0.693113 0.159734
vt 0.698814 0.161256
vt 0.703602 0.158240
vt 0.709687 0.159773
vt 0.714668 0.156553
vt 0.721358 0.158029
vt 0.726526 0.154196
vt 0.531466 0.175537
vt 0.731136 0.149415
vt 0.538355 0.174325
vt 0.543186 0.178062
vt 0.549251 0.175751
vt 0.554188 0.178437
vt 0.559640 0.175700
vt 0.564564 0.177880
vt 0.569601 0.174941
vt 0.574501 0.176851
vt 0.579255 0.173798
vt 0.584141 0.175553
vt 0.588701 0.172427
vt 0.593586 0.174090
vt 0.598012 0.170916
vt 0.602904 0.172524
vt 0.607241 0.169321
vt 0.612150 0.170898
vt 0.616431 0.167681
vt 0.621363 0.169242
vt 0.625613 0.166023
vt 0.630576 0.167577
vt 0.634814 0.164368
vt 0.639816 0.165923
vt 0.644060 0.162733
vt 0.649112 0.164295
vt 0.653374 0.161131
vt 0.658491 0.162702
vt 0.662784 0.159569
vt 0.667988 0.161154
vt 0.672322 0.158049
vt 0.677646 0.159648
vt 0.682028 0.156561
vt 0.687525 0.158171
vt 0.691959 0.155067
vt 0.697706 0.156675
vt 0.702184 0.153477
vt 0.708302 0.155040
vt 0.712778 0.151561
vt 0.719443 0.152940
vt 0.723730 0.148711
vt 0.534319 0.169545
vt 0.727080 0.143621
vt 0.540759 0.168555
vt 0.544685 0.172508
vt 0.550562 0.170294
vt 0.554926 0.173202
vt 0.560285 0.170477
vt 0.564835 0.172834
vt 0.569815 0.169865
vt 0.574462 0.171911
vt 0.579174 0.168806
vt 0.583886 0.170670
vt 0.588410 0.167482
vt 0.593172 0.169236
vt 0.597566 0.165997
vt 0.602374 0.167687
vt 0.606680 0.164418
vt 0.611532 0.166072
vt 0.615782 0.162791
vt 0.620678 0.164425
vt 0.624895 0.161147
vt 0.629838 0.162773
vt 0.634040 0.159508
vt 0.639034 0.161135
vt 0.643234 0.157893
vt 0.648288 0.159524
vt 0.652494 0.156312
vt 0.657619 0.157952
vt 0.661834 0.154772
vt 0.667052 0.156421
vt 0.671273 0.153269
vt 0.676614 0.154925
vt 0.680830 0.151781
vt 0.686340 0.153434
vt 0.690523 0.150257
vt 0.696270 0.151880
vt 0.700360 0.148576
vt 0.706440 0.150099
vt 0.710302 0.146464
vt 0.716824 0.147689
vt 0.720116 0.143271
vt 0.537800 0.163823
vt 0.722252 0.138220
vt 0.543664 0.162978
vt 0.546734 0.166903
vt 0.552299 0.164840
vt 0.556060 0.167833
vt 0.561246 0.165211
vt 0.565380 0.167645
vt 0.570253 0.164742
vt 0.574611 0.166838
vt 0.579251 0.163776
vt 0.583757 0.165665
vt 0.588227 0.162509
vt 0.592842 0.164272
vt 0.597194 0.161059
vt 0.601894 0.162747
vt 0.606166 0.159504
vt 0.610940 0.161149
vt 0.615158 0.157896
vt 0.619998 0.159518
vt 0.624185 0.156271
vt 0.629088 0.157883
vt 0.633255 0.154653
vt 0.638222 0.156265
vt 0.642379 0.153061
vt 0.647412 0.154678
vt 0.651559 0.151507
vt 0.656670 0.153130
vt 0.660800 0.149992
vt 0.666003 0.151621
vt 0.670100 0.148508
vt 0.675420 0.150136
vt 0.679449 0.147024
vt 0.684923 0.148635
vt 0.688824 0.145475
vt 0.694500 0.147029
vt 0.698164 0.143720
vt 0.704101 0.145125
vt 0.707319 0.141476
vt 0.713547 0.142501
vt 0.715893 0.138148
vt 0.541541 0.158586
vt 0.717085 0.133448
vt 0.546736 0.157802
vt 0.549150 0.161487
vt 0.554280 0.159611
vt 0.557511 0.162541
vt 0.562426 0.160103
vt 0.566167 0.162507
vt 0.570866 0.159760
vt 0.574937 0.161815
vt 0.579459 0.158887
vt 0.583755 0.160718
vt 0.588142 0.157682
vt 0.592602 0.159373
vt 0.596892 0.156274
vt 0.601477 0.157880
vt 0.605701 0.154749
vt 0.610388 0.156306
vt 0.614569 0.153165
vt 0.619342 0.154696
vt 0.623494 0.151563
vt 0.628344 0.153084
vt 0.632477 0.149969
vt 0.637399 0.151489
vt 0.641513 0.148404
vt 0.646507 0.149929
vt 0.650596 0.146877
vt 0.655665 0.148408
vt 0.659712 0.145389
vt 0.664866 0.146923
vt 0.668840 0.143926
vt 0.674093 0.145452
vt 0.677939 0.142450
vt 0.683312 0.143945
vt 0.686942 0.140885
vt 0.692457 0.142300
vt 0.695724 0.139086
vt 0.701394 0.140316
vt 0.704051 0.136791
vt 0.709829 0.137608
vt 0.711457 0.133536
vt 0.545091 0.153919
vt 0.712129 0.129358
vt 0.549577 0.153121
vt 0.551628 0.156449
vt 0.556231 0.154772
vt 0.559097 0.157525
vt 0.563650 0.155320
vt 0.567088 0.157602
vt 0.571540 0.155069
vt 0.575375 0.157011
vt 0.579723 0.154275
vt 0.583841 0.155988
vt 0.588103 0.153127
vt 0.592428 0.154694
vt 0.596627 0.151761
vt 0.601111 0.153237
vt 0.605267 0.150268
vt 0.609874 0.151691
vt 0.614003 0.148711
vt 0.618712 0.150107
vt 0.622821 0.147133
vt 0.627617 0.148518
vt 0.631709 0.145565
vt 0.636581 0.146950
vt 0.640651 0.144026
vt 0.645592 0.145417
vt 0.649628 0.142526
vt 0.654635 0.143924
vt 0.658609 0.141065
vt 0.663683 0.142464
vt 0.667553 0.139624
vt 0.672693 0.141010
vt 0.676390 0.138163
vt 0.681596 0.139505
vt 0.685015 0.136599
vt 0.690278 0.137841
vt 0.693254 0.134792
vt 0.698540 0.135830
vt 0.700828 0.132521
vt 0.706032 0.133162
vt 0.707288 0.129471
vt 0.548045 0.149757
vt 0.707889 0.125809
vt 0.551867 0.148899
vt 0.553836 0.151879
vt 0.557892 0.150382
vt 0.560582 0.152914
vt 0.564721 0.150932
vt 0.567981 0.153050
vt 0.572124 0.150726
vt 0.575811 0.152529
vt 0.579930 0.149980
vt 0.583932 0.151564
vt 0.588025 0.148874
vt 0.592263 0.150315
vt 0.596336 0.147543
vt 0.600752 0.148892
vt 0.604815 0.146078
vt 0.609370 0.147375
vt 0.613427 0.144546
vt 0.618092 0.145815
vt 0.622145 0.142991
vt 0.626899 0.144251
vt 0.630944 0.141446
vt 0.635771 0.142708
vt 0.639797 0.139930
vt 0.644685 0.141200
vt 0.648673 0.138454
vt 0.653611 0.139733
vt 0.657529 0.137017
vt 0.662504 0.138297
vt 0.666303 0.135601
vt 0.671301 0.136865
vt 0.674906 0.134163
vt 0.679902 0.135375
vt 0.683201 0.132624
vt 0.688156 0.133721
vt 0.690989 0.130851
vt 0.695828 0.131734
vt 0.697980 0.128659
vt 0.702568 0.129182
vt 0.703794 0.125839
vt 0.550201 0.145910
vt 0.704637 0.122534
vt 0.555561 0.147742
vt 0.561770 0.148707
vt 0.568679 0.148844
vt 0.576109 0.148350
vt 0.583923 0.147417
vt 0.592022 0.146198
vt 0.600339 0.144802
vt 0.608825 0.143308
vt 0.617444 0.141769
vt 0.626164 0.140225
vt 0.634956 0.138701
vt 0.643785 0.137214
vt 0.652610 0.135769
vt 0.661373 0.134359
vt 0.669993 0.132954
vt 0.678349 0.131497
vt 0.686268 0.129889
vt 0.693501 0.127976
vt 0.699729 0.125569
vn -0.000002 -0.809017 0.587785
vn -0.000002 -0.891007 0.453990
vn -0.200906 -0.872840 0.444733
vn -0.200930 -0.792518 0.575798
vn -0.000001 -0.951057 0.309016
vn -0.200931 -0.931660 0.302714
vn -0.387944 -0.876573 0.284815
vn -0.387903 -0.821241 0.418443
vn -0.387945 -0.745657 0.541752
vn -0.000002 -0.587785 0.809017
vn -0.000002 -0.707107 0.707107
vn -0.200906 -0.692689 0.692689
vn -0.200930 -0.575798 0.792518
vn -0.387903 -0.651741 0.651741
vn -0.387944 -0.541752 0.745657
vn -0.000002 -0.309017 0.951057
vn -0.000001 -0.453990 0.891007
vn -0.200906 -0.444733 0.872840
vn -0.200930 -0.302714 0.931660
vn -0.387903 -0.418443 0.821241
vn -0.387945 -0.284815 0.876572
vn -0.000001 -0.000000 1.000000
vn -0.000001 -0.156434 0.987688
vn -0.200907 -0.153245 0.967550
vn -0.200931 0.000000 0.979605
vn -0.387903 -0.144186 0.910353
vn -0.387944 0.000000 0.921683
vn -0.000002 0.309017 0.951056
vn -0.000001 0.156434 0.987688
vn -0.200906 0.153245 0.967550
vn -0.200930 0.302715 0.931660
vn -0.387903 0.144186 0.910353
vn -0.387945 0.284816 0.876572
vn -0.000001 0.587786 0.809017
vn -0.000002 0.453991 0.891007
vn -0.200906 0.444734 0.872839
vn -0.200930 0.575798 0.792517
vn -0.387903 0.418443 0.821241
vn -0.387944 0.541752 0.745657
vn -0.000002 0.809017 0.587785
vn -0.000002 0.707107 0.707106
vn -0.200906 0.692689 0.692689
vn -0.200930 0.792518 0.575797
vn -0.387902 0.651741 0.651740
vn -0.387944 0.745657 0.541751
vn -0.000001 0.951057 0.309017
vn -0.000002 0.891007 0.453990
vn -0.200906 0.872840 0.444734
vn -0.200930 0.931660 0.302715
vn -0.387903 0.821241 0.418443
vn -0.387945 0.876572 0.284815
vn -0.000002 1.000000 0.000000
vn -0.000001 0.987688 0.156434
vn -0.200906 0.967550 0.153245
vn -0.200930 0.979606 0.000000
vn -0.387903 0.910353 0.144185
vn -0.387944 0.921683 0.000000
vn -0.000001 0.951056 -0.309017
vn -0.000001 0.987688 -0.156434
vn -0.200906 0.967550 -0.153245
vn -0.200930 0.931660 -0.302715
vn -0.387903 0.910353 -0.144186
vn -0.387945 0.876572 -0.284816
vn -0.000001 0.809017 -0.587785
vn -0.000001 0.891006 -0.453991
vn -0.200906 0.872839 -0.444734
vn -0.200930 0.792518 -0.575798
vn -0.387903 0.821241 -0.418443
vn -0.387944 0.745657 -0.541751
vn -0.000002 0.587785 -0.809017
vn -0.000002 0.707107 -0.707107
vn -0.200907 0.692689 -0.692689
vn -0.200930 0.575797 -0.792518
vn -0.387903 0.651741 -0.651741
vn -0.387944 0.541751 -0.745657
vn -0.000001 0.309017 -0.951056
vn -0.000001 0.453990 -0.891007
vn -0.200906 0.444734 -0.872839
vn -0.200930 0.302715 -0.931660
vn -0.387903 0.418443 -0.821241
vn -0.387945 0.284815 -0.876572
vn -0.000001 -0.000000 -1.000000
vn -0.000001 0.156435 -0.987688
vn -0.200906 0.153245 -0.967550
vn -0.200930 0.000000 -0.979606
vn -0.387903 0.144185 -0.910353
vn -0.387945 0.000000 -0.921683
vn -0.000002 -0.309017 -0.951056
vn -0.000002 -0.156435 -0.987688
vn -0.200906 -0.153245 -0.967550
vn -0.200930 -0.302715 -0.931660
vn -0.387903 -0.144185 -0.910353
vn -0.387944 -0.284816 -0.876572
vn -0.000001 -0.587785 -0.809017
vn -0.000001 -0.453991 -0.891007
vn -0.200906 -0.444734 -0.872839
vn -0.200930 -0.575798 -0.792518
vn -0.387902 -0.418443 -0.821241
vn -0.387944 -0.541752 -0.745657
vn -0.000001 -0.809017 -0.587785
vn -0.000002 -0.707107 -0.707107
vn -0.200906 -0.692689 -0.692689
vn -0.200930 -0.792518 -0.575798
vn -0.387902 -0.651741 -0.651741
vn -0.387944 -0.745657 -0.541752
vn -0.000002 -0.951057 -0.309017
vn -0.000001 -0.891006 -0.453990
vn -0.200906 -0.872839 -0.444734
vn -0.200930 -0.931660 -0.302715
vn -0.387902 -0.821241 -0.418443
vn -0.387944 -0.876573 -0.284816
vn -0.000001 -1.000000 -0.000001
vn -0.000001 -0.987688 -0.156435
vn -0.200906 -0.967550 -0.153245
vn -0.200930 -0.979606 -0.000001
vn -0.387902 -0.910353 -0.144186
vn -0.387944 -0.921683 -0.000001
vn -0.000001 -0.987689 0.156433
vn -0.200906 -0.967550 0.153243
vn -0.387902 -0.910353 0.144184
vn -0.550911 -0.743602 0.378884
vn -0.550961 -0.675150 0.490525
vn -0.550961 -0.793687 0.257884
vn -0.685727 -0.692235 0.224920
vn -0.685678 -0.648568 0.330462
vn -0.685727 -0.588850 0.427825
vn -0.550911 -0.590126 0.590126
vn -0.550961 -0.490525 0.675150
vn -0.685678 -0.514707 0.514707
vn -0.685727 -0.427825 0.588850
vn -0.550911 -0.378884 0.743602
vn -0.550961 -0.257884 0.793686
vn -0.685678 -0.330462 0.648568
vn -0.685727 -0.224921 0.692235
vn -0.550911 -0.130554 0.824289
vn -0.550961 -0.000000 0.834531
vn -0.685678 -0.113869 0.718944
vn -0.685727 0.000000 0.727859
vn -0.550911 0.130555 0.824289
vn -0.550961 0.257884 0.793686
vn -0.685678 0.113870 0.718944
vn -0.685727 0.224921 0.692235
vn -0.550911 0.378884 0.743602
vn -0.550961 0.490525 0.675150
vn -0.685677 0.330462 0.648568
vn -0.685727 0.427825 0.588850
vn -0.550911 0.590126 0.590126
vn -0.550961 0.675150 0.490525
vn -0.685678 0.514707 0.514707
vn -0.685727 0.588850 0.427825
vn -0.550911 0.743602 0.378884
vn -0.550961 0.793687 0.257884
vn -0.685677 0.648569 0.330462
vn -0.685727 0.692235 0.224921
vn -0.550911 0.824289 0.130554
vn -0.550961 0.834531 0.000000
vn -0.685677 0.718944 0.113869
vn -0.685727 0.727859 0.000000
vn -0.550911 0.824289 -0.130554
vn -0.550961 0.793686 -0.257884
vn -0.685677 0.718944 -0.113869
vn -0.685727 0.692235 -0.224921
vn -0.550911 0.743602 -0.378884
vn -0.550961 0.675150 -0.490525
vn -0.685677 0.648569 -0.330462
vn -0.685727 0.588850 -0.427825
vn -0.550911 0.590126 -0.590126
vn -0.550961 0.490525 -0.675150
vn -0.685677 0.514707 -0.514707
vn -0.685727 0.427825 -0.588850
vn -0.550911 0.378884 -0.743602
vn -0.550961 0.257884 -0.793686
vn -0.685678 0.330462 -0.648568
vn -0.685727 0.224921 -0.692235
vn -0.550911 0.130554 -0.824289
vn -0.550961 -0.000000 -0.834531
vn -0.685677 0.113870 -0.718944
vn -0.685727 -0.000000 -0.727859
vn -0.550911 -0.130554 -0.824289
vn -0.550961 -0.257884 -0.793686
vn -0.685677 -0.113870 -0.718944
vn -0.685727 -0.224921 -0.692235
vn -0.550911 -0.378884 -0.743602
vn -0.550960 -0.490525 -0.675150
vn -0.685677 -0.330462 -0.648569
vn -0.685727 -0.427825 -0.588850
vn -0.550911 -0.590126 -0.590126
vn -0.550960 -0.675150 -0.490525
vn -0.685678 -0.514707 -0.514707
vn -0.685727 -0.588850 -0.427825
vn -0.550911 -0.743602 -0.378884
vn -0.550961 -0.793686 -0.257884
vn -0.685677 -0.648569 -0.330462
vn -0.685727 -0.692235 -0.224921
vn -0.550911 -0.824289 -0.130555
vn -0.550961 -0.834531 -0.000001
vn -0.685678 -0.718944 -0.113869
vn -0.685727 -0.727859 -0.000001
vn -0.550911 -0.824290 0.130553
vn -0.685678 -0.718944 0.113868
vn -0.792109 -0.543853 0.277107
vn -0.792152 -0.493763 0.358740
vn -0.792151 -0.580453 0.188600
vn -0.873007 -0.463837 0.150709
vn -0.872974 -0.434603 0.221441
vn -0.873007 -0.394564 0.286667
vn -0.792109 -0.431604 0.431604
vn -0.792151 -0.358740 0.493763
vn -0.872974 -0.344903 0.344903
vn -0.873007 -0.286667 0.394564
vn -0.792109 -0.277107 0.543852
vn -0.792151 -0.188601 0.580453
vn -0.872974 -0.221441 0.434603
vn -0.873007 -0.150710 0.463837
vn -0.792109 -0.095484 0.602865
vn -0.792151 0.000000 0.610325
vn -0.872974 -0.076303 0.481761
vn -0.873007 0.000000 0.487707
vn -0.792109 0.095484 0.602865
vn -0.792151 0.188601 0.580453
vn -0.872974 0.076303 0.481761
vn -0.873007 0.150710 0.463837
vn -0.792109 0.277107 0.543853
vn -0.792151 0.358740 0.493763
vn -0.872974 0.221442 0.434603
vn -0.873007 0.286667 0.394563
vn -0.792109 0.431604 0.431604
vn -0.792151 0.493763 0.358740
vn -0.872974 0.344903 0.344903
vn -0.873007 0.394564 0.286667
vn -0.792109 0.543853 0.277107
vn -0.792151 0.580453 0.188601
vn -0.872974 0.434603 0.221441
vn -0.873007 0.463837 0.150710
vn -0.792109 0.602865 0.095484
vn -0.792151 0.610325 -0.000000
vn -0.872974 0.481761 0.076303
vn -0.873007 0.487707 0.000000
vn -0.792109 0.602865 -0.095484
vn -0.792151 0.580454 -0.188601
vn -0.872974 0.481762 -0.076303
vn -0.873007 0.463837 -0.150710
vn -0.792109 0.543853 -0.277107
vn -0.792151 0.493763 -0.358740
vn -0.872974 0.434603 -0.221441
vn -0.873007 0.394564 -0.286667
vn -0.792109 0.431604 -0.431604
vn -0.792151 0.358740 -0.493763
vn -0.872974 0.344903 -0.344903
vn -0.873007 0.286667 -0.394564
vn -0.792109 0.277107 -0.543852
vn -0.792151 0.188601 -0.580453
vn -0.872974 0.221441 -0.434603
vn -0.873007 0.150710 -0.463837
vn -0.792109 0.095485 -0.602865
vn -0.792151 -0.000000 -0.610325
vn -0.872974 0.076304 -0.481762
vn -0.873007 -0.000000 -0.487707
vn -0.792109 -0.095485 -0.602865
vn -0.792151 -0.188601 -0.580453
vn -0.872974 -0.076304 -0.481762
vn -0.873007 -0.150710 -0.463837
vn -0.792109 -0.277107 -0.543852
vn -0.792151 -0.358740 -0.493763
vn -0.872974 -0.221442 -0.434603
vn -0.873007 -0.286667 -0.394564
vn -0.792109 -0.431604 -0.431604
vn -0.792151 -0.493763 -0.358740
vn -0.872974 -0.344903 -0.344903
vn -0.873007 -0.394564 -0.286667
vn -0.792109 -0.543853 -0.277107
vn -0.792151 -0.580453 -0.188601
vn -0.872974 -0.434603 -0.221442
vn -0.873007 -0.463837 -0.150710
vn -0.792109 -0.602865 -0.095484
vn -0.792151 -0.610325 -0.000001
vn -0.872974 -0.481762 -0.076304
vn -0.873007 -0.487708 -0.000001
vn -0.792109 -0.602865 0.095483
vn -0.872974 -0.481762 0.076303
vn -0.931463 -0.324181 0.165179
vn -0.931485 -0.294304 0.213824
vn -0.931485 -0.345975 0.112414
vn -0.970781 -0.228222 0.074154
vn -0.970768 -0.213860 0.108967
vn -0.970781 -0.194137 0.141049
vn -0.931462 -0.257272 0.257272
vn -0.931485 -0.213824 0.294304
vn -0.970768 -0.169720 0.169720
vn -0.970781 -0.141049 0.194137
vn -0.931462 -0.165179 0.324182
vn -0.931485 -0.112414 0.345975
vn -0.970768 -0.108967 0.213860
vn -0.970781 -0.074154 0.228222
vn -0.931463 -0.056917 0.359358
vn -0.931485 0.000000 0.363779
vn -0.970768 -0.037547 0.237065
vn -0.970781 0.000000 0.239967
vn -0.931463 0.056917 0.359358
vn -0.931485 0.112414 0.345975
vn -0.970768 0.037547 0.237066
vn -0.970781 0.074154 0.228222
vn -0.931462 0.165179 0.324181
vn -0.931485 0.213824 0.294304
vn -0.970768 0.108967 0.213860
vn -0.970781 0.141049 0.194137
vn -0.931462 0.257272 0.257272
vn -0.931485 0.294304 0.213824
vn -0.970768 0.169720 0.169720
vn -0.970781 0.194137 0.141049
vn -0.931462 0.324182 0.165179
vn -0.931485 0.345975 0.112414
vn -0.970768 0.213860 0.108967
vn -0.970781 0.228222 0.074154
vn -0.931463 0.359358 0.056917
vn -0.931485 0.363779 0.000000
vn -0.970768 0.237065 0.037547
vn -0.970781 0.239967 -0.000000
vn -0.931462 0.359358 -0.056917
vn -0.931485 0.345975 -0.112414
vn -0.970768 0.237066 -0.037547
vn -0.970781 0.228222 -0.074154
vn -0.931463 0.324181 -0.165179
vn -0.931485 0.294304 -0.213824
vn -0.970768 0.213860 -0.108967
vn -0.970781 0.194137 -0.141049
vn -0.931463 0.257272 -0.257272
vn -0.931485 0.213824 -0.294304
vn -0.970768 0.169720 -0.169720
vn -0.970781 0.141049 -0.194137
vn -0.931462 0.165179 -0.324182
vn -0.931485 0.112414 -0.345975
vn -0.970768 0.108967 -0.213860
vn -0.970781 0.074154 -0.228222
vn -0.931462 0.056917 -0.359358
vn -0.931485 -0.000000 -0.363780
vn -0.970768 0.037547 -0.237066
vn -0.970781 -0.000000 -0.239967
vn -0.931462 -0.056917 -0.359358
vn -0.931485 -0.112414 -0.345975
vn -0.970768 -0.037548 -0.237066
vn -0.970781 -0.074154 -0.228222
vn -0.931462 -0.165179 -0.324182
vn -0.931485 -0.213824 -0.294304
vn -0.970768 -0.108967 -0.213860
vn -0.970781 -0.141049 -0.194137
vn -0.931462 -0.257272 -0.257272
vn -0.931485 -0.294304 -0.213824
vn -0.970768 -0.169720 -0.169720
vn -0.970781 -0.194137 -0.141049
vn -0.931462 -0.324182 -0.165179
vn -0.931485 -0.345975 -0.112414
vn -0.970768 -0.213860 -0.108967
vn -0.970781 -0.228222 -0.074154
vn -0.931462 -0.359358 -0.056917
vn -0.931485 -0.363780 -0.000000
vn -0.970768 -0.237066 -0.037548
vn -0.970781 -0.239967 -0.000000
vn -0.931462 -0.359358 0.056916
vn -0.970768 -0.237066 0.037547
vn -0.993122 -0.104321 0.053154
vn -0.993128 -0.094684 0.068792
vn -0.993128 -0.111308 0.036166
vn -0.999985 0.005204 -0.001691
vn -0.999985 0.004842 -0.002467
vn -0.999985 0.004426 -0.003216
vn -0.993122 -0.082789 0.082789
vn -0.993128 -0.068792 0.094684
vn -0.999985 0.003842 -0.003842
vn -0.999985 0.003216 -0.004427
vn -0.993122 -0.053154 0.104321
vn -0.993128 -0.036166 0.111308
vn -0.999985 0.002467 -0.004842
vn -0.999985 0.001691 -0.005204
vn -0.993122 -0.018316 0.115640
vn -0.993128 0.000000 0.117036
vn -0.999985 0.000850 -0.005367
vn -0.999985 0.000000 -0.005472
vn -0.993122 0.018316 0.115640
vn -0.993128 0.036166 0.111308
vn -0.999985 -0.000850 -0.005367
vn -0.999985 -0.001691 -0.005204
vn -0.993122 0.053154 0.104321
vn -0.993128 0.068792 0.094684
vn -0.999985 -0.002467 -0.004842
vn -0.999985 -0.003216 -0.004427
vn -0.993122 0.082789 0.082789
vn -0.993128 0.094684 0.068792
vn -0.999985 -0.003842 -0.003842
vn -0.999985 -0.004426 -0.003216
vn -0.993122 0.104321 0.053154
vn -0.993128 0.111308 0.036166
vn -0.999985 -0.004842 -0.002467
vn -0.999985 -0.005204 -0.001691
vn -0.993122 0.115641 0.018316
vn -0.993128 0.117036 -0.000000
vn -0.999985 -0.005367 -0.000850
vn -0.999985 -0.005471 0.000000
vn -0.993122 0.115640 -0.018316
vn -0.993128 0.111308 -0.036166
vn -0.999985 -0.005367 0.000850
vn -0.999985 -0.005204 0.001691
vn -0.993122 0.104321 -0.053154
vn -0.993128 0.094684 -0.068792
vn -0.999985 -0.004842 0.002467
vn -0.999985 -0.004426 0.003216
vn -0.993122 0.082789 -0.082789
vn -0.993128 0.068792 -0.094684
vn -0.999985 -0.003842 0.003842
vn -0.999985 -0.003216 0.004427
vn -0.993122 0.053154 -0.104321
vn -0.993128 0.036166 -0.111308
vn -0.999985 -0.002467 0.004842
vn -0.999985 -0.001691 0.005204
vn -0.993122 0.018316 -0.115640
vn -0.993128 -0.000000 -0.117036
vn -0.999985 -0.000850 0.005367
vn -0.999985 0.000000 0.005472
vn -0.993122 -0.018316 -0.115640
vn -0.993128 -0.036166 -0.111308
vn -0.999985 0.000850 0.005367
vn -0.999985 0.001691 0.005204
vn -0.993122 -0.053154 -0.104321
vn -0.993128 -0.068792 -0.094684
vn -0.999985 0.002467 0.004842
vn -0.999985 0.003216 0.004426
vn -0.993122 -0.082789 -0.082789
vn -0.993128 -0.094684 -0.068792
vn -0.999985 0.003842 0.003842
vn -0.999985 0.004427 0.003216
vn -0.993122 -0.104321 -0.053154
vn -0.993128 -0.111308 -0.036166
vn -0.999985 0.004842 0.002467
vn -0.999985 0.005204 0.001691
vn -0.993122 -0.115641 -0.018316
vn -0.993128 -0.117036 -0.000000
vn -0.999985 0.005367 0.000850
vn -0.999985 0.005471 -0.000000
vn -0.993122 -0.115641 0.018315
vn -0.999985 0.005367 -0.000850
vn -0.991809 0.113810 -0.057989
vn -0.991805 0.103359 -0.075095
vn -0.991805 0.121506 -0.039480
vn -0.968104 0.238286 -0.077424
vn -0.968109 0.223224 -0.113738
vn -0.968104 0.202698 -0.147269
vn -0.991809 0.090320 -0.090320
vn -0.991805 0.075095 -0.103359
vn -0.968109 0.177152 -0.177152
vn -0.968104 0.147269 -0.202698
vn -0.991809 0.057989 -0.113810
vn -0.991805 0.039480 -0.121506
vn -0.968109 0.113738 -0.223224
vn -0.968104 0.077424 -0.238286
vn -0.991809 0.019982 -0.126159
vn -0.991805 -0.000000 -0.127759
vn -0.968109 0.039191 -0.247446
vn -0.968104 -0.000000 -0.250549
vn -0.991809 -0.019982 -0.126159
vn -0.991805 -0.039480 -0.121506
vn -0.968109 -0.039192 -0.247446
vn -0.968104 -0.077424 -0.238286
vn -0.991809 -0.057989 -0.113810
vn -0.991805 -0.075095 -0.103359
vn -0.968109 -0.113739 -0.223224
vn -0.968104 -0.147269 -0.202698
vn -0.991809 -0.090320 -0.090320
vn -0.991805 -0.103359 -0.075095
vn -0.968109 -0.177152 -0.177152
vn -0.968104 -0.202699 -0.147269
vn -0.991809 -0.113810 -0.057989
vn -0.991805 -0.121506 -0.039480
vn -0.968109 -0.223224 -0.113738
vn -0.968104 -0.238286 -0.077424
vn -0.991809 -0.126159 -0.019982
vn -0.991805 -0.127759 -0.000000
vn -0.968109 -0.247446 -0.039192
vn -0.968104 -0.250549 0.000000
vn -0.991809 -0.126159 0.019982
vn -0.991805 -0.121506 0.039480
vn -0.968109 -0.247446 0.039192
vn -0.968104 -0.238286 0.077424
vn -0.991809 -0.113810 0.057989
vn -0.991805 -0.103359 0.075095
vn -0.968109 -0.223224 0.113739
vn -0.968104 -0.202698 0.147269
vn -0.991809 -0.090320 0.090320
vn -0.991805 -0.075095 0.103359
vn -0.968109 -0.177152 0.177152
vn -0.968104 -0.147269 0.202699
vn -0.991809 -0.057989 0.113810
vn -0.991805 -0.039480 0.121506
vn -0.968109 -0.113738 0.223225
vn -0.968104 -0.077424 0.238286
vn -0.991809 -0.019982 0.126159
vn -0.991805 0.000000 0.127759
vn -0.968109 -0.039192 0.247446
vn -0.968104 0.000000 0.250549
vn -0.991809 0.019982 0.126159
vn -0.991805 0.039480 0.121506
vn -0.968109 0.039192 0.247446
vn -0.968104 0.077424 0.238286
vn -0.991809 0.057989 0.113810
vn -0.991805 0.075095 0.103359
vn -0.968109 0.113739 0.223224
vn -0.968104 0.147269 0.202698
vn -0.991809 0.090320 0.090320
vn -0.991805 0.103359 0.075095
vn -0.968109 0.177152 0.177152
vn -0.968104 0.202699 0.147269
vn -0.991809 0.113810 0.057989
vn -0.991805 0.121506 0.039480
vn -0.968109 0.223224 0.113738
vn -0.968104 0.238286 0.077424
vn -0.991809 0.126159 0.019982
vn -0.991805 0.127759 0.000000
vn -0.968109 0.247446 0.039192
vn -0.968104 0.250549 0.000000
vn -0.991809 0.126159 -0.019981
vn -0.968109 0.247446 -0.039191
vn -0.927543 0.332983 -0.169663
vn -0.927539 0.302350 -0.219670
vn -0.927540 0.355434 -0.115487
vn -0.867779 0.472629 -0.153566
vn -0.867780 0.442784 -0.225610
vn -0.867779 0.402041 -0.292100
vn -0.927543 0.264257 -0.264257
vn -0.927540 0.219670 -0.302350
vn -0.867780 0.351396 -0.351396
vn -0.867778 0.292101 -0.402042
vn -0.927543 0.169663 -0.332983
vn -0.927540 0.115487 -0.355434
vn -0.867780 0.225610 -0.442785
vn -0.867779 0.153566 -0.472628
vn -0.927543 0.058462 -0.369115
vn -0.927539 -0.000000 -0.373725
vn -0.867780 0.077740 -0.490831
vn -0.867778 -0.000000 -0.496951
vn -0.927543 -0.058462 -0.369115
vn -0.927539 -0.115488 -0.355434
vn -0.867780 -0.077740 -0.490830
vn -0.867779 -0.153566 -0.472628
vn -0.927543 -0.169664 -0.332983
vn -0.927539 -0.219670 -0.302350
vn -0.867780 -0.225610 -0.442784
vn -0.867779 -0.292101 -0.402042
vn -0.927543 -0.264257 -0.264257
vn -0.927539 -0.302350 -0.219670
vn -0.867780 -0.351396 -0.351396
vn -0.867779 -0.402042 -0.292100
vn -0.927543 -0.332983 -0.169663
vn -0.927540 -0.355434 -0.115487
vn -0.867780 -0.442784 -0.225610
vn -0.867779 -0.472628 -0.153566
vn -0.927543 -0.369115 -0.058462
vn -0.927540 -0.373725 0.000000
vn -0.867780 -0.490830 -0.077740
vn -0.867779 -0.496951 0.000000
vn -0.927543 -0.369115 0.058462
vn -0.927539 -0.355434 0.115487
vn -0.867780 -0.490830 0.077740
vn -0.867779 -0.472628 0.153566
vn -0.927543 -0.332983 0.169663
vn -0.927540 -0.302350 0.219670
vn -0.867780 -0.442784 0.225610
vn -0.867779 -0.402042 0.292101
vn -0.927543 -0.264257 0.264257
vn -0.927539 -0.219670 0.302350
vn -0.867780 -0.351396 0.351396
vn -0.867779 -0.292101 0.402042
vn -0.927543 -0.169663 0.332983
vn -0.927539 -0.115487 0.355434
vn -0.867780 -0.225610 0.442785
vn -0.867778 -0.153566 0.472629
vn -0.927543 -0.058462 0.369115
vn -0.927539 0.000000 0.373725
vn -0.867780 -0.077740 0.490831
vn -0.867779 0.000000 0.496951
vn -0.927543 0.058462 0.369115
vn -0.927539 0.115488 0.355434
vn -0.867780 0.077740 0.490830
vn -0.867778 0.153566 0.472629
vn -0.927543 0.169664 0.332984
vn -0.927539 0.219670 0.302350
vn -0.867780 0.225610 0.442785
vn -0.867778 0.292101 0.402042
vn -0.927543 0.264257 0.264257
vn -0.927539 0.302350 0.219670
vn -0.867780 0.351396 0.351396
vn -0.867779 0.402042 0.292100
vn -0.927543 0.332983 0.169663
vn -0.927540 0.355434 0.115487
vn -0.867780 0.442785 0.225610
vn -0.867779 0.472629 0.153566
vn -0.927543 0.369114 0.058462
vn -0.927540 0.373725 0.000000
vn -0.867780 0.490831 0.077740
vn -0.867778 0.496951 0.000000
vn -0.927543 0.369115 -0.058462
vn -0.867780 0.490831 -0.077739
vn -0.785981 0.550865 -0.280680
vn -0.785984 0.500172 -0.363396
vn -0.785983 0.587989 -0.191049
vn -0.678913 0.698284 -0.226885
vn -0.678908 0.654198 -0.333330
vn -0.678913 0.593995 -0.431563
vn -0.785981 0.437169 -0.437169
vn -0.785983 0.363397 -0.500173
vn -0.678907 0.519175 -0.519175
vn -0.678914 0.431562 -0.593995
vn -0.785981 0.280680 -0.550866
vn -0.785984 0.191049 -0.587988
vn -0.678907 0.333331 -0.654198
vn -0.678913 0.226886 -0.698283
vn -0.785981 0.096716 -0.610639
vn -0.785984 -0.000000 -0.618247
vn -0.678907 0.114858 -0.725185
vn -0.678913 -0.000000 -0.734219
vn -0.785981 -0.096716 -0.610638
vn -0.785984 -0.191049 -0.587988
vn -0.678907 -0.114858 -0.725184
vn -0.678913 -0.226886 -0.698283
vn -0.785981 -0.280680 -0.550865
vn -0.785984 -0.363397 -0.500172
vn -0.678907 -0.333331 -0.654199
vn -0.678913 -0.431563 -0.593995
vn -0.785981 -0.437169 -0.437169
vn -0.785984 -0.500172 -0.363396
vn -0.678907 -0.519175 -0.519175
vn -0.678913 -0.593995 -0.431563
vn -0.785981 -0.550865 -0.280680
vn -0.785984 -0.587988 -0.191049
vn -0.678907 -0.654198 -0.333331
vn -0.678913 -0.698284 -0.226886
vn -0.785981 -0.610639 -0.096716
vn -0.785984 -0.618247 0.000000
vn -0.678907 -0.725185 -0.114858
vn -0.678913 -0.734219 0.000000
vn -0.785981 -0.610638 0.096716
vn -0.785984 -0.587988 0.191049
vn -0.678907 -0.725185 0.114858
vn -0.678913 -0.698283 0.226886
vn -0.785981 -0.550865 0.280680
vn -0.785984 -0.500173 0.363397
vn -0.678908 -0.654198 0.333330
vn -0.678913 -0.593995 0.431563
vn -0.785981 -0.437169 0.437169
vn -0.785984 -0.363397 0.500172
vn -0.678907 -0.519175 0.519175
vn -0.678913 -0.431563 0.593995
vn -0.785981 -0.280680 0.550865
vn -0.785984 -0.191049 0.587988
vn -0.678908 -0.333331 0.654198
vn -0.678914 -0.226886 0.698283
vn -0.785981 -0.096716 0.610639
vn -0.785984 0.000000 0.618247
vn -0.678908 -0.114858 0.725184
vn -0.678913 0.000000 0.734219
vn -0.785981 0.096716 0.610639
vn -0.785984 0.191049 0.587988
vn -0.678907 0.114858 0.725185
vn -0.678913 0.226886 0.698283
vn -0.785981 0.280680 0.550865
vn -0.785984 0.363397 0.500172
vn -0.678907 0.333331 0.654198
vn -0.678913 0.431563 0.593995
vn -0.785981 0.437169 0.437169
vn -0.785984 0.500172 0.363397
vn -0.678907 0.519175 0.519175
vn -0.678912 0.593996 0.431563
vn -0.785981 0.550866 0.280680
vn -0.785983 0.587989 0.191049
vn -0.678907 0.654199 0.333331
vn -0.678913 0.698283 0.226886
vn -0.785981 0.610639 0.096716
vn -0.785983 0.618248 0.000000
vn -0.678908 0.725184 0.114858
vn -0.678914 0.734218 0.000001
vn -0.785981 0.610640 -0.096715
vn -0.678907 0.725185 -0.114857
vn -0.544407 0.747395 -0.380817
vn -0.544415 0.678616 -0.493044
vn -0.544416 0.797761 -0.259207
vn -0.382548 0.878715 -0.285511
vn -0.382539 0.823236 -0.419460
vn -0.382548 0.747480 -0.543076
vn -0.544407 0.593136 -0.593136
vn -0.544416 0.493043 -0.678616
vn -0.382540 0.653324 -0.653324
vn -0.382548 0.543076 -0.747480
vn -0.544407 0.380816 -0.747395
vn -0.544416 0.259208 -0.797761
vn -0.382540 0.419459 -0.823236
vn -0.382548 0.285512 -0.878715
vn -0.544407 0.131220 -0.828494
vn -0.544415 -0.000000 -0.838816
vn -0.382540 0.144536 -0.912564
vn -0.382549 -0.000000 -0.923935
vn -0.544406 -0.131220 -0.828494
vn -0.544415 -0.259209 -0.797761
vn -0.382540 -0.144536 -0.912564
vn -0.382548 -0.285512 -0.878715
vn -0.544407 -0.380817 -0.747395
vn -0.544415 -0.493044 -0.678616
vn -0.382540 -0.419460 -0.823236
vn -0.382548 -0.543076 -0.747480
vn -0.544407 -0.593136 -0.593136
vn -0.544415 -0.678616 -0.493044
vn -0.382539 -0.653324 -0.653324
vn -0.382547 -0.747480 -0.543076
vn -0.544406 -0.747396 -0.380817
vn -0.544415 -0.797762 -0.259208
vn -0.382539 -0.823236 -0.419460
vn -0.382548 -0.878715 -0.285512
vn -0.544406 -0.828495 -0.131221
vn -0.544414 -0.838816 0.000000
vn -0.382540 -0.912564 -0.144536
vn -0.382548 -0.923936 0.000000
vn -0.544406 -0.828494 0.131221
vn -0.544415 -0.797762 0.259209
vn -0.382540 -0.912564 0.144536
vn -0.382547 -0.878715 0.285512
vn -0.544407 -0.747395 0.380817
vn -0.544416 -0.678616 0.493044
vn -0.382539 -0.823236 0.419460
vn -0.382548 -0.747480 0.543076
vn -0.544406 -0.593136 0.593136
vn -0.544415 -0.493044 0.678617
vn -0.382539 -0.653324 0.653324
vn -0.382547 -0.543076 0.747480
vn -0.544406 -0.380817 0.747396
vn -0.544415 -0.259208 0.797762
vn -0.382539 -0.419460 0.823236
vn -0.382548 -0.285512 0.878715
vn -0.544406 -0.131221 0.828495
vn -0.544415 0.000000 0.838816
vn -0.382539 -0.144536 0.912564
vn -0.382547 -0.000000 0.923936
vn -0.544407 0.131221 0.828494
vn -0.544415 0.259208 0.797761
vn -0.382540 0.144536 0.912564
vn -0.382548 0.285512 0.878715
vn -0.544406 0.380817 0.747396
vn -0.544415 0.493044 0.678617
vn -0.382540 0.419459 0.823236
vn -0.382547 0.543076 0.747480
vn -0.544406 0.593137 0.593136
vn -0.544415 0.678617 0.493044
vn -0.382539 0.653324 0.653324
vn -0.382549 0.747479 0.543076
vn -0.544406 0.747396 0.380817
vn -0.544416 0.797761 0.259208
vn -0.382541 0.823235 0.419459
vn -0.382549 0.878715 0.285512
vn -0.544407 0.828494 0.131221
vn -0.544416 0.838816 0.000001
vn -0.382540 0.912564 0.144536
vn -0.382549 0.923935 0.000001
vn -0.544407 0.828494 -0.131219
vn -0.382540 0.912564 -0.144534
vn -0.197897 0.873385 -0.445012
vn -0.197903 0.793016 -0.576160
vn -0.197903 0.932247 -0.302904
vn 0.000000 0.951057 -0.309016
vn 0.000000 0.891007 -0.453990
vn 0.000000 0.809017 -0.587785
vn -0.197898 0.693122 -0.693122
vn -0.197903 0.576160 -0.793016
vn -0.000000 0.707107 -0.707107
vn -0.000001 0.587785 -0.809017
vn -0.197897 0.445012 -0.873385
vn -0.197903 0.302905 -0.932246
vn -0.000000 0.453990 -0.891007
vn -0.000000 0.309017 -0.951057
vn -0.197898 0.153340 -0.968155
vn -0.197903 -0.000000 -0.980222
vn -0.000000 0.156434 -0.987688
vn 0.000000 -0.000000 -1.000000
vn -0.197897 -0.153341 -0.968154
vn -0.197902 -0.302905 -0.932246
vn 0.000001 -0.156435 -0.987688
vn 0.000000 -0.309017 -0.951056
vn -0.197897 -0.445012 -0.873385
vn -0.197903 -0.576160 -0.793016
vn 0.000000 -0.453990 -0.891007
vn 0.000000 -0.587785 -0.809017
vn -0.197897 -0.693122 -0.693122
vn -0.197902 -0.793016 -0.576160
vn -0.000000 -0.707107 -0.707107
vn -0.000000 -0.809017 -0.587785
vn -0.197897 -0.873385 -0.445011
vn -0.197902 -0.932246 -0.302905
vn -0.000000 -0.891007 -0.453990
vn 0.000000 -0.951057 -0.309017
vn -0.197896 -0.968155 -0.153341
vn -0.197902 -0.980222 0.000000
vn 0.000001 -0.987688 -0.156435
vn 0.000000 -1.000000 0.000000
vn -0.197897 -0.968155 0.153341
vn -0.197902 -0.932246 0.302905
vn -0.000000 -0.987688 0.156435
vn 0.000000 -0.951056 0.309017
vn -0.197897 -0.873385 0.445012
vn -0.197903 -0.793016 0.576160
vn 0.000000 -0.891007 0.453990
vn -0.000000 -0.809017 0.587785
vn -0.197898 -0.693122 0.693122
vn -0.197903 -0.576160 0.793016
vn -0.000000 -0.707107 0.707107
vn -0.000000 -0.587785 0.809017
vn -0.197897 -0.445012 0.873385
vn -0.197903 -0.302905 0.932246
vn -0.000000 -0.453991 0.891006
vn 0.000000 -0.309017 0.951056
vn -0.197898 -0.153340 0.968155
vn -0.197903 0.000000 0.980222
vn 0.000000 -0.156434 0.987688
vn 0.000000 0.000000 1.000000
vn -0.197898 0.153341 0.968154
vn -0.197902 0.302905 0.932246
vn -0.000000 0.156435 0.987688
vn 0.000000 0.309017 0.951057
vn -0.197897 0.445012 0.873385
vn -0.197903 0.576160 0.793016
vn -0.000000 0.453990 0.891007
vn -0.000001 0.587785 0.809017
vn -0.197898 0.693122 0.693122
vn -0.197903 0.793016 0.576160
vn -0.000000 0.707107 0.707107
vn 0.000000 0.809017 0.587785
vn -0.197898 0.873385 0.445012
vn -0.197902 0.932246 0.302905
vn 0.000000 0.891007 0.453991
vn 0.000000 0.951057 0.309017
vn -0.197897 0.968155 0.153341
vn -0.197903 0.980222 0.000001
vn 0.000000 0.987688 0.156435
vn -0.000001 1.000000 0.000001
vn -0.197899 0.968154 -0.153339
vn -0.000001 0.987689 -0.156434
vn 0.197896 0.873385 -0.445012
vn 0.197902 0.793016 -0.576160
vn 0.197902 0.932247 -0.302904
vn 0.382548 0.878715 -0.285511
vn 0.382539 0.823236 -0.419460
vn 0.382548 0.747480 -0.543076
vn 0.197898 0.693122 -0.693122
vn 0.197903 0.576160 -0.793016
vn 0.382540 0.653323 -0.653324
vn 0.382548 0.543075 -0.747480
vn 0.197898 0.445012 -0.873385
vn 0.197903 0.302905 -0.932246
vn 0.382540 0.419459 -0.823236
vn 0.382548 0.285512 -0.878715
vn 0.197898 0.153340 -0.968155
vn 0.197903 -0.000000 -0.980222
vn 0.382540 0.144536 -0.912564
vn 0.382548 -0.000000 -0.923936
vn 0.197897 -0.153341 -0.968154
vn 0.197902 -0.302905 -0.932246
vn 0.382539 -0.144536 -0.912564
vn 0.382547 -0.285512 -0.878715
vn 0.197897 -0.445012 -0.873385
vn 0.197902 -0.576160 -0.793016
vn 0.382540 -0.419460 -0.823236
vn 0.382548 -0.543076 -0.747480
vn 0.197898 -0.693122 -0.693122
vn 0.197903 -0.793016 -0.576160
vn 0.382539 -0.653324 -0.653324
vn 0.382547 -0.747480 -0.543076
vn 0.197897 -0.873385 -0.445012
vn 0.197902 -0.932246 -0.302905
vn 0.382539 -0.823236 -0.419460
vn 0.382547 -0.878715 -0.285512
vn 0.197897 -0.968155 -0.153341
vn 0.197902 -0.980222 0.000000
vn 0.382540 -0.912564 -0.144536
vn 0.382548 -0.923936 0.000000
vn 0.197897 -0.968155 0.153341
vn 0.197902 -0.932247 0.302905
vn 0.382540 -0.912564 0.144536
vn 0.382547 -0.878715 0.285512
vn 0.197897 -0.873385 0.445012
vn 0.197903 -0.793016 0.576160
vn 0.382539 -0.823236 0.419460
vn 0.382548 -0.747479 0.543076
vn 0.197898 -0.693122 0.693122
vn 0.197903 -0.576160 0.793016
vn 0.382539 -0.653323 0.653324
vn 0.382547 -0.543076 0.747480
vn 0.197897 -0.445012 0.873385
vn 0.197902 -0.302905 0.932246
vn 0.382540 -0.419460 0.823236
vn 0.382548 -0.285511 0.878715
vn 0.197897 -0.153340 0.968155
vn 0.197902 0.000000 0.980222
vn 0.382539 -0.144536 0.912564
vn 0.382547 -0.000000 0.923936
vn 0.197897 0.153341 0.968155
vn 0.197902 0.302905 0.932246
vn 0.382539 0.144536 0.912564
vn 0.382548 0.285512 0.878715
vn 0.197897 0.445012 0.873385
vn 0.197903 0.576160 0.793016
vn 0.382539 0.419460 0.823236
vn 0.382548 0.543076 0.747480
vn 0.197898 0.693122 0.693122
vn 0.197903 0.793016 0.576160
vn 0.382540 0.653324 0.653324
vn 0.382548 0.747480 0.543076
vn 0.197898 0.873385 0.445012
vn 0.197902 0.932246 0.302905
vn 0.382540 0.823236 0.419460
vn 0.382548 0.878715 0.285512
vn 0.197897 0.968155 0.153341
vn 0.197903 0.980222 0.000001
vn 0.382540 0.912564 0.144536
vn 0.382549 0.923935 0.000001
vn 0.197899 0.968154 -0.153339
vn 0.382540 0.912564 -0.144534
vn 0.544407 0.747395 -0.380817
vn 0.544416 0.678616 -0.493043
vn 0.544416 0.797761 -0.259207
vn 0.678913 0.698284 -0.226885
vn 0.678908 0.654198 -0.333330
vn 0.678913 0.593995 -0.431563
vn 0.544407 0.593136 -0.593136
vn 0.544415 0.493043 -0.678616
vn 0.678907 0.519175 -0.519175
vn 0.678913 0.431563 -0.593995
vn 0.544407 0.380816 -0.747395
vn 0.544415 0.259208 -0.797761
vn 0.678907 0.333331 -0.654199
vn 0.678913 0.226886 -0.698284
vn 0.544406 0.131221 -0.828494
vn 0.544415 -0.000000 -0.838816
vn 0.678907 0.114858 -0.725185
vn 0.678913 -0.000000 -0.734219
vn 0.544406 -0.131221 -0.828494
vn 0.544415 -0.259209 -0.797761
vn 0.678907 -0.114858 -0.725184
vn 0.678913 -0.226887 -0.698283
vn 0.544407 -0.380817 -0.747395
vn 0.544415 -0.493044 -0.678616
vn 0.678907 -0.333331 -0.654199
vn 0.678913 -0.431563 -0.593996
vn 0.544406 -0.593136 -0.593136
vn 0.544415 -0.678617 -0.493044
vn 0.678907 -0.519175 -0.519175
vn 0.678913 -0.593996 -0.431563
vn 0.544406 -0.747396 -0.380817
vn 0.544415 -0.797762 -0.259208
vn 0.678907 -0.654199 -0.333331
vn 0.678912 -0.698284 -0.226886
vn 0.544406 -0.828495 -0.131221
vn 0.544414 -0.838816 -0.000000
vn 0.678907 -0.725185 -0.114858
vn 0.678913 -0.734219 0.000000
vn 0.544406 -0.828495 0.131221
vn 0.544415 -0.797761 0.259208
vn 0.678907 -0.725185 0.114858
vn 0.678913 -0.698284 0.226886
vn 0.544407 -0.747395 0.380817
vn 0.544415 -0.678616 0.493044
vn 0.678907 -0.654198 0.333331
vn 0.678913 -0.593995 0.431563
vn 0.544407 -0.593136 0.593137
vn 0.544415 -0.493044 0.678616
vn 0.678907 -0.519175 0.519175
vn 0.678913 -0.431563 0.593995
vn 0.544406 -0.380817 0.747396
vn 0.544415 -0.259208 0.797762
vn 0.678907 -0.333331 0.654199
vn 0.678913 -0.226886 0.698284
vn 0.544406 -0.131221 0.828495
vn 0.544415 0.000000 0.838816
vn 0.678907 -0.114858 0.725185
vn 0.678913 0.000000 0.734219
vn 0.544407 0.131221 0.828494
vn 0.544415 0.259209 0.797761
vn 0.678907 0.114858 0.725185
vn 0.678913 0.226886 0.698283
vn 0.544407 0.380817 0.747395
vn 0.544415 0.493044 0.678616
vn 0.678907 0.333331 0.654198
vn 0.678913 0.431563 0.593995
vn 0.544406 0.593136 0.593137
vn 0.544414 0.678617 0.493044
vn 0.678907 0.519175 0.519175
vn 0.678913 0.593996 0.431563
vn 0.544406 0.747396 0.380817
vn 0.544416 0.797761 0.259208
vn 0.678907 0.654199 0.333331
vn 0.678913 0.698284 0.226886
vn 0.544407 0.828494 0.131221
vn 0.544415 0.838816 0.000001
vn 0.678907 0.725185 0.114858
vn 0.678913 0.734219 0.000001
vn 0.544406 0.828494 -0.131219
vn 0.678907 0.725185 -0.114857
vn 0.785980 0.550866 -0.280680
vn 0.785983 0.500173 -0.363397
vn 0.785983 0.587989 -0.191049
vn 0.867778 0.472629 -0.153566
vn 0.867780 0.442785 -0.225610
vn 0.867778 0.402042 -0.292101
vn 0.785981 0.437170 -0.437170
vn 0.785983 0.363397 -0.500173
vn 0.867780 0.351396 -0.351396
vn 0.867778 0.292101 -0.402042
vn 0.785980 0.280680 -0.550866
vn 0.785983 0.191049 -0.587989
vn 0.867780 0.225610 -0.442785
vn 0.867778 0.153566 -0.472629
vn 0.785981 0.096716 -0.610639
vn 0.785984 -0.000000 -0.618248
vn 0.867780 0.077740 -0.490831
vn 0.867778 -0.000000 -0.496952
vn 0.785981 -0.096716 -0.610639
vn 0.785983 -0.191049 -0.587989
vn 0.867780 -0.077740 -0.490831
vn 0.867778 -0.153566 -0.472629
vn 0.785980 -0.280680 -0.550866
vn 0.785983 -0.363397 -0.500173
vn 0.867780 -0.225610 -0.442785
vn 0.867778 -0.292101 -0.402042
vn 0.785981 -0.437170 -0.437169
vn 0.785984 -0.500173 -0.363397
vn 0.867780 -0.351396 -0.351396
vn 0.867778 -0.402042 -0.292101
vn 0.785981 -0.550866 -0.280680
vn 0.785983 -0.587989 -0.191049
vn 0.867780 -0.442785 -0.225610
vn 0.867778 -0.472629 -0.153566
vn 0.785981 -0.610639 -0.096716
vn 0.785984 -0.618247 0.000000
vn 0.867780 -0.490831 -0.077740
vn 0.867778 -0.496951 0.000000
vn 0.785981 -0.610639 0.096716
vn 0.785983 -0.587989 0.191049
vn 0.867780 -0.490831 0.077740
vn 0.867779 -0.472628 0.153566
vn 0.785981 -0.550866 0.280680
vn 0.785983 -0.500173 0.363397
vn 0.867780 -0.442785 0.225610
vn 0.867778 -0.402042 0.292101
vn 0.785981 -0.437169 0.437169
vn 0.785983 -0.363397 0.500173
vn 0.867780 -0.351396 0.351396
vn 0.867778 -0.292101 0.402042
vn 0.785981 -0.280680 0.550866
vn 0.785983 -0.191049 0.587989
vn 0.867780 -0.225610 0.442785
vn 0.867778 -0.153566 0.472629
vn 0.785981 -0.096716 0.610639
vn 0.785983 0.000000 0.618248
vn 0.867780 -0.077740 0.490831
vn 0.867778 0.000000 0.496951
vn 0.785981 0.096716 0.610639
vn 0.785984 0.191049 0.587988
vn 0.867780 0.077740 0.490831
vn 0.867778 0.153566 0.472629
vn 0.785981 0.280680 0.550866
vn 0.785983 0.363397 0.500173
vn 0.867780 0.225610 0.442785
vn 0.867778 0.292101 0.402042
vn 0.785981 0.437169 0.437170
vn 0.785983 0.500173 0.363397
vn 0.867780 0.351396 0.351396
vn 0.867778 0.402042 0.292101
vn 0.785981 0.550866 0.280680
vn 0.785983 0.587989 0.191049
vn 0.867780 0.442785 0.225610
vn 0.867778 0.472629 0.153567
vn 0.785980 0.610640 0.096716
vn 0.785983 0.618248 0.000001
vn 0.867780 0.490831 0.077740
vn 0.867778 0.496951 0.000000
vn 0.785981 0.610639 -0.096715
vn 0.867780 0.490831 -0.077739
vn 0.927543 0.332983 -0.169663
vn 0.927540 0.302350 -0.219670
vn 0.927540 0.355434 -0.115487
vn 0.968104 0.238286 -0.077424
vn 0.968109 0.223224 -0.113738
vn 0.968104 0.202698 -0.147269
vn 0.927543 0.264257 -0.264257
vn 0.927540 0.219670 -0.302350
vn 0.968109 0.177152 -0.177152
vn 0.968104 0.147269 -0.202698
vn 0.927543 0.169663 -0.332983
vn 0.927540 0.115487 -0.355433
vn 0.968109 0.113738 -0.223224
vn 0.968104 0.077424 -0.238286
vn 0.927543 0.058462 -0.369115
vn 0.927539 -0.000000 -0.373725
vn 0.968109 0.039192 -0.247446
vn 0.968104 -0.000000 -0.250549
vn 0.927543 -0.058462 -0.369115
vn 0.927540 -0.115488 -0.355434
vn 0.968109 -0.039192 -0.247446
vn 0.968104 -0.077424 -0.238286
vn 0.927543 -0.169664 -0.332983
vn 0.927540 -0.219670 -0.302350
vn 0.968109 -0.113739 -0.223224
vn 0.968104 -0.147269 -0.202698
vn 0.927543 -0.264257 -0.264257
vn 0.927539 -0.302350 -0.219670
vn 0.968109 -0.177152 -0.177152
vn 0.968104 -0.202698 -0.147269
vn 0.927543 -0.332983 -0.169663
vn 0.927540 -0.355433 -0.115487
vn 0.968109 -0.223224 -0.113738
vn 0.968104 -0.238286 -0.077424
vn 0.927543 -0.369115 -0.058462
vn 0.927540 -0.373725 0.000000
vn 0.968109 -0.247446 -0.039192
vn 0.968104 -0.250549 -0.000000
vn 0.927543 -0.369115 0.058462
vn 0.927540 -0.355434 0.115487
vn 0.968109 -0.247446 0.039192
vn 0.968104 -0.238286 0.077424
vn 0.927543 -0.332983 0.169664
vn 0.927539 -0.302350 0.219670
vn 0.968109 -0.223224 0.113738
vn 0.968104 -0.202698 0.147269
vn 0.927543 -0.264257 0.264257
vn 0.927540 -0.219670 0.302350
vn 0.968109 -0.177152 0.177152
vn 0.968104 -0.147269 0.202699
vn 0.927543 -0.169663 0.332983
vn 0.927540 -0.115487 0.355433
vn 0.968109 -0.113739 0.223224
vn 0.968104 -0.077424 0.238286
vn 0.927543 -0.058462 0.369115
vn 0.927540 0.000000 0.373725
vn 0.968109 -0.039192 0.247446
vn 0.968104 0.000000 0.250549
vn 0.927543 0.058462 0.369115
vn 0.927539 0.115487 0.355434
vn 0.968109 0.039192 0.247446
vn 0.968104 0.077424 0.238286
vn 0.927543 0.169663 0.332983
vn 0.927539 0.219670 0.302350
vn 0.968109 0.113739 0.223224
vn 0.968104 0.147269 0.202698
vn 0.927543 0.264257 0.264257
vn 0.927540 0.302350 0.219670
vn 0.968109 0.177152 0.177152
vn 0.968104 0.202698 0.147269
vn 0.927543 0.332983 0.169663
vn 0.927540 0.355434 0.115487
vn 0.968109 0.223224 0.113738
vn 0.968104 0.238286 0.077424
vn 0.927543 0.369115 0.058462
vn 0.927539 0.373725 0.000000
vn 0.968109 0.247446 0.039192
vn 0.968104 0.250549 0.000000
vn 0.927543 0.369115 -0.058461
vn 0.968109 0.247446 -0.039191
vn 0.991809 0.113810 -0.057989
vn 0.991805 0.103360 -0.075095
vn 0.991805 0.121507 -0.039480
vn 0.999985 0.005204 -0.001691
vn 0.999985 0.004842 -0.002467
vn 0.999985 0.004427 -0.003216
vn 0.991809 0.090320 -0.090320
vn 0.991805 0.075095 -0.103360
vn 0.999985 0.003842 -0.003842
vn 0.999985 0.003216 -0.004426
vn 0.991809 0.057989 -0.113810
vn 0.991805 0.039480 -0.121507
vn 0.999985 0.002467 -0.004842
vn 0.999985 0.001691 -0.005204
vn 0.991809 0.019982 -0.126159
vn 0.991805 -0.000000 -0.127760
vn 0.999985 0.000850 -0.005367
vn 0.999985 -0.000000 -0.005472
vn 0.991809 -0.019982 -0.126159
vn 0.991805 -0.039480 -0.121507
vn 0.999985 -0.000850 -0.005367
vn 0.999985 -0.001691 -0.005204
vn 0.991809 -0.057989 -0.113810
vn 0.991805 -0.075095 -0.103360
vn 0.999985 -0.002467 -0.004842
vn 0.999985 -0.003216 -0.004427
vn 0.991809 -0.090320 -0.090320
vn 0.991805 -0.103360 -0.075095
vn 0.999985 -0.003842 -0.003842
vn 0.999985 -0.004427 -0.003216
vn 0.991809 -0.113810 -0.057989
vn 0.991805 -0.121507 -0.039480
vn 0.999985 -0.004842 -0.002467
vn 0.999985 -0.005204 -0.001691
vn 0.991809 -0.126159 -0.019982
vn 0.991805 -0.127760 0.000000
vn 0.999985 -0.005367 -0.000850
vn 0.999985 -0.005472 0.000000
vn 0.991809 -0.126159 0.019982
vn 0.991805 -0.121506 0.039480
vn 0.999985 -0.005367 0.000850
vn 0.999985 -0.005204 0.001691
vn 0.991809 -0.113810 0.057989
vn 0.991805 -0.103360 0.075095
vn 0.999985 -0.004842 0.002467
vn 0.999985 -0.004427 0.003216
vn 0.991809 -0.090320 0.090320
vn 0.991805 -0.075095 0.103360
vn 0.999985 -0.003842 0.003842
vn 0.999985 -0.003216 0.004427
vn 0.991809 -0.057989 0.113810
vn 0.991805 -0.039480 0.121507
vn 0.999985 -0.002467 0.004842
vn 0.999985 -0.001691 0.005204
vn 0.991809 -0.019982 0.126160
vn 0.991805 0.000000 0.127760
vn 0.999985 -0.000850 0.005367
vn 0.999985 0.000000 0.005471
vn 0.991809 0.019982 0.126160
vn 0.991805 0.039480 0.121507
vn 0.999985 0.000850 0.005367
vn 0.999985 0.001691 0.005204
vn 0.991809 0.057989 0.113810
vn 0.991805 0.075095 0.103360
vn 0.999985 0.002467 0.004842
vn 0.999985 0.003216 0.004426
vn 0.991809 0.090320 0.090320
vn 0.991805 0.103360 0.075095
vn 0.999985 0.003842 0.003842
vn 0.999985 0.004427 0.003216
vn 0.991809 0.113810 0.057989
vn 0.991805 0.121507 0.039480
vn 0.999985 0.004842 0.002467
vn 0.999985 0.005204 0.001691
vn 0.991809 0.126159 0.019982
vn 0.991805 0.127760 0.000000
vn 0.999985 0.005367 0.000850
vn 0.999985 0.005472 0.000000
vn 0.991809 0.126159 -0.019981
vn 0.999985 0.005367 -0.000850
vn 0.993122 -0.104321 0.053154
vn 0.993128 -0.094684 0.068792
vn 0.993128 -0.111308 0.036166
vn 0.970781 -0.228222 0.074154
vn 0.970768 -0.213860 0.108967
vn 0.970781 -0.194137 0.141049
vn 0.993122 -0.082789 0.082790
vn 0.993128 -0.068792 0.094684
vn 0.970768 -0.169720 0.169720
vn 0.970781 -0.141049 0.194137
vn 0.993122 -0.053154 0.104321
vn 0.993128 -0.036166 0.111308
vn 0.970768 -0.108967 0.213860
vn 0.970781 -0.074154 0.228222
vn 0.993122 -0.018316 0.115641
vn 0.993128 -0.000000 0.117036
vn 0.970768 -0.037547 0.237065
vn 0.970781 0.000000 0.239966
vn 0.993122 0.018316 0.115640
vn 0.993128 0.036166 0.111308
vn 0.970768 0.037547 0.237065
vn 0.970781 0.074154 0.228222
vn 0.993122 0.053154 0.104321
vn 0.993128 0.068792 0.094684
vn 0.970768 0.108967 0.213860
vn 0.970781 0.141049 0.194137
vn 0.993122 0.082789 0.082790
vn 0.993128 0.094684 0.068792
vn 0.970768 0.169720 0.169720
vn 0.970781 0.194137 0.141049
vn 0.993122 0.104321 0.053154
vn 0.993128 0.111308 0.036166
vn 0.970768 0.213860 0.108967
vn 0.970781 0.228222 0.074154
vn 0.993122 0.115640 0.018316
vn 0.993128 0.117036 -0.000000
vn 0.970768 0.237065 0.037547
vn 0.970781 0.239967 -0.000000
vn 0.993122 0.115640 -0.018316
vn 0.993128 0.111308 -0.036166
vn 0.970768 0.237065 -0.037547
vn 0.970781 0.228222 -0.074154
vn 0.993122 0.104321 -0.053154
vn 0.993128 0.094684 -0.068792
vn 0.970768 0.213860 -0.108967
vn 0.970781 0.194137 -0.141049
vn 0.993122 0.082790 -0.082790
vn 0.993128 0.068792 -0.094684
vn 0.970768 0.169720 -0.169720
vn 0.970781 0.141049 -0.194137
vn 0.993122 0.053154 -0.104321
vn 0.993128 0.036166 -0.111308
vn 0.970768 0.108967 -0.213860
vn 0.970781 0.074154 -0.228222
vn 0.993122 0.018316 -0.115641
vn 0.993128 -0.000000 -0.117036
vn 0.970768 0.037547 -0.237065
vn 0.970781 0.000000 -0.239966
vn 0.993122 -0.018316 -0.115641
vn 0.993128 -0.036166 -0.111308
vn 0.970768 -0.037547 -0.237065
vn 0.970781 -0.074154 -0.228222
vn 0.993122 -0.053154 -0.104321
vn 0.993128 -0.068792 -0.094684
vn 0.970768 -0.108967 -0.213860
vn 0.970781 -0.141049 -0.194137
vn 0.993122 -0.082789 -0.082790
vn 0.993128 -0.094684 -0.068792
vn 0.970768 -0.169720 -0.169720
vn 0.970781 -0.194137 -0.141049
vn 0.993122 -0.104321 -0.053154
vn 0.993128 -0.111308 -0.036166
vn 0.970768 -0.213860 -0.108967
vn 0.970781 -0.228222 -0.074154
vn 0.993122 -0.115641 -0.018316
vn 0.993128 -0.117036 -0.000000
vn 0.970768 -0.237065 -0.037547
vn 0.970781 -0.239967 -0.000000
vn 0.993122 -0.115641 0.018316
vn 0.970768 -0.237065 0.037547
vn 0.931463 -0.324181 0.165179
vn 0.931485 -0.294304 0.213824
vn 0.931485 -0.345975 0.112414
vn 0.873007 -0.463837 0.150709
vn 0.872974 -0.434603 0.221441
vn 0.873007 -0.394564 0.286667
vn 0.931463 -0.257272 0.257272
vn 0.931485 -0.213824 0.294304
vn 0.872974 -0.344903 0.344903
vn 0.873007 -0.286667 0.394564
vn 0.931463 -0.165178 0.324181
vn 0.931485 -0.112414 0.345974
vn 0.872974 -0.221441 0.434603
vn 0.873007 -0.150710 0.463837
vn 0.931463 -0.056917 0.359358
vn 0.931485 0.000000 0.363779
vn 0.872974 -0.076304 0.481762
vn 0.873007 0.000000 0.487707
vn 0.931463 0.056917 0.359358
vn 0.931485 0.112414 0.345974
vn 0.872974 0.076304 0.481762
vn 0.873007 0.150710 0.463837
vn 0.931463 0.165179 0.324181
vn 0.931485 0.213824 0.294303
vn 0.872974 0.221441 0.434603
vn 0.873007 0.286667 0.394564
vn 0.931462 0.257272 0.257272
vn 0.931485 0.294304 0.213824
vn 0.872974 0.344903 0.344903
vn 0.873007 0.394564 0.286667
vn 0.931463 0.324181 0.165178
vn 0.931485 0.345975 0.112414
vn 0.872974 0.434603 0.221441
vn 0.873007 0.463837 0.150710
vn 0.931463 0.359358 0.056917
vn 0.931485 0.363779 0.000000
vn 0.872974 0.481762 0.076303
vn 0.873007 0.487708 0.000000
vn 0.931463 0.359358 -0.056917
vn 0.931485 0.345975 -0.112414
vn 0.872974 0.481761 -0.076304
vn 0.873007 0.463837 -0.150710
vn 0.931463 0.324181 -0.165179
vn 0.931485 0.294304 -0.213824
vn 0.872974 0.434603 -0.221441
vn 0.873007 0.394564 -0.286667
vn 0.931462 0.257272 -0.257272
vn 0.931485 0.213824 -0.294304
vn 0.872974 0.344903 -0.344903
vn 0.873007 0.286667 -0.394564
vn 0.931463 0.165179 -0.324181
vn 0.931485 0.112414 -0.345975
vn 0.872974 0.221441 -0.434603
vn 0.873007 0.150710 -0.463837
vn 0.931463 0.056917 -0.359358
vn 0.931485 -0.000000 -0.363779
vn 0.872974 0.076304 -0.481762
vn 0.873007 -0.000000 -0.487708
vn 0.931463 -0.056917 -0.359358
vn 0.931485 -0.112414 -0.345975
vn 0.872974 -0.076304 -0.481762
vn 0.873007 -0.150710 -0.463837
vn 0.931463 -0.165179 -0.324181
vn 0.931485 -0.213824 -0.294304
vn 0.872974 -0.221441 -0.434603
vn 0.873007 -0.286667 -0.394564
vn 0.931463 -0.257272 -0.257272
vn 0.931485 -0.294304 -0.213824
vn 0.872974 -0.344903 -0.344903
vn 0.873007 -0.394564 -0.286667
vn 0.931463 -0.324181 -0.165179
vn 0.931485 -0.345975 -0.112414
vn 0.872974 -0.434603 -0.221441
vn 0.873007 -0.463837 -0.150710
vn 0.931463 -0.359358 -0.056917
vn 0.931485 -0.363779 -0.000000
vn 0.872974 -0.481762 -0.076303
vn 0.873007 -0.487708 -0.000000
vn 0.931463 -0.359358 0.056916
vn 0.872974 -0.481762 0.076303
vn 0.792109 -0.543852 0.277106
vn 0.792152 -0.493763 0.358740
vn 0.792151 -0.580453 0.188600
vn 0.685727 -0.692235 0.224920
vn 0.685678 -0.648568 0.330462
vn 0.685727 -0.588850 0.427824
vn 0.792109 -0.431604 0.431604
vn 0.792151 -0.358740 0.493763
vn 0.685678 -0.514707 0.514707
vn 0.685727 -0.427824 0.588850
vn 0.792109 -0.277106 0.543853
vn 0.792151 -0.188601 0.580453
vn 0.685678 -0.330462 0.648568
vn 0.685727 -0.224921 0.692235
vn 0.792109 -0.095484 0.602865
vn 0.792151 0.000000 0.610325
vn 0.685678 -0.113869 0.718943
vn 0.685727 0.000000 0.727859
vn 0.792109 0.095485 0.602865
vn 0.792152 0.188601 0.580453
vn 0.685678 0.113869 0.718944
vn 0.685727 0.224921 0.692235
vn 0.792109 0.277107 0.543852
vn 0.792152 0.358740 0.493763
vn 0.685678 0.330462 0.648568
vn 0.685727 0.427825 0.588850
vn 0.792109 0.431604 0.431604
vn 0.792151 0.493763 0.358740
vn 0.685678 0.514707 0.514707
vn 0.685727 0.588850 0.427824
vn 0.792109 0.543853 0.277107
vn 0.792151 0.580453 0.188601
vn 0.685678 0.648568 0.330462
vn 0.685727 0.692235 0.224921
vn 0.792109 0.602865 0.095484
vn 0.792152 0.610324 -0.000000
vn 0.685678 0.718944 0.113869
vn 0.685727 0.727859 0.000000
vn 0.792109 0.602865 -0.095484
vn 0.792151 0.580453 -0.188601
vn 0.685678 0.718944 -0.113869
vn 0.685727 0.692235 -0.224921
vn 0.792109 0.543852 -0.277107
vn 0.792152 0.493763 -0.358740
vn 0.685678 0.648568 -0.330462
vn 0.685727 0.588850 -0.427825
vn 0.792109 0.431604 -0.431604
vn 0.792152 0.358740 -0.493763
vn 0.685678 0.514707 -0.514707
vn 0.685727 0.427825 -0.588850
vn 0.792109 0.277107 -0.543852
vn 0.792152 0.188601 -0.580453
vn 0.685678 0.330462 -0.648568
vn 0.685727 0.224921 -0.692235
vn 0.792109 0.095484 -0.602865
vn 0.792151 -0.000000 -0.610325
vn 0.685678 0.113869 -0.718944
vn 0.685727 -0.000000 -0.727859
vn 0.792109 -0.095484 -0.602865
vn 0.792151 -0.188601 -0.580453
vn 0.685678 -0.113869 -0.718944
vn 0.685727 -0.224921 -0.692235
vn 0.792109 -0.277107 -0.543852
vn 0.792151 -0.358740 -0.493763
vn 0.685678 -0.330462 -0.648568
vn 0.685727 -0.427825 -0.588850
vn 0.792109 -0.431604 -0.431604
vn 0.792151 -0.493763 -0.358740
vn 0.685678 -0.514707 -0.514707
vn 0.685727 -0.588850 -0.427825
vn 0.792109 -0.543853 -0.277107
vn 0.792151 -0.580453 -0.188601
vn 0.685678 -0.648568 -0.330462
vn 0.685727 -0.692235 -0.224921
vn 0.792109 -0.602865 -0.095485
vn 0.792151 -0.610325 -0.000000
vn 0.685677 -0.718944 -0.113870
vn 0.685727 -0.727859 -0.000001
vn 0.792109 -0.602865 0.095484
vn 0.685678 -0.718944 0.113868
vn 0.550911 -0.743602 0.378884
vn 0.550961 -0.675150 0.490525
vn 0.550961 -0.793687 0.257883
vn 0.387944 -0.876573 0.284815
vn 0.387902 -0.821241 0.418443
vn 0.387944 -0.745657 0.541752
vn 0.550911 -0.590126 0.590126
vn 0.550961 -0.490525 0.675150
vn 0.387902 -0.651741 0.651741
vn 0.387944 -0.541752 0.745658
vn 0.550911 -0.378884 0.743602
vn 0.550961 -0.257884 0.793686
vn 0.387902 -0.418443 0.821242
vn 0.387943 -0.284816 0.876573
vn 0.550911 -0.130554 0.824289
vn 0.550961 -0.000000 0.834531
vn 0.387902 -0.144186 0.910353
vn 0.387943 0.000000 0.921683
vn 0.550911 0.130554 0.824289
vn 0.550961 0.257885 0.793686
vn 0.387902 0.144186 0.910353
vn 0.387943 0.284816 0.876573
vn 0.550911 0.378884 0.743602
vn 0.550961 0.490525 0.675150
vn 0.387901 0.418443 0.821242
vn 0.387943 0.541752 0.745657
vn 0.550911 0.590126 0.590126
vn 0.550961 0.675150 0.490525
vn 0.387902 0.651741 0.651741
vn 0.387943 0.745658 0.541752
vn 0.550911 0.743602 0.378884
vn 0.550961 0.793686 0.257884
vn 0.387901 0.821242 0.418443
vn 0.387943 0.876573 0.284816
vn 0.550911 0.824289 0.130554
vn 0.550960 0.834532 -0.000000
vn 0.387902 0.910353 0.144186
vn 0.387944 0.921683 -0.000000
vn 0.550910 0.824290 -0.130554
vn 0.550960 0.793687 -0.257885
vn 0.387902 0.910353 -0.144186
vn 0.387943 0.876573 -0.284816
vn 0.550911 0.743602 -0.378884
vn 0.550961 0.675150 -0.490525
vn 0.387901 0.821242 -0.418444
vn 0.387943 0.745657 -0.541752
vn 0.550911 0.590126 -0.590126
vn 0.550961 0.490525 -0.675150
vn 0.387901 0.651741 -0.651741
vn 0.387943 0.541752 -0.745658
vn 0.550911 0.378884 -0.743602
vn 0.550961 0.257884 -0.793687
vn 0.387901 0.418443 -0.821242
vn 0.387943 0.284816 -0.876573
vn 0.550911 0.130555 -0.824289
vn 0.550960 -0.000000 -0.834531
vn 0.387901 0.144186 -0.910353
vn 0.387943 -0.000000 -0.921683
vn 0.550911 -0.130555 -0.824289
vn 0.550960 -0.257884 -0.793687
vn 0.387901 -0.144186 -0.910353
vn 0.387943 -0.284816 -0.876573
vn 0.550911 -0.378884 -0.743602
vn 0.550961 -0.490525 -0.675150
vn 0.387901 -0.418444 -0.821241
vn 0.387943 -0.541752 -0.745657
vn 0.550911 -0.590126 -0.590126
vn 0.550960 -0.675150 -0.490525
vn 0.387901 -0.651741 -0.651741
vn 0.387943 -0.745658 -0.541752
vn 0.550911 -0.743602 -0.378884
vn 0.550961 -0.793686 -0.257884
vn 0.387901 -0.821242 -0.418444
vn 0.387943 -0.876573 -0.284816
vn 0.550911 -0.824289 -0.130555
vn 0.550961 -0.834531 -0.000001
vn 0.387901 -0.910353 -0.144186
vn 0.387943 -0.921683 -0.000001
vn 0.550911 -0.824289 0.130553
vn 0.387901 -0.910354 0.144184
vn 0.200904 -0.872840 0.444734
vn 0.200928 -0.792518 0.575798
vn 0.200928 -0.931661 0.302714
vn 0.200904 -0.692690 0.692690
vn 0.200928 -0.575798 0.792518
vn 0.200904 -0.444734 0.872840
vn 0.200928 -0.302715 0.931661
vn 0.200904 -0.153245 0.967550
vn 0.200928 0.000000 0.979606
vn 0.200904 0.153245 0.967550
vn 0.200928 0.302715 0.931661
vn 0.200904 0.444734 0.872840
vn 0.200928 0.575798 0.792518
vn 0.200904 0.692690 0.692689
vn 0.200928 0.792518 0.575798
vn 0.200904 0.872840 0.444734
vn 0.200928 0.931661 0.302715
vn 0.200904 0.967550 0.153245
vn 0.200928 0.979606 0.000000
vn 0.200904 0.967550 -0.153245
vn 0.200928 0.931661 -0.302715
vn 0.200904 0.872840 -0.444734
vn 0.200928 0.792518 -0.575798
vn 0.200904 0.692690 -0.692690
vn 0.200928 0.575798 -0.792518
vn 0.200904 0.444734 -0.872840
vn 0.200928 0.302715 -0.931661
vn 0.200904 0.153245 -0.967550
vn 0.200928 -0.000000 -0.979606
vn 0.200904 -0.153245 -0.967550
vn 0.200928 -0.302715 -0.931661
vn 0.200904 -0.444734 -0.872840
vn 0.200928 -0.575798 -0.792518
vn 0.200904 -0.692689 -0.692690
vn 0.200928 -0.792518 -0.575798
vn 0.200904 -0.872840 -0.444734
vn 0.200928 -0.931661 -0.302715
vn 0.200904 -0.967550 -0.153245
vn 0.200928 -0.979606 -0.000001
vn 0.200904 -0.967551 0.153244
s 1
g Mouse pTorus1
usemtl initialShadingGroup
f 1796/1956/1795 2595/2793/1796 2995/2393/1797 2598/2798/1798
f 2595/2793/1796 1795/1952/1799 2596/2795/1800 2995/2393/1797
f 2995/2393/1797 2596/2795/1800 1815/1994/1801 2597/2797/1802
f 2598/2798/1798 2995/2393/1797 2597/2797/1802 1816/1996/1803
f 1797/1958/1804 2599/2799/1805 2996/2394/1806 2601/2802/1807
f 2599/2799/1805 1796/1956/1795 2598/2798/1798 2996/2394/1806
f 2996/2394/1806 2598/2798/1798 1816/1996/1803 2600/2801/1808
f 2601/2802/1807 2996/2394/1806 2600/2801/1808 1817/1997/1809
f 1798/1960/1810 2602/2803/1811 2997/2395/1812 2604/2806/1813
f 2602/2803/1811 1797/1958/1804 2601/2802/1807 2997/2395/1812
f 2997/2395/1812 2601/2802/1807 1817/1997/1809 2603/2805/1814
f 2604/2806/1813 2997/2395/1812 2603/2805/1814 1818/1998/1815
f 1799/1962/1816 2605/2807/1817 2998/2396/1818 2607/2810/1819
f 2605/2807/1817 1798/1960/1810 2604/2806/1813 2998/2396/1818
f 2998/2396/1818 2604/2806/1813 1818/1998/1815 2606/2809/1820
f 2607/2810/1819 2998/2396/1818 2606/2809/1820 1819/1999/1821
f 1800/1964/1822 2608/2811/1823 2999/2397/1824 2610/2814/1825
f 2608/2811/1823 1799/1962/1816 2607/2810/1819 2999/2397/1824
f 2999/2397/1824 2607/2810/1819 1819/1999/1821 2609/2813/1826
f 2610/2814/1825 2999/2397/1824 2609/2813/1826 1820/2000/1827
f 1801/1966/1828 2611/2815/1829 3000/2398/1830 2613/2818/1831
f 2611/2815/1829 1800/1964/1822 2610/2814/1825 3000/2398/1830
f 3000/2398/1830 2610/2814/1825 1820/2000/1827 2612/2817/1832
f 2613/2818/1831 3000/2398/1830 2612/2817/1832 1821/2001/1833
f 1802/1968/1834 2614/2819/1835 3001/2399/1836 2616/2822/1837
f 2614/2819/1835 1801/1966/1828 2613/2818/1831 3001/2399/1836
f 3001/2399/1836 2613/2818/1831 1821/2001/1833 2615/2821/1838
f 2616/2822/1837 3001/2399/1836 2615/2821/1838 1822/2002/1839
f 1803/1970/1840 2617/2823/1841 3002/2400/1842 2619/2826/1843
f 2617/2823/1841 1802/1968/1834 2616/2822/1837 3002/2400/1842
f 3002/2400/1842 2616/2822/1837 1822/2002/1839 2618/2825/1844
f 2619/2826/1843 3002/2400/1842 2618/2825/1844 1823/2003/1845
f 1804/1972/1846 2620/2827/1847 3003/2401/1848 2622/2830/1849
f 2620/2827/1847 1803/1970/1840 2619/2826/1843 3003/2401/1848
f 3003/2401/1848 2619/2826/1843 1823/2003/1845 2621/2829/1850
f 2622/2830/1849 3003/2401/1848 2621/2829/1850 1824/2004/1851
f 1805/1974/1852 2623/2831/1853 3004/2402/1854 2625/2834/1855
f 2623/2831/1853 1804/1972/1846 2622/2830/1849 3004/2402/1854
f 3004/2402/1854 2622/2830/1849 1824/2004/1851 2624/2833/1856
f 2625/2834/1855 3004/2402/1854 2624/2833/1856 1825/2005/1857
f 1806/1976/1858 2626/2835/1859 3005/2403/1860 2628/2838/1861
f 2626/2835/1859 1805/1974/1852 2625/2834/1855 3005/2403/1860
f 3005/2403/1860 2625/2834/1855 1825/2005/1857 2627/2837/1862
f 2628/2838/1861 3005/2403/1860 2627/2837/1862 1826/2006/1863
f 1807/1978/1864 2629/2839/1865 3006/2404/1866 2631/2842/1867
f 2629/2839/1865 1806/1976/1858 2628/2838/1861 3006/2404/1866
f 3006/2404/1866 2628/2838/1861 1826/2006/1863 2630/2841/1868
f 2631/2842/1867 3006/2404/1866 2630/2841/1868 1827/2007/1869
f 1808/1980/1870 2632/2843/1871 3007/2405/1872 2634/2846/1873
f 2632/2843/1871 1807/1978/1864 2631/2842/1867 3007/2405/1872
f 3007/2405/1872 2631/2842/1867 1827/2007/1869 2633/2845/1874
f 2634/2846/1873 3007/2405/1872 2633/2845/1874 1828/2008/1875
f 1809/1982/1876 2635/2847/1877 3008/2406/1878 2637/2850/1879
f 2635/2847/1877 1808/1980/1870 2634/2846/1873 3008/2406/1878
f 3008/2406/1878 2634/2846/1873 1828/2008/1875 2636/2849/1880
f 2637/2850/1879 3008/2406/1878 2636/2849/1880 1829/2009/1881
f 1810/1984/1882 2638/2851/1883 3009/2407/1884 2640/2854/1885
f 2638/2851/1883 1809/1982/1876 2637/2850/1879 3009/2407/1884
f 3009/2407/1884 2637/2850/1879 1829/2009/1881 2639/2853/1886
f 2640/2854/1885 3009/2407/1884 2639/2853/1886 1830/2010/1887
f 1811/1986/1888 2641/2855/1889 3010/2408/1890 2643/2858/1891
f 2641/2855/1889 1810/1984/1882 2640/2854/1885 3010/2408/1890
f 3010/2408/1890 2640/2854/1885 1830/2010/1887 2642/2857/1892
f 2643/2858/1891 3010/2408/1890 2642/2857/1892 1831/2011/1893
f 1812/1988/1894 2644/2859/1895 3011/2409/1896 2646/2862/1897
f 2644/2859/1895 1811/1986/1888 2643/2858/1891 3011/2409/1896
f 3011/2409/1896 2643/2858/1891 1831/2011/1893 2645/2861/1898
f 2646/2862/1897 3011/2409/1896 2645/2861/1898 1832/2012/1899
f 1813/1990/1900 2647/2863/1901 3012/2410/1902 2649/2866/1903
f 2647/2863/1901 1812/1988/1894 2646/2862/1897 3012/2410/1902
f 3012/2410/1902 2646/2862/1897 1832/2012/1899 2648/2865/1904
f 2649/2866/1903 3012/2410/1902 2648/2865/1904 1833/2013/1905
f 1814/1992/1906 2650/2867/1907 3013/2411/1908 2652/2870/1909
f 2650/2867/1907 1813/1990/1900 2649/2866/1903 3013/2411/1908
f 3013/2411/1908 2649/2866/1903 1833/2013/1905 2651/2869/1910
f 2652/2870/1909 3013/2411/1908 2651/2869/1910 1834/2014/1911
f 1795/1955/1799 2653/2871/1912 3014/2412/1913 2596/2796/1800
f 2653/2871/1912 1814/1992/1906 2652/2870/1909 3014/2412/1913
f 3014/2412/1913 2652/2870/1909 1834/2014/1911 2654/2873/1914
f 2596/2796/1800 3014/2412/1913 2654/2873/1914 1815/1995/1801
f 1816/1996/1803 2597/2797/1802 3015/2413/1915 2657/2877/1916
f 2597/2797/1802 1815/1994/1801 2655/2874/1917 3015/2413/1915
f 3015/2413/1915 2655/2874/1917 1835/2015/1918 2656/2876/1919
f 2657/2877/1916 3015/2413/1915 2656/2876/1919 1836/2017/1920
f 1817/1997/1809 2600/2801/1808 3016/2414/1921 2659/2879/1922
f 2600/2801/1808 1816/1996/1803 2657/2877/1916 3016/2414/1921
f 3016/2414/1921 2657/2877/1916 1836/2017/1920 2658/2878/1923
f 2659/2879/1922 3016/2414/1921 2658/2878/1923 1837/2018/1924
f 1818/1998/1815 2603/2805/1814 3017/2415/1925 2661/2881/1926
f 2603/2805/1814 1817/1997/1809 2659/2879/1922 3017/2415/1925
f 3017/2415/1925 2659/2879/1922 1837/2018/1924 2660/2880/1927
f 2661/2881/1926 3017/2415/1925 2660/2880/1927 1838/2019/1928
f 1819/1999/1821 2606/2809/1820 3018/2416/1929 2663/2883/1930
f 2606/2809/1820 1818/1998/1815 2661/2881/1926 3018/2416/1929
f 3018/2416/1929 2661/2881/1926 1838/2019/1928 2662/2882/1931
f 2663/2883/1930 3018/2416/1929 2662/2882/1931 1839/2020/1932
f 1820/2000/1827 2609/2813/1826 3019/2417/1933 2665/2885/1934
f 2609/2813/1826 1819/1999/1821 2663/2883/1930 3019/2417/1933
f 3019/2417/1933 2663/2883/1930 1839/2020/1932 2664/2884/1935
f 2665/2885/1934 3019/2417/1933 2664/2884/1935 1840/2021/1936
f 1821/2001/1833 2612/2817/1832 3020/2418/1937 2667/2887/1938
f 2612/2817/1832 1820/2000/1827 2665/2885/1934 3020/2418/1937
f 3020/2418/1937 2665/2885/1934 1840/2021/1936 2666/2886/1939
f 2667/2887/1938 3020/2418/1937 2666/2886/1939 1841/2022/1940
f 1822/2002/1839 2615/2821/1838 3021/2419/1941 2669/2889/1942
f 2615/2821/1838 1821/2001/1833 2667/2887/1938 3021/2419/1941
f 3021/2419/1941 2667/2887/1938 1841/2022/1940 2668/2888/1943
f 2669/2889/1942 3021/2419/1941 2668/2888/1943 1842/2023/1944
f 1823/2003/1845 2618/2825/1844 3022/2420/1945 2671/2891/1946
f 2618/2825/1844 1822/2002/1839 2669/2889/1942 3022/2420/1945
f 3022/2420/1945 2669/2889/1942 1842/2023/1944 2670/2890/1947
f 2671/2891/1946 3022/2420/1945 2670/2890/1947 1843/2024/1948
f 1824/2004/1851 2621/2829/1850 3023/2421/1949 2673/2893/1950
f 2621/2829/1850 1823/2003/1845 2671/2891/1946 3023/2421/1949
f 3023/2421/1949 2671/2891/1946 1843/2024/1948 2672/2892/1951
f 2673/2893/1950 3023/2421/1949 2672/2892/1951 1844/2025/1952
f 1825/2005/1857 2624/2833/1856 3024/2422/1953 2675/2895/1954
f 2624/2833/1856 1824/2004/1851 2673/2893/1950 3024/2422/1953
f 3024/2422/1953 2673/2893/1950 1844/2025/1952 2674/2894/1955
f 2675/2895/1954 3024/2422/1953 2674/2894/1955 1845/2026/1956
f 1826/2006/1863 2627/2837/1862 3025/2423/1957 2677/2897/1958
f 2627/2837/1862 1825/2005/1857 2675/2895/1954 3025/2423/1957
f 3025/2423/1957 2675/2895/1954 1845/2026/1956 2676/2896/1959
f 2677/2897/1958 3025/2423/1957 2676/2896/1959 1846/2027/1960
f 1827/2007/1869 2630/2841/1868 3026/2424/1961 2679/2899/1962
f 2630/2841/1868 1826/2006/1863 2677/2897/1958 3026/2424/1961
f 3026/2424/1961 2677/2897/1958 1846/2027/1960 2678/2898/1963
f 2679/2899/1962 3026/2424/1961 2678/2898/1963 1847/2028/1964
f 1828/2008/1875 2633/2845/1874 3027/2425/1965 2681/2901/1966
f 2633/2845/1874 1827/2007/1869 2679/2899/1962 3027/2425/1965
f 3027/2425/1965 2679/2899/1962 1847/2028/1964 2680/2900/1967
f 2681/2901/1966 3027/2425/1965 2680/2900/1967 1848/2029/1968
f 1829/2009/1881 2636/2849/1880 3028/2426/1969 2683/2903/1970
f 2636/2849/1880 1828/2008/1875 2681/2901/1966 3028/2426/1969
f 3028/2426/1969 2681/2901/1966 1848/2029/1968 2682/2902/1971
f 2683/2903/1970 3028/2426/1969 2682/2902/1971 1849/2030/1972
f 1830/2010/1887 2639/2853/1886 3029/2427/1973 2685/2905/1974
f 2639/2853/1886 1829/2009/1881 2683/2903/1970 3029/2427/1973
f 3029/2427/1973 2683/2903/1970 1849/2030/1972 2684/2904/1975
f 2685/2905/1974 3029/2427/1973 2684/2904/1975 1850/2031/1976
f 1831/2011/1893 2642/2857/1892 3030/2428/1977 2687/2907/1978
f 2642/2857/1892 1830/2010/1887 2685/2905/1974 3030/2428/1977
f 3030/2428/1977 2685/2905/1974 1850/2031/1976 2686/2906/1979
f 2687/2907/1978 3030/2428/1977 2686/2906/1979 1851/2032/1980
f 1832/2012/1899 2645/2861/1898 3031/2429/1981 2689/2909/1982
f 2645/2861/1898 1831/2011/1893 2687/2907/1978 3031/2429/1981
f 3031/2429/1981 2687/2907/1978 1851/2032/1980 2688/2908/1983
f 2689/2909/1982 3031/2429/1981 2688/2908/1983 1852/2033/1984
f 1833/2013/1905 2648/2865/1904 3032/2430/1985 2691/2911/1986
f 2648/2865/1904 1832/2012/1899 2689/2909/1982 3032/2430/1985
f 3032/2430/1985 2689/2909/1982 1852/2033/1984 2690/2910/1987
f 2691/2911/1986 3032/2430/1985 2690/2910/1987 1853/2034/1988
f 1834/2014/1911 2651/2869/1910 3033/2431/1989 2693/2913/1990
f 2651/2869/1910 1833/2013/1905 2691/2911/1986 3033/2431/1989
f 3033/2431/1989 2691/2911/1986 1853/2034/1988 2692/2912/1991
f 2693/2913/1990 3033/2431/1989 2692/2912/1991 1854/2035/1992
f 1815/1995/1801 2654/2873/1914 3034/2432/1993 2655/2875/1917
f 2654/2873/1914 1834/2014/1911 2693/2913/1990 3034/2432/1993
f 3034/2432/1993 2693/2913/1990 1854/2035/1992 2694/2914/1994
f 2655/2875/1917 3034/2432/1993 2694/2914/1994 1835/2016/1918
f 1836/2017/1920 2656/2876/1919 3035/2433/1995 2697/2918/1996
f 2656/2876/1919 1835/2015/1918 2695/2915/1997 3035/2433/1995
f 3035/2433/1995 2695/2915/1997 1855/2036/1998 2696/2917/1999
f 2697/2918/1996 3035/2433/1995 2696/2917/1999 1856/2038/2000
f 1837/2018/1924 2658/2878/1923 3036/2434/2001 2699/2920/2002
f 2658/2878/1923 1836/2017/1920 2697/2918/1996 3036/2434/2001
f 3036/2434/2001 2697/2918/1996 1856/2038/2000 2698/2919/2003
f 2699/2920/2002 3036/2434/2001 2698/2919/2003 1857/2039/2004
f 1838/2019/1928 2660/2880/1927 3037/2435/2005 2701/2922/2006
f 2660/2880/1927 1837/2018/1924 2699/2920/2002 3037/2435/2005
f 3037/2435/2005 2699/2920/2002 1857/2039/2004 2700/2921/2007
f 2701/2922/2006 3037/2435/2005 2700/2921/2007 1858/2040/2008
f 1839/2020/1932 2662/2882/1931 3038/2436/2009 2703/2924/2010
f 2662/2882/1931 1838/2019/1928 2701/2922/2006 3038/2436/2009
f 3038/2436/2009 2701/2922/2006 1858/2040/2008 2702/2923/2011
f 2703/2924/2010 3038/2436/2009 2702/2923/2011 1859/2041/2012
f 1840/2021/1936 2664/2884/1935 3039/2437/2013 2705/2926/2014
f 2664/2884/1935 1839/2020/1932 2703/2924/2010 3039/2437/2013
f 3039/2437/2013 2703/2924/2010 1859/2041/2012 2704/2925/2015
f 2705/2926/2014 3039/2437/2013 2704/2925/2015 1860/2042/2016
f 1841/2022/1940 2666/2886/1939 3040/2438/2017 2707/2928/2018
f 2666/2886/1939 1840/2021/1936 2705/2926/2014 3040/2438/2017
f 3040/2438/2017 2705/2926/2014 1860/2042/2016 2706/2927/2019
f 2707/2928/2018 3040/2438/2017 2706/2927/2019 1861/2043/2020
f 1842/2023/1944 2668/2888/1943 3041/2439/2021 2709/2930/2022
f 2668/2888/1943 1841/2022/1940 2707/2928/2018 3041/2439/2021
f 3041/2439/2021 2707/2928/2018 1861/2043/2020 2708/2929/2023
f 2709/2930/2022 3041/2439/2021 2708/2929/2023 1862/2044/2024
f 1843/2024/1948 2670/2890/1947 3042/2440/2025 2711/2932/2026
f 2670/2890/1947 1842/2023/1944 2709/2930/2022 3042/2440/2025
f 3042/2440/2025 2709/2930/2022 1862/2044/2024 2710/2931/2027
f 2711/2932/2026 3042/2440/2025 2710/2931/2027 1863/2045/2028
f 1844/2025/1952 2672/2892/1951 3043/2441/2029 2713/2934/2030
f 2672/2892/1951 1843/2024/1948 2711/2932/2026 3043/2441/2029
f 3043/2441/2029 2711/2932/2026 1863/2045/2028 2712/2933/2031
f 2713/2934/2030 3043/2441/2029 2712/2933/2031 1864/2046/2032
f 1845/2026/1956 2674/2894/1955 3044/2442/2033 2715/2936/2034
f 2674/2894/1955 1844/2025/1952 2713/2934/2030 3044/2442/2033
f 3044/2442/2033 2713/2934/2030 1864/2046/2032 2714/2935/2035
f 2715/2936/2034 3044/2442/2033 2714/2935/2035 1865/2047/2036
f 1846/2027/1960 2676/2896/1959 3045/2443/2037 2717/2938/2038
f 2676/2896/1959 1845/2026/1956 2715/2936/2034 3045/2443/2037
f 3045/2443/2037 2715/2936/2034 1865/2047/2036 2716/2937/2039
f 2717/2938/2038 3045/2443/2037 2716/2937/2039 1866/2048/2040
f 1847/2028/1964 2678/2898/1963 3046/2444/2041 2719/2940/2042
f 2678/2898/1963 1846/2027/1960 2717/2938/2038 3046/2444/2041
f 3046/2444/2041 2717/2938/2038 1866/2048/2040 2718/2939/2043
f 2719/2940/2042 3046/2444/2041 2718/2939/2043 1867/2049/2044
f 1848/2029/1968 2680/2900/1967 3047/2445/2045 2721/2942/2046
f 2680/2900/1967 1847/2028/1964 2719/2940/2042 3047/2445/2045
f 3047/2445/2045 2719/2940/2042 1867/2049/2044 2720/2941/2047
f 2721/2942/2046 3047/2445/2045 2720/2941/2047 1868/2050/2048
f 1849/2030/1972 2682/2902/1971 3048/2446/2049 2723/2944/2050
f 2682/2902/1971 1848/2029/1968 2721/2942/2046 3048/2446/2049
f 3048/2446/2049 2721/2942/2046 1868/2050/2048 2722/2943/2051
f 2723/2944/2050 3048/2446/2049 2722/2943/2051 1869/2051/2052
f 1850/2031/1976 2684/2904/1975 3049/2447/2053 2725/2946/2054
f 2684/2904/1975 1849/2030/1972 2723/2944/2050 3049/2447/2053
f 3049/2447/2053 2723/2944/2050 1869/2051/2052 2724/2945/2055
f 2725/2946/2054 3049/2447/2053 2724/2945/2055 1870/2052/2056
f 1851/2032/1980 2686/2906/1979 3050/2448/2057 2727/2948/2058
f 2686/2906/1979 1850/2031/1976 2725/2946/2054 3050/2448/2057
f 3050/2448/2057 2725/2946/2054 1870/2052/2056 2726/2947/2059
f 2727/2948/2058 3050/2448/2057 2726/2947/2059 1871/2053/2060
f 1852/2033/1984 2688/2908/1983 3051/2449/2061 2729/2950/2062
f 2688/2908/1983 1851/2032/1980 2727/2948/2058 3051/2449/2061
f 3051/2449/2061 2727/2948/2058 1871/2053/2060 2728/2949/2063
f 2729/2950/2062 3051/2449/2061 2728/2949/2063 1872/2054/2064
f 1853/2034/1988 2690/2910/1987 3052/2450/2065 2731/2952/2066
f 2690/2910/1987 1852/2033/1984 2729/2950/2062 3052/2450/2065
f 3052/2450/2065 2729/2950/2062 1872/2054/2064 2730/2951/2067
f 2731/2952/2066 3052/2450/2065 2730/2951/2067 1873/2055/2068
f 1854/2035/1992 2692/2912/1991 3053/2451/2069 2733/2954/2070
f 2692/2912/1991 1853/2034/1988 2731/2952/2066 3053/2451/2069
f 3053/2451/2069 2731/2952/2066 1873/2055/2068 2732/2953/2071
f 2733/2954/2070 3053/2451/2069 2732/2953/2071 1874/2056/2072
f 1835/2016/1918 2694/2914/1994 3054/2452/2073 2695/2916/1997
f 2694/2914/1994 1854/2035/1992 2733/2954/2070 3054/2452/2073
f 3054/2452/2073 2733/2954/2070 1874/2056/2072 2734/2955/2074
f 2695/2916/1997 3054/2452/2073 2734/2955/2074 1855/2037/1998
f 1856/2038/2000 2696/2917/1999 3055/2453/2075 2737/2959/2076
f 2696/2917/1999 1855/2036/1998 2735/2956/2077 3055/2453/2075
f 3055/2453/2075 2735/2956/2077 1875/2057/2078 2736/2958/2079
f 2737/2959/2076 3055/2453/2075 2736/2958/2079 1876/2059/2080
f 1857/2039/2004 2698/2919/2003 3056/2454/2081 2739/2961/2082
f 2698/2919/2003 1856/2038/2000 2737/2959/2076 3056/2454/2081
f 3056/2454/2081 2737/2959/2076 1876/2059/2080 2738/2960/2083
f 2739/2961/2082 3056/2454/2081 2738/2960/2083 1877/2060/2084
f 1858/2040/2008 2700/2921/2007 3057/2455/2085 2741/2963/2086
f 2700/2921/2007 1857/2039/2004 2739/2961/2082 3057/2455/2085
f 3057/2455/2085 2739/2961/2082 1877/2060/2084 2740/2962/2087
f 2741/2963/2086 3057/2455/2085 2740/2962/2087 1878/2061/2088
f 1859/2041/2012 2702/2923/2011 3058/2456/2089 2743/2965/2090
f 2702/2923/2011 1858/2040/2008 2741/2963/2086 3058/2456/2089
f 3058/2456/2089 2741/2963/2086 1878/2061/2088 2742/2964/2091
f 2743/2965/2090 3058/2456/2089 2742/2964/2091 1879/2062/2092
f 1860/2042/2016 2704/2925/2015 3059/2457/2093 2745/2967/2094
f 2704/2925/2015 1859/2041/2012 2743/2965/2090 3059/2457/2093
f 3059/2457/2093 2743/2965/2090 1879/2062/2092 2744/2966/2095
f 2745/2967/2094 3059/2457/2093 2744/2966/2095 1880/2063/2096
f 1861/2043/2020 2706/2927/2019 3060/2458/2097 2747/2969/2098
f 2706/2927/2019 1860/2042/2016 2745/2967/2094 3060/2458/2097
f 3060/2458/2097 2745/2967/2094 1880/2063/2096 2746/2968/2099
f 2747/2969/2098 3060/2458/2097 2746/2968/2099 1881/2064/2100
f 1862/2044/2024 2708/2929/2023 3061/2459/2101 2749/2971/2102
f 2708/2929/2023 1861/2043/2020 2747/2969/2098 3061/2459/2101
f 3061/2459/2101 2747/2969/2098 1881/2064/2100 2748/2970/2103
f 2749/2971/2102 3061/2459/2101 2748/2970/2103 1882/2065/2104
f 1863/2045/2028 2710/2931/2027 3062/2460/2105 2751/2973/2106
f 2710/2931/2027 1862/2044/2024 2749/2971/2102 3062/2460/2105
f 3062/2460/2105 2749/2971/2102 1882/2065/2104 2750/2972/2107
f 2751/2973/2106 3062/2460/2105 2750/2972/2107 1883/2066/2108
f 1864/2046/2032 2712/2933/2031 3063/2461/2109 2753/2975/2110
f 2712/2933/2031 1863/2045/2028 2751/2973/2106 3063/2461/2109
f 3063/2461/2109 2751/2973/2106 1883/2066/2108 2752/2974/2111
f 2753/2975/2110 3063/2461/2109 2752/2974/2111 1884/2067/2112
f 1865/2047/2036 2714/2935/2035 3064/2462/2113 2755/2977/2114
f 2714/2935/2035 1864/2046/2032 2753/2975/2110 3064/2462/2113
f 3064/2462/2113 2753/2975/2110 1884/2067/2112 2754/2976/2115
f 2755/2977/2114 3064/2462/2113 2754/2976/2115 1885/2068/2116
f 1866/2048/2040 2716/2937/2039 3065/2463/2117 2757/2979/2118
f 2716/2937/2039 1865/2047/2036 2755/2977/2114 3065/2463/2117
f 3065/2463/2117 2755/2977/2114 1885/2068/2116 2756/2978/2119
f 2757/2979/2118 3065/2463/2117 2756/2978/2119 1886/2069/2120
f 1867/2049/2044 2718/2939/2043 3066/2464/2121 2759/2981/2122
f 2718/2939/2043 1866/2048/2040 2757/2979/2118 3066/2464/2121
f 3066/2464/2121 2757/2979/2118 1886/2069/2120 2758/2980/2123
f 2759/2981/2122 3066/2464/2121 2758/2980/2123 1887/2070/2124
f 1868/2050/2048 2720/2941/2047 3067/2465/2125 2761/2983/2126
f 2720/2941/2047 1867/2049/2044 2759/2981/2122 3067/2465/2125
f 3067/2465/2125 2759/2981/2122 1887/2070/2124 2760/2982/2127
f 2761/2983/2126 3067/2465/2125 2760/2982/2127 1888/2071/2128
f 1869/2051/2052 2722/2943/2051 3068/2466/2129 2763/2985/2130
f 2722/2943/2051 1868/2050/2048 2761/2983/2126 3068/2466/2129
f 3068/2466/2129 2761/2983/2126 1888/2071/2128 2762/2984/2131
f 2763/2985/2130 3068/2466/2129 2762/2984/2131 1889/2072/2132
f 1870/2052/2056 2724/2945/2055 3069/2467/2133 2765/2987/2134
f 2724/2945/2055 1869/2051/2052 2763/2985/2130 3069/2467/2133
f 3069/2467/2133 2763/2985/2130 1889/2072/2132 2764/2986/2135
f 2765/2987/2134 3069/2467/2133 2764/2986/2135 1890/2073/2136
f 1871/2053/2060 2726/2947/2059 3070/2468/2137 2767/2989/2138
f 2726/2947/2059 1870/2052/2056 2765/2987/2134 3070/2468/2137
f 3070/2468/2137 2765/2987/2134 1890/2073/2136 2766/2988/2139
f 2767/2989/2138 3070/2468/2137 2766/2988/2139 1891/2074/2140
f 1872/2054/2064 2728/2949/2063 3071/2469/2141 2769/2991/2142
f 2728/2949/2063 1871/2053/2060 2767/2989/2138 3071/2469/2141
f 3071/2469/2141 2767/2989/2138 1891/2074/2140 2768/2990/2143
f 2769/2991/2142 3071/2469/2141 2768/2990/2143 1892/2075/2144
f 1873/2055/2068 2730/2951/2067 3072/2470/2145 2771/2993/2146
f 2730/2951/2067 1872/2054/2064 2769/2991/2142 3072/2470/2145
f 3072/2470/2145 2769/2991/2142 1892/2075/2144 2770/2992/2147
f 2771/2993/2146 3072/2470/2145 2770/2992/2147 1893/2076/2148
f 1874/2056/2072 2732/2953/2071 3073/2471/2149 2773/2995/2150
f 2732/2953/2071 1873/2055/2068 2771/2993/2146 3073/2471/2149
f 3073/2471/2149 2771/2993/2146 1893/2076/2148 2772/2994/2151
f 2773/2995/2150 3073/2471/2149 2772/2994/2151 1894/2077/2152
f 1855/2037/1998 2734/2955/2074 3074/2472/2153 2735/2957/2077
f 2734/2955/2074 1874/2056/2072 2773/2995/2150 3074/2472/2153
f 3074/2472/2153 2773/2995/2150 1894/2077/2152 2774/2996/2154
f 2735/2957/2077 3074/2472/2153 2774/2996/2154 1875/2058/2078
f 1876/2059/2080 2736/2958/2079 3075/2473/2155 2777/3000/2156
f 2736/2958/2079 1875/2057/2078 2775/2997/2157 3075/2473/2155
f 3075/2473/2155 2775/2997/2157 1895/2078/2158 2776/2999/2159
f 2777/3000/2156 3075/2473/2155 2776/2999/2159 1896/2080/2160
f 1877/2060/2084 2738/2960/2083 3076/2474/2161 2779/3002/2162
f 2738/2960/2083 1876/2059/2080 2777/3000/2156 3076/2474/2161
f 3076/2474/2161 2777/3000/2156 1896/2080/2160 2778/3001/2163
f 2779/3002/2162 3076/2474/2161 2778/3001/2163 1897/2081/2164
f 1878/2061/2088 2740/2962/2087 3077/2475/2165 2781/3004/2166
f 2740/2962/2087 1877/2060/2084 2779/3002/2162 3077/2475/2165
f 3077/2475/2165 2779/3002/2162 1897/2081/2164 2780/3003/2167
f 2781/3004/2166 3077/2475/2165 2780/3003/2167 1898/2082/2168
f 1879/2062/2092 2742/2964/2091 3078/2476/2169 2783/3006/2170
f 2742/2964/2091 1878/2061/2088 2781/3004/2166 3078/2476/2169
f 3078/2476/2169 2781/3004/2166 1898/2082/2168 2782/3005/2171
f 2783/3006/2170 3078/2476/2169 2782/3005/2171 1899/2083/2172
f 1880/2063/2096 2744/2966/2095 3079/2477/2173 2785/3008/2174
f 2744/2966/2095 1879/2062/2092 2783/3006/2170 3079/2477/2173
f 3079/2477/2173 2783/3006/2170 1899/2083/2172 2784/3007/2175
f 2785/3008/2174 3079/2477/2173 2784/3007/2175 1900/2084/2176
f 1881/2064/2100 2746/2968/2099 3080/2478/2177 2787/3010/2178
f 2746/2968/2099 1880/2063/2096 2785/3008/2174 3080/2478/2177
f 3080/2478/2177 2785/3008/2174 1900/2084/2176 2786/3009/2179
f 2787/3010/2178 3080/2478/2177 2786/3009/2179 1901/2085/2180
f 1882/2065/2104 2748/2970/2103 3081/2479/2181 2789/3012/2182
f 2748/2970/2103 1881/2064/2100 2787/3010/2178 3081/2479/2181
f 3081/2479/2181 2787/3010/2178 1901/2085/2180 2788/3011/2183
f 2789/3012/2182 3081/2479/2181 2788/3011/2183 1902/2086/2184
f 1883/2066/2108 2750/2972/2107 3082/2480/2185 2791/3014/2186
f 2750/2972/2107 1882/2065/2104 2789/3012/2182 3082/2480/2185
f 3082/2480/2185 2789/3012/2182 1902/2086/2184 2790/3013/2187
f 2791/3014/2186 3082/2480/2185 2790/3013/2187 1903/2087/2188
f 1884/2067/2112 2752/2974/2111 3083/2481/2189 2793/3016/2190
f 2752/2974/2111 1883/2066/2108 2791/3014/2186 3083/2481/2189
f 3083/2481/2189 2791/3014/2186 1903/2087/2188 2792/3015/2191
f 2793/3016/2190 3083/2481/2189 2792/3015/2191 1904/2088/2192
f 1885/2068/2116 2754/2976/2115 3084/2482/2193 2795/3018/2194
f 2754/2976/2115 1884/2067/2112 2793/3016/2190 3084/2482/2193
f 3084/2482/2193 2793/3016/2190 1904/2088/2192 2794/3017/2195
f 2795/3018/2194 3084/2482/2193 2794/3017/2195 1905/2089/2196
f 1886/2069/2120 2756/2978/2119 3085/2483/2197 2797/3020/2198
f 2756/2978/2119 1885/2068/2116 2795/3018/2194 3085/2483/2197
f 3085/2483/2197 2795/3018/2194 1905/2089/2196 2796/3019/2199
f 2797/3020/2198 3085/2483/2197 2796/3019/2199 1906/2090/2200
f 1887/2070/2124 2758/2980/2123 3086/2484/2201 2799/3022/2202
f 2758/2980/2123 1886/2069/2120 2797/3020/2198 3086/2484/2201
f 3086/2484/2201 2797/3020/2198 1906/2090/2200 2798/3021/2203
f 2799/3022/2202 3086/2484/2201 2798/3021/2203 1907/2091/2204
f 1888/2071/2128 2760/2982/2127 3087/2485/2205 2801/3024/2206
f 2760/2982/2127 1887/2070/2124 2799/3022/2202 3087/2485/2205
f 3087/2485/2205 2799/3022/2202 1907/2091/2204 2800/3023/2207
f 2801/3024/2206 3087/2485/2205 2800/3023/2207 1908/2092/2208
f 1889/2072/2132 2762/2984/2131 3088/2486/2209 2803/3026/2210
f 2762/2984/2131 1888/2071/2128 2801/3024/2206 3088/2486/2209
f 3088/2486/2209 2801/3024/2206 1908/2092/2208 2802/3025/2211
f 2803/3026/2210 3088/2486/2209 2802/3025/2211 1909/2093/2212
f 1890/2073/2136 2764/2986/2135 3089/2487/2213 2805/3028/2214
f 2764/2986/2135 1889/2072/2132 2803/3026/2210 3089/2487/2213
f 3089/2487/2213 2803/3026/2210 1909/2093/2212 2804/3027/2215
f 2805/3028/2214 3089/2487/2213 2804/3027/2215 1910/2094/2216
f 1891/2074/2140 2766/2988/2139 3090/2488/2217 2807/3030/2218
f 2766/2988/2139 1890/2073/2136 2805/3028/2214 3090/2488/2217
f 3090/2488/2217 2805/3028/2214 1910/2094/2216 2806/3029/2219
f 2807/3030/2218 3090/2488/2217 2806/3029/2219 1911/2095/2220
f 1892/2075/2144 2768/2990/2143 3091/2489/2221 2809/3032/2222
f 2768/2990/2143 1891/2074/2140 2807/3030/2218 3091/2489/2221
f 3091/2489/2221 2807/3030/2218 1911/2095/2220 2808/3031/2223
f 2809/3032/2222 3091/2489/2221 2808/3031/2223 1912/2096/2224
f 1893/2076/2148 2770/2992/2147 3092/2490/2225 2811/3034/2226
f 2770/2992/2147 1892/2075/2144 2809/3032/2222 3092/2490/2225
f 3092/2490/2225 2809/3032/2222 1912/2096/2224 2810/3033/2227
f 2811/3034/2226 3092/2490/2225 2810/3033/2227 1913/2097/2228
f 1894/2077/2152 2772/2994/2151 3093/2491/2229 2813/3036/2230
f 2772/2994/2151 1893/2076/2148 2811/3034/2226 3093/2491/2229
f 3093/2491/2229 2811/3034/2226 1913/2097/2228 2812/3035/2231
f 2813/3036/2230 3093/2491/2229 2812/3035/2231 1914/2098/2232
f 1875/2058/2078 2774/2996/2154 3094/2492/2233 2775/2998/2157
f 2774/2996/2154 1894/2077/2152 2813/3036/2230 3094/2492/2233
f 3094/2492/2233 2813/3036/2230 1914/2098/2232 2814/3037/2234
f 2775/2998/2157 3094/2492/2233 2814/3037/2234 1895/2079/2158
f 1896/2080/2160 2776/2999/2159 3095/2493/2235 2817/3041/2236
f 2776/2999/2159 1895/2078/2158 2815/3038/2237 3095/2493/2235
f 3095/2493/2235 2815/3038/2237 1915/2099/2238 2816/3040/2239
f 2817/3041/2236 3095/2493/2235 2816/3040/2239 1916/2101/2240
f 1897/2081/2164 2778/3001/2163 3096/2494/2241 2819/3043/2242
f 2778/3001/2163 1896/2080/2160 2817/3041/2236 3096/2494/2241
f 3096/2494/2241 2817/3041/2236 1916/2101/2240 2818/3042/2243
f 2819/3043/2242 3096/2494/2241 2818/3042/2243 1917/2102/2244
f 1898/2082/2168 2780/3003/2167 3097/2495/2245 2821/3045/2246
f 2780/3003/2167 1897/2081/2164 2819/3043/2242 3097/2495/2245
f 3097/2495/2245 2819/3043/2242 1917/2102/2244 2820/3044/2247
f 2821/3045/2246 3097/2495/2245 2820/3044/2247 1918/2103/2248
f 1899/2083/2172 2782/3005/2171 3098/2496/2249 2823/3047/2250
f 2782/3005/2171 1898/2082/2168 2821/3045/2246 3098/2496/2249
f 3098/2496/2249 2821/3045/2246 1918/2103/2248 2822/3046/2251
f 2823/3047/2250 3098/2496/2249 2822/3046/2251 1919/2104/2252
f 1900/2084/2176 2784/3007/2175 3099/2497/2253 2825/3049/2254
f 2784/3007/2175 1899/2083/2172 2823/3047/2250 3099/2497/2253
f 3099/2497/2253 2823/3047/2250 1919/2104/2252 2824/3048/2255
f 2825/3049/2254 3099/2497/2253 2824/3048/2255 1920/2105/2256
f 1901/2085/2180 2786/3009/2179 3100/2498/2257 2827/3051/2258
f 2786/3009/2179 1900/2084/2176 2825/3049/2254 3100/2498/2257
f 3100/2498/2257 2825/3049/2254 1920/2105/2256 2826/3050/2259
f 2827/3051/2258 3100/2498/2257 2826/3050/2259 1921/2106/2260
f 1902/2086/2184 2788/3011/2183 3101/2499/2261 2829/3053/2262
f 2788/3011/2183 1901/2085/2180 2827/3051/2258 3101/2499/2261
f 3101/2499/2261 2827/3051/2258 1921/2106/2260 2828/3052/2263
f 2829/3053/2262 3101/2499/2261 2828/3052/2263 1922/2107/2264
f 1903/2087/2188 2790/3013/2187 3102/2500/2265 2831/3055/2266
f 2790/3013/2187 1902/2086/2184 2829/3053/2262 3102/2500/2265
f 3102/2500/2265 2829/3053/2262 1922/2107/2264 2830/3054/2267
f 2831/3055/2266 3102/2500/2265 2830/3054/2267 1923/2108/2268
f 1904/2088/2192 2792/3015/2191 3103/2501/2269 2833/3057/2270
f 2792/3015/2191 1903/2087/2188 2831/3055/2266 3103/2501/2269
f 3103/2501/2269 2831/3055/2266 1923/2108/2268 2832/3056/2271
f 2833/3057/2270 3103/2501/2269 2832/3056/2271 1924/2109/2272
f 1905/2089/2196 2794/3017/2195 3104/2502/2273 2835/3059/2274
f 2794/3017/2195 1904/2088/2192 2833/3057/2270 3104/2502/2273
f 3104/2502/2273 2833/3057/2270 1924/2109/2272 2834/3058/2275
f 2835/3059/2274 3104/2502/2273 2834/3058/2275 1925/2110/2276
f 1906/2090/2200 2796/3019/2199 3105/2503/2277 2837/3061/2278
f 2796/3019/2199 1905/2089/2196 2835/3059/2274 3105/2503/2277
f 3105/2503/2277 2835/3059/2274 1925/2110/2276 2836/3060/2279
f 2837/3061/2278 3105/2503/2277 2836/3060/2279 1926/2111/2280
f 1907/2091/2204 2798/3021/2203 3106/2504/2281 2839/3063/2282
f 2798/3021/2203 1906/2090/2200 2837/3061/2278 3106/2504/2281
f 3106/2504/2281 2837/3061/2278 1926/2111/2280 2838/3062/2283
f 2839/3063/2282 3106/2504/2281 2838/3062/2283 1927/2112/2284
f 1908/2092/2208 2800/3023/2207 3107/2505/2285 2841/3065/2286
f 2800/3023/2207 1907/2091/2204 2839/3063/2282 3107/2505/2285
f 3107/2505/2285 2839/3063/2282 1927/2112/2284 2840/3064/2287
f 2841/3065/2286 3107/2505/2285 2840/3064/2287 1928/2113/2288
f 1909/2093/2212 2802/3025/2211 3108/2506/2289 2843/3067/2290
f 2802/3025/2211 1908/2092/2208 2841/3065/2286 3108/2506/2289
f 3108/2506/2289 2841/3065/2286 1928/2113/2288 2842/3066/2291
f 2843/3067/2290 3108/2506/2289 2842/3066/2291 1929/2114/2292
f 1910/2094/2216 2804/3027/2215 3109/2507/2293 2845/3069/2294
f 2804/3027/2215 1909/2093/2212 2843/3067/2290 3109/2507/2293
f 3109/2507/2293 2843/3067/2290 1929/2114/2292 2844/3068/2295
f 2845/3069/2294 3109/2507/2293 2844/3068/2295 1930/2115/2296
f 1911/2095/2220 2806/3029/2219 3110/2508/2297 2847/3071/2298
f 2806/3029/2219 1910/2094/2216 2845/3069/2294 3110/2508/2297
f 3110/2508/2297 2845/3069/2294 1930/2115/2296 2846/3070/2299
f 2847/3071/2298 3110/2508/2297 2846/3070/2299 1931/2116/2300
f 1912/2096/2224 2808/3031/2223 3111/2509/2301 2849/3073/2302
f 2808/3031/2223 1911/2095/2220 2847/3071/2298 3111/2509/2301
f 3111/2509/2301 2847/3071/2298 1931/2116/2300 2848/3072/2303
f 2849/3073/2302 3111/2509/2301 2848/3072/2303 1932/2117/2304
f 1913/2097/2228 2810/3033/2227 3112/2510/2305 2851/3075/2306
f 2810/3033/2227 1912/2096/2224 2849/3073/2302 3112/2510/2305
f 3112/2510/2305 2849/3073/2302 1932/2117/2304 2850/3074/2307
f 2851/3075/2306 3112/2510/2305 2850/3074/2307 1933/2118/2308
f 1914/2098/2232 2812/3035/2231 3113/2511/2309 2853/3077/2310
f 2812/3035/2231 1913/2097/2228 2851/3075/2306 3113/2511/2309
f 3113/2511/2309 2851/3075/2306 1933/2118/2308 2852/3076/2311
f 2853/3077/2310 3113/2511/2309 2852/3076/2311 1934/2119/2312
f 1895/2079/2158 2814/3037/2234 3114/2512/2313 2815/3039/2237
f 2814/3037/2234 1914/2098/2232 2853/3077/2310 3114/2512/2313
f 3114/2512/2313 2853/3077/2310 1934/2119/2312 2854/3078/2314
f 2815/3039/2237 3114/2512/2313 2854/3078/2314 1915/2100/2238
f 1916/2101/2240 2816/3040/2239 3115/2513/2315 2857/3082/2316
f 2816/3040/2239 1915/2099/2238 2855/3079/2317 3115/2513/2315
f 3115/2513/2315 2855/3079/2317 1935/2120/2318 2856/3081/2319
f 2857/3082/2316 3115/2513/2315 2856/3081/2319 1936/2122/2320
f 1917/2102/2244 2818/3042/2243 3116/2514/2321 2859/3084/2322
f 2818/3042/2243 1916/2101/2240 2857/3082/2316 3116/2514/2321
f 3116/2514/2321 2857/3082/2316 1936/2122/2320 2858/3083/2323
f 2859/3084/2322 3116/2514/2321 2858/3083/2323 1937/2123/2324
f 1918/2103/2248 2820/3044/2247 3117/2515/2325 2861/3086/2326
f 2820/3044/2247 1917/2102/2244 2859/3084/2322 3117/2515/2325
f 3117/2515/2325 2859/3084/2322 1937/2123/2324 2860/3085/2327
f 2861/3086/2326 3117/2515/2325 2860/3085/2327 1938/2124/2328
f 1919/2104/2252 2822/3046/2251 3118/2516/2329 2863/3088/2330
f 2822/3046/2251 1918/2103/2248 2861/3086/2326 3118/2516/2329
f 3118/2516/2329 2861/3086/2326 1938/2124/2328 2862/3087/2331
f 2863/3088/2330 3118/2516/2329 2862/3087/2331 1939/2125/2332
f 1920/2105/2256 2824/3048/2255 3119/2517/2333 2865/3090/2334
f 2824/3048/2255 1919/2104/2252 2863/3088/2330 3119/2517/2333
f 3119/2517/2333 2863/3088/2330 1939/2125/2332 2864/3089/2335
f 2865/3090/2334 3119/2517/2333 2864/3089/2335 1940/2126/2336
f 1921/2106/2260 2826/3050/2259 3120/2518/2337 2867/3092/2338
f 2826/3050/2259 1920/2105/2256 2865/3090/2334 3120/2518/2337
f 3120/2518/2337 2865/3090/2334 1940/2126/2336 2866/3091/2339
f 2867/3092/2338 3120/2518/2337 2866/3091/2339 1941/2127/2340
f 1922/2107/2264 2828/3052/2263 3121/2519/2341 2869/3094/2342
f 2828/3052/2263 1921/2106/2260 2867/3092/2338 3121/2519/2341
f 3121/2519/2341 2867/3092/2338 1941/2127/2340 2868/3093/2343
f 2869/3094/2342 3121/2519/2341 2868/3093/2343 1942/2128/2344
f 1923/2108/2268 2830/3054/2267 3122/2520/2345 2871/3096/2346
f 2830/3054/2267 1922/2107/2264 2869/3094/2342 3122/2520/2345
f 3122/2520/2345 2869/3094/2342 1942/2128/2344 2870/3095/2347
f 2871/3096/2346 3122/2520/2345 2870/3095/2347 1943/2129/2348
f 1924/2109/2272 2832/3056/2271 3123/2521/2349 2873/3098/2350
f 2832/3056/2271 1923/2108/2268 2871/3096/2346 3123/2521/2349
f 3123/2521/2349 2871/3096/2346 1943/2129/2348 2872/3097/2351
f 2873/3098/2350 3123/2521/2349 2872/3097/2351 1944/2130/2352
f 1925/2110/2276 2834/3058/2275 3124/2522/2353 2875/3100/2354
f 2834/3058/2275 1924/2109/2272 2873/3098/2350 3124/2522/2353
f 3124/2522/2353 2873/3098/2350 1944/2130/2352 2874/3099/2355
f 2875/3100/2354 3124/2522/2353 2874/3099/2355 1945/2131/2356
f 1926/2111/2280 2836/3060/2279 3125/2523/2357 2877/3102/2358
f 2836/3060/2279 1925/2110/2276 2875/3100/2354 3125/2523/2357
f 3125/2523/2357 2875/3100/2354 1945/2131/2356 2876/3101/2359
f 2877/3102/2358 3125/2523/2357 2876/3101/2359 1946/2132/2360
f 1927/2112/2284 2838/3062/2283 3126/2524/2361 2879/3104/2362
f 2838/3062/2283 1926/2111/2280 2877/3102/2358 3126/2524/2361
f 3126/2524/2361 2877/3102/2358 1946/2132/2360 2878/3103/2363
f 2879/3104/2362 3126/2524/2361 2878/3103/2363 1947/2133/2364
f 1928/2113/2288 2840/3064/2287 3127/2525/2365 2881/3106/2366
f 2840/3064/2287 1927/2112/2284 2879/3104/2362 3127/2525/2365
f 3127/2525/2365 2879/3104/2362 1947/2133/2364 2880/3105/2367
f 2881/3106/2366 3127/2525/2365 2880/3105/2367 1948/2134/2368
f 1929/2114/2292 2842/3066/2291 3128/2526/2369 2883/3108/2370
f 2842/3066/2291 1928/2113/2288 2881/3106/2366 3128/2526/2369
f 3128/2526/2369 2881/3106/2366 1948/2134/2368 2882/3107/2371
f 2883/3108/2370 3128/2526/2369 2882/3107/2371 1949/2135/2372
f 1930/2115/2296 2844/3068/2295 3129/2527/2373 2885/3110/2374
f 2844/3068/2295 1929/2114/2292 2883/3108/2370 3129/2527/2373
f 3129/2527/2373 2883/3108/2370 1949/2135/2372 2884/3109/2375
f 2885/3110/2374 3129/2527/2373 2884/3109/2375 1950/2136/2376
f 1931/2116/2300 2846/3070/2299 3130/2528/2377 2887/3112/2378
f 2846/3070/2299 1930/2115/2296 2885/3110/2374 3130/2528/2377
f 3130/2528/2377 2885/3110/2374 1950/2136/2376 2886/3111/2379
f 2887/3112/2378 3130/2528/2377 2886/3111/2379 1951/2137/2380
f 1932/2117/2304 2848/3072/2303 3131/2529/2381 2889/3114/2382
f 2848/3072/2303 1931/2116/2300 2887/3112/2378 3131/2529/2381
f 3131/2529/2381 2887/3112/2378 1951/2137/2380 2888/3113/2383
f 2889/3114/2382 3131/2529/2381 2888/3113/2383 1952/2138/2384
f 1933/2118/2308 2850/3074/2307 3132/2530/2385 2891/3116/2386
f 2850/3074/2307 1932/2117/2304 2889/3114/2382 3132/2530/2385
f 3132/2530/2385 2889/3114/2382 1952/2138/2384 2890/3115/2387
f 2891/3116/2386 3132/2530/2385 2890/3115/2387 1953/2139/2388
f 1934/2119/2312 2852/3076/2311 3133/2531/2389 2893/3118/2390
f 2852/3076/2311 1933/2118/2308 2891/3116/2386 3133/2531/2389
f 3133/2531/2389 2891/3116/2386 1953/2139/2388 2892/3117/2391
f 2893/3118/2390 3133/2531/2389 2892/3117/2391 1954/2140/2392
f 1915/2100/2238 2854/3078/2314 3134/2532/2393 2855/3080/2317
f 2854/3078/2314 1934/2119/2312 2893/3118/2390 3134/2532/2393
f 3134/2532/2393 2893/3118/2390 1954/2140/2392 2894/3119/2394
f 2855/3080/2317 3134/2532/2393 2894/3119/2394 1935/2121/2318
f 1936/2122/2320 2856/3081/2319 3135/2533/2395 2897/3123/2396
f 2856/3081/2319 1935/2120/2318 2895/3120/2397 3135/2533/2395
f 3135/2533/2395 2895/3120/2397 1955/2141/2398 2896/3122/2399
f 2897/3123/2396 3135/2533/2395 2896/3122/2399 1956/2143/2400
f 1937/2123/2324 2858/3083/2323 3136/2534/2401 2899/3125/2402
f 2858/3083/2323 1936/2122/2320 2897/3123/2396 3136/2534/2401
f 3136/2534/2401 2897/3123/2396 1956/2143/2400 2898/3124/2403
f 2899/3125/2402 3136/2534/2401 2898/3124/2403 1957/2144/2404
f 1938/2124/2328 2860/3085/2327 3137/2535/2405 2901/3127/2406
f 2860/3085/2327 1937/2123/2324 2899/3125/2402 3137/2535/2405
f 3137/2535/2405 2899/3125/2402 1957/2144/2404 2900/3126/2407
f 2901/3127/2406 3137/2535/2405 2900/3126/2407 1958/2145/2408
f 1939/2125/2332 2862/3087/2331 3138/2536/2409 2903/3129/2410
f 2862/3087/2331 1938/2124/2328 2901/3127/2406 3138/2536/2409
f 3138/2536/2409 2901/3127/2406 1958/2145/2408 2902/3128/2411
f 2903/3129/2410 3138/2536/2409 2902/3128/2411 1959/2146/2412
f 1940/2126/2336 2864/3089/2335 3139/2537/2413 2905/3131/2414
f 2864/3089/2335 1939/2125/2332 2903/3129/2410 3139/2537/2413
f 3139/2537/2413 2903/3129/2410 1959/2146/2412 2904/3130/2415
f 2905/3131/2414 3139/2537/2413 2904/3130/2415 1960/2147/2416
f 1941/2127/2340 2866/3091/2339 3140/2538/2417 2907/3133/2418
f 2866/3091/2339 1940/2126/2336 2905/3131/2414 3140/2538/2417
f 3140/2538/2417 2905/3131/2414 1960/2147/2416 2906/3132/2419
f 2907/3133/2418 3140/2538/2417 2906/3132/2419 1961/2148/2420
f 1942/2128/2344 2868/3093/2343 3141/2539/2421 2909/3135/2422
f 2868/3093/2343 1941/2127/2340 2907/3133/2418 3141/2539/2421
f 3141/2539/2421 2907/3133/2418 1961/2148/2420 2908/3134/2423
f 2909/3135/2422 3141/2539/2421 2908/3134/2423 1962/2149/2424
f 1943/2129/2348 2870/3095/2347 3142/2540/2425 2911/3137/2426
f 2870/3095/2347 1942/2128/2344 2909/3135/2422 3142/2540/2425
f 3142/2540/2425 2909/3135/2422 1962/2149/2424 2910/3136/2427
f 2911/3137/2426 3142/2540/2425 2910/3136/2427 1963/2150/2428
f 1944/2130/2352 2872/3097/2351 3143/2541/2429 2913/3139/2430
f 2872/3097/2351 1943/2129/2348 2911/3137/2426 3143/2541/2429
f 3143/2541/2429 2911/3137/2426 1963/2150/2428 2912/3138/2431
f 2913/3139/2430 3143/2541/2429 2912/3138/2431 1964/2151/2432
f 1945/2131/2356 2874/3099/2355 3144/2542/2433 2915/3141/2434
f 2874/3099/2355 1944/2130/2352 2913/3139/2430 3144/2542/2433
f 3144/2542/2433 2913/3139/2430 1964/2151/2432 2914/3140/2435
f 2915/3141/2434 3144/2542/2433 2914/3140/2435 1965/2152/2436
f 1946/2132/2360 2876/3101/2359 3145/2543/2437 2917/3143/2438
f 2876/3101/2359 1945/2131/2356 2915/3141/2434 3145/2543/2437
f 3145/2543/2437 2915/3141/2434 1965/2152/2436 2916/3142/2439
f 2917/3143/2438 3145/2543/2437 2916/3142/2439 1966/2153/2440
f 1947/2133/2364 2878/3103/2363 3146/2544/2441 2919/3145/2442
f 2878/3103/2363 1946/2132/2360 2917/3143/2438 3146/2544/2441
f 3146/2544/2441 2917/3143/2438 1966/2153/2440 2918/3144/2443
f 2919/3145/2442 3146/2544/2441 2918/3144/2443 1967/2154/2444
f 1948/2134/2368 2880/3105/2367 3147/2545/2445 2921/3147/2446
f 2880/3105/2367 1947/2133/2364 2919/3145/2442 3147/2545/2445
f 3147/2545/2445 2919/3145/2442 1967/2154/2444 2920/3146/2447
f 2921/3147/2446 3147/2545/2445 2920/3146/2447 1968/2155/2448
f 1949/2135/2372 2882/3107/2371 3148/2546/2449 2923/3149/2450
f 2882/3107/2371 1948/2134/2368 2921/3147/2446 3148/2546/2449
f 3148/2546/2449 2921/3147/2446 1968/2155/2448 2922/3148/2451
f 2923/3149/2450 3148/2546/2449 2922/3148/2451 1969/2156/2452
f 1950/2136/2376 2884/3109/2375 3149/2547/2453 2925/3151/2454
f 2884/3109/2375 1949/2135/2372 2923/3149/2450 3149/2547/2453
f 3149/2547/2453 2923/3149/2450 1969/2156/2452 2924/3150/2455
f 2925/3151/2454 3149/2547/2453 2924/3150/2455 1970/2157/2456
f 1951/2137/2380 2886/3111/2379 3150/2548/2457 2927/3153/2458
f 2886/3111/2379 1950/2136/2376 2925/3151/2454 3150/2548/2457
f 3150/2548/2457 2925/3151/2454 1970/2157/2456 2926/3152/2459
f 2927/3153/2458 3150/2548/2457 2926/3152/2459 1971/2158/2460
f 1952/2138/2384 2888/3113/2383 3151/2549/2461 2929/3155/2462
f 2888/3113/2383 1951/2137/2380 2927/3153/2458 3151/2549/2461
f 3151/2549/2461 2927/3153/2458 1971/2158/2460 2928/3154/2463
f 2929/3155/2462 3151/2549/2461 2928/3154/2463 1972/2159/2464
f 1953/2139/2388 2890/3115/2387 3152/2550/2465 2931/3157/2466
f 2890/3115/2387 1952/2138/2384 2929/3155/2462 3152/2550/2465
f 3152/2550/2465 2929/3155/2462 1972/2159/2464 2930/3156/2467
f 2931/3157/2466 3152/2550/2465 2930/3156/2467 1973/2160/2468
f 1954/2140/2392 2892/3117/2391 3153/2551/2469 2933/3159/2470
f 2892/3117/2391 1953/2139/2388 2931/3157/2466 3153/2551/2469
f 3153/2551/2469 2931/3157/2466 1973/2160/2468 2932/3158/2471
f 2933/3159/2470 3153/2551/2469 2932/3158/2471 1974/2161/2472
f 1935/2121/2318 2894/3119/2394 3154/2552/2473 2895/3121/2397
f 2894/3119/2394 1954/2140/2392 2933/3159/2470 3154/2552/2473
f 3154/2552/2473 2933/3159/2470 1974/2161/2472 2934/3160/2474
f 2895/3121/2397 3154/2552/2473 2934/3160/2474 1955/2142/2398
f 1956/2143/2400 2896/3122/2399 3155/2553/2475 2937/3164/2476
f 2896/3122/2399 1955/2141/2398 2935/3161/2477 3155/2553/2475
f 3155/2553/2475 2935/3161/2477 1975/2162/2478 2936/3163/2479
f 2937/3164/2476 3155/2553/2475 2936/3163/2479 1976/2164/2480
f 1957/2144/2404 2898/3124/2403 3156/2554/2481 2939/3166/2482
f 2898/3124/2403 1956/2143/2400 2937/3164/2476 3156/2554/2481
f 3156/2554/2481 2937/3164/2476 1976/2164/2480 2938/3165/2483
f 2939/3166/2482 3156/2554/2481 2938/3165/2483 1977/2165/2484
f 1958/2145/2408 2900/3126/2407 3157/2555/2485 2941/3168/2486
f 2900/3126/2407 1957/2144/2404 2939/3166/2482 3157/2555/2485
f 3157/2555/2485 2939/3166/2482 1977/2165/2484 2940/3167/2487
f 2941/3168/2486 3157/2555/2485 2940/3167/2487 1978/2166/2488
f 1959/2146/2412 2902/3128/2411 3158/2556/2489 2943/3170/2490
f 2902/3128/2411 1958/2145/2408 2941/3168/2486 3158/2556/2489
f 3158/2556/2489 2941/3168/2486 1978/2166/2488 2942/3169/2491
f 2943/3170/2490 3158/2556/2489 2942/3169/2491 1979/2167/2492
f 1960/2147/2416 2904/3130/2415 3159/2557/2493 2945/3172/2494
f 2904/3130/2415 1959/2146/2412 2943/3170/2490 3159/2557/2493
f 3159/2557/2493 2943/3170/2490 1979/2167/2492 2944/3171/2495
f 2945/3172/2494 3159/2557/2493 2944/3171/2495 1980/2168/2496
f 1961/2148/2420 2906/3132/2419 3160/2558/2497 2947/3174/2498
f 2906/3132/2419 1960/2147/2416 2945/3172/2494 3160/2558/2497
f 3160/2558/2497 2945/3172/2494 1980/2168/2496 2946/3173/2499
f 2947/3174/2498 3160/2558/2497 2946/3173/2499 1981/2169/2500
f 1962/2149/2424 2908/3134/2423 3161/2559/2501 2949/3176/2502
f 2908/3134/2423 1961/2148/2420 2947/3174/2498 3161/2559/2501
f 3161/2559/2501 2947/3174/2498 1981/2169/2500 2948/3175/2503
f 2949/3176/2502 3161/2559/2501 2948/3175/2503 1982/2170/2504
f 1963/2150/2428 2910/3136/2427 3162/2560/2505 2951/3178/2506
f 2910/3136/2427 1962/2149/2424 2949/3176/2502 3162/2560/2505
f 3162/2560/2505 2949/3176/2502 1982/2170/2504 2950/3177/2507
f 2951/3178/2506 3162/2560/2505 2950/3177/2507 1983/2171/2508
f 1964/2151/2432 2912/3138/2431 3163/2561/2509 2953/3180/2510
f 2912/3138/2431 1963/2150/2428 2951/3178/2506 3163/2561/2509
f 3163/2561/2509 2951/3178/2506 1983/2171/2508 2952/3179/2511
f 2953/3180/2510 3163/2561/2509 2952/3179/2511 1984/2172/2512
f 1965/2152/2436 2914/3140/2435 3164/2562/2513 2955/3182/2514
f 2914/3140/2435 1964/2151/2432 2953/3180/2510 3164/2562/2513
f 3164/2562/2513 2953/3180/2510 1984/2172/2512 2954/3181/2515
f 2955/3182/2514 3164/2562/2513 2954/3181/2515 1985/2173/2516
f 1966/2153/2440 2916/3142/2439 3165/2563/2517 2957/3184/2518
f 2916/3142/2439 1965/2152/2436 2955/3182/2514 3165/2563/2517
f 3165/2563/2517 2955/3182/2514 1985/2173/2516 2956/3183/2519
f 2957/3184/2518 3165/2563/2517 2956/3183/2519 1986/2174/2520
f 1967/2154/2444 2918/3144/2443 3166/2564/2521 2959/3186/2522
f 2918/3144/2443 1966/2153/2440 2957/3184/2518 3166/2564/2521
f 3166/2564/2521 2957/3184/2518 1986/2174/2520 2958/3185/2523
f 2959/3186/2522 3166/2564/2521 2958/3185/2523 1987/2175/2524
f 1968/2155/2448 2920/3146/2447 3167/2565/2525 2961/3188/2526
f 2920/3146/2447 1967/2154/2444 2959/3186/2522 3167/2565/2525
f 3167/2565/2525 2959/3186/2522 1987/2175/2524 2960/3187/2527
f 2961/3188/2526 3167/2565/2525 2960/3187/2527 1988/2176/2528
f 1969/2156/2452 2922/3148/2451 3168/2566/2529 2963/3190/2530
f 2922/3148/2451 1968/2155/2448 2961/3188/2526 3168/2566/2529
f 3168/2566/2529 2961/3188/2526 1988/2176/2528 2962/3189/2531
f 2963/3190/2530 3168/2566/2529 2962/3189/2531 1989/2177/2532
f 1970/2157/2456 2924/3150/2455 3169/2567/2533 2965/3192/2534
f 2924/3150/2455 1969/2156/2452 2963/3190/2530 3169/2567/2533
f 3169/2567/2533 2963/3190/2530 1989/2177/2532 2964/3191/2535
f 2965/3192/2534 3169/2567/2533 2964/3191/2535 1990/2178/2536
f 1971/2158/2460 2926/3152/2459 3170/2568/2537 2967/3194/2538
f 2926/3152/2459 1970/2157/2456 2965/3192/2534 3170/2568/2537
f 3170/2568/2537 2965/3192/2534 1990/2178/2536 2966/3193/2539
f 2967/3194/2538 3170/2568/2537 2966/3193/2539 1991/2179/2540
f 1972/2159/2464 2928/3154/2463 3171/2569/2541 2969/3196/2542
f 2928/3154/2463 1971/2158/2460 2967/3194/2538 3171/2569/2541
f 3171/2569/2541 2967/3194/2538 1991/2179/2540 2968/3195/2543
f 2969/3196/2542 3171/2569/2541 2968/3195/2543 1992/2180/2544
f 1973/2160/2468 2930/3156/2467 3172/2570/2545 2971/3198/2546
f 2930/3156/2467 1972/2159/2464 2969/3196/2542 3172/2570/2545
f 3172/2570/2545 2969/3196/2542 1992/2180/2544 2970/3197/2547
f 2971/3198/2546 3172/2570/2545 2970/3197/2547 1993/2181/2548
f 1974/2161/2472 2932/3158/2471 3173/2571/2549 2973/3200/2550
f 2932/3158/2471 1973/2160/2468 2971/3198/2546 3173/2571/2549
f 3173/2571/2549 2971/3198/2546 1993/2181/2548 2972/3199/2551
f 2973/3200/2550 3173/2571/2549 2972/3199/2551 1994/2182/2552
f 1955/2142/2398 2934/3160/2474 3174/2572/2553 2935/3162/2477
f 2934/3160/2474 1974/2161/2472 2973/3200/2550 3174/2572/2553
f 3174/2572/2553 2973/3200/2550 1994/2182/2552 2974/3201/2554
f 2935/3162/2477 3174/2572/2553 2974/3201/2554 1975/2163/2478
f 1976/2164/2480 2936/3163/2479 3175/2573/2555 2977/3205/2556
f 2936/3163/2479 1975/2162/2478 2975/3202/2557 3175/2573/2555
f 3175/2573/2555 2975/3202/2557 1995/2183/2558 2976/3204/2559
f 2977/3205/2556 3175/2573/2555 2976/3204/2559 1996/2185/2560
f 1977/2165/2484 2938/3165/2483 3176/2574/2561 2979/3207/2562
f 2938/3165/2483 1976/2164/2480 2977/3205/2556 3176/2574/2561
f 3176/2574/2561 2977/3205/2556 1996/2185/2560 2978/3206/2563
f 2979/3207/2562 3176/2574/2561 2978/3206/2563 1997/2186/2564
f 1978/2166/2488 2940/3167/2487 3177/2575/2565 2981/3209/2566
f 2940/3167/2487 1977/2165/2484 2979/3207/2562 3177/2575/2565
f 3177/2575/2565 2979/3207/2562 1997/2186/2564 2980/3208/2567
f 2981/3209/2566 3177/2575/2565 2980/3208/2567 1998/2187/2568
f 1979/2167/2492 2942/3169/2491 3178/2576/2569 2983/3211/2570
f 2942/3169/2491 1978/2166/2488 2981/3209/2566 3178/2576/2569
f 3178/2576/2569 2981/3209/2566 1998/2187/2568 2982/3210/2571
f 2983/3211/2570 3178/2576/2569 2982/3210/2571 1999/2188/2572
f 1980/2168/2496 2944/3171/2495 3179/2577/2573 2985/3213/2574
f 2944/3171/2495 1979/2167/2492 2983/3211/2570 3179/2577/2573
f 3179/2577/2573 2983/3211/2570 1999/2188/2572 2984/3212/2575
f 2985/3213/2574 3179/2577/2573 2984/3212/2575 2000/2189/2576
f 1981/2169/2500 2946/3173/2499 3180/2578/2577 2987/3215/2578
f 2946/3173/2499 1980/2168/2496 2985/3213/2574 3180/2578/2577
f 3180/2578/2577 2985/3213/2574 2000/2189/2576 2986/3214/2579
f 2987/3215/2578 3180/2578/2577 2986/3214/2579 2001/2190/2580
f 1982/2170/2504 2948/3175/2503 3181/2579/2581 2989/3217/2582
f 2948/3175/2503 1981/2169/2500 2987/3215/2578 3181/2579/2581
f 3181/2579/2581 2987/3215/2578 2001/2190/2580 2988/3216/2583
f 2989/3217/2582 3181/2579/2581 2988/3216/2583 2002/2191/2584
f 1983/2171/2508 2950/3177/2507 3182/2580/2585 2991/3219/2586
f 2950/3177/2507 1982/2170/2504 2989/3217/2582 3182/2580/2585
f 3182/2580/2585 2989/3217/2582 2002/2191/2584 2990/3218/2587
f 2991/3219/2586 3182/2580/2585 2990/3218/2587 2003/2192/2588
f 1984/2172/2512 2952/3179/2511 3183/2581/2589 2993/3221/2590
f 2952/3179/2511 1983/2171/2508 2991/3219/2586 3183/2581/2589
f 3183/2581/2589 2991/3219/2586 2003/2192/2588 2992/3220/2591
f 2993/3221/2590 3183/2581/2589 2992/3220/2591 2004/2193/2592
f 1985/2173/2516 2954/3181/2515 3184/2582/2593 2195/3223/2594
f 2954/3181/2515 1984/2172/2512 2993/3221/2590 3184/2582/2593
f 3184/2582/2593 2993/3221/2590 2004/2193/2592 2994/3222/2595
f 2195/3223/2594 3184/2582/2593 2994/3222/2595 2005/2194/2596
f 1986/2174/2520 2956/3183/2519 3185/2583/2597 2197/3225/2598
f 2956/3183/2519 1985/2173/2516 2195/3223/2594 3185/2583/2597
f 3185/2583/2597 2195/3223/2594 2005/2194/2596 2196/3224/2599
f 2197/3225/2598 3185/2583/2597 2196/3224/2599 2006/2195/2600
f 1987/2175/2524 2958/3185/2523 3186/2584/2601 2199/3227/2602
f 2958/3185/2523 1986/2174/2520 2197/3225/2598 3186/2584/2601
f 3186/2584/2601 2197/3225/2598 2006/2195/2600 2198/3226/2603
f 2199/3227/2602 3186/2584/2601 2198/3226/2603 2007/2196/2604
f 1988/2176/2528 2960/3187/2527 3187/2585/2605 2201/3229/2606
f 2960/3187/2527 1987/2175/2524 2199/3227/2602 3187/2585/2605
f 3187/2585/2605 2199/3227/2602 2007/2196/2604 2200/3228/2607
f 2201/3229/2606 3187/2585/2605 2200/3228/2607 2008/2197/2608
f 1989/2177/2532 2962/3189/2531 3188/2586/2609 2203/3231/2610
f 2962/3189/2531 1988/2176/2528 2201/3229/2606 3188/2586/2609
f 3188/2586/2609 2201/3229/2606 2008/2197/2608 2202/3230/2611
f 2203/3231/2610 3188/2586/2609 2202/3230/2611 2009/2198/2612
f 1990/2178/2536 2964/3191/2535 3189/2587/2613 2205/3233/2614
f 2964/3191/2535 1989/2177/2532 2203/3231/2610 3189/2587/2613
f 3189/2587/2613 2203/3231/2610 2009/2198/2612 2204/3232/2615
f 2205/3233/2614 3189/2587/2613 2204/3232/2615 2010/2199/2616
f 1991/2179/2540 2966/3193/2539 3190/2588/2617 2207/3235/2618
f 2966/3193/2539 1990/2178/2536 2205/3233/2614 3190/2588/2617
f 3190/2588/2617 2205/3233/2614 2010/2199/2616 2206/3234/2619
f 2207/3235/2618 3190/2588/2617 2206/3234/2619 2011/2200/2620
f 1992/2180/2544 2968/3195/2543 3191/2589/2621 2209/3237/2622
f 2968/3195/2543 1991/2179/2540 2207/3235/2618 3191/2589/2621
f 3191/2589/2621 2207/3235/2618 2011/2200/2620 2208/3236/2623
f 2209/3237/2622 3191/2589/2621 2208/3236/2623 2012/2201/2624
f 1993/2181/2548 2970/3197/2547 3192/2590/2625 2211/3239/2626
f 2970/3197/2547 1992/2180/2544 2209/3237/2622 3192/2590/2625
f 3192/2590/2625 2209/3237/2622 2012/2201/2624 2210/3238/2627
f 2211/3239/2626 3192/2590/2625 2210/3238/2627 2013/2202/2628
f 1994/2182/2552 2972/3199/2551 3193/2591/2629 2213/3241/2630
f 2972/3199/2551 1993/2181/2548 2211/3239/2626 3193/2591/2629
f 3193/2591/2629 2211/3239/2626 2013/2202/2628 2212/3240/2631
f 2213/3241/2630 3193/2591/2629 2212/3240/2631 2014/2203/2632
f 1975/2163/2478 2974/3201/2554 3194/2592/2633 2975/3203/2557
f 2974/3201/2554 1994/2182/2552 2213/3241/2630 3194/2592/2633
f 3194/2592/2633 2213/3241/2630 2014/2203/2632 2214/3242/2634
f 2975/3203/2557 3194/2592/2633 2214/3242/2634 1995/2184/2558
f 1996/2185/2560 2976/3204/2559 3195/2593/2635 2217/3246/2636
f 2976/3204/2559 1995/2183/2558 2215/3243/2637 3195/2593/2635
f 3195/2593/2635 2215/3243/2637 2015/2204/2638 2216/3245/2639
f 2217/3246/2636 3195/2593/2635 2216/3245/2639 2016/2206/2640
f 1997/2186/2564 2978/3206/2563 3196/2594/2641 2219/3248/2642
f 2978/3206/2563 1996/2185/2560 2217/3246/2636 3196/2594/2641
f 3196/2594/2641 2217/3246/2636 2016/2206/2640 2218/3247/2643
f 2219/3248/2642 3196/2594/2641 2218/3247/2643 2017/2207/2644
f 1998/2187/2568 2980/3208/2567 3197/2595/2645 2221/3250/2646
f 2980/3208/2567 1997/2186/2564 2219/3248/2642 3197/2595/2645
f 3197/2595/2645 2219/3248/2642 2017/2207/2644 2220/3249/2647
f 2221/3250/2646 3197/2595/2645 2220/3249/2647 2018/2208/2648
f 1999/2188/2572 2982/3210/2571 3198/2596/2649 2223/3252/2650
f 2982/3210/2571 1998/2187/2568 2221/3250/2646 3198/2596/2649
f 3198/2596/2649 2221/3250/2646 2018/2208/2648 2222/3251/2651
f 2223/3252/2650 3198/2596/2649 2222/3251/2651 2019/2209/2652
f 2000/2189/2576 2984/3212/2575 3199/2597/2653 2225/3254/2654
f 2984/3212/2575 1999/2188/2572 2223/3252/2650 3199/2597/2653
f 3199/2597/2653 2223/3252/2650 2019/2209/2652 2224/3253/2655
f 2225/3254/2654 3199/2597/2653 2224/3253/2655 2020/2210/2656
f 2001/2190/2580 2986/3214/2579 3200/2598/2657 2227/3256/2658
f 2986/3214/2579 2000/2189/2576 2225/3254/2654 3200/2598/2657
f 3200/2598/2657 2225/3254/2654 2020/2210/2656 2226/3255/2659
f 2227/3256/2658 3200/2598/2657 2226/3255/2659 2021/2211/2660
f 2002/2191/2584 2988/3216/2583 3201/2599/2661 2229/3258/2662
f 2988/3216/2583 2001/2190/2580 2227/3256/2658 3201/2599/2661
f 3201/2599/2661 2227/3256/2658 2021/2211/2660 2228/3257/2663
f 2229/3258/2662 3201/2599/2661 2228/3257/2663 2022/2212/2664
f 2003/2192/2588 2990/3218/2587 3202/2600/2665 2231/3260/2666
f 2990/3218/2587 2002/2191/2584 2229/3258/2662 3202/2600/2665
f 3202/2600/2665 2229/3258/2662 2022/2212/2664 2230/3259/2667
f 2231/3260/2666 3202/2600/2665 2230/3259/2667 2023/2213/2668
f 2004/2193/2592 2992/3220/2591 3203/2601/2669 2233/3262/2670
f 2992/3220/2591 2003/2192/2588 2231/3260/2666 3203/2601/2669
f 3203/2601/2669 2231/3260/2666 2023/2213/2668 2232/3261/2671
f 2233/3262/2670 3203/2601/2669 2232/3261/2671 2024/2214/2672
f 2005/2194/2596 2994/3222/2595 3204/2602/2673 2235/3264/2674
f 2994/3222/2595 2004/2193/2592 2233/3262/2670 3204/2602/2673
f 3204/2602/2673 2233/3262/2670 2024/2214/2672 2234/3263/2675
f 2235/3264/2674 3204/2602/2673 2234/3263/2675 2025/2215/2676
f 2006/2195/2600 2196/3224/2599 3205/2603/2677 2237/3266/2678
f 2196/3224/2599 2005/2194/2596 2235/3264/2674 3205/2603/2677
f 3205/2603/2677 2235/3264/2674 2025/2215/2676 2236/3265/2679
f 2237/3266/2678 3205/2603/2677 2236/3265/2679 2026/2216/2680
f 2007/2196/2604 2198/3226/2603 3206/2604/2681 2239/3268/2682
f 2198/3226/2603 2006/2195/2600 2237/3266/2678 3206/2604/2681
f 3206/2604/2681 2237/3266/2678 2026/2216/2680 2238/3267/2683
f 2239/3268/2682 3206/2604/2681 2238/3267/2683 2027/2217/2684
f 2008/2197/2608 2200/3228/2607 3207/2605/2685 2241/3270/2686
f 2200/3228/2607 2007/2196/2604 2239/3268/2682 3207/2605/2685
f 3207/2605/2685 2239/3268/2682 2027/2217/2684 2240/3269/2687
f 2241/3270/2686 3207/2605/2685 2240/3269/2687 2028/2218/2688
f 2009/2198/2612 2202/3230/2611 3208/2606/2689 2243/3272/2690
f 2202/3230/2611 2008/2197/2608 2241/3270/2686 3208/2606/2689
f 3208/2606/2689 2241/3270/2686 2028/2218/2688 2242/3271/2691
f 2243/3272/2690 3208/2606/2689 2242/3271/2691 2029/2219/2692
f 2010/2199/2616 2204/3232/2615 3209/2607/2693 2245/3274/2694
f 2204/3232/2615 2009/2198/2612 2243/3272/2690 3209/2607/2693
f 3209/2607/2693 2243/3272/2690 2029/2219/2692 2244/3273/2695
f 2245/3274/2694 3209/2607/2693 2244/3273/2695 2030/2220/2696
f 2011/2200/2620 2206/3234/2619 3210/2608/2697 2247/3276/2698
f 2206/3234/2619 2010/2199/2616 2245/3274/2694 3210/2608/2697
f 3210/2608/2697 2245/3274/2694 2030/2220/2696 2246/3275/2699
f 2247/3276/2698 3210/2608/2697 2246/3275/2699 2031/2221/2700
f 2012/2201/2624 2208/3236/2623 3211/2609/2701 2249/3278/2702
f 2208/3236/2623 2011/2200/2620 2247/3276/2698 3211/2609/2701
f 3211/2609/2701 2247/3276/2698 2031/2221/2700 2248/3277/2703
f 2249/3278/2702 3211/2609/2701 2248/3277/2703 2032/2222/2704
f 2013/2202/2628 2210/3238/2627 3212/2610/2705 2251/3280/2706
f 2210/3238/2627 2012/2201/2624 2249/3278/2702 3212/2610/2705
f 3212/2610/2705 2249/3278/2702 2032/2222/2704 2250/3279/2707
f 2251/3280/2706 3212/2610/2705 2250/3279/2707 2033/2223/2708
f 2014/2203/2632 2212/3240/2631 3213/2611/2709 2253/3282/2710
f 2212/3240/2631 2013/2202/2628 2251/3280/2706 3213/2611/2709
f 3213/2611/2709 2251/3280/2706 2033/2223/2708 2252/3281/2711
f 2253/3282/2710 3213/2611/2709 2252/3281/2711 2034/2224/2712
f 1995/2184/2558 2214/3242/2634 3214/2612/2713 2215/3244/2637
f 2214/3242/2634 2014/2203/2632 2253/3282/2710 3214/2612/2713
f 3214/2612/2713 2253/3282/2710 2034/2224/2712 2254/3283/2714
f 2215/3244/2637 3214/2612/2713 2254/3283/2714 2015/2205/2638
f 2016/2206/2640 2216/3245/2639 3215/2613/2715 2257/3287/2716
f 2216/3245/2639 2015/2204/2638 2255/3284/2717 3215/2613/2715
f 3215/2613/2715 2255/3284/2717 2035/2225/2718 2256/3286/2719
f 2257/3287/2716 3215/2613/2715 2256/3286/2719 2036/2227/2720
f 2017/2207/2644 2218/3247/2643 3216/2614/2721 2259/3289/2722
f 2218/3247/2643 2016/2206/2640 2257/3287/2716 3216/2614/2721
f 3216/2614/2721 2257/3287/2716 2036/2227/2720 2258/3288/2723
f 2259/3289/2722 3216/2614/2721 2258/3288/2723 2037/2228/2724
f 2018/2208/2648 2220/3249/2647 3217/2615/2725 2261/3291/2726
f 2220/3249/2647 2017/2207/2644 2259/3289/2722 3217/2615/2725
f 3217/2615/2725 2259/3289/2722 2037/2228/2724 2260/3290/2727
f 2261/3291/2726 3217/2615/2725 2260/3290/2727 2038/2229/2728
f 2019/2209/2652 2222/3251/2651 3218/2616/2729 2263/3293/2730
f 2222/3251/2651 2018/2208/2648 2261/3291/2726 3218/2616/2729
f 3218/2616/2729 2261/3291/2726 2038/2229/2728 2262/3292/2731
f 2263/3293/2730 3218/2616/2729 2262/3292/2731 2039/2230/2732
f 2020/2210/2656 2224/3253/2655 3219/2617/2733 2265/3295/2734
f 2224/3253/2655 2019/2209/2652 2263/3293/2730 3219/2617/2733
f 3219/2617/2733 2263/3293/2730 2039/2230/2732 2264/3294/2735
f 2265/3295/2734 3219/2617/2733 2264/3294/2735 2040/2231/2736
f 2021/2211/2660 2226/3255/2659 3220/2618/2737 2267/3297/2738
f 2226/3255/2659 2020/2210/2656 2265/3295/2734 3220/2618/2737
f 3220/2618/2737 2265/3295/2734 2040/2231/2736 2266/3296/2739
f 2267/3297/2738 3220/2618/2737 2266/3296/2739 2041/2232/2740
f 2022/2212/2664 2228/3257/2663 3221/2619/2741 2269/3299/2742
f 2228/3257/2663 2021/2211/2660 2267/3297/2738 3221/2619/2741
f 3221/2619/2741 2267/3297/2738 2041/2232/2740 2268/3298/2743
f 2269/3299/2742 3221/2619/2741 2268/3298/2743 2042/2233/2744
f 2023/2213/2668 2230/3259/2667 3222/2620/2745 2271/3301/2746
f 2230/3259/2667 2022/2212/2664 2269/3299/2742 3222/2620/2745
f 3222/2620/2745 2269/3299/2742 2042/2233/2744 2270/3300/2747
f 2271/3301/2746 3222/2620/2745 2270/3300/2747 2043/2234/2748
f 2024/2214/2672 2232/3261/2671 3223/2621/2749 2273/3303/2750
f 2232/3261/2671 2023/2213/2668 2271/3301/2746 3223/2621/2749
f 3223/2621/2749 2271/3301/2746 2043/2234/2748 2272/3302/2751
f 2273/3303/2750 3223/2621/2749 2272/3302/2751 2044/2235/2752
f 2025/2215/2676 2234/3263/2675 3224/2622/2753 2275/3305/2754
f 2234/3263/2675 2024/2214/2672 2273/3303/2750 3224/2622/2753
f 3224/2622/2753 2273/3303/2750 2044/2235/2752 2274/3304/2755
f 2275/3305/2754 3224/2622/2753 2274/3304/2755 2045/2236/2756
f 2026/2216/2680 2236/3265/2679 3225/2623/2757 2277/3307/2758
f 2236/3265/2679 2025/2215/2676 2275/3305/2754 3225/2623/2757
f 3225/2623/2757 2275/3305/2754 2045/2236/2756 2276/3306/2759
f 2277/3307/2758 3225/2623/2757 2276/3306/2759 2046/2237/2760
f 2027/2217/2684 2238/3267/2683 3226/2624/2761 2279/3309/2762
f 2238/3267/2683 2026/2216/2680 2277/3307/2758 3226/2624/2761
f 3226/2624/2761 2277/3307/2758 2046/2237/2760 2278/3308/2763
f 2279/3309/2762 3226/2624/2761 2278/3308/2763 2047/2238/2764
f 2028/2218/2688 2240/3269/2687 3227/2625/2765 2281/3311/2766
f 2240/3269/2687 2027/2217/2684 2279/3309/2762 3227/2625/2765
f 3227/2625/2765 2279/3309/2762 2047/2238/2764 2280/3310/2767
f 2281/3311/2766 3227/2625/2765 2280/3310/2767 2048/2239/2768
f 2029/2219/2692 2242/3271/2691 3228/2626/2769 2283/3313/2770
f 2242/3271/2691 2028/2218/2688 2281/3311/2766 3228/2626/2769
f 3228/2626/2769 2281/3311/2766 2048/2239/2768 2282/3312/2771
f 2283/3313/2770 3228/2626/2769 2282/3312/2771 2049/2240/2772
f 2030/2220/2696 2244/3273/2695 3229/2627/2773 2285/3315/2774
f 2244/3273/2695 2029/2219/2692 2283/3313/2770 3229/2627/2773
f 3229/2627/2773 2283/3313/2770 2049/2240/2772 2284/3314/2775
f 2285/3315/2774 3229/2627/2773 2284/3314/2775 2050/2241/2776
f 2031/2221/2700 2246/3275/2699 3230/2628/2777 2287/3317/2778
f 2246/3275/2699 2030/2220/2696 2285/3315/2774 3230/2628/2777
f 3230/2628/2777 2285/3315/2774 2050/2241/2776 2286/3316/2779
f 2287/3317/2778 3230/2628/2777 2286/3316/2779 2051/2242/2780
f 2032/2222/2704 2248/3277/2703 3231/2629/2781 2289/3319/2782
f 2248/3277/2703 2031/2221/2700 2287/3317/2778 3231/2629/2781
f 3231/2629/2781 2287/3317/2778 2051/2242/2780 2288/3318/2783
f 2289/3319/2782 3231/2629/2781 2288/3318/2783 2052/2243/2784
f 2033/2223/2708 2250/3279/2707 3232/2630/2785 2291/3321/2786
f 2250/3279/2707 2032/2222/2704 2289/3319/2782 3232/2630/2785
f 3232/2630/2785 2289/3319/2782 2052/2243/2784 2290/3320/2787
f 2291/3321/2786 3232/2630/2785 2290/3320/2787 2053/2244/2788
f 2034/2224/2712 2252/3281/2711 3233/2631/2789 2293/3323/2790
f 2252/3281/2711 2033/2223/2708 2291/3321/2786 3233/2631/2789
f 3233/2631/2789 2291/3321/2786 2053/2244/2788 2292/3322/2791
f 2293/3323/2790 3233/2631/2789 2292/3322/2791 2054/2245/2792
f 2015/2205/2638 2254/3283/2714 3234/2632/2793 2255/3285/2717
f 2254/3283/2714 2034/2224/2712 2293/3323/2790 3234/2632/2793
f 3234/2632/2793 2293/3323/2790 2054/2245/2792 2294/3324/2794
f 2255/3285/2717 3234/2632/2793 2294/3324/2794 2035/2226/2718
f 2036/2227/2720 2256/3286/2719 3235/2633/2795 2297/3328/2796
f 2256/3286/2719 2035/2225/2718 2295/3325/2797 3235/2633/2795
f 3235/2633/2795 2295/3325/2797 2055/2246/2798 2296/3327/2799
f 2297/3328/2796 3235/2633/2795 2296/3327/2799 2056/2248/2800
f 2037/2228/2724 2258/3288/2723 3236/2634/2801 2299/3330/2802
f 2258/3288/2723 2036/2227/2720 2297/3328/2796 3236/2634/2801
f 3236/2634/2801 2297/3328/2796 2056/2248/2800 2298/3329/2803
f 2299/3330/2802 3236/2634/2801 2298/3329/2803 2057/2249/2804
f 2038/2229/2728 2260/3290/2727 3237/2635/2805 2301/3332/2806
f 2260/3290/2727 2037/2228/2724 2299/3330/2802 3237/2635/2805
f 3237/2635/2805 2299/3330/2802 2057/2249/2804 2300/3331/2807
f 2301/3332/2806 3237/2635/2805 2300/3331/2807 2058/2250/2808
f 2039/2230/2732 2262/3292/2731 3238/2636/2809 2303/3334/2810
f 2262/3292/2731 2038/2229/2728 2301/3332/2806 3238/2636/2809
f 3238/2636/2809 2301/3332/2806 2058/2250/2808 2302/3333/2811
f 2303/3334/2810 3238/2636/2809 2302/3333/2811 2059/2251/2812
f 2040/2231/2736 2264/3294/2735 3239/2637/2813 2305/3336/2814
f 2264/3294/2735 2039/2230/2732 2303/3334/2810 3239/2637/2813
f 3239/2637/2813 2303/3334/2810 2059/2251/2812 2304/3335/2815
f 2305/3336/2814 3239/2637/2813 2304/3335/2815 2060/2252/2816
f 2041/2232/2740 2266/3296/2739 3240/2638/2817 2307/3338/2818
f 2266/3296/2739 2040/2231/2736 2305/3336/2814 3240/2638/2817
f 3240/2638/2817 2305/3336/2814 2060/2252/2816 2306/3337/2819
f 2307/3338/2818 3240/2638/2817 2306/3337/2819 2061/2253/2820
f 2042/2233/2744 2268/3298/2743 3241/2639/2821 2309/3340/2822
f 2268/3298/2743 2041/2232/2740 2307/3338/2818 3241/2639/2821
f 3241/2639/2821 2307/3338/2818 2061/2253/2820 2308/3339/2823
f 2309/3340/2822 3241/2639/2821 2308/3339/2823 2062/2254/2824
f 2043/2234/2748 2270/3300/2747 3242/2640/2825 2311/3342/2826
f 2270/3300/2747 2042/2233/2744 2309/3340/2822 3242/2640/2825
f 3242/2640/2825 2309/3340/2822 2062/2254/2824 2310/3341/2827
f 2311/3342/2826 3242/2640/2825 2310/3341/2827 2063/2255/2828
f 2044/2235/2752 2272/3302/2751 3243/2641/2829 2313/3344/2830
f 2272/3302/2751 2043/2234/2748 2311/3342/2826 3243/2641/2829
f 3243/2641/2829 2311/3342/2826 2063/2255/2828 2312/3343/2831
f 2313/3344/2830 3243/2641/2829 2312/3343/2831 2064/2256/2832
f 2045/2236/2756 2274/3304/2755 3244/2642/2833 2315/3346/2834
f 2274/3304/2755 2044/2235/2752 2313/3344/2830 3244/2642/2833
f 3244/2642/2833 2313/3344/2830 2064/2256/2832 2314/3345/2835
f 2315/3346/2834 3244/2642/2833 2314/3345/2835 2065/2257/2836
f 2046/2237/2760 2276/3306/2759 3245/2643/2837 2317/3348/2838
f 2276/3306/2759 2045/2236/2756 2315/3346/2834 3245/2643/2837
f 3245/2643/2837 2315/3346/2834 2065/2257/2836 2316/3347/2839
f 2317/3348/2838 3245/2643/2837 2316/3347/2839 2066/2258/2840
f 2047/2238/2764 2278/3308/2763 3246/2644/2841 2319/3350/2842
f 2278/3308/2763 2046/2237/2760 2317/3348/2838 3246/2644/2841
f 3246/2644/2841 2317/3348/2838 2066/2258/2840 2318/3349/2843
f 2319/3350/2842 3246/2644/2841 2318/3349/2843 2067/2259/2844
f 2048/2239/2768 2280/3310/2767 3247/2645/2845 2321/3352/2846
f 2280/3310/2767 2047/2238/2764 2319/3350/2842 3247/2645/2845
f 3247/2645/2845 2319/3350/2842 2067/2259/2844 2320/3351/2847
f 2321/3352/2846 3247/2645/2845 2320/3351/2847 2068/2260/2848
f 2049/2240/2772 2282/3312/2771 3248/2646/2849 2323/3354/2850
f 2282/3312/2771 2048/2239/2768 2321/3352/2846 3248/2646/2849
f 3248/2646/2849 2321/3352/2846 2068/2260/2848 2322/3353/2851
f 2323/3354/2850 3248/2646/2849 2322/3353/2851 2069/2261/2852
f 2050/2241/2776 2284/3314/2775 3249/2647/2853 2325/3356/2854
f 2284/3314/2775 2049/2240/2772 2323/3354/2850 3249/2647/2853
f 3249/2647/2853 2323/3354/2850 2069/2261/2852 2324/3355/2855
f 2325/3356/2854 3249/2647/2853 2324/3355/2855 2070/2262/2856
f 2051/2242/2780 2286/3316/2779 3250/2648/2857 2327/3358/2858
f 2286/3316/2779 2050/2241/2776 2325/3356/2854 3250/2648/2857
f 3250/2648/2857 2325/3356/2854 2070/2262/2856 2326/3357/2859
f 2327/3358/2858 3250/2648/2857 2326/3357/2859 2071/2263/2860
f 2052/2243/2784 2288/3318/2783 3251/2649/2861 2329/3360/2862
f 2288/3318/2783 2051/2242/2780 2327/3358/2858 3251/2649/2861
f 3251/2649/2861 2327/3358/2858 2071/2263/2860 2328/3359/2863
f 2329/3360/2862 3251/2649/2861 2328/3359/2863 2072/2264/2864
f 2053/2244/2788 2290/3320/2787 3252/2650/2865 2331/3362/2866
f 2290/3320/2787 2052/2243/2784 2329/3360/2862 3252/2650/2865
f 3252/2650/2865 2329/3360/2862 2072/2264/2864 2330/3361/2867
f 2331/3362/2866 3252/2650/2865 2330/3361/2867 2073/2265/2868
f 2054/2245/2792 2292/3322/2791 3253/2651/2869 2333/3364/2870
f 2292/3322/2791 2053/2244/2788 2331/3362/2866 3253/2651/2869
f 3253/2651/2869 2331/3362/2866 2073/2265/2868 2332/3363/2871
f 2333/3364/2870 3253/2651/2869 2332/3363/2871 2074/2266/2872
f 2035/2226/2718 2294/3324/2794 3254/2652/2873 2295/3326/2797
f 2294/3324/2794 2054/2245/2792 2333/3364/2870 3254/2652/2873
f 3254/2652/2873 2333/3364/2870 2074/2266/2872 2334/3365/2874
f 2295/3326/2797 3254/2652/2873 2334/3365/2874 2055/2247/2798
f 2056/2248/2800 2296/3327/2799 3255/2653/2875 2337/3369/2876
f 2296/3327/2799 2055/2246/2798 2335/3366/2877 3255/2653/2875
f 3255/2653/2875 2335/3366/2877 2075/2267/2878 2336/3368/2879
f 2337/3369/2876 3255/2653/2875 2336/3368/2879 2076/2269/2880
f 2057/2249/2804 2298/3329/2803 3256/2654/2881 2339/3371/2882
f 2298/3329/2803 2056/2248/2800 2337/3369/2876 3256/2654/2881
f 3256/2654/2881 2337/3369/2876 2076/2269/2880 2338/3370/2883
f 2339/3371/2882 3256/2654/2881 2338/3370/2883 2077/2270/2884
f 2058/2250/2808 2300/3331/2807 3257/2655/2885 2341/3373/2886
f 2300/3331/2807 2057/2249/2804 2339/3371/2882 3257/2655/2885
f 3257/2655/2885 2339/3371/2882 2077/2270/2884 2340/3372/2887
f 2341/3373/2886 3257/2655/2885 2340/3372/2887 2078/2271/2888
f 2059/2251/2812 2302/3333/2811 3258/2656/2889 2343/3375/2890
f 2302/3333/2811 2058/2250/2808 2341/3373/2886 3258/2656/2889
f 3258/2656/2889 2341/3373/2886 2078/2271/2888 2342/3374/2891
f 2343/3375/2890 3258/2656/2889 2342/3374/2891 2079/2272/2892
f 2060/2252/2816 2304/3335/2815 3259/2657/2893 2345/3377/2894
f 2304/3335/2815 2059/2251/2812 2343/3375/2890 3259/2657/2893
f 3259/2657/2893 2343/3375/2890 2079/2272/2892 2344/3376/2895
f 2345/3377/2894 3259/2657/2893 2344/3376/2895 2080/2273/2896
f 2061/2253/2820 2306/3337/2819 3260/2658/2897 2347/3379/2898
f 2306/3337/2819 2060/2252/2816 2345/3377/2894 3260/2658/2897
f 3260/2658/2897 2345/3377/2894 2080/2273/2896 2346/3378/2899
f 2347/3379/2898 3260/2658/2897 2346/3378/2899 2081/2274/2900
f 2062/2254/2824 2308/3339/2823 3261/2659/2901 2349/3381/2902
f 2308/3339/2823 2061/2253/2820 2347/3379/2898 3261/2659/2901
f 3261/2659/2901 2347/3379/2898 2081/2274/2900 2348/3380/2903
f 2349/3381/2902 3261/2659/2901 2348/3380/2903 2082/2275/2904
f 2063/2255/2828 2310/3341/2827 3262/2660/2905 2351/3383/2906
f 2310/3341/2827 2062/2254/2824 2349/3381/2902 3262/2660/2905
f 3262/2660/2905 2349/3381/2902 2082/2275/2904 2350/3382/2907
f 2351/3383/2906 3262/2660/2905 2350/3382/2907 2083/2276/2908
f 2064/2256/2832 2312/3343/2831 3263/2661/2909 2353/3385/2910
f 2312/3343/2831 2063/2255/2828 2351/3383/2906 3263/2661/2909
f 3263/2661/2909 2351/3383/2906 2083/2276/2908 2352/3384/2911
f 2353/3385/2910 3263/2661/2909 2352/3384/2911 2084/2277/2912
f 2065/2257/2836 2314/3345/2835 3264/2662/2913 2355/3387/2914
f 2314/3345/2835 2064/2256/2832 2353/3385/2910 3264/2662/2913
f 3264/2662/2913 2353/3385/2910 2084/2277/2912 2354/3386/2915
f 2355/3387/2914 3264/2662/2913 2354/3386/2915 2085/2278/2916
f 2066/2258/2840 2316/3347/2839 3265/2663/2917 2357/3389/2918
f 2316/3347/2839 2065/2257/2836 2355/3387/2914 3265/2663/2917
f 3265/2663/2917 2355/3387/2914 2085/2278/2916 2356/3388/2919
f 2357/3389/2918 3265/2663/2917 2356/3388/2919 2086/2279/2920
f 2067/2259/2844 2318/3349/2843 3266/2664/2921 2359/3391/2922
f 2318/3349/2843 2066/2258/2840 2357/3389/2918 3266/2664/2921
f 3266/2664/2921 2357/3389/2918 2086/2279/2920 2358/3390/2923
f 2359/3391/2922 3266/2664/2921 2358/3390/2923 2087/2280/2924
f 2068/2260/2848 2320/3351/2847 3267/2665/2925 2361/3393/2926
f 2320/3351/2847 2067/2259/2844 2359/3391/2922 3267/2665/2925
f 3267/2665/2925 2359/3391/2922 2087/2280/2924 2360/3392/2927
f 2361/3393/2926 3267/2665/2925 2360/3392/2927 2088/2281/2928
f 2069/2261/2852 2322/3353/2851 3268/2666/2929 2363/3395/2930
f 2322/3353/2851 2068/2260/2848 2361/3393/2926 3268/2666/2929
f 3268/2666/2929 2361/3393/2926 2088/2281/2928 2362/3394/2931
f 2363/3395/2930 3268/2666/2929 2362/3394/2931 2089/2282/2932
f 2070/2262/2856 2324/3355/2855 3269/2667/2933 2365/3397/2934
f 2324/3355/2855 2069/2261/2852 2363/3395/2930 3269/2667/2933
f 3269/2667/2933 2363/3395/2930 2089/2282/2932 2364/3396/2935
f 2365/3397/2934 3269/2667/2933 2364/3396/2935 2090/2283/2936
f 2071/2263/2860 2326/3357/2859 3270/2668/2937 2367/3399/2938
f 2326/3357/2859 2070/2262/2856 2365/3397/2934 3270/2668/2937
f 3270/2668/2937 2365/3397/2934 2090/2283/2936 2366/3398/2939
f 2367/3399/2938 3270/2668/2937 2366/3398/2939 2091/2284/2940
f 2072/2264/2864 2328/3359/2863 3271/2669/2941 2369/3401/2942
f 2328/3359/2863 2071/2263/2860 2367/3399/2938 3271/2669/2941
f 3271/2669/2941 2367/3399/2938 2091/2284/2940 2368/3400/2943
f 2369/3401/2942 3271/2669/2941 2368/3400/2943 2092/2285/2944
f 2073/2265/2868 2330/3361/2867 3272/2670/2945 2371/3403/2946
f 2330/3361/2867 2072/2264/2864 2369/3401/2942 3272/2670/2945
f 3272/2670/2945 2369/3401/2942 2092/2285/2944 2370/3402/2947
f 2371/3403/2946 3272/2670/2945 2370/3402/2947 2093/2286/2948
f 2074/2266/2872 2332/3363/2871 3273/2671/2949 2373/3405/2950
f 2332/3363/2871 2073/2265/2868 2371/3403/2946 3273/2671/2949
f 3273/2671/2949 2371/3403/2946 2093/2286/2948 2372/3404/2951
f 2373/3405/2950 3273/2671/2949 2372/3404/2951 2094/2287/2952
f 2055/2247/2798 2334/3365/2874 3274/2672/2953 2335/3367/2877
f 2334/3365/2874 2074/2266/2872 2373/3405/2950 3274/2672/2953
f 3274/2672/2953 2373/3405/2950 2094/2287/2952 2374/3406/2954
f 2335/3367/2877 3274/2672/2953 2374/3406/2954 2075/2268/2878
f 2076/2269/2880 2336/3368/2879 3275/2673/2955 2377/3410/2956
f 2336/3368/2879 2075/2267/2878 2375/3407/2957 3275/2673/2955
f 3275/2673/2955 2375/3407/2957 2095/2288/2958 2376/3409/2959
f 2377/3410/2956 3275/2673/2955 2376/3409/2959 2096/2290/2960
f 2077/2270/2884 2338/3370/2883 3276/2674/2961 2379/3412/2962
f 2338/3370/2883 2076/2269/2880 2377/3410/2956 3276/2674/2961
f 3276/2674/2961 2377/3410/2956 2096/2290/2960 2378/3411/2963
f 2379/3412/2962 3276/2674/2961 2378/3411/2963 2097/2291/2964
f 2078/2271/2888 2340/3372/2887 3277/2675/2965 2381/3414/2966
f 2340/3372/2887 2077/2270/2884 2379/3412/2962 3277/2675/2965
f 3277/2675/2965 2379/3412/2962 2097/2291/2964 2380/3413/2967
f 2381/3414/2966 3277/2675/2965 2380/3413/2967 2098/2292/2968
f 2079/2272/2892 2342/3374/2891 3278/2676/2969 2383/3416/2970
f 2342/3374/2891 2078/2271/2888 2381/3414/2966 3278/2676/2969
f 3278/2676/2969 2381/3414/2966 2098/2292/2968 2382/3415/2971
f 2383/3416/2970 3278/2676/2969 2382/3415/2971 2099/2293/2972
f 2080/2273/2896 2344/3376/2895 3279/2677/2973 2385/3418/2974
f 2344/3376/2895 2079/2272/2892 2383/3416/2970 3279/2677/2973
f 3279/2677/2973 2383/3416/2970 2099/2293/2972 2384/3417/2975
f 2385/3418/2974 3279/2677/2973 2384/3417/2975 2100/2294/2976
f 2081/2274/2900 2346/3378/2899 3280/2678/2977 2387/3420/2978
f 2346/3378/2899 2080/2273/2896 2385/3418/2974 3280/2678/2977
f 3280/2678/2977 2385/3418/2974 2100/2294/2976 2386/3419/2979
f 2387/3420/2978 3280/2678/2977 2386/3419/2979 2101/2295/2980
f 2082/2275/2904 2348/3380/2903 3281/2679/2981 2389/3422/2982
f 2348/3380/2903 2081/2274/2900 2387/3420/2978 3281/2679/2981
f 3281/2679/2981 2387/3420/2978 2101/2295/2980 2388/3421/2983
f 2389/3422/2982 3281/2679/2981 2388/3421/2983 2102/2296/2984
f 2083/2276/2908 2350/3382/2907 3282/2680/2985 2391/3424/2986
f 2350/3382/2907 2082/2275/2904 2389/3422/2982 3282/2680/2985
f 3282/2680/2985 2389/3422/2982 2102/2296/2984 2390/3423/2987
f 2391/3424/2986 3282/2680/2985 2390/3423/2987 2103/2297/2988
f 2084/2277/2912 2352/3384/2911 3283/2681/2989 2393/3426/2990
f 2352/3384/2911 2083/2276/2908 2391/3424/2986 3283/2681/2989
f 3283/2681/2989 2391/3424/2986 2103/2297/2988 2392/3425/2991
f 2393/3426/2990 3283/2681/2989 2392/3425/2991 2104/2298/2992
f 2085/2278/2916 2354/3386/2915 3284/2682/2993 2395/3428/2994
f 2354/3386/2915 2084/2277/2912 2393/3426/2990 3284/2682/2993
f 3284/2682/2993 2393/3426/2990 2104/2298/2992 2394/3427/2995
f 2395/3428/2994 3284/2682/2993 2394/3427/2995 2105/2299/2996
f 2086/2279/2920 2356/3388/2919 3285/2683/2997 2397/3430/2998
f 2356/3388/2919 2085/2278/2916 2395/3428/2994 3285/2683/2997
f 3285/2683/2997 2395/3428/2994 2105/2299/2996 2396/3429/2999
f 2397/3430/2998 3285/2683/2997 2396/3429/2999 2106/2300/3000
f 2087/2280/2924 2358/3390/2923 3286/2684/3001 2399/3432/3002
f 2358/3390/2923 2086/2279/2920 2397/3430/2998 3286/2684/3001
f 3286/2684/3001 2397/3430/2998 2106/2300/3000 2398/3431/3003
f 2399/3432/3002 3286/2684/3001 2398/3431/3003 2107/2301/3004
f 2088/2281/2928 2360/3392/2927 3287/2685/3005 2401/3434/3006
f 2360/3392/2927 2087/2280/2924 2399/3432/3002 3287/2685/3005
f 3287/2685/3005 2399/3432/3002 2107/2301/3004 2400/3433/3007
f 2401/3434/3006 3287/2685/3005 2400/3433/3007 2108/2302/3008
f 2089/2282/2932 2362/3394/2931 3288/2686/3009 2403/3436/3010
f 2362/3394/2931 2088/2281/2928 2401/3434/3006 3288/2686/3009
f 3288/2686/3009 2401/3434/3006 2108/2302/3008 2402/3435/3011
f 2403/3436/3010 3288/2686/3009 2402/3435/3011 2109/2303/3012
f 2090/2283/2936 2364/3396/2935 3289/2687/3013 2405/3438/3014
f 2364/3396/2935 2089/2282/2932 2403/3436/3010 3289/2687/3013
f 3289/2687/3013 2403/3436/3010 2109/2303/3012 2404/3437/3015
f 2405/3438/3014 3289/2687/3013 2404/3437/3015 2110/2304/3016
f 2091/2284/2940 2366/3398/2939 3290/2688/3017 2407/3440/3018
f 2366/3398/2939 2090/2283/2936 2405/3438/3014 3290/2688/3017
f 3290/2688/3017 2405/3438/3014 2110/2304/3016 2406/3439/3019
f 2407/3440/3018 3290/2688/3017 2406/3439/3019 2111/2305/3020
f 2092/2285/2944 2368/3400/2943 3291/2689/3021 2409/3442/3022
f 2368/3400/2943 2091/2284/2940 2407/3440/3018 3291/2689/3021
f 3291/2689/3021 2407/3440/3018 2111/2305/3020 2408/3441/3023
f 2409/3442/3022 3291/2689/3021 2408/3441/3023 2112/2306/3024
f 2093/2286/2948 2370/3402/2947 3292/2690/3025 2411/3444/3026
f 2370/3402/2947 2092/2285/2944 2409/3442/3022 3292/2690/3025
f 3292/2690/3025 2409/3442/3022 2112/2306/3024 2410/3443/3027
f 2411/3444/3026 3292/2690/3025 2410/3443/3027 2113/2307/3028
f 2094/2287/2952 2372/3404/2951 3293/2691/3029 2413/3446/3030
f 2372/3404/2951 2093/2286/2948 2411/3444/3026 3293/2691/3029
f 3293/2691/3029 2411/3444/3026 2113/2307/3028 2412/3445/3031
f 2413/3446/3030 3293/2691/3029 2412/3445/3031 2114/2308/3032
f 2075/2268/2878 2374/3406/2954 3294/2692/3033 2375/3408/2957
f 2374/3406/2954 2094/2287/2952 2413/3446/3030 3294/2692/3033
f 3294/2692/3033 2413/3446/3030 2114/2308/3032 2414/3447/3034
f 2375/3408/2957 3294/2692/3033 2414/3447/3034 2095/2289/2958
f 2096/2290/2960 2376/3409/2959 3295/2693/3035 2417/3451/3036
f 2376/3409/2959 2095/2288/2958 2415/3448/3037 3295/2693/3035
f 3295/2693/3035 2415/3448/3037 2115/2309/3038 2416/3450/3039
f 2417/3451/3036 3295/2693/3035 2416/3450/3039 2116/2311/3040
f 2097/2291/2964 2378/3411/2963 3296/2694/3041 2419/3453/3042
f 2378/3411/2963 2096/2290/2960 2417/3451/3036 3296/2694/3041
f 3296/2694/3041 2417/3451/3036 2116/2311/3040 2418/3452/3043
f 2419/3453/3042 3296/2694/3041 2418/3452/3043 2117/2312/3044
f 2098/2292/2968 2380/3413/2967 3297/2695/3045 2421/3455/3046
f 2380/3413/2967 2097/2291/2964 2419/3453/3042 3297/2695/3045
f 3297/2695/3045 2419/3453/3042 2117/2312/3044 2420/3454/3047
f 2421/3455/3046 3297/2695/3045 2420/3454/3047 2118/2313/3048
f 2099/2293/2972 2382/3415/2971 3298/2696/3049 2423/3457/3050
f 2382/3415/2971 2098/2292/2968 2421/3455/3046 3298/2696/3049
f 3298/2696/3049 2421/3455/3046 2118/2313/3048 2422/3456/3051
f 2423/3457/3050 3298/2696/3049 2422/3456/3051 2119/2314/3052
f 2100/2294/2976 2384/3417/2975 3299/2697/3053 2425/3459/3054
f 2384/3417/2975 2099/2293/2972 2423/3457/3050 3299/2697/3053
f 3299/2697/3053 2423/3457/3050 2119/2314/3052 2424/3458/3055
f 2425/3459/3054 3299/2697/3053 2424/3458/3055 2120/2315/3056
f 2101/2295/2980 2386/3419/2979 3300/2698/3057 2427/3461/3058
f 2386/3419/2979 2100/2294/2976 2425/3459/3054 3300/2698/3057
f 3300/2698/3057 2425/3459/3054 2120/2315/3056 2426/3460/3059
f 2427/3461/3058 3300/2698/3057 2426/3460/3059 2121/2316/3060
f 2102/2296/2984 2388/3421/2983 3301/2699/3061 2429/3463/3062
f 2388/3421/2983 2101/2295/2980 2427/3461/3058 3301/2699/3061
f 3301/2699/3061 2427/3461/3058 2121/2316/3060 2428/3462/3063
f 2429/3463/3062 3301/2699/3061 2428/3462/3063 2122/2317/3064
f 2103/2297/2988 2390/3423/2987 3302/2700/3065 2431/3465/3066
f 2390/3423/2987 2102/2296/2984 2429/3463/3062 3302/2700/3065
f 3302/2700/3065 2429/3463/3062 2122/2317/3064 2430/3464/3067
f 2431/3465/3066 3302/2700/3065 2430/3464/3067 2123/2318/3068
f 2104/2298/2992 2392/3425/2991 3303/2701/3069 2433/3467/3070
f 2392/3425/2991 2103/2297/2988 2431/3465/3066 3303/2701/3069
f 3303/2701/3069 2431/3465/3066 2123/2318/3068 2432/3466/3071
f 2433/3467/3070 3303/2701/3069 2432/3466/3071 2124/2319/3072
f 2105/2299/2996 2394/3427/2995 3304/2702/3073 2435/3469/3074
f 2394/3427/2995 2104/2298/2992 2433/3467/3070 3304/2702/3073
f 3304/2702/3073 2433/3467/3070 2124/2319/3072 2434/3468/3075
f 2435/3469/3074 3304/2702/3073 2434/3468/3075 2125/2320/3076
f 2106/2300/3000 2396/3429/2999 3305/2703/3077 2437/3471/3078
f 2396/3429/2999 2105/2299/2996 2435/3469/3074 3305/2703/3077
f 3305/2703/3077 2435/3469/3074 2125/2320/3076 2436/3470/3079
f 2437/3471/3078 3305/2703/3077 2436/3470/3079 2126/2321/3080
f 2107/2301/3004 2398/3431/3003 3306/2704/3081 2439/3473/3082
f 2398/3431/3003 2106/2300/3000 2437/3471/3078 3306/2704/3081
f 3306/2704/3081 2437/3471/3078 2126/2321/3080 2438/3472/3083
f 2439/3473/3082 3306/2704/3081 2438/3472/3083 2127/2322/3084
f 2108/2302/3008 2400/3433/3007 3307/2705/3085 2441/3475/3086
f 2400/3433/3007 2107/2301/3004 2439/3473/3082 3307/2705/3085
f 3307/2705/3085 2439/3473/3082 2127/2322/3084 2440/3474/3087
f 2441/3475/3086 3307/2705/3085 2440/3474/3087 2128/2323/3088
f 2109/2303/3012 2402/3435/3011 3308/2706/3089 2443/3477/3090
f 2402/3435/3011 2108/2302/3008 2441/3475/3086 3308/2706/3089
f 3308/2706/3089 2441/3475/3086 2128/2323/3088 2442/3476/3091
f 2443/3477/3090 3308/2706/3089 2442/3476/3091 2129/2324/3092
f 2110/2304/3016 2404/3437/3015 3309/2707/3093 2445/3479/3094
f 2404/3437/3015 2109/2303/3012 2443/3477/3090 3309/2707/3093
f 3309/2707/3093 2443/3477/3090 2129/2324/3092 2444/3478/3095
f 2445/3479/3094 3309/2707/3093 2444/3478/3095 2130/2325/3096
f 2111/2305/3020 2406/3439/3019 3310/2708/3097 2447/3481/3098
f 2406/3439/3019 2110/2304/3016 2445/3479/3094 3310/2708/3097
f 3310/2708/3097 2445/3479/3094 2130/2325/3096 2446/3480/3099
f 2447/3481/3098 3310/2708/3097 2446/3480/3099 2131/2326/3100
f 2112/2306/3024 2408/3441/3023 3311/2709/3101 2449/3483/3102
f 2408/3441/3023 2111/2305/3020 2447/3481/3098 3311/2709/3101
f 3311/2709/3101 2447/3481/3098 2131/2326/3100 2448/3482/3103
f 2449/3483/3102 3311/2709/3101 2448/3482/3103 2132/2327/3104
f 2113/2307/3028 2410/3443/3027 3312/2710/3105 2451/3485/3106
f 2410/3443/3027 2112/2306/3024 2449/3483/3102 3312/2710/3105
f 3312/2710/3105 2449/3483/3102 2132/2327/3104 2450/3484/3107
f 2451/3485/3106 3312/2710/3105 2450/3484/3107 2133/2328/3108
f 2114/2308/3032 2412/3445/3031 3313/2711/3109 2453/3487/3110
f 2412/3445/3031 2113/2307/3028 2451/3485/3106 3313/2711/3109
f 3313/2711/3109 2451/3485/3106 2133/2328/3108 2452/3486/3111
f 2453/3487/3110 3313/2711/3109 2452/3486/3111 2134/2329/3112
f 2095/2289/2958 2414/3447/3034 3314/2712/3113 2415/3449/3037
f 2414/3447/3034 2114/2308/3032 2453/3487/3110 3314/2712/3113
f 3314/2712/3113 2453/3487/3110 2134/2329/3112 2454/3488/3114
f 2415/3449/3037 3314/2712/3113 2454/3488/3114 2115/2310/3038
f 2116/2311/3040 2416/3450/3039 3315/2713/3115 2457/3492/3116
f 2416/3450/3039 2115/2309/3038 2455/3489/3117 3315/2713/3115
f 3315/2713/3115 2455/3489/3117 2135/2330/3118 2456/3491/3119
f 2457/3492/3116 3315/2713/3115 2456/3491/3119 2136/2332/3120
f 2117/2312/3044 2418/3452/3043 3316/2714/3121 2459/3494/3122
f 2418/3452/3043 2116/2311/3040 2457/3492/3116 3316/2714/3121
f 3316/2714/3121 2457/3492/3116 2136/2332/3120 2458/3493/3123
f 2459/3494/3122 3316/2714/3121 2458/3493/3123 2137/2333/3124
f 2118/2313/3048 2420/3454/3047 3317/2715/3125 2461/3496/3126
f 2420/3454/3047 2117/2312/3044 2459/3494/3122 3317/2715/3125
f 3317/2715/3125 2459/3494/3122 2137/2333/3124 2460/3495/3127
f 2461/3496/3126 3317/2715/3125 2460/3495/3127 2138/2334/3128
f 2119/2314/3052 2422/3456/3051 3318/2716/3129 2463/3498/3130
f 2422/3456/3051 2118/2313/3048 2461/3496/3126 3318/2716/3129
f 3318/2716/3129 2461/3496/3126 2138/2334/3128 2462/3497/3131
f 2463/3498/3130 3318/2716/3129 2462/3497/3131 2139/2335/3132
f 2120/2315/3056 2424/3458/3055 3319/2717/3133 2465/3500/3134
f 2424/3458/3055 2119/2314/3052 2463/3498/3130 3319/2717/3133
f 3319/2717/3133 2463/3498/3130 2139/2335/3132 2464/3499/3135
f 2465/3500/3134 3319/2717/3133 2464/3499/3135 2140/2336/3136
f 2121/2316/3060 2426/3460/3059 3320/2718/3137 2467/3502/3138
f 2426/3460/3059 2120/2315/3056 2465/3500/3134 3320/2718/3137
f 3320/2718/3137 2465/3500/3134 2140/2336/3136 2466/3501/3139
f 2467/3502/3138 3320/2718/3137 2466/3501/3139 2141/2337/3140
f 2122/2317/3064 2428/3462/3063 3321/2719/3141 2469/3504/3142
f 2428/3462/3063 2121/2316/3060 2467/3502/3138 3321/2719/3141
f 3321/2719/3141 2467/3502/3138 2141/2337/3140 2468/3503/3143
f 2469/3504/3142 3321/2719/3141 2468/3503/3143 2142/2338/3144
f 2123/2318/3068 2430/3464/3067 3322/2720/3145 2471/3506/3146
f 2430/3464/3067 2122/2317/3064 2469/3504/3142 3322/2720/3145
f 3322/2720/3145 2469/3504/3142 2142/2338/3144 2470/3505/3147
f 2471/3506/3146 3322/2720/3145 2470/3505/3147 2143/2339/3148
f 2124/2319/3072 2432/3466/3071 3323/2721/3149 2473/3508/3150
f 2432/3466/3071 2123/2318/3068 2471/3506/3146 3323/2721/3149
f 3323/2721/3149 2471/3506/3146 2143/2339/3148 2472/3507/3151
f 2473/3508/3150 3323/2721/3149 2472/3507/3151 2144/2340/3152
f 2125/2320/3076 2434/3468/3075 3324/2722/3153 2475/3510/3154
f 2434/3468/3075 2124/2319/3072 2473/3508/3150 3324/2722/3153
f 3324/2722/3153 2473/3508/3150 2144/2340/3152 2474/3509/3155
f 2475/3510/3154 3324/2722/3153 2474/3509/3155 2145/2341/3156
f 2126/2321/3080 2436/3470/3079 3325/2723/3157 2477/3512/3158
f 2436/3470/3079 2125/2320/3076 2475/3510/3154 3325/2723/3157
f 3325/2723/3157 2475/3510/3154 2145/2341/3156 2476/3511/3159
f 2477/3512/3158 3325/2723/3157 2476/3511/3159 2146/2342/3160
f 2127/2322/3084 2438/3472/3083 3326/2724/3161 2479/3514/3162
f 2438/3472/3083 2126/2321/3080 2477/3512/3158 3326/2724/3161
f 3326/2724/3161 2477/3512/3158 2146/2342/3160 2478/3513/3163
f 2479/3514/3162 3326/2724/3161 2478/3513/3163 2147/2343/3164
f 2128/2323/3088 2440/3474/3087 3327/2725/3165 2481/3516/3166
f 2440/3474/3087 2127/2322/3084 2479/3514/3162 3327/2725/3165
f 3327/2725/3165 2479/3514/3162 2147/2343/3164 2480/3515/3167
f 2481/3516/3166 3327/2725/3165 2480/3515/3167 2148/2344/3168
f 2129/2324/3092 2442/3476/3091 3328/2726/3169 2483/3518/3170
f 2442/3476/3091 2128/2323/3088 2481/3516/3166 3328/2726/3169
f 3328/2726/3169 2481/3516/3166 2148/2344/3168 2482/3517/3171
f 2483/3518/3170 3328/2726/3169 2482/3517/3171 2149/2345/3172
f 2130/2325/3096 2444/3478/3095 3329/2727/3173 2485/3520/3174
f 2444/3478/3095 2129/2324/3092 2483/3518/3170 3329/2727/3173
f 3329/2727/3173 2483/3518/3170 2149/2345/3172 2484/3519/3175
f 2485/3520/3174 3329/2727/3173 2484/3519/3175 2150/2346/3176
f 2131/2326/3100 2446/3480/3099 3330/2728/3177 2487/3522/3178
f 2446/3480/3099 2130/2325/3096 2485/3520/3174 3330/2728/3177
f 3330/2728/3177 2485/3520/3174 2150/2346/3176 2486/3521/3179
f 2487/3522/3178 3330/2728/3177 2486/3521/3179 2151/2347/3180
f 2132/2327/3104 2448/3482/3103 3331/2729/3181 2489/3524/3182
f 2448/3482/3103 2131/2326/3100 2487/3522/3178 3331/2729/3181
f 3331/2729/3181 2487/3522/3178 2151/2347/3180 2488/3523/3183
f 2489/3524/3182 3331/2729/3181 2488/3523/3183 2152/2348/3184
f 2133/2328/3108 2450/3484/3107 3332/2730/3185 2491/3526/3186
f 2450/3484/3107 2132/2327/3104 2489/3524/3182 3332/2730/3185
f 3332/2730/3185 2489/3524/3182 2152/2348/3184 2490/3525/3187
f 2491/3526/3186 3332/2730/3185 2490/3525/3187 2153/2349/3188
f 2134/2329/3112 2452/3486/3111 3333/2731/3189 2493/3528/3190
f 2452/3486/3111 2133/2328/3108 2491/3526/3186 3333/2731/3189
f 3333/2731/3189 2491/3526/3186 2153/2349/3188 2492/3527/3191
f 2493/3528/3190 3333/2731/3189 2492/3527/3191 2154/2350/3192
f 2115/2310/3038 2454/3488/3114 3334/2732/3193 2455/3490/3117
f 2454/3488/3114 2134/2329/3112 2493/3528/3190 3334/2732/3193
f 3334/2732/3193 2493/3528/3190 2154/2350/3192 2494/3529/3194
f 2455/3490/3117 3334/2732/3193 2494/3529/3194 2135/2331/3118
f 2136/2332/3120 2456/3491/3119 3335/2733/3195 2497/3533/3196
f 2456/3491/3119 2135/2330/3118 2495/3530/3197 3335/2733/3195
f 3335/2733/3195 2495/3530/3197 2155/2351/3198 2496/3532/3199
f 2497/3533/3196 3335/2733/3195 2496/3532/3199 2156/2353/3200
f 2137/2333/3124 2458/3493/3123 3336/2734/3201 2499/3535/3202
f 2458/3493/3123 2136/2332/3120 2497/3533/3196 3336/2734/3201
f 3336/2734/3201 2497/3533/3196 2156/2353/3200 2498/3534/3203
f 2499/3535/3202 3336/2734/3201 2498/3534/3203 2157/2354/3204
f 2138/2334/3128 2460/3495/3127 3337/2735/3205 2501/3537/3206
f 2460/3495/3127 2137/2333/3124 2499/3535/3202 3337/2735/3205
f 3337/2735/3205 2499/3535/3202 2157/2354/3204 2500/3536/3207
f 2501/3537/3206 3337/2735/3205 2500/3536/3207 2158/2355/3208
f 2139/2335/3132 2462/3497/3131 3338/2736/3209 2503/3539/3210
f 2462/3497/3131 2138/2334/3128 2501/3537/3206 3338/2736/3209
f 3338/2736/3209 2501/3537/3206 2158/2355/3208 2502/3538/3211
f 2503/3539/3210 3338/2736/3209 2502/3538/3211 2159/2356/3212
f 2140/2336/3136 2464/3499/3135 3339/2737/3213 2505/3541/3214
f 2464/3499/3135 2139/2335/3132 2503/3539/3210 3339/2737/3213
f 3339/2737/3213 2503/3539/3210 2159/2356/3212 2504/3540/3215
f 2505/3541/3214 3339/2737/3213 2504/3540/3215 2160/2357/3216
f 2141/2337/3140 2466/3501/3139 3340/2738/3217 2507/3543/3218
f 2466/3501/3139 2140/2336/3136 2505/3541/3214 3340/2738/3217
f 3340/2738/3217 2505/3541/3214 2160/2357/3216 2506/3542/3219
f 2507/3543/3218 3340/2738/3217 2506/3542/3219 2161/2358/3220
f 2142/2338/3144 2468/3503/3143 3341/2739/3221 2509/3545/3222
f 2468/3503/3143 2141/2337/3140 2507/3543/3218 3341/2739/3221
f 3341/2739/3221 2507/3543/3218 2161/2358/3220 2508/3544/3223
f 2509/3545/3222 3341/2739/3221 2508/3544/3223 2162/2359/3224
f 2143/2339/3148 2470/3505/3147 3342/2740/3225 2511/3547/3226
f 2470/3505/3147 2142/2338/3144 2509/3545/3222 3342/2740/3225
f 3342/2740/3225 2509/3545/3222 2162/2359/3224 2510/3546/3227
f 2511/3547/3226 3342/2740/3225 2510/3546/3227 2163/2360/3228
f 2144/2340/3152 2472/3507/3151 3343/2741/3229 2513/3549/3230
f 2472/3507/3151 2143/2339/3148 2511/3547/3226 3343/2741/3229
f 3343/2741/3229 2511/3547/3226 2163/2360/3228 2512/3548/3231
f 2513/3549/3230 3343/2741/3229 2512/3548/3231 2164/2361/3232
f 2145/2341/3156 2474/3509/3155 3344/2742/3233 2515/3551/3234
f 2474/3509/3155 2144/2340/3152 2513/3549/3230 3344/2742/3233
f 3344/2742/3233 2513/3549/3230 2164/2361/3232 2514/3550/3235
f 2515/3551/3234 3344/2742/3233 2514/3550/3235 2165/2362/3236
f 2146/2342/3160 2476/3511/3159 3345/2743/3237 2517/3553/3238
f 2476/3511/3159 2145/2341/3156 2515/3551/3234 3345/2743/3237
f 3345/2743/3237 2515/3551/3234 2165/2362/3236 2516/3552/3239
f 2517/3553/3238 3345/2743/3237 2516/3552/3239 2166/2363/3240
f 2147/2343/3164 2478/3513/3163 3346/2744/3241 2519/3555/3242
f 2478/3513/3163 2146/2342/3160 2517/3553/3238 3346/2744/3241
f 3346/2744/3241 2517/3553/3238 2166/2363/3240 2518/3554/3243
f 2519/3555/3242 3346/2744/3241 2518/3554/3243 2167/2364/3244
f 2148/2344/3168 2480/3515/3167 3347/2745/3245 2521/3557/3246
f 2480/3515/3167 2147/2343/3164 2519/3555/3242 3347/2745/3245
f 3347/2745/3245 2519/3555/3242 2167/2364/3244 2520/3556/3247
f 2521/3557/3246 3347/2745/3245 2520/3556/3247 2168/2365/3248
f 2149/2345/3172 2482/3517/3171 3348/2746/3249 2523/3559/3250
f 2482/3517/3171 2148/2344/3168 2521/3557/3246 3348/2746/3249
f 3348/2746/3249 2521/3557/3246 2168/2365/3248 2522/3558/3251
f 2523/3559/3250 3348/2746/3249 2522/3558/3251 2169/2366/3252
f 2150/2346/3176 2484/3519/3175 3349/2747/3253 2525/3561/3254
f 2484/3519/3175 2149/2345/3172 2523/3559/3250 3349/2747/3253
f 3349/2747/3253 2523/3559/3250 2169/2366/3252 2524/3560/3255
f 2525/3561/3254 3349/2747/3253 2524/3560/3255 2170/2367/3256
f 2151/2347/3180 2486/3521/3179 3350/2748/3257 2527/3563/3258
f 2486/3521/3179 2150/2346/3176 2525/3561/3254 3350/2748/3257
f 3350/2748/3257 2525/3561/3254 2170/2367/3256 2526/3562/3259
f 2527/3563/3258 3350/2748/3257 2526/3562/3259 2171/2368/3260
f 2152/2348/3184 2488/3523/3183 3351/2749/3261 2529/3565/3262
f 2488/3523/3183 2151/2347/3180 2527/3563/3258 3351/2749/3261
f 3351/2749/3261 2527/3563/3258 2171/2368/3260 2528/3564/3263
f 2529/3565/3262 3351/2749/3261 2528/3564/3263 2172/2369/3264
f 2153/2349/3188 2490/3525/3187 3352/2750/3265 2531/3567/3266
f 2490/3525/3187 2152/2348/3184 2529/3565/3262 3352/2750/3265
f 3352/2750/3265 2529/3565/3262 2172/2369/3264 2530/3566/3267
f 2531/3567/3266 3352/2750/3265 2530/3566/3267 2173/2370/3268
f 2154/2350/3192 2492/3527/3191 3353/2751/3269 2533/3569/3270
f 2492/3527/3191 2153/2349/3188 2531/3567/3266 3353/2751/3269
f 3353/2751/3269 2531/3567/3266 2173/2370/3268 2532/3568/3271
f 2533/3569/3270 3353/2751/3269 2532/3568/3271 2174/2371/3272
f 2135/2331/3118 2494/3529/3194 3354/2752/3273 2495/3531/3197
f 2494/3529/3194 2154/2350/3192 2533/3569/3270 3354/2752/3273
f 3354/2752/3273 2533/3569/3270 2174/2371/3272 2534/3570/3274
f 2495/3531/3197 3354/2752/3273 2534/3570/3274 2155/2352/3198
f 2156/2353/3200 2496/3532/3199 3355/2753/3275 2537/3574/3276
f 2496/3532/3199 2155/2351/3198 2535/3571/3277 3355/2753/3275
f 3355/2753/3275 2535/3571/3277 2175/2372/3278 2536/3573/3279
f 2537/3574/3276 3355/2753/3275 2536/3573/3279 2176/2374/3280
f 2157/2354/3204 2498/3534/3203 3356/2754/3281 2539/3576/3282
f 2498/3534/3203 2156/2353/3200 2537/3574/3276 3356/2754/3281
f 3356/2754/3281 2537/3574/3276 2176/2374/3280 2538/3575/3283
f 2539/3576/3282 3356/2754/3281 2538/3575/3283 2177/2375/3284
f 2158/2355/3208 2500/3536/3207 3357/2755/3285 2541/3578/3286
f 2500/3536/3207 2157/2354/3204 2539/3576/3282 3357/2755/3285
f 3357/2755/3285 2539/3576/3282 2177/2375/3284 2540/3577/3287
f 2541/3578/3286 3357/2755/3285 2540/3577/3287 2178/2376/3288
f 2159/2356/3212 2502/3538/3211 3358/2756/3289 2543/3580/3290
f 2502/3538/3211 2158/2355/3208 2541/3578/3286 3358/2756/3289
f 3358/2756/3289 2541/3578/3286 2178/2376/3288 2542/3579/3291
f 2543/3580/3290 3358/2756/3289 2542/3579/3291 2179/2377/3292
f 2160/2357/3216 2504/3540/3215 3359/2757/3293 2545/3582/3294
f 2504/3540/3215 2159/2356/3212 2543/3580/3290 3359/2757/3293
f 3359/2757/3293 2543/3580/3290 2179/2377/3292 2544/3581/3295
f 2545/3582/3294 3359/2757/3293 2544/3581/3295 2180/2378/3296
f 2161/2358/3220 2506/3542/3219 3360/2758/3297 2547/3584/3298
f 2506/3542/3219 2160/2357/3216 2545/3582/3294 3360/2758/3297
f 3360/2758/3297 2545/3582/3294 2180/2378/3296 2546/3583/3299
f 2547/3584/3298 3360/2758/3297 2546/3583/3299 2181/2379/3300
f 2162/2359/3224 2508/3544/3223 3361/2759/3301 2549/3586/3302
f 2508/3544/3223 2161/2358/3220 2547/3584/3298 3361/2759/3301
f 3361/2759/3301 2547/3584/3298 2181/2379/3300 2548/3585/3303
f 2549/3586/3302 3361/2759/3301 2548/3585/3303 2182/2380/3304
f 2163/2360/3228 2510/3546/3227 3362/2760/3305 2551/3588/3306
f 2510/3546/3227 2162/2359/3224 2549/3586/3302 3362/2760/3305
f 3362/2760/3305 2549/3586/3302 2182/2380/3304 2550/3587/3307
f 2551/3588/3306 3362/2760/3305 2550/3587/3307 2183/2381/3308
f 2164/2361/3232 2512/3548/3231 3363/2761/3309 2553/3590/3310
f 2512/3548/3231 2163/2360/3228 2551/3588/3306 3363/2761/3309
f 3363/2761/3309 2551/3588/3306 2183/2381/3308 2552/3589/3311
f 2553/3590/3310 3363/2761/3309 2552/3589/3311 2184/2382/3312
f 2165/2362/3236 2514/3550/3235 3364/2762/3313 2555/3592/3314
f 2514/3550/3235 2164/2361/3232 2553/3590/3310 3364/2762/3313
f 3364/2762/3313 2553/3590/3310 2184/2382/3312 2554/3591/3315
f 2555/3592/3314 3364/2762/3313 2554/3591/3315 2185/2383/3316
f 2166/2363/3240 2516/3552/3239 3365/2763/3317 2557/3594/3318
f 2516/3552/3239 2165/2362/3236 2555/3592/3314 3365/2763/3317
f 3365/2763/3317 2555/3592/3314 2185/2383/3316 2556/3593/3319
f 2557/3594/3318 3365/2763/3317 2556/3593/3319 2186/2384/3320
f 2167/2364/3244 2518/3554/3243 3366/2764/3321 2559/3596/3322
f 2518/3554/3243 2166/2363/3240 2557/3594/3318 3366/2764/3321
f 3366/2764/3321 2557/3594/3318 2186/2384/3320 2558/3595/3323
f 2559/3596/3322 3366/2764/3321 2558/3595/3323 2187/2385/3324
f 2168/2365/3248 2520/3556/3247 3367/2765/3325 2561/3598/3326
f 2520/3556/3247 2167/2364/3244 2559/3596/3322 3367/2765/3325
f 3367/2765/3325 2559/3596/3322 2187/2385/3324 2560/3597/3327
f 2561/3598/3326 3367/2765/3325 2560/3597/3327 2188/2386/3328
f 2169/2366/3252 2522/3558/3251 3368/2766/3329 2563/3600/3330
f 2522/3558/3251 2168/2365/3248 2561/3598/3326 3368/2766/3329
f 3368/2766/3329 2561/3598/3326 2188/2386/3328 2562/3599/3331
f 2563/3600/3330 3368/2766/3329 2562/3599/3331 2189/2387/3332
f 2170/2367/3256 2524/3560/3255 3369/2767/3333 2565/3602/3334
f 2524/3560/3255 2169/2366/3252 2563/3600/3330 3369/2767/3333
f 3369/2767/3333 2563/3600/3330 2189/2387/3332 2564/3601/3335
f 2565/3602/3334 3369/2767/3333 2564/3601/3335 2190/2388/3336
f 2171/2368/3260 2526/3562/3259 3370/2768/3337 2567/3604/3338
f 2526/3562/3259 2170/2367/3256 2565/3602/3334 3370/2768/3337
f 3370/2768/3337 2565/3602/3334 2190/2388/3336 2566/3603/3339
f 2567/3604/3338 3370/2768/3337 2566/3603/3339 2191/2389/3340
f 2172/2369/3264 2528/3564/3263 3371/2769/3341 2569/3606/3342
f 2528/3564/3263 2171/2368/3260 2567/3604/3338 3371/2769/3341
f 3371/2769/3341 2567/3604/3338 2191/2389/3340 2568/3605/3343
f 2569/3606/3342 3371/2769/3341 2568/3605/3343 2192/2390/3344
f 2173/2370/3268 2530/3566/3267 3372/2770/3345 2571/3608/3346
f 2530/3566/3267 2172/2369/3264 2569/3606/3342 3372/2770/3345
f 3372/2770/3345 2569/3606/3342 2192/2390/3344 2570/3607/3347
f 2571/3608/3346 3372/2770/3345 2570/3607/3347 2193/2391/3348
f 2174/2371/3272 2532/3568/3271 3373/2771/3349 2573/3610/3350
f 2532/3568/3271 2173/2370/3268 2571/3608/3346 3373/2771/3349
f 3373/2771/3349 2571/3608/3346 2193/2391/3348 2572/3609/3351
f 2573/3610/3350 3373/2771/3349 2572/3609/3351 2194/2392/3352
f 2155/2352/3198 2534/3570/3274 3374/2772/3353 2535/3572/3277
f 2534/3570/3274 2174/2371/3272 2573/3610/3350 3374/2772/3353
f 3374/2772/3353 2573/3610/3350 2194/2392/3352 2574/3611/3354
f 2535/3572/3277 3374/2772/3353 2574/3611/3354 2175/2373/3278
f 2176/2374/3280 2536/3573/3279 3375/2773/3355 2576/3614/3356
f 2536/3573/3279 2175/2372/3278 2575/3612/3357 3375/2773/3355
f 3375/2773/3355 2575/3612/3357 1795/1953/1799 2595/2794/1796
f 2576/3614/3356 3375/2773/3355 2595/2794/1796 1796/1957/1795
f 2177/2375/3284 2538/3575/3283 3376/2774/3358 2577/3615/3359
f 2538/3575/3283 2176/2374/3280 2576/3614/3356 3376/2774/3358
f 3376/2774/3358 2576/3614/3356 1796/1957/1795 2599/2800/1805
f 2577/3615/3359 3376/2774/3358 2599/2800/1805 1797/1959/1804
f 2178/2376/3288 2540/3577/3287 3377/2775/3360 2578/3616/3361
f 2540/3577/3287 2177/2375/3284 2577/3615/3359 3377/2775/3360
f 3377/2775/3360 2577/3615/3359 1797/1959/1804 2602/2804/1811
f 2578/3616/3361 3377/2775/3360 2602/2804/1811 1798/1961/1810
f 2179/2377/3292 2542/3579/3291 3378/2776/3362 2579/3617/3363
f 2542/3579/3291 2178/2376/3288 2578/3616/3361 3378/2776/3362
f 3378/2776/3362 2578/3616/3361 1798/1961/1810 2605/2808/1817
f 2579/3617/3363 3378/2776/3362 2605/2808/1817 1799/1963/1816
f 2180/2378/3296 2544/3581/3295 3379/2777/3364 2580/3618/3365
f 2544/3581/3295 2179/2377/3292 2579/3617/3363 3379/2777/3364
f 3379/2777/3364 2579/3617/3363 1799/1963/1816 2608/2812/1823
f 2580/3618/3365 3379/2777/3364 2608/2812/1823 1800/1965/1822
f 2181/2379/3300 2546/3583/3299 3380/2778/3366 2581/3619/3367
f 2546/3583/3299 2180/2378/3296 2580/3618/3365 3380/2778/3366
f 3380/2778/3366 2580/3618/3365 1800/1965/1822 2611/2816/1829
f 2581/3619/3367 3380/2778/3366 2611/2816/1829 1801/1967/1828
f 2182/2380/3304 2548/3585/3303 3381/2779/3368 2582/3620/3369
f 2548/3585/3303 2181/2379/3300 2581/3619/3367 3381/2779/3368
f 3381/2779/3368 2581/3619/3367 1801/1967/1828 2614/2820/1835
f 2582/3620/3369 3381/2779/3368 2614/2820/1835 1802/1969/1834
f 2183/2381/3308 2550/3587/3307 3382/2780/3370 2583/3621/3371
f 2550/3587/3307 2182/2380/3304 2582/3620/3369 3382/2780/3370
f 3382/2780/3370 2582/3620/3369 1802/1969/1834 2617/2824/1841
f 2583/3621/3371 3382/2780/3370 2617/2824/1841 1803/1971/1840
f 2184/2382/3312 2552/3589/3311 3383/2781/3372 2584/3622/3373
f 2552/3589/3311 2183/2381/3308 2583/3621/3371 3383/2781/3372
f 3383/2781/3372 2583/3621/3371 1803/1971/1840 2620/2828/1847
f 2584/3622/3373 3383/2781/3372 2620/2828/1847 1804/1973/1846
f 2185/2383/3316 2554/3591/3315 3384/2782/3374 2585/3623/3375
f 2554/3591/3315 2184/2382/3312 2584/3622/3373 3384/2782/3374
f 3384/2782/3374 2584/3622/3373 1804/1973/1846 2623/2832/1853
f 2585/3623/3375 3384/2782/3374 2623/2832/1853 1805/1975/1852
f 2186/2384/3320 2556/3593/3319 3385/2783/3376 2586/3624/3377
f 2556/3593/3319 2185/2383/3316 2585/3623/3375 3385/2783/3376
f 3385/2783/3376 2585/3623/3375 1805/1975/1852 2626/2836/1859
f 2586/3624/3377 3385/2783/3376 2626/2836/1859 1806/1977/1858
f 2187/2385/3324 2558/3595/3323 3386/2784/3378 2587/3625/3379
f 2558/3595/3323 2186/2384/3320 2586/3624/3377 3386/2784/3378
f 3386/2784/3378 2586/3624/3377 1806/1977/1858 2629/2840/1865
f 2587/3625/3379 3386/2784/3378 2629/2840/1865 1807/1979/1864
f 2188/2386/3328 2560/3597/3327 3387/2785/3380 2588/3626/3381
f 2560/3597/3327 2187/2385/3324 2587/3625/3379 3387/2785/3380
f 3387/2785/3380 2587/3625/3379 1807/1979/1864 2632/2844/1871
f 2588/3626/3381 3387/2785/3380 2632/2844/1871 1808/1981/1870
f 2189/2387/3332 2562/3599/3331 3388/2786/3382 2589/3627/3383
f 2562/3599/3331 2188/2386/3328 2588/3626/3381 3388/2786/3382
f 3388/2786/3382 2588/3626/3381 1808/1981/1870 2635/2848/1877
f 2589/3627/3383 3388/2786/3382 2635/2848/1877 1809/1983/1876
f 2190/2388/3336 2564/3601/3335 3389/2787/3384 2590/3628/3385
f 2564/3601/3335 2189/2387/3332 2589/3627/3383 3389/2787/3384
f 3389/2787/3384 2589/3627/3383 1809/1983/1876 2638/2852/1883
f 2590/3628/3385 3389/2787/3384 2638/2852/1883 1810/1985/1882
f 2191/2389/3340 2566/3603/3339 3390/2788/3386 2591/3629/3387
f 2566/3603/3339 2190/2388/3336 2590/3628/3385 3390/2788/3386
f 3390/2788/3386 2590/3628/3385 1810/1985/1882 2641/2856/1889
f 2591/3629/3387 3390/2788/3386 2641/2856/1889 1811/1987/1888
f 2192/2390/3344 2568/3605/3343 3391/2789/3388 2592/3630/3389
f 2568/3605/3343 2191/2389/3340 2591/3629/3387 3391/2789/3388
f 3391/2789/3388 2591/3629/3387 1811/1987/1888 2644/2860/1895
f 2592/3630/3389 3391/2789/3388 2644/2860/1895 1812/1989/1894
f 2193/2391/3348 2570/3607/3347 3392/2790/3390 2593/3631/3391
f 2570/3607/3347 2192/2390/3344 2592/3630/3389 3392/2790/3390
f 3392/2790/3390 2592/3630/3389 1812/1989/1894 2647/2864/1901
f 2593/3631/3391 3392/2790/3390 2647/2864/1901 1813/1991/1900
f 2194/2392/3352 2572/3609/3351 3393/2791/3392 2594/3632/3393
f 2572/3609/3351 2193/2391/3348 2593/3631/3391 3393/2791/3392
f 3393/2791/3392 2593/3631/3391 1813/1991/1900 2650/2868/1907
f 2594/3632/3393 3393/2791/3392 2650/2868/1907 1814/1993/1906
f 2175/2373/3278 2574/3611/3354 3394/2792/3394 2575/3613/3357
f 2574/3611/3354 2194/2392/3352 2594/3632/3393 3394/2792/3394
f 3394/2792/3394 2594/3632/3393 1814/1993/1906 2653/2872/1912
f 2575/3613/3357 3394/2792/3394 2653/2872/1912 1795/1954/1799
