# This file uses centimeters as units for non-parametric coordinates.

mtllib Table.mtl
g default
v -7.264377 4.608742 -4.962910
v -7.264377 4.633363 -4.938289
v -7.288998 4.633363 -4.962910
v -6.230303 4.608742 -4.962910
v -6.230303 4.633363 -4.938289
v -6.265122 4.633363 -4.938289
v -6.265122 4.608742 -4.962910
v -5.189018 4.608742 -4.962910
v -5.189018 4.633363 -4.938289
v -5.223837 4.633363 -4.938289
v -5.223837 4.608742 -4.962910
v -4.147733 4.608742 -4.962910
v -4.147733 4.633363 -4.938289
v -4.182551 4.633363 -4.938289
v -4.182551 4.608742 -4.962910
v -3.106447 4.608742 -4.962910
v -3.106447 4.633363 -4.938289
v -3.141266 4.633363 -4.938289
v -3.141266 4.608742 -4.962910
v -2.065162 4.608742 -4.962910
v -2.065162 4.633363 -4.938289
v -2.099981 4.633363 -4.938289
v -2.099981 4.608742 -4.962910
v -1.023876 4.608742 -4.962910
v -1.023876 4.633363 -4.938289
v -1.058695 4.633363 -4.938289
v -1.058695 4.608742 -4.962910
v 0.017409 4.608742 -4.962910
v 0.017409 4.633363 -4.938289
v -0.017410 4.633363 -4.938289
v -0.017410 4.608742 -4.962910
v 1.058695 4.608742 -4.962910
v 1.058695 4.633363 -4.938289
v 1.023876 4.633363 -4.938289
v 1.023876 4.608742 -4.962910
v 2.099980 4.608742 -4.962910
v 2.099980 4.633363 -4.938289
v 2.065161 4.633363 -4.938289
v 2.065161 4.608742 -4.962910
v 3.141265 4.608742 -4.962910
v 3.141265 4.633363 -4.938289
v 3.106447 4.633363 -4.938289
v 3.106447 4.608742 -4.962910
v 4.182551 4.608742 -4.962910
v 4.182551 4.633363 -4.938289
v 4.147732 4.633363 -4.938289
v 4.147732 4.608742 -4.962910
v 5.223836 4.608742 -4.962910
v 5.223836 4.633363 -4.938289
v 5.189018 4.633363 -4.938289
v 5.189018 4.608742 -4.962910
v 6.265122 4.608742 -4.962910
v 6.265122 4.633363 -4.938289
v 6.230303 4.633363 -4.938289
v 6.230303 4.608742 -4.962910
v 7.288998 4.633363 -4.962910
v 7.264377 4.633363 -4.938289
v 7.264377 4.608742 -4.962910
v -7.288998 5.076586 -4.962910
v -7.264377 5.076586 -4.938289
v -7.264377 5.101208 -4.962910
v -6.265122 5.101208 -4.962910
v -6.265122 5.076586 -4.938289
v -6.230303 5.076586 -4.938289
v -6.230303 5.101208 -4.962910
v -5.223837 5.101208 -4.962910
v -5.223837 5.076586 -4.938289
v -5.189018 5.076586 -4.938289
v -5.189018 5.101208 -4.962910
v -4.182551 5.101208 -4.962910
v -4.182551 5.076586 -4.938289
v -4.147733 5.076586 -4.938289
v -4.147733 5.101208 -4.962910
v -3.141266 5.101208 -4.962910
v -3.141266 5.076586 -4.938289
v -3.106447 5.076586 -4.938289
v -3.106447 5.101208 -4.962910
v -2.099981 5.101208 -4.962910
v -2.099981 5.076586 -4.938289
v -2.065162 5.076586 -4.938289
v -2.065162 5.101208 -4.962910
v -1.058695 5.101208 -4.962910
v -1.058695 5.076586 -4.938289
v -1.023876 5.076586 -4.938289
v -1.023876 5.101208 -4.962910
v -0.017410 5.101208 -4.962910
v -0.017410 5.076586 -4.938289
v 0.017409 5.076586 -4.938289
v 0.017409 5.101208 -4.962910
v 1.023876 5.101208 -4.962910
v 1.023876 5.076586 -4.938289
v 1.058695 5.076586 -4.938289
v 1.058695 5.101208 -4.962910
v 2.065161 5.101208 -4.962910
v 2.065161 5.076586 -4.938289
v 2.099980 5.076586 -4.938289
v 2.099980 5.101208 -4.962910
v 3.106447 5.101208 -4.962910
v 3.106447 5.076586 -4.938289
v 3.141265 5.076586 -4.938289
v 3.141265 5.101208 -4.962910
v 4.147732 5.101208 -4.962910
v 4.147732 5.076586 -4.938289
v 4.182551 5.076586 -4.938289
v 4.182551 5.101208 -4.962910
v 5.189018 5.101208 -4.962910
v 5.189018 5.076586 -4.938289
v 5.223836 5.076586 -4.938289
v 5.223836 5.101208 -4.962910
v 6.230303 5.101208 -4.962910
v 6.230303 5.076586 -4.938289
v 6.265122 5.076586 -4.938289
v 6.265122 5.101208 -4.962910
v 7.264377 5.101208 -4.962910
v 7.264377 5.076586 -4.938289
v 7.288998 5.076586 -4.962910
v -7.288998 5.076586 -5.881086
v -7.264377 5.101208 -5.881086
v -7.264377 5.101208 -5.915904
v -7.288998 5.076586 -5.915904
v -6.265122 5.101208 -5.915904
v -6.265122 5.101208 -5.881086
v -6.230303 5.101208 -5.881086
v -6.230303 5.101208 -5.915904
v -5.223837 5.101208 -5.915904
v -5.223837 5.101208 -5.881086
v -5.189018 5.101208 -5.881086
v -5.189018 5.101208 -5.915904
v -4.182551 5.101208 -5.915904
v -4.182551 5.101208 -5.881086
v -4.147733 5.101208 -5.881086
v -4.147733 5.101208 -5.915904
v -3.141266 5.101208 -5.915904
v -3.141266 5.101208 -5.881086
v -3.106447 5.101208 -5.881086
v -3.106447 5.101208 -5.915904
v -2.099981 5.101208 -5.915904
v -2.099981 5.101208 -5.881086
v -2.065162 5.101208 -5.881086
v -2.065162 5.101208 -5.915904
v -1.058695 5.101208 -5.915904
v -1.058695 5.101208 -5.881086
v -1.023876 5.101208 -5.881086
v -1.023876 5.101208 -5.915904
v -0.017410 5.101208 -5.915904
v -0.017410 5.101208 -5.881086
v 0.017409 5.101208 -5.881086
v 0.017409 5.101208 -5.915904
v 1.023876 5.101208 -5.915904
v 1.023876 5.101208 -5.881086
v 1.058695 5.101208 -5.881086
v 1.058695 5.101208 -5.915904
v 2.065161 5.101208 -5.915904
v 2.065161 5.101208 -5.881086
v 2.099980 5.101208 -5.881086
v 2.099980 5.101208 -5.915904
v 3.106447 5.101208 -5.915904
v 3.106447 5.101208 -5.881086
v 3.141265 5.101208 -5.881086
v 3.141265 5.101208 -5.915904
v 4.147732 5.101208 -5.915904
v 4.147732 5.101208 -5.881086
v 4.182551 5.101208 -5.881086
v 4.182551 5.101208 -5.915904
v 5.189018 5.101208 -5.915904
v 5.189018 5.101208 -5.881086
v 5.223836 5.101208 -5.881086
v 5.223836 5.101208 -5.915904
v 6.230303 5.101208 -5.915904
v 6.230303 5.101208 -5.881086
v 6.265122 5.101208 -5.881086
v 6.265122 5.101208 -5.915904
v 7.288998 5.076586 -5.915904
v 7.264377 5.101208 -5.915904
v 7.264377 5.101208 -5.881086
v 7.288998 5.076586 -5.881086
v -7.288998 5.076586 -6.841292
v -7.264377 5.101208 -6.841292
v -7.264377 5.101208 -6.876112
v -7.288998 5.076586 -6.876112
v -6.265122 5.101208 -6.876112
v -6.265122 5.101207 -6.841292
v -6.230303 5.101207 -6.841292
v -6.230303 5.101208 -6.876112
v -5.223837 5.101208 -6.876112
v -5.223837 5.101208 -6.841292
v -5.189018 5.101208 -6.841292
v -5.189018 5.101208 -6.876112
v -4.182551 5.101208 -6.876112
v -4.182551 5.101208 -6.841292
v -4.147733 5.101208 -6.841292
v -4.147733 5.101208 -6.876112
v -3.141266 5.101207 -6.876112
v -3.141266 5.101207 -6.841292
v -3.106447 5.101208 -6.841292
v -3.106447 5.101208 -6.876112
v -2.099981 5.101207 -6.876112
v -2.099981 5.101207 -6.841292
v -2.065162 5.101208 -6.841292
v -2.065162 5.101208 -6.876112
v -1.058695 5.101208 -6.876112
v -1.058695 5.101208 -6.841292
v -1.023876 5.101208 -6.841292
v -1.023876 5.101208 -6.876112
v -0.017410 5.101208 -6.876112
v -0.017410 5.101208 -6.841292
v 0.017409 5.101208 -6.841292
v 0.017409 5.101207 -6.876112
v 1.023876 5.101207 -6.876112
v 1.023876 5.101208 -6.841292
v 1.058695 5.101208 -6.841292
v 1.058695 5.101208 -6.876112
v 2.065161 5.101208 -6.876112
v 2.065161 5.101208 -6.841292
v 2.099980 5.101208 -6.841292
v 2.099980 5.101208 -6.876112
v 3.106447 5.101208 -6.876112
v 3.106447 5.101208 -6.841292
v 3.141265 5.101208 -6.841292
v 3.141265 5.101208 -6.876112
v 4.147732 5.101208 -6.876112
v 4.147732 5.101208 -6.841292
v 4.182551 5.101208 -6.841292
v 4.182551 5.101208 -6.876112
v 5.189018 5.101208 -6.876112
v 5.189018 5.101208 -6.841292
v 5.223836 5.101208 -6.841292
v 5.223836 5.101208 -6.876112
v 6.230303 5.101208 -6.876112
v 6.230303 5.101208 -6.841292
v 6.265122 5.101208 -6.841292
v 6.265122 5.101208 -6.876112
v 7.288998 5.076586 -6.876112
v 7.264377 5.101208 -6.876112
v 7.264377 5.101208 -6.841292
v 7.288998 5.076586 -6.841292
v -7.288998 5.076586 -7.801499
v -7.264377 5.101208 -7.801499
v -7.264377 5.101208 -7.836318
v -7.288998 5.076586 -7.836318
v -6.265122 5.101208 -7.836318
v -6.265122 5.101208 -7.801499
v -6.230303 5.101208 -7.801499
v -6.230303 5.101208 -7.836318
v -5.223837 5.101208 -7.836318
v -5.223837 5.101208 -7.801499
v -5.189018 5.101208 -7.801499
v -5.189018 5.101208 -7.836318
v -4.182551 5.101208 -7.836318
v -4.182551 5.101208 -7.801499
v -4.147733 5.101208 -7.801499
v -4.147733 5.101208 -7.836318
v -3.141266 5.101208 -7.836318
v -3.141266 5.101208 -7.801499
v -3.106447 5.101208 -7.801499
v -3.106447 5.101208 -7.836318
v -2.099981 5.101208 -7.836318
v -2.099981 5.101208 -7.801499
v -2.065162 5.101208 -7.801499
v -2.065162 5.101208 -7.836318
v -1.058695 5.101208 -7.836318
v -1.058695 5.101208 -7.801499
v -1.023876 5.101208 -7.801499
v -1.023876 5.101208 -7.836318
v -0.017410 5.101208 -7.836318
v -0.017410 5.101208 -7.801499
v 0.017409 5.101208 -7.801499
v 0.017409 5.101208 -7.836318
v 1.023876 5.101208 -7.836318
v 1.023876 5.101208 -7.801499
v 1.058695 5.101208 -7.801499
v 1.058695 5.101207 -7.836318
v 2.065161 5.101207 -7.836318
v 2.065161 5.101208 -7.801499
v 2.099980 5.101208 -7.801499
v 2.099980 5.101208 -7.836318
v 3.106447 5.101208 -7.836318
v 3.106447 5.101208 -7.801499
v 3.141265 5.101208 -7.801499
v 3.141265 5.101208 -7.836318
v 4.147732 5.101208 -7.836318
v 4.147732 5.101208 -7.801499
v 4.182551 5.101207 -7.801499
v 4.182551 5.101207 -7.836318
v 5.189018 5.101208 -7.836318
v 5.189018 5.101208 -7.801499
v 5.223836 5.101207 -7.801499
v 5.223836 5.101207 -7.836318
v 6.230303 5.101208 -7.836318
v 6.230303 5.101208 -7.801499
v 6.265122 5.101208 -7.801499
v 6.265122 5.101208 -7.836318
v 7.288998 5.076586 -7.836318
v 7.264377 5.101208 -7.836318
v 7.264377 5.101208 -7.801499
v 7.288998 5.076586 -7.801499
v -7.288998 5.076586 -8.761706
v -7.264377 5.101207 -8.761706
v -7.264377 5.101207 -8.796525
v -7.288998 5.076586 -8.796525
v -6.265122 5.101208 -8.796525
v -6.265122 5.101208 -8.761706
v -6.230303 5.101208 -8.761706
v -6.230303 5.101208 -8.796525
v -5.223837 5.101208 -8.796525
v -5.223837 5.101208 -8.761706
v -5.189018 5.101208 -8.761706
v -5.189018 5.101208 -8.796525
v -4.182551 5.101208 -8.796525
v -4.182551 5.101208 -8.761706
v -4.147733 5.101208 -8.761706
v -4.147733 5.101208 -8.796525
v -3.141266 5.101208 -8.796525
v -3.141266 5.101208 -8.761706
v -3.106447 5.101208 -8.761706
v -3.106447 5.101208 -8.796525
v -2.099981 5.101208 -8.796525
v -2.099981 5.101208 -8.761706
v -2.065162 5.101208 -8.761706
v -2.065162 5.101208 -8.796525
v -1.058695 5.101208 -8.796525
v -1.058695 5.101208 -8.761706
v -1.023876 5.101208 -8.761706
v -1.023876 5.101208 -8.796525
v -0.017410 5.101208 -8.796525
v -0.017410 5.101208 -8.761706
v 0.017409 5.101208 -8.761706
v 0.017409 5.101208 -8.796525
v 1.023876 5.101208 -8.796525
v 1.023876 5.101208 -8.761706
v 1.058695 5.101208 -8.761706
v 1.058695 5.101208 -8.796525
v 2.065161 5.101208 -8.796525
v 2.065161 5.101208 -8.761706
v 2.099980 5.101208 -8.761706
v 2.099980 5.101208 -8.796525
v 3.106447 5.101208 -8.796525
v 3.106447 5.101208 -8.761706
v 3.141265 5.101208 -8.761706
v 3.141265 5.101208 -8.796525
v 4.147732 5.101208 -8.796525
v 4.147732 5.101208 -8.761706
v 4.182551 5.101208 -8.761706
v 4.182551 5.101208 -8.796525
v 5.189018 5.101208 -8.796525
v 5.189018 5.101208 -8.761706
v 5.223836 5.101208 -8.761706
v 5.223836 5.101208 -8.796525
v 6.230303 5.101208 -8.796525
v 6.230303 5.101208 -8.761706
v 6.265122 5.101208 -8.761706
v 6.265122 5.101208 -8.796525
v 7.288998 5.076586 -8.796525
v 7.264377 5.101208 -8.796525
v 7.264377 5.101208 -8.761706
v 7.288998 5.076586 -8.761706
v -7.288998 5.076586 -9.721912
v -7.264377 5.101208 -9.721912
v -7.264377 5.101208 -9.756731
v -7.288998 5.076586 -9.756731
v -6.265122 5.101208 -9.756731
v -6.265122 5.101208 -9.721912
v -6.230303 5.101208 -9.721912
v -6.230303 5.101208 -9.756731
v -5.223837 5.101208 -9.756731
v -5.223837 5.101208 -9.721912
v -5.189018 5.101208 -9.721912
v -5.189018 5.101208 -9.756731
v -4.182551 5.101208 -9.756731
v -4.182551 5.101208 -9.721912
v -4.147733 5.101208 -9.721912
v -4.147733 5.101208 -9.756731
v -3.141266 5.101208 -9.756731
v -3.141266 5.101208 -9.721912
v -3.106447 5.101208 -9.721912
v -3.106447 5.101208 -9.756731
v -2.099981 5.101208 -9.756731
v -2.099981 5.101208 -9.721912
v -2.065162 5.101208 -9.721912
v -2.065162 5.101208 -9.756731
v -1.058695 5.101208 -9.756731
v -1.058695 5.101208 -9.721912
v -1.023876 5.101208 -9.721912
v -1.023876 5.101208 -9.756731
v -0.017410 5.101208 -9.756731
v -0.017410 5.101208 -9.721912
v 0.017409 5.101208 -9.721912
v 0.017409 5.101208 -9.756731
v 1.023876 5.101208 -9.756731
v 1.023876 5.101208 -9.721912
v 1.058695 5.101208 -9.721912
v 1.058695 5.101208 -9.756731
v 2.065161 5.101208 -9.756731
v 2.065161 5.101208 -9.721912
v 2.099980 5.101208 -9.721912
v 2.099980 5.101208 -9.756731
v 3.106447 5.101208 -9.756731
v 3.106447 5.101208 -9.721912
v 3.141265 5.101208 -9.721912
v 3.141265 5.101208 -9.756731
v 4.147732 5.101208 -9.756731
v 4.147732 5.101208 -9.721912
v 4.182551 5.101208 -9.721912
v 4.182551 5.101208 -9.756731
v 5.189018 5.101208 -9.756731
v 5.189018 5.101208 -9.721912
v 5.223836 5.101208 -9.721912
v 5.223836 5.101208 -9.756731
v 6.230303 5.101208 -9.756731
v 6.230303 5.101208 -9.721912
v 6.265122 5.101208 -9.721912
v 6.265122 5.101208 -9.756731
v 7.288998 5.076586 -9.756731
v 7.264377 5.101208 -9.756731
v 7.264377 5.101208 -9.721912
v 7.288998 5.076586 -9.721912
v -7.288998 5.076586 -10.682119
v -7.264377 5.101208 -10.682119
v -7.264377 5.101208 -10.716938
v -7.288998 5.076586 -10.716938
v -6.265122 5.101208 -10.716938
v -6.265122 5.101208 -10.682119
v -6.230303 5.101208 -10.682119
v -6.230303 5.101208 -10.716938
v -5.223837 5.101208 -10.716938
v -5.223837 5.101208 -10.682119
v -5.189018 5.101208 -10.682119
v -5.189018 5.101208 -10.716938
v -4.182551 5.101208 -10.716938
v -4.182551 5.101208 -10.682119
v -4.147733 5.101208 -10.682119
v -4.147733 5.101208 -10.716938
v -3.141266 5.101208 -10.716938
v -3.141266 5.101208 -10.682119
v -3.106447 5.101208 -10.682119
v -3.106447 5.101208 -10.716938
v -2.099981 5.101208 -10.716938
v -2.099981 5.101208 -10.682119
v -2.065162 5.101208 -10.682119
v -2.065162 5.101208 -10.716938
v -1.058695 5.101208 -10.716938
v -1.058695 5.101208 -10.682119
v -1.023876 5.101208 -10.682119
v -1.023876 5.101208 -10.716938
v -0.017410 5.101208 -10.716938
v -0.017410 5.101208 -10.682119
v 0.017409 5.101208 -10.682119
v 0.017409 5.101208 -10.716938
v 1.023876 5.101208 -10.716938
v 1.023876 5.101208 -10.682119
v 1.058695 5.101208 -10.682119
v 1.058695 5.101208 -10.716938
v 2.065161 5.101208 -10.716938
v 2.065161 5.101208 -10.682119
v 2.099980 5.101208 -10.682119
v 2.099980 5.101208 -10.716938
v 3.106447 5.101208 -10.716938
v 3.106447 5.101208 -10.682119
v 3.141265 5.101208 -10.682119
v 3.141265 5.101208 -10.716938
v 4.147732 5.101208 -10.716938
v 4.147732 5.101208 -10.682119
v 4.182551 5.101208 -10.682119
v 4.182551 5.101208 -10.716938
v 5.189018 5.101208 -10.716938
v 5.189018 5.101208 -10.682119
v 5.223836 5.101208 -10.682119
v 5.223836 5.101208 -10.716938
v 6.230303 5.101208 -10.716938
v 6.230303 5.101208 -10.682119
v 6.265122 5.101208 -10.682119
v 6.265122 5.101208 -10.716938
v 7.288998 5.076586 -10.716938
v 7.264377 5.101208 -10.716938
v 7.264377 5.101208 -10.682119
v 7.288998 5.076586 -10.682119
v -7.288998 5.076586 -11.642326
v -7.264377 5.101208 -11.642326
v -7.264377 5.101208 -11.677145
v -7.288998 5.076586 -11.677145
v -6.265122 5.101208 -11.677145
v -6.265122 5.101208 -11.642326
v -6.230303 5.101208 -11.642326
v -6.230303 5.101208 -11.677145
v -5.223837 5.101208 -11.677145
v -5.223837 5.101208 -11.642326
v -5.189018 5.101208 -11.642326
v -5.189018 5.101208 -11.677145
v -4.182551 5.101208 -11.677145
v -4.182551 5.101208 -11.642326
v -4.147733 5.101208 -11.642326
v -4.147733 5.101208 -11.677145
v -3.141266 5.101208 -11.677145
v -3.141266 5.101208 -11.642326
v -3.106447 5.101208 -11.642326
v -3.106447 5.101208 -11.677145
v -2.099981 5.101208 -11.677145
v -2.099981 5.101208 -11.642326
v -2.065162 5.101208 -11.642326
v -2.065162 5.101208 -11.677145
v -1.058695 5.101208 -11.677145
v -1.058695 5.101208 -11.642326
v -1.023876 5.101208 -11.642326
v -1.023876 5.101208 -11.677145
v -0.017410 5.101208 -11.677145
v -0.017410 5.101208 -11.642326
v 0.017409 5.101208 -11.642326
v 0.017409 5.101208 -11.677145
v 1.023876 5.101208 -11.677145
v 1.023876 5.101208 -11.642326
v 1.058695 5.101208 -11.642326
v 1.058695 5.101208 -11.677145
v 2.065161 5.101208 -11.677145
v 2.065161 5.101208 -11.642326
v 2.099980 5.101208 -11.642326
v 2.099980 5.101208 -11.677145
v 3.106447 5.101208 -11.677145
v 3.106447 5.101208 -11.642326
v 3.141265 5.101208 -11.642326
v 3.141265 5.101208 -11.677145
v 4.147732 5.101208 -11.677145
v 4.147732 5.101208 -11.642326
v 4.182551 5.101208 -11.642326
v 4.182551 5.101208 -11.677145
v 5.189018 5.101208 -11.677145
v 5.189018 5.101208 -11.642326
v 5.223836 5.101208 -11.642326
v 5.223836 5.101208 -11.677145
v 6.230303 5.101208 -11.677145
v 6.230303 5.101208 -11.642326
v 6.265122 5.101208 -11.642326
v 6.265122 5.101208 -11.677145
v 7.288998 5.076586 -11.677145
v 7.264377 5.101208 -11.677145
v 7.264377 5.101208 -11.642326
v 7.288998 5.076586 -11.642326
v -7.288998 5.076586 -12.602533
v -7.264377 5.101208 -12.602533
v -7.264377 5.101208 -12.637352
v -7.288998 5.076586 -12.637352
v -6.265122 5.101208 -12.637352
v -6.265122 5.101208 -12.602533
v -6.230303 5.101208 -12.602533
v -6.230303 5.101208 -12.637352
v -5.223837 5.101208 -12.637352
v -5.223837 5.101208 -12.602533
v -5.189018 5.101208 -12.602533
v -5.189018 5.101208 -12.637352
v -4.182551 5.101208 -12.637352
v -4.182551 5.101208 -12.602533
v -4.147733 5.101208 -12.602533
v -4.147733 5.101208 -12.637352
v -3.141266 5.101208 -12.637352
v -3.141266 5.101208 -12.602533
v -3.106447 5.101208 -12.602533
v -3.106447 5.101208 -12.637352
v -2.099981 5.101208 -12.637352
v -2.099981 5.101208 -12.602533
v -2.065162 5.101208 -12.602533
v -2.065162 5.101208 -12.637352
v -1.058695 5.101208 -12.637352
v -1.058695 5.101208 -12.602533
v -1.023876 5.101208 -12.602533
v -1.023876 5.101208 -12.637352
v -0.017410 5.101208 -12.637352
v -0.017410 5.101208 -12.602533
v 0.017409 5.101208 -12.602533
v 0.017409 5.101208 -12.637352
v 1.023876 5.101208 -12.637352
v 1.023876 5.101208 -12.602533
v 1.058695 5.101208 -12.602533
v 1.058695 5.101208 -12.637352
v 2.065161 5.101208 -12.637352
v 2.065161 5.101208 -12.602533
v 2.099980 5.101208 -12.602533
v 2.099980 5.101208 -12.637352
v 3.106447 5.101208 -12.637352
v 3.106447 5.101208 -12.602533
v 3.141265 5.101208 -12.602533
v 3.141265 5.101208 -12.637352
v 4.147732 5.101208 -12.637352
v 4.147732 5.101208 -12.602533
v 4.182551 5.101208 -12.602533
v 4.182551 5.101208 -12.637352
v 5.189018 5.101208 -12.637352
v 5.189018 5.101208 -12.602533
v 5.223836 5.101208 -12.602533
v 5.223836 5.101208 -12.637352
v 6.230303 5.101208 -12.637352
v 6.230303 5.101208 -12.602533
v 6.265122 5.101208 -12.602533
v 6.265122 5.101208 -12.637352
v 7.288998 5.076586 -12.637352
v 7.264377 5.101208 -12.637352
v 7.264377 5.101208 -12.602533
v 7.288998 5.076586 -12.602533
v -7.288998 5.076586 -13.555528
v -7.264377 5.101208 -13.555528
v -7.264377 5.076586 -13.580149
v -6.265122 5.076586 -13.580149
v -6.265122 5.101208 -13.555528
v -6.230303 5.101208 -13.555528
v -6.230303 5.076586 -13.580149
v -5.223837 5.076586 -13.580149
v -5.223837 5.101208 -13.555528
v -5.189018 5.101208 -13.555528
v -5.189018 5.076586 -13.580149
v -4.182551 5.076586 -13.580149
v -4.182551 5.101208 -13.555528
v -4.147733 5.101208 -13.555528
v -4.147733 5.076586 -13.580149
v -3.141266 5.076586 -13.580149
v -3.141266 5.101208 -13.555528
v -3.106447 5.101208 -13.555528
v -3.106447 5.076586 -13.580149
v -2.099981 5.076586 -13.580149
v -2.099981 5.101208 -13.555528
v -2.065162 5.101208 -13.555528
v -2.065162 5.076586 -13.580149
v -1.058695 5.076586 -13.580149
v -1.058695 5.101208 -13.555528
v -1.023876 5.101208 -13.555528
v -1.023876 5.076586 -13.580149
v -0.017410 5.076586 -13.580149
v -0.017410 5.101208 -13.555528
v 0.017409 5.101208 -13.555528
v 0.017409 5.076586 -13.580149
v 1.023876 5.076586 -13.580149
v 1.023876 5.101208 -13.555528
v 1.058695 5.101208 -13.555528
v 1.058695 5.076586 -13.580149
v 2.065161 5.076586 -13.580149
v 2.065161 5.101208 -13.555528
v 2.099980 5.101208 -13.555528
v 2.099980 5.076586 -13.580149
v 3.106447 5.076586 -13.580149
v 3.106447 5.101208 -13.555528
v 3.141265 5.101208 -13.555528
v 3.141265 5.076586 -13.580149
v 4.147732 5.076586 -13.580149
v 4.147732 5.101208 -13.555528
v 4.182551 5.101208 -13.555528
v 4.182551 5.076586 -13.580149
v 5.189018 5.076586 -13.580149
v 5.189018 5.101208 -13.555528
v 5.223836 5.101208 -13.555528
v 5.223836 5.076586 -13.580149
v 6.230303 5.076586 -13.580149
v 6.230303 5.101208 -13.555528
v 6.265122 5.101208 -13.555528
v 6.265122 5.076586 -13.580149
v 7.264377 5.076586 -13.580149
v 7.264377 5.101208 -13.555528
v 7.288998 5.076586 -13.555528
v -7.288998 4.633363 -13.555528
v -7.264377 4.633363 -13.580149
v -7.264377 4.608742 -13.555528
v -6.265122 4.608742 -13.555528
v -6.265122 4.633363 -13.580149
v -6.230303 4.633363 -13.580149
v -6.230303 4.608742 -13.555528
v -5.223837 4.608742 -13.555528
v -5.223837 4.633363 -13.580149
v -5.189018 4.633363 -13.580149
v -5.189018 4.608742 -13.555528
v -4.182551 4.608742 -13.555528
v -4.182551 4.633363 -13.580149
v -4.147733 4.633363 -13.580149
v -4.147733 4.608742 -13.555528
v -3.141266 4.608742 -13.555528
v -3.141266 4.633363 -13.580149
v -3.106447 4.633363 -13.580149
v -3.106447 4.608742 -13.555528
v -2.099981 4.608742 -13.555528
v -2.099981 4.633363 -13.580149
v -2.065162 4.633363 -13.580149
v -2.065162 4.608742 -13.555528
v -1.058695 4.608742 -13.555528
v -1.058695 4.633363 -13.580149
v -1.023876 4.633363 -13.580149
v -1.023876 4.608742 -13.555528
v -0.017410 4.608742 -13.555528
v -0.017410 4.633363 -13.580149
v 0.017409 4.633363 -13.580149
v 0.017409 4.608742 -13.555528
v 1.023876 4.608742 -13.555528
v 1.023876 4.633363 -13.580149
v 1.058695 4.633363 -13.580149
v 1.058695 4.608742 -13.555528
v 2.065161 4.608742 -13.555528
v 2.065161 4.633363 -13.580149
v 2.099980 4.633363 -13.580149
v 2.099980 4.608742 -13.555528
v 3.106447 4.608742 -13.555528
v 3.106447 4.633363 -13.580149
v 3.141265 4.633363 -13.580149
v 3.141265 4.608742 -13.555528
v 4.147732 4.608742 -13.555528
v 4.147732 4.633363 -13.580149
v 4.182551 4.633363 -13.580149
v 4.182551 4.608742 -13.555528
v 5.189018 4.608742 -13.555528
v 5.189018 4.633363 -13.580149
v 5.223836 4.633363 -13.580149
v 5.223836 4.608742 -13.555528
v 6.230303 4.608742 -13.555528
v 6.230303 4.633363 -13.580149
v 6.265122 4.633363 -13.580149
v 6.265122 4.608742 -13.555528
v 7.264377 4.608742 -13.555528
v 7.264377 4.633363 -13.580149
v 7.288998 4.633363 -13.555528
v -7.288998 4.633363 -12.637352
v -7.264377 4.608742 -12.637352
v -7.264377 4.608742 -12.602533
v -7.288998 4.633363 -12.602533
v -6.247713 4.585034 -12.596235
v -6.271515 4.608742 -12.603111
v -6.266442 4.608742 -12.638671
v -6.230142 4.608742 -12.644791
v -6.224005 4.585034 -12.619943
v -5.230135 4.585034 -12.619943
v -5.223257 4.608742 -12.643745
v -5.187699 4.608742 -12.638671
v -5.181578 4.608742 -12.602372
v -5.206426 4.585034 -12.596235
v -4.182551 4.608742 -12.602533
v -4.182551 4.608742 -12.637352
v -4.147733 4.608742 -12.637352
v -4.147733 4.608742 -12.602533
v -3.141266 4.608742 -12.602533
v -3.141266 4.608742 -12.637352
v -3.106447 4.608742 -12.637352
v -3.106447 4.608742 -12.602533
v -2.099981 4.608742 -12.602533
v -2.099981 4.608742 -12.637352
v -2.065162 4.608742 -12.637352
v -2.065162 4.608742 -12.602533
v -1.058695 4.608742 -12.602533
v -1.058695 4.608742 -12.637352
v -1.023876 4.608742 -12.637352
v -1.023876 4.608742 -12.602533
v -0.017410 4.608742 -12.602533
v -0.017410 4.608742 -12.637352
v 0.017409 4.608742 -12.637352
v 0.017409 4.608742 -12.602533
v 1.023876 4.608742 -12.602533
v 1.023876 4.608742 -12.637352
v 1.058695 4.608742 -12.637352
v 1.058695 4.608742 -12.602533
v 2.065161 4.608742 -12.602533
v 2.065161 4.608742 -12.637352
v 2.099980 4.608742 -12.637352
v 2.099980 4.608742 -12.602533
v 3.106447 4.608742 -12.602533
v 3.106447 4.608742 -12.637352
v 3.141265 4.608742 -12.637352
v 3.141265 4.608742 -12.602533
v 4.147732 4.608742 -12.602533
v 4.147732 4.608742 -12.637352
v 4.182551 4.608742 -12.637352
v 4.182551 4.608742 -12.602533
v 5.206426 4.585034 -12.596235
v 5.182624 4.608742 -12.603111
v 5.187698 4.608742 -12.638671
v 5.223998 4.608742 -12.644791
v 5.230135 4.585034 -12.619943
v 6.224005 4.585034 -12.619943
v 6.230880 4.608742 -12.643745
v 6.266441 4.608742 -12.638671
v 6.272561 4.608742 -12.602372
v 6.247711 4.585034 -12.596235
v 7.288998 4.633363 -12.602533
v 7.264377 4.608742 -12.602533
v 7.264377 4.608742 -12.637352
v 7.288998 4.633363 -12.637352
v -7.288998 4.633363 -11.677146
v -7.264377 4.608742 -11.677146
v -7.264377 4.608742 -11.642326
v -7.288998 4.633363 -11.642326
v -6.224005 4.585034 -11.659737
v -6.230882 4.608742 -11.635933
v -6.266442 4.608742 -11.641007
v -6.272562 4.608742 -11.677306
v -6.247713 4.585034 -11.683443
v -5.206426 4.585034 -11.683443
v -5.182624 4.608742 -11.676567
v -5.187699 4.608742 -11.641007
v -5.223998 4.608742 -11.634887
v -5.230135 4.585034 -11.659737
v -4.182551 4.608742 -11.642326
v -4.182551 4.608742 -11.677146
v -4.147733 4.608742 -11.677146
v -4.147733 4.608742 -11.642326
v -3.141266 4.608742 -11.642326
v -3.141266 4.608742 -11.677146
v -3.106447 4.608742 -11.677146
v -3.106447 4.608742 -11.642326
v -2.099981 4.608742 -11.642326
v -2.099981 4.608742 -11.677146
v -2.065162 4.608742 -11.677146
v -2.065162 4.608742 -11.642326
v -1.058695 4.608742 -11.642326
v -1.058695 4.608742 -11.677146
v -1.023876 4.608742 -11.677146
v -1.023876 4.608742 -11.642326
v -0.017410 4.608742 -11.642326
v -0.017410 4.608742 -11.677146
v 0.017409 4.608742 -11.677146
v 0.017409 4.608742 -11.642326
v 1.023876 4.608742 -11.642326
v 1.023876 4.608742 -11.677146
v 1.058695 4.608742 -11.677146
v 1.058695 4.608742 -11.642326
v 2.065161 4.608742 -11.642326
v 2.065161 4.608742 -11.677146
v 2.099980 4.608742 -11.677146
v 2.099980 4.608742 -11.642326
v 3.106447 4.608742 -11.642326
v 3.106447 4.608742 -11.677146
v 3.141265 4.608742 -11.677146
v 3.141265 4.608742 -11.642326
v 4.147732 4.608742 -11.642326
v 4.147732 4.608742 -11.677146
v 4.182551 4.608742 -11.677146
v 4.182551 4.608742 -11.642326
v 5.230135 4.585034 -11.659737
v 5.223257 4.608742 -11.635933
v 5.187698 4.608742 -11.641007
v 5.181578 4.608742 -11.677306
v 5.206426 4.585034 -11.683443
v 6.247711 4.585034 -11.683443
v 6.271515 4.608742 -11.676567
v 6.266441 4.608742 -11.641007
v 6.230141 4.608742 -11.634887
v 6.224005 4.585034 -11.659737
v 7.288998 4.633363 -11.642326
v 7.264377 4.608742 -11.642326
v 7.264377 4.608742 -11.677146
v 7.288998 4.633363 -11.677146
v -7.288998 4.633363 -10.716938
v -7.264377 4.608742 -10.716938
v -7.264377 4.608742 -10.682120
v -7.288998 4.633363 -10.682120
v -6.265122 4.608742 -10.682120
v -6.265122 4.608742 -10.716938
v -6.230303 4.608742 -10.716938
v -6.230303 4.608742 -10.682120
v -5.223837 4.608742 -10.682120
v -5.223837 4.608742 -10.716938
v -5.189018 4.608742 -10.716938
v -5.189018 4.608742 -10.682120
v -4.182551 4.608742 -10.682120
v -4.182551 4.608742 -10.716938
v -4.147733 4.608742 -10.716938
v -4.147733 4.608742 -10.682120
v -3.141266 4.608742 -10.682120
v -3.141266 4.608742 -10.716938
v -3.106447 4.608742 -10.716938
v -3.106447 4.608742 -10.682120
v -2.099981 4.608742 -10.682120
v -2.099981 4.608742 -10.716938
v -2.065162 4.608742 -10.716938
v -2.065162 4.608742 -10.682120
v -1.058695 4.608742 -10.682120
v -1.058695 4.608742 -10.716938
v -1.023876 4.608742 -10.716938
v -1.023876 4.608742 -10.682120
v -0.017410 4.608742 -10.682120
v -0.017410 4.608742 -10.716938
v 0.017409 4.608742 -10.716938
v 0.017409 4.608742 -10.682120
v 1.023876 4.608742 -10.682120
v 1.023876 4.608742 -10.716938
v 1.058695 4.608742 -10.716938
v 1.058695 4.608742 -10.682120
v 2.065161 4.608742 -10.682120
v 2.065161 4.608742 -10.716938
v 2.099980 4.608742 -10.716938
v 2.099980 4.608742 -10.682120
v 3.106447 4.608742 -10.682120
v 3.106447 4.608742 -10.716938
v 3.141265 4.608742 -10.716938
v 3.141265 4.608742 -10.682120
v 4.147732 4.608742 -10.682120
v 4.147732 4.608742 -10.716938
v 4.182551 4.608742 -10.716938
v 4.182551 4.608742 -10.682120
v 5.189018 4.608742 -10.682120
v 5.189018 4.608742 -10.716938
v 5.223836 4.608742 -10.716938
v 5.223836 4.608742 -10.682120
v 6.230303 4.608742 -10.682120
v 6.230303 4.608742 -10.716938
v 6.265122 4.608742 -10.716938
v 6.265122 4.608742 -10.682120
v 7.288998 4.633363 -10.682120
v 7.264377 4.608742 -10.682120
v 7.264377 4.608742 -10.716938
v 7.288998 4.633363 -10.716938
v -7.288998 4.633363 -9.756731
v -7.264377 4.608742 -9.756731
v -7.264377 4.608742 -9.721913
v -7.288998 4.633363 -9.721913
v -6.265122 4.608742 -9.721913
v -6.265122 4.608742 -9.756731
v -6.230303 4.608742 -9.756731
v -6.230303 4.608742 -9.721913
v -5.223837 4.608742 -9.721913
v -5.223837 4.608742 -9.756731
v -5.189018 4.608742 -9.756731
v -5.189018 4.608742 -9.721913
v -4.182551 4.608742 -9.721913
v -4.182551 4.608742 -9.756731
v -4.147733 4.608742 -9.756731
v -4.147733 4.608742 -9.721913
v -3.141266 4.608742 -9.721913
v -3.141266 4.608742 -9.756731
v -3.106447 4.608742 -9.756731
v -3.106447 4.608742 -9.721913
v -2.099981 4.608742 -9.721913
v -2.099981 4.608742 -9.756731
v -2.065162 4.608742 -9.756731
v -2.065162 4.608742 -9.721913
v -1.058695 4.608742 -9.721913
v -1.058695 4.608742 -9.756731
v -1.023876 4.608742 -9.756731
v -1.023876 4.608742 -9.721913
v -0.017410 4.608742 -9.721913
v -0.017410 4.608742 -9.756731
v 0.017409 4.608742 -9.756731
v 0.017409 4.608742 -9.721913
v 1.023876 4.608742 -9.721913
v 1.023876 4.608742 -9.756731
v 1.058695 4.608742 -9.756731
v 1.058695 4.608742 -9.721913
v 2.065161 4.608742 -9.721913
v 2.065161 4.608742 -9.756731
v 2.099980 4.608742 -9.756731
v 2.099980 4.608742 -9.721913
v 3.106447 4.608742 -9.721913
v 3.106447 4.608742 -9.756731
v 3.141265 4.608742 -9.756731
v 3.141265 4.608742 -9.721913
v 4.147732 4.608742 -9.721913
v 4.147732 4.608742 -9.756731
v 4.182551 4.608742 -9.756731
v 4.182551 4.608742 -9.721913
v 5.189018 4.608742 -9.721913
v 5.189018 4.608742 -9.756731
v 5.223836 4.608742 -9.756731
v 5.223836 4.608742 -9.721913
v 6.230303 4.608742 -9.721913
v 6.230303 4.608742 -9.756731
v 6.265122 4.608742 -9.756731
v 6.265122 4.608742 -9.721913
v 7.288998 4.633363 -9.721913
v 7.264377 4.608742 -9.721913
v 7.264377 4.608742 -9.756731
v 7.288998 4.633363 -9.756731
v -7.288998 4.633363 -8.796525
v -7.264377 4.608742 -8.796525
v -7.264377 4.608742 -8.761706
v -7.288998 4.633363 -8.761706
v -6.265122 4.608742 -8.761706
v -6.265122 4.608742 -8.796525
v -6.230303 4.608742 -8.796525
v -6.230303 4.608742 -8.761706
v -5.223837 4.608742 -8.761706
v -5.223837 4.608742 -8.796525
v -5.189018 4.608742 -8.796525
v -5.189018 4.608742 -8.761706
v -4.182551 4.608742 -8.761706
v -4.182551 4.608742 -8.796525
v -4.147733 4.608742 -8.796525
v -4.147733 4.608742 -8.761706
v -3.141266 4.608742 -8.761706
v -3.141266 4.608742 -8.796525
v -3.106447 4.608742 -8.796525
v -3.106447 4.608742 -8.761706
v -2.099981 4.608742 -8.761706
v -2.099981 4.608742 -8.796525
v -2.065162 4.608742 -8.796525
v -2.065162 4.608742 -8.761706
v -1.058695 4.608742 -8.761706
v -1.058695 4.608742 -8.796525
v -1.023876 4.608742 -8.796525
v -1.023876 4.608742 -8.761706
v -0.017410 4.608742 -8.761706
v -0.017410 4.608742 -8.796525
v 0.017409 4.608742 -8.796525
v 0.017409 4.608742 -8.761706
v 1.023876 4.608742 -8.761706
v 1.023876 4.608742 -8.796525
v 1.058695 4.608742 -8.796525
v 1.058695 4.608742 -8.761706
v 2.065161 4.608742 -8.761706
v 2.065161 4.608742 -8.796525
v 2.099980 4.608742 -8.796525
v 2.099980 4.608742 -8.761706
v 3.106447 4.608742 -8.761706
v 3.106447 4.608742 -8.796525
v 3.141265 4.608742 -8.796525
v 3.141265 4.608742 -8.761706
v 4.147732 4.608742 -8.761706
v 4.147732 4.608742 -8.796525
v 4.182551 4.608742 -8.796525
v 4.182551 4.608742 -8.761706
v 5.189018 4.608742 -8.761706
v 5.189018 4.608742 -8.796525
v 5.223836 4.608742 -8.796525
v 5.223836 4.608742 -8.761706
v 6.230303 4.608742 -8.761706
v 6.230303 4.608742 -8.796525
v 6.265122 4.608742 -8.796525
v 6.265122 4.608742 -8.761706
v 7.288998 4.633363 -8.761706
v 7.264377 4.608742 -8.761706
v 7.264377 4.608742 -8.796525
v 7.288998 4.633363 -8.796525
v -7.288998 4.633363 -7.836318
v -7.264377 4.608742 -7.836318
v -7.264377 4.608742 -7.801499
v -7.288998 4.633363 -7.801499
v -6.265122 4.608742 -7.801499
v -6.265122 4.608742 -7.836318
v -6.230303 4.608742 -7.836318
v -6.230303 4.608742 -7.801499
v -5.223837 4.608742 -7.801499
v -5.223837 4.608742 -7.836318
v -5.189018 4.608742 -7.836318
v -5.189018 4.608742 -7.801499
v -4.182551 4.608742 -7.801499
v -4.182551 4.608742 -7.836318
v -4.147733 4.608742 -7.836318
v -4.147733 4.608742 -7.801499
v -3.141266 4.608742 -7.801499
v -3.141266 4.608742 -7.836318
v -3.106447 4.608742 -7.836318
v -3.106447 4.608742 -7.801499
v -2.099981 4.608742 -7.801499
v -2.099981 4.608742 -7.836318
v -2.065162 4.608742 -7.836318
v -2.065162 4.608742 -7.801499
v -1.058695 4.608742 -7.801499
v -1.058695 4.608742 -7.836318
v -1.023876 4.608742 -7.836318
v -1.023876 4.608742 -7.801499
v -0.017410 4.608742 -7.801499
v -0.017410 4.608742 -7.836318
v 0.017409 4.608742 -7.836318
v 0.017409 4.608742 -7.801499
v 1.023876 4.608742 -7.801499
v 1.023876 4.608742 -7.836318
v 1.058695 4.608742 -7.836318
v 1.058695 4.608742 -7.801499
v 2.065161 4.608742 -7.801499
v 2.065161 4.608742 -7.836318
v 2.099980 4.608742 -7.836318
v 2.099980 4.608742 -7.801499
v 3.106447 4.608742 -7.801499
v 3.106447 4.608742 -7.836318
v 3.141265 4.608742 -7.836318
v 3.141265 4.608742 -7.801499
v 4.147732 4.608742 -7.801499
v 4.147732 4.608742 -7.836318
v 4.182551 4.608742 -7.836318
v 4.182551 4.608742 -7.801499
v 5.189018 4.608742 -7.801499
v 5.189018 4.608742 -7.836318
v 5.223836 4.608742 -7.836318
v 5.223836 4.608742 -7.801499
v 6.230303 4.608742 -7.801499
v 6.230303 4.608742 -7.836318
v 6.265122 4.608742 -7.836318
v 6.265122 4.608742 -7.801499
v 7.288998 4.633363 -7.801499
v 7.264377 4.608742 -7.801499
v 7.264377 4.608742 -7.836318
v 7.288998 4.633363 -7.836318
v -7.288998 4.633363 -6.876112
v -7.264377 4.608742 -6.876112
v -7.264377 4.608742 -6.841292
v -7.288998 4.633363 -6.841292
v -6.247713 4.585034 -6.834994
v -6.271515 4.608742 -6.841871
v -6.266442 4.608742 -6.877430
v -6.230142 4.608742 -6.883551
v -6.224005 4.585034 -6.858702
v -5.230135 4.585034 -6.858702
v -5.223257 4.608742 -6.882504
v -5.187699 4.608742 -6.877430
v -5.181578 4.608742 -6.841131
v -5.206426 4.585034 -6.834994
v -4.182551 4.608742 -6.841292
v -4.182551 4.608742 -6.876112
v -4.147733 4.608742 -6.876112
v -4.147733 4.608742 -6.841292
v -3.141266 4.608742 -6.841292
v -3.141266 4.608742 -6.876112
v -3.106447 4.608742 -6.876112
v -3.106447 4.608742 -6.841292
v -2.099981 4.608742 -6.841292
v -2.099981 4.608742 -6.876112
v -2.065162 4.608742 -6.876112
v -2.065162 4.608742 -6.841292
v -1.058695 4.608742 -6.841292
v -1.058695 4.608742 -6.876112
v -1.023876 4.608742 -6.876112
v -1.023876 4.608742 -6.841292
v -0.017410 4.608742 -6.841292
v -0.017410 4.608742 -6.876112
v 0.017409 4.608742 -6.876112
v 0.017409 4.608742 -6.841292
v 1.023876 4.608742 -6.841292
v 1.023876 4.608742 -6.876112
v 1.058695 4.608742 -6.876112
v 1.058695 4.608742 -6.841292
v 2.065161 4.608742 -6.841292
v 2.065161 4.608742 -6.876112
v 2.099980 4.608742 -6.876112
v 2.099980 4.608742 -6.841292
v 3.106447 4.608742 -6.841292
v 3.106447 4.608742 -6.876112
v 3.141265 4.608742 -6.876112
v 3.141265 4.608742 -6.841292
v 4.147732 4.608742 -6.841292
v 4.147732 4.608742 -6.876112
v 4.182551 4.608742 -6.876112
v 4.182551 4.608742 -6.841292
v 5.206426 4.585034 -6.834994
v 5.182624 4.608742 -6.841871
v 5.187698 4.608742 -6.877430
v 5.223998 4.608742 -6.883551
v 5.230135 4.585034 -6.858702
v 6.224005 4.585034 -6.858702
v 6.230880 4.608742 -6.882504
v 6.266441 4.608742 -6.877430
v 6.272561 4.608742 -6.841131
v 6.247711 4.585034 -6.834994
v 7.288998 4.633363 -6.841292
v 7.264377 4.608742 -6.841292
v 7.264377 4.608742 -6.876112
v 7.288998 4.633363 -6.876112
v -7.288998 4.633363 -5.915905
v -7.264377 4.608742 -5.915905
v -7.264377 4.608742 -5.881086
v -7.288998 4.633363 -5.881086
v -6.224005 4.585034 -5.898495
v -6.230882 4.608742 -5.874693
v -6.266442 4.608742 -5.879767
v -6.272562 4.608742 -5.916066
v -6.247713 4.585034 -5.922203
v -5.206426 4.585034 -5.922203
v -5.182624 4.608742 -5.915326
v -5.187699 4.608742 -5.879767
v -5.223998 4.608742 -5.873647
v -5.230135 4.585034 -5.898495
v -4.182551 4.608742 -5.881086
v -4.182551 4.608742 -5.915905
v -4.147733 4.608742 -5.915905
v -4.147733 4.608742 -5.881086
v -3.141266 4.608742 -5.881086
v -3.141266 4.608742 -5.915905
v -3.106447 4.608742 -5.915905
v -3.106447 4.608742 -5.881086
v -2.099981 4.608742 -5.881086
v -2.099981 4.608742 -5.915905
v -2.065162 4.608742 -5.915905
v -2.065162 4.608742 -5.881086
v -1.058695 4.608742 -5.881086
v -1.058695 4.608742 -5.915905
v -1.023876 4.608742 -5.915905
v -1.023876 4.608742 -5.881086
v -0.017410 4.608742 -5.881086
v -0.017410 4.608742 -5.915905
v 0.017409 4.608742 -5.915905
v 0.017409 4.608742 -5.881086
v 1.023876 4.608742 -5.881086
v 1.023876 4.608742 -5.915905
v 1.058695 4.608742 -5.915905
v 1.058695 4.608742 -5.881086
v 2.065161 4.608742 -5.881086
v 2.065161 4.608742 -5.915905
v 2.099980 4.608742 -5.915905
v 2.099980 4.608742 -5.881086
v 3.106447 4.608742 -5.881086
v 3.106447 4.608742 -5.915905
v 3.141265 4.608742 -5.915905
v 3.141265 4.608742 -5.881086
v 4.147732 4.608742 -5.881086
v 4.147732 4.608742 -5.915905
v 4.182551 4.608742 -5.915905
v 4.182551 4.608742 -5.881086
v 5.230135 4.585034 -5.898495
v 5.223257 4.608742 -5.874693
v 5.187698 4.608742 -5.879767
v 5.181578 4.608742 -5.916066
v 5.206426 4.585034 -5.922203
v 6.247711 4.585034 -5.922203
v 6.271515 4.608742 -5.915326
v 6.266441 4.608742 -5.879767
v 6.230141 4.608742 -5.873647
v 6.224005 4.585034 -5.898495
v 7.288998 4.633363 -5.881086
v 7.264377 4.608742 -5.881086
v 7.264377 4.608742 -5.915905
v 7.288998 4.633363 -5.915905
v -6.247713 -0.308947 -12.595321
v -6.223092 -0.308947 -12.619943
v -6.223092 -0.333567 -12.595321
v -5.231048 -0.333567 -12.595321
v -5.231048 -0.308947 -12.619943
v -5.206426 -0.308947 -12.595321
v -5.231048 -0.333567 -11.684356
v -5.206426 -0.308947 -11.684356
v -5.231048 -0.308947 -11.659737
v -6.223092 -0.333567 -11.684356
v -6.223092 -0.308947 -11.659737
v -6.247713 -0.308947 -11.684356
v 5.206426 -0.308947 -12.595321
v 5.231048 -0.308947 -12.619943
v 5.231048 -0.333567 -12.595321
v 6.223091 -0.333567 -12.595321
v 6.223091 -0.308947 -12.619943
v 6.247711 -0.308947 -12.595321
v 6.223091 -0.333567 -11.684356
v 6.247711 -0.308947 -11.684356
v 6.223091 -0.308947 -11.659737
v 5.231048 -0.333567 -11.684356
v 5.231048 -0.308947 -11.659737
v 5.206426 -0.308947 -11.684356
v -6.247713 -0.308947 -6.834081
v -6.223092 -0.308947 -6.858702
v -6.223092 -0.333567 -6.834081
v -5.231048 -0.333567 -6.834081
v -5.231048 -0.308947 -6.858702
v -5.206426 -0.308947 -6.834081
v -5.231048 -0.333567 -5.923116
v -5.206426 -0.308947 -5.923116
v -5.231048 -0.308947 -5.898495
v -6.223092 -0.333567 -5.923116
v -6.223092 -0.308947 -5.898495
v -6.247713 -0.308947 -5.923116
v 5.206426 -0.308947 -6.834081
v 5.231048 -0.308947 -6.858702
v 5.231048 -0.333567 -6.834081
v 6.223091 -0.333567 -6.834081
v 6.223091 -0.308947 -6.858702
v 6.247711 -0.308947 -6.834081
v 6.223091 -0.333567 -5.923116
v 6.247711 -0.308947 -5.923116
v 6.223091 -0.308947 -5.898495
v 5.231048 -0.333567 -5.923116
v 5.231048 -0.308947 -5.898495
v 5.206426 -0.308947 -5.923116
vt 0.397070 0.338102
vt 0.126832 0.061531
vt 0.413864 0.337530
vt 0.413861 0.338174
vt 0.127478 0.061504
vt 0.396374 0.356235
vt 0.146010 0.060737
vt 0.127818 0.069724
vt 0.396994 0.329447
vt 0.396361 0.356884
vt 0.413476 0.356739
vt 0.126740 0.605807
vt 0.146655 0.060710
vt 0.396114 0.375653
vt 0.165321 0.059937
vt 0.146996 0.068930
vt 0.395960 0.310465
vt 0.396107 0.376305
vt 0.413030 0.376011
vt 0.413133 0.376686
vt 0.165967 0.059910
vt 0.395935 0.395113
vt 0.184633 0.059137
vt 0.166307 0.068130
vt 0.395826 0.291077
vt 0.395932 0.395763
vt 0.413008 0.395353
vt 0.413003 0.396000
vt 0.185278 0.059110
vt 0.395862 0.414542
vt 0.203944 0.058337
vt 0.185619 0.067330
vt 0.395809 0.271661
vt 0.395860 0.415192
vt 0.412917 0.414710
vt 0.412915 0.415357
vt 0.204590 0.058311
vt 0.395816 0.433949
vt 0.223255 0.057538
vt 0.204930 0.066531
vt 0.395856 0.252249
vt 0.395814 0.434598
vt 0.412867 0.434071
vt 0.412866 0.434719
vt 0.223901 0.057511
vt 0.395784 0.453336
vt 0.242567 0.056738
vt 0.224242 0.065731
vt 0.395936 0.232850
vt 0.395783 0.453984
vt 0.412834 0.453428
vt 0.412833 0.454075
vt 0.243213 0.056711
vt 0.395758 0.472707
vt 0.261878 0.055938
vt 0.243553 0.064931
vt 0.396034 0.213465
vt 0.395757 0.473355
vt 0.412808 0.472778
vt 0.412807 0.473425
vt 0.262524 0.055912
vt 0.395734 0.492067
vt 0.281190 0.055139
vt 0.262864 0.064131
vt 0.396140 0.194091
vt 0.395733 0.492714
vt 0.412784 0.492121
vt 0.412783 0.492768
vt 0.281836 0.055112
vt 0.395710 0.511417
vt 0.300501 0.054339
vt 0.282176 0.063332
vt 0.396250 0.174725
vt 0.395709 0.512064
vt 0.412759 0.511459
vt 0.412759 0.512105
vt 0.301147 0.054312
vt 0.395684 0.530762
vt 0.319813 0.053539
vt 0.301487 0.062532
vt 0.396362 0.155363
vt 0.395683 0.531408
vt 0.412735 0.530790
vt 0.412735 0.531436
vt 0.320458 0.053512
vt 0.395659 0.550100
vt 0.339124 0.052740
vt 0.320799 0.061732
vt 0.396475 0.136003
vt 0.395658 0.550746
vt 0.412714 0.550113
vt 0.412714 0.550759
vt 0.339770 0.052713
vt 0.395633 0.569431
vt 0.358436 0.051940
vt 0.340110 0.060933
vt 0.396592 0.116640
vt 0.395631 0.570077
vt 0.412677 0.569394
vt 0.213004 0.550410
vt 0.359081 0.051913
vt 0.395576 0.588757
vt 0.377747 0.051141
vt 0.359422 0.060133
vt 0.396720 0.097272
vt 0.395572 0.589403
vt 0.412570 0.588696
vt 0.412684 0.589368
vt 0.378393 0.051114
vt 0.395744 0.607608
vt 0.396925 0.050364
vt 0.378733 0.059332
vt 0.396868 0.077910
vt 0.397571 0.050345
vt 0.412498 0.607992
vt 0.412467 0.608639
vt 0.397910 0.058514
vt 0.397355 0.059043
vt 0.397057 0.328826
vt 0.413884 0.328673
vt 0.413880 0.329323
vt 0.396605 0.310429
vt 0.396598 0.309786
vt 0.413647 0.309543
vt 0.413654 0.310188
vt 0.396472 0.291066
vt 0.396471 0.290418
vt 0.413532 0.290244
vt 0.413535 0.290890
vt 0.396456 0.271656
vt 0.396457 0.271007
vt 0.413517 0.270910
vt 0.413516 0.271557
vt 0.396502 0.252247
vt 0.396505 0.251598
vt 0.413561 0.251558
vt 0.413559 0.252205
vt 0.396583 0.232850
vt 0.396586 0.232201
vt 0.413640 0.232203
vt 0.413637 0.232850
vt 0.396680 0.213466
vt 0.396684 0.212818
vt 0.413736 0.212849
vt 0.413733 0.213496
vt 0.396787 0.194093
vt 0.396790 0.193445
vt 0.413842 0.193500
vt 0.413838 0.194147
vt 0.396897 0.174727
vt 0.396900 0.174080
vt 0.413951 0.174154
vt 0.413947 0.174800
vt 0.397008 0.155366
vt 0.397012 0.154719
vt 0.414062 0.154811
vt 0.414058 0.155457
vt 0.397121 0.136007
vt 0.397125 0.135359
vt 0.414176 0.135472
vt 0.414172 0.136118
vt 0.397239 0.116645
vt 0.397243 0.115997
vt 0.414297 0.116140
vt 0.414293 0.116786
vt 0.397366 0.097278
vt 0.397371 0.096630
vt 0.414443 0.096828
vt 0.414438 0.097473
vt 0.397515 0.077926
vt 0.397522 0.077278
vt 0.414664 0.077562
vt 0.414653 0.078203
vt 0.397989 0.059142
vt 0.414780 0.058299
vt 0.414792 0.058945
vt 0.414520 0.329323
vt 0.414504 0.337532
vt 0.414521 0.328677
vt 0.414300 0.310181
vt 0.431520 0.328729
vt 0.431522 0.329379
vt 0.414294 0.309537
vt 0.431431 0.309504
vt 0.431434 0.310152
vt 0.414182 0.290885
vt 0.414180 0.290240
vt 0.431366 0.290182
vt 0.431368 0.290828
vt 0.414163 0.271553
vt 0.414164 0.270907
vt 0.431364 0.270864
vt 0.431364 0.271510
vt 0.414206 0.252204
vt 0.414208 0.251557
vt 0.431412 0.251541
vt 0.431410 0.252188
vt 0.414284 0.232850
vt 0.414287 0.232203
vt 0.431489 0.232215
vt 0.431487 0.232861
vt 0.414380 0.213498
vt 0.414383 0.212851
vt 0.431584 0.212887
vt 0.431581 0.213533
vt 0.414485 0.194149
vt 0.414488 0.193502
vt 0.431687 0.193558
vt 0.431684 0.194205
vt 0.414594 0.174803
vt 0.414598 0.174156
vt 0.431795 0.174230
vt 0.431791 0.174876
vt 0.414705 0.155461
vt 0.414709 0.154814
vt 0.431905 0.154903
vt 0.431902 0.155550
vt 0.414819 0.136122
vt 0.414822 0.135476
vt 0.432021 0.135580
vt 0.432017 0.136226
vt 0.414940 0.116791
vt 0.414944 0.116145
vt 0.432146 0.116262
vt 0.432142 0.116908
vt 0.415085 0.097479
vt 0.415091 0.096834
vt 0.432292 0.096951
vt 0.432286 0.097597
vt 0.415300 0.078208
vt 0.415306 0.077563
vt 0.432452 0.077629
vt 0.432447 0.078275
vt 0.415433 0.058947
vt 0.415424 0.058296
vt 0.413135 0.608641
vt 0.432531 0.058370
vt 0.432530 0.059018
vt 0.432159 0.329383
vt 0.432123 0.337659
vt 0.431484 0.337657
vt 0.432159 0.328733
vt 0.432078 0.310152
vt 0.449169 0.328813
vt 0.449167 0.329463
vt 0.432075 0.309505
vt 0.449171 0.309548
vt 0.449171 0.310196
vt 0.432014 0.290827
vt 0.432013 0.290182
vt 0.449172 0.290196
vt 0.449171 0.290843
vt 0.432011 0.271509
vt 0.432012 0.270864
vt 0.449203 0.270872
vt 0.449202 0.271519
vt 0.432057 0.252187
vt 0.432059 0.251542
vt 0.449265 0.251560
vt 0.449263 0.252206
vt 0.432134 0.232862
vt 0.432137 0.232216
vt 0.449348 0.232249
vt 0.449345 0.232895
vt 0.432228 0.213535
vt 0.432232 0.212889
vt 0.449443 0.212938
vt 0.449439 0.213584
vt 0.432331 0.194207
vt 0.432335 0.193561
vt 0.449544 0.193624
vt 0.449541 0.194270
vt 0.432439 0.174879
vt 0.432442 0.174233
vt 0.449649 0.174308
vt 0.449645 0.174954
vt 0.432549 0.155553
vt 0.432553 0.154907
vt 0.449757 0.154992
vt 0.449754 0.155638
vt 0.432664 0.136230
vt 0.432668 0.135583
vt 0.449870 0.135675
vt 0.449866 0.136321
vt 0.432789 0.116912
vt 0.432793 0.116266
vt 0.449991 0.116358
vt 0.449987 0.117004
vt 0.432933 0.097600
vt 0.432938 0.096954
vt 0.450121 0.097034
vt 0.450116 0.097680
vt 0.433093 0.078277
vt 0.433097 0.077630
vt 0.450245 0.077691
vt 0.450241 0.078338
vt 0.433175 0.059021
vt 0.433175 0.058372
vt 0.432510 0.050121
vt 0.430999 0.608693
vt 0.450322 0.058461
vt 0.450320 0.059108
vt 0.449807 0.329466
vt 0.449771 0.337741
vt 0.449131 0.337739
vt 0.449808 0.328816
vt 0.449814 0.310198
vt 0.466834 0.328886
vt 0.466831 0.329536
vt 0.449814 0.309550
vt 0.466894 0.309612
vt 0.466892 0.310261
vt 0.449816 0.290844
vt 0.449817 0.290198
vt 0.466957 0.290248
vt 0.466955 0.290895
vt 0.449848 0.271519
vt 0.449850 0.270874
vt 0.467032 0.270920
vt 0.467029 0.271566
vt 0.449910 0.252207
vt 0.449913 0.251561
vt 0.467117 0.251612
vt 0.467115 0.252257
vt 0.449993 0.232897
vt 0.449996 0.232251
vt 0.467210 0.232309
vt 0.467207 0.232955
vt 0.450087 0.213586
vt 0.450090 0.212940
vt 0.467307 0.213006
vt 0.467304 0.213652
vt 0.450188 0.194272
vt 0.450192 0.193627
vt 0.467407 0.193700
vt 0.467403 0.194346
vt 0.450293 0.174957
vt 0.450297 0.174311
vt 0.467508 0.174391
vt 0.467505 0.175037
vt 0.450401 0.155641
vt 0.450405 0.154995
vt 0.467612 0.155079
vt 0.467609 0.155725
vt 0.450514 0.136325
vt 0.450518 0.135679
vt 0.467719 0.135764
vt 0.467716 0.136410
vt 0.450634 0.117007
vt 0.450638 0.116361
vt 0.467830 0.116444
vt 0.467826 0.117090
vt 0.450763 0.097683
vt 0.450767 0.097037
vt 0.467942 0.097112
vt 0.467938 0.097759
vt 0.450887 0.078341
vt 0.450890 0.077693
vt 0.468047 0.077767
vt 0.468044 0.078414
vt 0.450966 0.059111
vt 0.450968 0.058464
vt 0.450339 0.050225
vt 0.448861 0.608747
vt 0.468131 0.058550
vt 0.468128 0.059197
vt 0.467471 0.329538
vt 0.467435 0.337807
vt 0.466794 0.337805
vt 0.467474 0.328889
vt 0.467534 0.310263
vt 0.484505 0.328954
vt 0.484502 0.329604
vt 0.467536 0.309615
vt 0.484611 0.309681
vt 0.484607 0.310329
vt 0.467599 0.290897
vt 0.467602 0.290251
vt 0.484736 0.290321
vt 0.484732 0.290967
vt 0.467676 0.271569
vt 0.467678 0.270923
vt 0.484858 0.270998
vt 0.484854 0.271644
vt 0.467762 0.252260
vt 0.467765 0.251614
vt 0.484970 0.251695
vt 0.484966 0.252340
vt 0.467855 0.232957
vt 0.467858 0.232312
vt 0.485073 0.232396
vt 0.485070 0.233041
vt 0.467952 0.213655
vt 0.467955 0.213009
vt 0.485173 0.213095
vt 0.485170 0.213740
vt 0.468051 0.194349
vt 0.468054 0.193703
vt 0.485271 0.193790
vt 0.485268 0.194435
vt 0.468153 0.175040
vt 0.468156 0.174394
vt 0.485369 0.174481
vt 0.485366 0.175127
vt 0.468256 0.155728
vt 0.468260 0.155083
vt 0.485467 0.155169
vt 0.485464 0.155815
vt 0.468363 0.136413
vt 0.468367 0.135767
vt 0.485567 0.135853
vt 0.485563 0.136499
vt 0.468473 0.117093
vt 0.468477 0.116447
vt 0.485666 0.116530
vt 0.485662 0.117176
vt 0.468585 0.097762
vt 0.468588 0.097115
vt 0.485762 0.097197
vt 0.485759 0.097843
vt 0.468690 0.078417
vt 0.468693 0.077770
vt 0.485855 0.077852
vt 0.485852 0.078499
vt 0.468774 0.059200
vt 0.468777 0.058553
vt 0.468162 0.050319
vt 0.466711 0.608790
vt 0.485946 0.058639
vt 0.485943 0.059285
vt 0.485142 0.329606
vt 0.485105 0.337874
vt 0.484465 0.337871
vt 0.485146 0.328957
vt 0.485249 0.310332
vt 0.502167 0.329018
vt 0.502163 0.329668
vt 0.485253 0.309684
vt 0.502329 0.309753
vt 0.502323 0.310401
vt 0.485376 0.290970
vt 0.485381 0.290324
vt 0.502523 0.290415
vt 0.502517 0.291062
vt 0.485500 0.271648
vt 0.485504 0.271002
vt 0.502691 0.271110
vt 0.502686 0.271755
vt 0.485614 0.252344
vt 0.485617 0.251698
vt 0.502825 0.251811
vt 0.502821 0.252456
vt 0.485718 0.233044
vt 0.485721 0.232399
vt 0.502937 0.232509
vt 0.502933 0.233155
vt 0.485818 0.213744
vt 0.485821 0.213098
vt 0.503037 0.213203
vt 0.503034 0.213849
vt 0.485915 0.194439
vt 0.485919 0.193793
vt 0.503133 0.193892
vt 0.503130 0.194538
vt 0.486013 0.175130
vt 0.486016 0.174484
vt 0.503227 0.174578
vt 0.503224 0.175224
vt 0.486112 0.155818
vt 0.486115 0.155172
vt 0.503320 0.155262
vt 0.503317 0.155908
vt 0.486211 0.136502
vt 0.486214 0.135856
vt 0.503412 0.135942
vt 0.503409 0.136588
vt 0.486309 0.117179
vt 0.486312 0.116533
vt 0.503501 0.116618
vt 0.503498 0.117264
vt 0.486405 0.097847
vt 0.486408 0.097200
vt 0.503584 0.097287
vt 0.503581 0.097933
vt 0.486498 0.078502
vt 0.486501 0.077855
vt 0.503665 0.077944
vt 0.503662 0.078591
vt 0.486589 0.059288
vt 0.486592 0.058642
vt 0.485987 0.050409
vt 0.484555 0.608830
vt 0.503760 0.058728
vt 0.503756 0.059375
vt 0.502803 0.329670
vt 0.502765 0.337939
vt 0.502126 0.337936
vt 0.502808 0.329021
vt 0.502965 0.310403
vt 0.519804 0.329080
vt 0.519799 0.329729
vt 0.502972 0.309756
vt 0.520059 0.309844
vt 0.520050 0.310490
vt 0.503162 0.291065
vt 0.503169 0.290420
vt 0.520335 0.290557
vt 0.520328 0.291201
vt 0.503333 0.271760
vt 0.503338 0.271115
vt 0.520537 0.271269
vt 0.520532 0.271915
vt 0.503468 0.252461
vt 0.503472 0.251816
vt 0.520682 0.251966
vt 0.520678 0.252612
vt 0.503581 0.233159
vt 0.503584 0.232514
vt 0.520796 0.232651
vt 0.520793 0.233297
vt 0.503682 0.213853
vt 0.503685 0.213207
vt 0.520895 0.213331
vt 0.520892 0.213977
vt 0.503777 0.194542
vt 0.503780 0.193896
vt 0.520988 0.194007
vt 0.520985 0.194653
vt 0.503871 0.175228
vt 0.503874 0.174582
vt 0.521079 0.174682
vt 0.521076 0.175328
vt 0.503964 0.155911
vt 0.503967 0.155265
vt 0.521168 0.155356
vt 0.521165 0.156003
vt 0.504056 0.136591
vt 0.504059 0.135945
vt 0.521256 0.136031
vt 0.521253 0.136677
vt 0.504145 0.117267
vt 0.504147 0.116621
vt 0.521337 0.116705
vt 0.521334 0.117351
vt 0.504227 0.097937
vt 0.504230 0.097290
vt 0.521408 0.097378
vt 0.521406 0.098024
vt 0.504308 0.078594
vt 0.504310 0.077947
vt 0.521473 0.078042
vt 0.521471 0.078689
vt 0.504402 0.059378
vt 0.504405 0.058731
vt 0.503814 0.050497
vt 0.502393 0.608868
vt 0.521563 0.058819
vt 0.521558 0.059466
vt 0.520438 0.329732
vt 0.520399 0.337989
vt 0.519763 0.337987
vt 0.520444 0.329084
vt 0.520693 0.310493
vt 0.537393 0.329180
vt 0.537389 0.329826
vt 0.520703 0.309849
vt 0.537827 0.310032
vt 0.537813 0.310674
vt 0.520974 0.291208
vt 0.520982 0.290564
vt 0.538184 0.290804
vt 0.538175 0.291448
vt 0.521179 0.271921
vt 0.521185 0.271277
vt 0.538393 0.271498
vt 0.538387 0.272144
vt 0.521326 0.252618
vt 0.521330 0.251972
vt 0.538535 0.252162
vt 0.538531 0.252809
vt 0.521440 0.233303
vt 0.521444 0.232657
vt 0.538646 0.232817
vt 0.538642 0.233464
vt 0.521539 0.213982
vt 0.521543 0.213336
vt 0.538742 0.213473
vt 0.538739 0.214119
vt 0.521632 0.194658
vt 0.521635 0.194011
vt 0.538832 0.194130
vt 0.538829 0.194777
vt 0.521723 0.175332
vt 0.521726 0.174686
vt 0.538921 0.174789
vt 0.538918 0.175436
vt 0.521812 0.156006
vt 0.521815 0.155360
vt 0.539009 0.155451
vt 0.539006 0.156097
vt 0.521900 0.136680
vt 0.521902 0.136034
vt 0.539094 0.136114
vt 0.539092 0.136760
vt 0.521981 0.117354
vt 0.521984 0.116708
vt 0.539174 0.116782
vt 0.539171 0.117428
vt 0.522053 0.098027
vt 0.522055 0.097381
vt 0.539239 0.097457
vt 0.539238 0.098103
vt 0.522117 0.078692
vt 0.522119 0.078045
vt 0.539287 0.078140
vt 0.539285 0.078786
vt 0.522202 0.059470
vt 0.522207 0.058821
vt 0.521652 0.050583
vt 0.520232 0.608900
vt 0.539341 0.058920
vt 0.539326 0.059569
vt 0.538028 0.329831
vt 0.538013 0.338005
vt 0.537374 0.338007
vt 0.538032 0.329189
vt 0.538456 0.310683
vt 0.554804 0.329347
vt 0.827674 0.071497
vt 0.538474 0.310045
vt 0.555598 0.310605
vt 0.555582 0.311254
vt 0.538824 0.291460
vt 0.538832 0.290816
vt 0.555902 0.291206
vt 0.555892 0.291856
vt 0.539035 0.272154
vt 0.539040 0.271508
vt 0.556096 0.271785
vt 0.556089 0.272435
vt 0.539178 0.252816
vt 0.539182 0.252170
vt 0.556234 0.252380
vt 0.556229 0.253029
vt 0.539289 0.233471
vt 0.539293 0.232824
vt 0.556343 0.232992
vt 0.556340 0.233641
vt 0.539386 0.214125
vt 0.539389 0.213478
vt 0.556439 0.213618
vt 0.556436 0.214266
vt 0.539476 0.194781
vt 0.539479 0.194134
vt 0.556529 0.194253
vt 0.556526 0.194901
vt 0.539565 0.175440
vt 0.539568 0.174793
vt 0.556617 0.174896
vt 0.556614 0.175543
vt 0.539653 0.156101
vt 0.539656 0.155454
vt 0.556705 0.155541
vt 0.556702 0.156189
vt 0.539738 0.136763
vt 0.539741 0.136117
vt 0.556791 0.136189
vt 0.556788 0.136836
vt 0.539818 0.117430
vt 0.539820 0.116784
vt 0.556871 0.116839
vt 0.556868 0.117486
vt 0.539884 0.098105
vt 0.539886 0.097459
vt 0.556936 0.097497
vt 0.556934 0.098144
vt 0.539931 0.078788
vt 0.539933 0.078141
vt 0.556977 0.078198
vt 0.556978 0.078841
vt 0.539966 0.059577
vt 0.539984 0.058925
vt 0.539535 0.050682
vt 0.538091 0.608958
vt 0.556996 0.059187
vt 0.556915 0.059811
vt 0.555436 0.329462
vt 0.827402 0.063249
vt 0.554811 0.338010
vt 0.808500 0.070626
vt 0.556244 0.310631
vt 0.808227 0.062378
vt 0.555989 0.356678
vt 0.789192 0.069749
vt 0.556548 0.291219
vt 0.788919 0.061501
vt 0.556186 0.376093
vt 0.769884 0.068872
vt 0.556742 0.271795
vt 0.769611 0.060624
vt 0.556261 0.395510
vt 0.750575 0.067995
vt 0.556880 0.252388
vt 0.750303 0.059747
vt 0.556268 0.414916
vt 0.731267 0.067118
vt 0.556990 0.232998
vt 0.730995 0.058870
vt 0.556241 0.434309
vt 0.711959 0.066241
vt 0.557085 0.213623
vt 0.711687 0.057993
vt 0.556198 0.453690
vt 0.692651 0.065364
vt 0.557175 0.194258
vt 0.692379 0.057116
vt 0.556146 0.473059
vt 0.673343 0.064487
vt 0.557263 0.174899
vt 0.673071 0.056239
vt 0.556091 0.492422
vt 0.654035 0.063610
vt 0.557351 0.155545
vt 0.653763 0.055362
vt 0.556035 0.511779
vt 0.634727 0.062733
vt 0.557437 0.136192
vt 0.634455 0.054485
vt 0.555979 0.531135
vt 0.615419 0.061856
vt 0.557517 0.116840
vt 0.615147 0.053608
vt 0.555923 0.550491
vt 0.596111 0.060979
vt 0.557582 0.097497
vt 0.595838 0.052731
vt 0.555852 0.569856
vt 0.576803 0.060101
vt 0.557624 0.078179
vt 0.576530 0.051854
vt 0.555789 0.589220
vt 0.557637 0.059220
vt 0.557343 0.050997
vt 0.555446 0.608167
vt 0.554746 0.338632
vt 0.538010 0.338650
vt 0.555344 0.356719
vt 0.555352 0.357366
vt 0.538397 0.357805
vt 0.834060 0.115324
vt 0.555540 0.376108
vt 0.555543 0.376757
vt 0.538501 0.377078
vt 0.898854 0.120116
vt 0.555615 0.395519
vt 0.555615 0.396168
vt 0.538546 0.396343
vt 0.538544 0.395697
vt 0.555622 0.414921
vt 0.555621 0.415570
vt 0.538561 0.415678
vt 0.538560 0.415032
vt 0.555595 0.434312
vt 0.555593 0.434961
vt 0.538537 0.435023
vt 0.538538 0.434376
vt 0.555551 0.453691
vt 0.555549 0.454339
vt 0.538496 0.454368
vt 0.538497 0.453721
vt 0.555499 0.473060
vt 0.555497 0.473707
vt 0.538446 0.473713
vt 0.538447 0.473066
vt 0.555445 0.492421
vt 0.555443 0.493069
vt 0.538392 0.493055
vt 0.538394 0.492409
vt 0.555389 0.511778
vt 0.555387 0.512426
vt 0.538337 0.512396
vt 0.538339 0.511749
vt 0.555333 0.531133
vt 0.555331 0.531781
vt 0.538279 0.531734
vt 0.538281 0.531087
vt 0.555277 0.550489
vt 0.555275 0.551136
vt 0.538214 0.551064
vt 0.538216 0.550418
vt 0.555205 0.569852
vt 0.555203 0.570500
vt 0.538272 0.570381
vt 0.889181 0.850267
vt 0.555142 0.589209
vt 0.555140 0.589857
vt 0.538022 0.589691
vt 0.823701 0.849862
vt 0.554811 0.608075
vt 0.538067 0.608312
vt 0.537371 0.338652
vt 0.832861 0.116103
vt 0.520402 0.338637
vt 0.832863 0.118159
vt 0.835022 0.118248
vt 0.818613 0.421547
vt 0.816574 0.421215
vt 0.773930 0.117366
vt 0.773992 0.115286
vt 0.898666 0.122178
vt 0.900813 0.122400
vt 0.880022 0.425268
vt 0.877952 0.425283
vt 0.537826 0.377196
vt 0.537897 0.395702
vt 0.520615 0.377279
vt 0.707045 0.122288
vt 0.537898 0.396348
vt 0.520693 0.396453
vt 0.520692 0.395808
vt 0.537913 0.415035
vt 0.537913 0.415682
vt 0.520704 0.415757
vt 0.520704 0.415111
vt 0.537891 0.434378
vt 0.537890 0.435025
vt 0.520683 0.435070
vt 0.520684 0.434424
vt 0.537850 0.453722
vt 0.537849 0.454369
vt 0.520645 0.454390
vt 0.520647 0.453744
vt 0.537801 0.473066
vt 0.537799 0.473713
vt 0.520599 0.473714
vt 0.520600 0.473067
vt 0.537747 0.492408
vt 0.537745 0.493055
vt 0.520548 0.493040
vt 0.520550 0.492393
vt 0.537692 0.511748
vt 0.537690 0.512395
vt 0.520495 0.512367
vt 0.520497 0.511720
vt 0.537635 0.531086
vt 0.537633 0.531732
vt 0.520437 0.531693
vt 0.520439 0.531047
vt 0.537569 0.550416
vt 0.537567 0.551062
vt 0.520372 0.551019
vt 0.520374 0.550372
vt 0.890404 0.849307
vt 0.889928 0.847315
vt 0.887770 0.847379
vt 0.890620 0.542058
vt 0.892709 0.541800
vt 0.947749 0.838722
vt 0.693492 0.837741
vt 0.823657 0.847791
vt 0.821467 0.847722
vt 0.828971 0.543818
vt 0.830960 0.543858
vt 0.537350 0.589805
vt 0.537420 0.608309
vt 0.520207 0.589789
vt 0.762241 0.845174
vt 0.520229 0.608253
vt 0.519763 0.338636
vt 0.519829 0.357218
vt 0.502764 0.338588
vt 0.771770 0.117372
vt 0.762961 0.416883
vt 0.760968 0.416862
vt 0.519739 0.357876
vt 0.709100 0.121987
vt 0.519836 0.376517
vt 0.502776 0.357848
vt 0.502775 0.357201
vt 0.701114 0.419717
vt 0.698986 0.420015
vt 0.519953 0.377189
vt 0.520045 0.395810
vt 0.502819 0.377178
vt 0.502818 0.376532
vt 0.520046 0.396455
vt 0.502848 0.396494
vt 0.502847 0.395849
vt 0.520057 0.415114
vt 0.520056 0.415759
vt 0.502844 0.415789
vt 0.502844 0.415143
vt 0.520037 0.434426
vt 0.520036 0.435071
vt 0.502820 0.435088
vt 0.502821 0.434442
vt 0.519999 0.453744
vt 0.519998 0.454390
vt 0.502784 0.454393
vt 0.502785 0.453747
vt 0.519953 0.473067
vt 0.519952 0.473713
vt 0.502742 0.473703
vt 0.502743 0.473057
vt 0.519903 0.492393
vt 0.519901 0.493039
vt 0.502695 0.493018
vt 0.502697 0.492372
vt 0.519850 0.511719
vt 0.519848 0.512366
vt 0.502646 0.512336
vt 0.502648 0.511690
vt 0.519792 0.531046
vt 0.519790 0.531692
vt 0.502592 0.531658
vt 0.502594 0.531012
vt 0.519727 0.550371
vt 0.519725 0.551017
vt 0.502533 0.550983
vt 0.502535 0.550336
vt 0.519629 0.569669
vt 0.697300 0.837057
vt 0.948215 0.541569
vt 0.712787 0.531659
vt 0.519532 0.570329
vt 0.760071 0.845005
vt 0.519436 0.589021
vt 0.502469 0.570313
vt 0.502471 0.569667
vt 0.772669 0.540483
vt 0.774663 0.540657
vt 0.519547 0.589694
vt 0.519583 0.608251
vt 0.502413 0.589653
vt 0.502415 0.589006
vt 0.502393 0.608221
vt 0.502124 0.338586
vt 0.502132 0.357199
vt 0.485103 0.338523
vt 0.502133 0.357846
vt 0.485059 0.357794
vt 0.485060 0.357145
vt 0.502173 0.376532
vt 0.502174 0.377178
vt 0.485035 0.377151
vt 0.485035 0.376504
vt 0.502200 0.395849
vt 0.502201 0.396494
vt 0.485013 0.396474
vt 0.485014 0.395828
vt 0.502196 0.415144
vt 0.502196 0.415789
vt 0.484986 0.415775
vt 0.484987 0.415130
vt 0.502173 0.434443
vt 0.502172 0.435088
vt 0.484953 0.435072
vt 0.484954 0.434427
vt 0.502137 0.453747
vt 0.502136 0.454392
vt 0.484917 0.454372
vt 0.484918 0.453727
vt 0.502095 0.473057
vt 0.502094 0.473702
vt 0.484879 0.473677
vt 0.484880 0.473031
vt 0.502049 0.492371
vt 0.502048 0.493017
vt 0.484838 0.492986
vt 0.484839 0.492341
vt 0.502000 0.511689
vt 0.501999 0.512335
vt 0.484794 0.512301
vt 0.484796 0.511655
vt 0.501947 0.531010
vt 0.501945 0.531656
vt 0.484747 0.531621
vt 0.484749 0.530975
vt 0.501888 0.550335
vt 0.501886 0.550981
vt 0.484697 0.550947
vt 0.484698 0.550301
vt 0.501825 0.569666
vt 0.501823 0.570312
vt 0.484643 0.570282
vt 0.484645 0.569636
vt 0.501769 0.589005
vt 0.501767 0.589652
vt 0.484593 0.589625
vt 0.484594 0.588978
vt 0.501746 0.608220
vt 0.484556 0.608183
vt 0.484463 0.338521
vt 0.484418 0.357143
vt 0.467432 0.338457
vt 0.484416 0.357791
vt 0.467341 0.357730
vt 0.467344 0.357082
vt 0.484391 0.376503
vt 0.484390 0.377150
vt 0.467254 0.377094
vt 0.467257 0.376447
vt 0.484368 0.395827
vt 0.484367 0.396472
vt 0.467184 0.396420
vt 0.467186 0.395774
vt 0.484339 0.415129
vt 0.484338 0.415774
vt 0.467130 0.415725
vt 0.467132 0.415080
vt 0.484307 0.434426
vt 0.484305 0.435071
vt 0.467087 0.435026
vt 0.467088 0.434380
vt 0.484271 0.453726
vt 0.484269 0.454371
vt 0.467050 0.454327
vt 0.467051 0.453682
vt 0.484232 0.473030
vt 0.484231 0.473675
vt 0.467014 0.473633
vt 0.467015 0.472988
vt 0.484191 0.492339
vt 0.484190 0.492985
vt 0.466979 0.492944
vt 0.466980 0.492298
vt 0.484148 0.511654
vt 0.484147 0.512300
vt 0.466942 0.512259
vt 0.466943 0.511613
vt 0.484102 0.530973
vt 0.484100 0.531620
vt 0.466904 0.531579
vt 0.466905 0.530933
vt 0.484052 0.550300
vt 0.484050 0.550946
vt 0.466863 0.550906
vt 0.466864 0.550259
vt 0.483999 0.569634
vt 0.483997 0.570281
vt 0.466818 0.570242
vt 0.466820 0.569595
vt 0.483948 0.588977
vt 0.483946 0.589623
vt 0.466768 0.589585
vt 0.466770 0.588938
vt 0.483909 0.608182
vt 0.466712 0.608144
vt 0.466791 0.338454
vt 0.466702 0.357080
vt 0.449767 0.338391
vt 0.466698 0.357728
vt 0.449616 0.357655
vt 0.449621 0.357007
vt 0.466612 0.376445
vt 0.466609 0.377092
vt 0.449464 0.377012
vt 0.449469 0.376365
vt 0.466540 0.395771
vt 0.466538 0.396417
vt 0.449351 0.396331
vt 0.449354 0.395685
vt 0.466484 0.415077
vt 0.466483 0.415723
vt 0.449274 0.415640
vt 0.449276 0.414995
vt 0.466440 0.434378
vt 0.466439 0.435023
vt 0.449222 0.434949
vt 0.449224 0.434303
vt 0.466403 0.453680
vt 0.466402 0.454325
vt 0.449185 0.454260
vt 0.449186 0.453615
vt 0.466368 0.472986
vt 0.466367 0.473632
vt 0.449153 0.473575
vt 0.449154 0.472929
vt 0.466332 0.492296
vt 0.466331 0.492942
vt 0.449122 0.492891
vt 0.449123 0.492245
vt 0.466296 0.511611
vt 0.466295 0.512257
vt 0.449092 0.512210
vt 0.449093 0.511564
vt 0.466258 0.530931
vt 0.466257 0.531577
vt 0.449061 0.531531
vt 0.449062 0.530885
vt 0.466218 0.550258
vt 0.466216 0.550904
vt 0.449030 0.550856
vt 0.449031 0.550210
vt 0.466173 0.569594
vt 0.466172 0.570240
vt 0.448995 0.570191
vt 0.448996 0.569544
vt 0.466123 0.588937
vt 0.466121 0.589584
vt 0.448946 0.589535
vt 0.448948 0.588888
vt 0.466065 0.608143
vt 0.448863 0.608100
vt 0.449127 0.338389
vt 0.448979 0.357004
vt 0.432118 0.338310
vt 0.448973 0.357652
vt 0.432022 0.357566
vt 0.189210 0.602530
vt 0.448824 0.376362
vt 0.448819 0.377008
vt 0.431675 0.376918
vt 0.254836 0.603744
vt 0.448707 0.395682
vt 0.448704 0.396327
vt 0.431507 0.396196
vt 0.431511 0.395550
vt 0.448628 0.414991
vt 0.448626 0.415637
vt 0.431416 0.415519
vt 0.431418 0.414873
vt 0.448576 0.434300
vt 0.448575 0.434946
vt 0.431362 0.434846
vt 0.431364 0.434200
vt 0.448538 0.453612
vt 0.448537 0.454258
vt 0.431327 0.454175
vt 0.431328 0.453529
vt 0.448506 0.472926
vt 0.448505 0.473572
vt 0.431298 0.473504
vt 0.431299 0.472857
vt 0.448476 0.492243
vt 0.448475 0.492889
vt 0.431272 0.492831
vt 0.431272 0.492185
vt 0.448446 0.511562
vt 0.448445 0.512208
vt 0.431245 0.512157
vt 0.431246 0.511511
vt 0.448415 0.530883
vt 0.448414 0.531529
vt 0.431220 0.531481
vt 0.431221 0.530835
vt 0.448385 0.550208
vt 0.448384 0.550854
vt 0.431196 0.550804
vt 0.431197 0.550158
vt 0.448350 0.569542
vt 0.448348 0.570189
vt 0.431311 0.570133
vt 0.149591 0.551796
vt 0.448302 0.588885
vt 0.448300 0.589532
vt 0.431165 0.589493
vt 0.340218 0.536962
vt 0.448216 0.608099
vt 0.431003 0.608047
vt 0.431479 0.338307
vt 0.188039 0.603374
vt 0.414500 0.338179
vt 0.188146 0.605446
vt 0.190326 0.605424
vt 0.189894 0.911192
vt 0.187828 0.911465
vt 0.129232 0.607721
vt 0.129190 0.605622
vt 0.254757 0.605832
vt 0.256951 0.605944
vt 0.251280 0.909652
vt 0.249278 0.909566
vt 0.431000 0.377023
vt 0.430864 0.395544
vt 0.413793 0.376789
vt 0.062088 0.616056
vt 0.430859 0.396190
vt 0.413651 0.396008
vt 0.413655 0.395361
vt 0.430771 0.414868
vt 0.430768 0.415514
vt 0.413562 0.415363
vt 0.413564 0.414716
vt 0.430716 0.434196
vt 0.430715 0.434842
vt 0.413512 0.434723
vt 0.413514 0.434076
vt 0.430680 0.453525
vt 0.430679 0.454172
vt 0.413480 0.454079
vt 0.413481 0.453432
vt 0.430652 0.472855
vt 0.430651 0.473501
vt 0.413454 0.473428
vt 0.413455 0.472781
vt 0.430625 0.492183
vt 0.430624 0.492829
vt 0.413430 0.492770
vt 0.413430 0.492123
vt 0.430599 0.511509
vt 0.430598 0.512155
vt 0.413405 0.512107
vt 0.413406 0.511460
vt 0.430574 0.530833
vt 0.430573 0.531479
vt 0.413381 0.531438
vt 0.413382 0.530791
vt 0.430550 0.550156
vt 0.430550 0.550802
vt 0.413360 0.550761
vt 0.413361 0.550115
vt 0.150967 0.550993
vt 0.151002 0.548903
vt 0.148804 0.548826
vt 0.152612 0.244167
vt 0.154603 0.244254
vt 0.210667 0.548396
vt 0.210602 0.550488
vt 0.338511 0.535824
vt 0.336464 0.536268
vt 0.328161 0.238803
vt 0.330301 0.238454
vt 0.430491 0.589602
vt 0.430355 0.608045
vt 0.413342 0.589467
vt 0.278777 0.544439
vt 0.413147 0.607994
vt 0.127074 0.607843
vt 0.132680 0.912607
vt 0.130581 0.912484
vt 0.064143 0.615649
vt 0.070243 0.915433
vt 0.068107 0.915799
vt 0.212863 0.548341
vt 0.208682 0.244450
vt 0.210669 0.244369
vt 0.276641 0.544596
vt 0.270397 0.238820
vt 0.272486 0.238429
vt 0.818402 0.423694
vt 0.814391 0.479903
vt 0.879413 0.427316
vt 0.701060 0.421856
vt 0.890704 0.539902
vt 0.948271 0.539399
vt 0.829956 0.541751
vt 0.773881 0.538491
vt 0.189786 0.913347
vt 0.132643 0.914780
vt 0.250088 0.911656
vt 0.070130 0.917588
vt 0.153833 0.242153
vt 0.276037 0.173363
vt 0.328498 0.236807
vt 0.270350 0.236662
vt 0.759676 0.847058
vt 0.760853 0.847994
vt 0.762147 0.847252
vt 0.694747 0.839412
vt 0.696747 0.839113
vt 0.520304 0.569557
vt 0.821303 0.849807
vt 0.822497 0.850659
vt 0.887786 0.849486
vt 0.538121 0.589033
vt 0.537503 0.569612
vt 0.538163 0.569707
vt 0.710673 0.531185
vt 0.695256 0.836605
vt 0.948710 0.840705
vt 0.712934 0.529486
vt 0.948456 0.477551
vt 0.892001 0.477764
vt 0.892636 0.539628
vt 0.278037 0.547418
vt 0.279158 0.546468
vt 0.276720 0.546693
vt 0.412583 0.570053
vt 0.413351 0.569283
vt 0.211842 0.551273
vt 0.337003 0.538350
vt 0.339038 0.538607
vt 0.148299 0.550852
vt 0.431260 0.588833
vt 0.430539 0.569362
vt 0.431199 0.569459
vt 0.209555 0.242327
vt 0.093440 0.233239
vt 0.332527 0.175992
vt 0.092862 0.235354
vt 0.085950 0.540060
vt 0.084977 0.542015
vt 0.272572 0.236103
vt 0.061615 0.613263
vt 0.315446 0.613050
vt 0.063644 0.613559
vt 0.413370 0.357395
vt 0.414149 0.356631
vt 0.127880 0.604879
vt 0.257499 0.603930
vt 0.190430 0.603336
vt 0.431261 0.356793
vt 0.431917 0.356892
vt 0.708711 0.119893
vt 0.706716 0.119499
vt 0.957855 0.132278
vt 0.772727 0.114480
vt 0.771540 0.115340
vt 0.520499 0.357102
vt 0.901467 0.120437
vt 0.900263 0.119416
vt 0.835231 0.116184
vt 0.538588 0.376417
vt 0.537618 0.357045
vt 0.538275 0.357136
vt 0.305544 0.920372
vt 0.133416 0.976654
vt 0.189777 0.975476
vt 0.306129 0.918259
vt 0.314434 0.614985
vt 0.060404 0.614886
vt 0.761925 0.418928
vt 0.934548 0.435574
vt 0.874973 0.483666
vt 0.934999 0.433458
vt 0.256226 0.602966
vt 0.431777 0.376258
vt 0.705436 0.121045
vt 0.956750 0.134141
vt 0.877898 0.427434
vt 0.816570 0.423375
vt 0.130920 0.914628
vt 0.187956 0.913634
vt 0.557553 0.059726
vt 0.576158 0.060072
vt 0.557625 0.078836
vt 0.595465 0.060949
vt 0.557580 0.098144
vt 0.614773 0.061826
vt 0.557514 0.117488
vt 0.634081 0.062703
vt 0.557434 0.136839
vt 0.653389 0.063580
vt 0.557348 0.156192
vt 0.672697 0.064457
vt 0.557260 0.175547
vt 0.692006 0.065335
vt 0.557172 0.194906
vt 0.711314 0.066212
vt 0.557082 0.214271
vt 0.730622 0.067089
vt 0.556986 0.233647
vt 0.749930 0.067966
vt 0.556876 0.253038
vt 0.769238 0.068843
vt 0.556736 0.272447
vt 0.788546 0.069720
vt 0.556539 0.291874
vt 0.807854 0.070597
vt 0.556229 0.311302
vt 0.827028 0.071468
vt 0.396875 0.077245
vt 0.397265 0.058548
vt 0.396725 0.096621
vt 0.378087 0.059359
vt 0.396597 0.115992
vt 0.358776 0.060160
vt 0.396479 0.135355
vt 0.339465 0.060959
vt 0.396366 0.154715
vt 0.320153 0.061759
vt 0.396254 0.174077
vt 0.300842 0.062559
vt 0.396144 0.193443
vt 0.281530 0.063359
vt 0.396038 0.212816
vt 0.262219 0.064158
vt 0.395940 0.232201
vt 0.242907 0.064958
vt 0.395859 0.251599
vt 0.223596 0.065758
vt 0.395811 0.271010
vt 0.204284 0.066557
vt 0.395825 0.290425
vt 0.184973 0.067357
vt 0.395951 0.309803
vt 0.165661 0.068157
vt 0.396421 0.328929
vt 0.146350 0.068956
vt 0.554865 0.329972
vt 0.127172 0.069751
vt 0.430348 0.608692
vt 0.415267 0.050062
vt 0.448213 0.608745
vt 0.433158 0.050128
vt 0.466063 0.608789
vt 0.450985 0.050230
vt 0.483907 0.608828
vt 0.468808 0.050323
vt 0.501746 0.608866
vt 0.486634 0.050412
vt 0.519584 0.608898
vt 0.504462 0.050500
vt 0.537428 0.608956
vt 0.522302 0.050586
vt 0.554899 0.608713
vt 0.540195 0.050687
vt 0.555787 0.589885
vt 0.557992 0.051022
vt 0.555850 0.570506
vt 0.577176 0.051883
vt 0.555921 0.551139
vt 0.596484 0.052760
vt 0.555977 0.531783
vt 0.615792 0.053637
vt 0.556033 0.512427
vt 0.635100 0.054514
vt 0.556089 0.493069
vt 0.654408 0.055391
vt 0.556144 0.473707
vt 0.673716 0.056268
vt 0.556196 0.454338
vt 0.693025 0.057145
vt 0.556240 0.434959
vt 0.712333 0.058022
vt 0.556267 0.415567
vt 0.731641 0.058900
vt 0.556261 0.396162
vt 0.750949 0.059777
vt 0.556189 0.376746
vt 0.770257 0.060654
vt 0.555998 0.357344
vt 0.789565 0.061531
vt 0.555380 0.338524
vt 0.808873 0.062408
vt 0.828047 0.063279
vt 0.414612 0.050057
vt 0.395105 0.607691
vt 0.395648 0.608242
vt 0.394929 0.588765
vt 0.394926 0.589425
vt 0.394987 0.569432
vt 0.394985 0.570079
vt 0.395012 0.550099
vt 0.395011 0.550746
vt 0.395038 0.530761
vt 0.395037 0.531408
vt 0.395063 0.511416
vt 0.395063 0.512063
vt 0.395088 0.492064
vt 0.395087 0.492712
vt 0.395112 0.472705
vt 0.395111 0.473353
vt 0.395138 0.453333
vt 0.395136 0.453981
vt 0.395169 0.433945
vt 0.395168 0.434594
vt 0.395216 0.414536
vt 0.395214 0.415187
vt 0.395289 0.395102
vt 0.395285 0.395755
vt 0.395468 0.375637
vt 0.395461 0.376292
vt 0.395728 0.356190
vt 0.395714 0.356860
vt 0.397005 0.337476
vt 0.396438 0.337989
vn -0.707106 -0.707107 0.000000
vn -0.707106 -0.707107 0.000000
vn -0.707106 -0.707107 0.000000
vn -0.707106 -0.707107 0.000000
vn 0.000000 -0.707107 0.707107
vn 0.000000 -0.707107 0.707107
vn 0.000000 -0.707107 0.707107
vn 0.000000 -0.707107 0.707107
vn -0.707104 0.000000 0.707109
vn -0.707104 0.000000 0.707109
vn -0.707104 0.000000 0.707109
vn -0.707104 0.000000 0.707109
vn 0.000000 -1.000000 0.000000
vn 0.000000 -1.000000 0.000000
vn 0.000000 -1.000000 0.000000
vn 0.000000 -1.000000 0.000000
vn 0.000000 -0.707106 0.707107
vn 0.000000 -0.707106 0.707107
vn 0.000000 -0.707107 0.707107
vn 0.000000 -0.707107 0.707107
vn 0.000000 0.000000 1.000000
vn 0.000000 0.000000 1.000000
vn 0.000000 0.000000 1.000000
vn 0.000000 0.000000 1.000000
vn 0.000000 -1.000000 -0.000000
vn 0.000000 -1.000000 0.000000
vn 0.000000 -1.000000 0.000000
vn 0.000000 -1.000000 -0.000000
vn 0.000000 -0.707107 0.707107
vn 0.000000 -0.707107 0.707107
vn 0.000000 -0.707107 0.707107
vn 0.000000 -0.707107 0.707107
vn 0.000000 0.000000 1.000000
vn 0.000000 0.000000 1.000000
vn 0.000000 0.000000 1.000000
vn 0.000000 0.000000 1.000000
vn 0.000000 -1.000000 0.000000
vn 0.000000 -1.000000 -0.000000
vn 0.000000 -1.000000 -0.000000
vn 0.000000 -1.000000 0.000000
vn 0.000000 -0.707107 0.707107
vn 0.000000 -0.707107 0.707107
vn 0.000000 -0.707107 0.707107
vn 0.000000 -0.707107 0.707107
vn 0.000000 0.000000 1.000000
vn 0.000000 0.000000 1.000000
vn 0.000000 0.000000 1.000000
vn 0.000000 0.000000 1.000000
vn 0.000000 -1.000000 0.000000
vn 0.000000 -1.000000 0.000000
vn 0.000000 -1.000000 0.000000
vn 0.000000 -1.000000 0.000000
vn 0.000000 -0.707106 0.707107
vn 0.000000 -0.707106 0.707107
vn 0.000000 -0.707107 0.707107
vn 0.000000 -0.707107 0.707107
vn 0.000000 0.000000 1.000000
vn 0.000000 0.000000 1.000000
vn 0.000000 0.000000 1.000000
vn 0.000000 0.000000 1.000000
vn 0.000000 -1.000000 0.000000
vn 0.000000 -1.000000 0.000000
vn 0.000000 -1.000000 0.000000
vn 0.000000 -1.000000 0.000000
vn 0.000000 -0.707107 0.707107
vn 0.000000 -0.707107 0.707107
vn 0.000000 -0.707107 0.707107
vn 0.000000 -0.707107 0.707107
vn 0.000000 0.000000 1.000000
vn 0.000000 0.000000 1.000000
vn 0.000000 0.000000 1.000000
vn 0.000000 0.000000 1.000000
vn 0.000000 -1.000000 0.000000
vn 0.000000 -1.000000 0.000000
vn 0.000000 -1.000000 0.000000
vn 0.000000 -1.000000 0.000000
vn 0.000000 -0.707107 0.707107
vn 0.000000 -0.707107 0.707107
vn 0.000000 -0.707107 0.707107
vn 0.000000 -0.707107 0.707107
vn 0.000000 0.000000 1.000000
vn 0.000000 0.000000 1.000000
vn 0.000000 0.000000 1.000000
vn 0.000000 0.000000 1.000000
vn 0.000000 -1.000000 0.000000
vn 0.000000 -1.000000 0.000000
vn 0.000000 -1.000000 0.000000
vn 0.000000 -1.000000 0.000000
vn 0.000000 -0.707107 0.707107
vn 0.000000 -0.707107 0.707107
vn 0.000000 -0.707107 0.707107
vn 0.000000 -0.707107 0.707107
vn 0.000000 0.000000 1.000000
vn 0.000000 0.000000 1.000000
vn 0.000000 0.000000 1.000000
vn 0.000000 0.000000 1.000000
vn 0.000000 -1.000000 0.000000
vn 0.000000 -1.000000 0.000000
vn 0.000000 -1.000000 0.000000
vn 0.000000 -1.000000 0.000000
vn 0.000000 -0.707107 0.707107
vn 0.000000 -0.707107 0.707107
vn 0.000000 -0.707107 0.707107
vn 0.000000 -0.707107 0.707107
vn 0.000000 0.000000 1.000000
vn 0.000000 0.000000 1.000000
vn 0.000000 0.000000 1.000000
vn 0.000000 0.000000 1.000000
vn 0.000000 -1.000000 0.000000
vn 0.000000 -1.000000 0.000000
vn 0.000000 -1.000000 0.000000
vn 0.000000 -1.000000 0.000000
vn 0.000000 -0.707106 0.707107
vn 0.000000 -0.707106 0.707107
vn 0.000000 -0.707107 0.707107
vn 0.000000 -0.707107 0.707107
vn 0.000000 0.000000 1.000000
vn 0.000000 0.000000 1.000000
vn 0.000000 0.000000 1.000000
vn 0.000000 0.000000 1.000000
vn 0.000000 -1.000000 0.000000
vn 0.000000 -1.000000 0.000000
vn 0.000000 -1.000000 0.000000
vn 0.000000 -1.000000 0.000000
vn 0.000000 -0.707107 0.707107
vn 0.000000 -0.707107 0.707107
vn 0.000000 -0.707107 0.707107
vn 0.000000 -0.707107 0.707107
vn 0.000000 0.000000 1.000000
vn 0.000000 0.000000 1.000000
vn 0.000000 0.000000 1.000000
vn 0.000000 0.000000 1.000000
vn 0.000000 -1.000000 0.000000
vn 0.000000 -1.000000 0.000000
vn 0.000000 -1.000000 0.000000
vn 0.000000 -1.000000 0.000000
vn 0.000000 -0.707107 0.707107
vn 0.000000 -0.707107 0.707107
vn 0.000000 -0.707107 0.707107
vn 0.000000 -0.707107 0.707107
vn 0.000000 0.000000 1.000000
vn 0.000000 0.000000 1.000000
vn 0.000000 0.000000 1.000000
vn 0.000000 0.000000 1.000000
vn 0.000000 -1.000000 0.000000
vn 0.000000 -1.000000 0.000000
vn 0.000000 -1.000000 0.000000
vn 0.000000 -1.000000 0.000000
vn 0.000000 -0.707107 0.707107
vn 0.000000 -0.707107 0.707107
vn 0.000000 -0.707107 0.707107
vn 0.000000 -0.707107 0.707107
vn 0.000000 0.000000 1.000000
vn 0.000000 0.000000 1.000000
vn 0.000000 0.000000 1.000000
vn 0.000000 0.000000 1.000000
vn 0.000000 -1.000000 -0.000000
vn 0.000000 -1.000000 0.000000
vn 0.000000 -1.000000 0.000000
vn 0.000000 -1.000000 0.000000
vn 0.000000 -0.707107 0.707107
vn 0.000000 -0.707107 0.707107
vn 0.000000 -0.707107 0.707107
vn 0.000000 -0.707107 0.707107
vn 0.000000 0.000000 1.000000
vn 0.000000 0.000000 1.000000
vn 0.000000 0.000000 1.000000
vn 0.000000 0.000000 1.000000
vn 0.707106 -0.707107 0.000000
vn 0.707106 -0.707107 0.000000
vn 0.707107 -0.707107 0.000000
vn 0.707107 -0.707107 0.000000
vn 0.707104 0.000000 0.707109
vn 0.707104 0.000000 0.707109
vn 0.707104 0.000000 0.707109
vn 0.707104 0.000000 0.707109
vn -0.707106 0.707107 0.000000
vn -0.707106 0.707107 0.000000
vn -0.707106 0.707107 0.000000
vn -0.707106 0.707107 0.000000
vn 0.000000 0.707107 0.707107
vn 0.000000 0.707107 0.707107
vn 0.000000 0.707106 0.707107
vn 0.000000 0.707106 0.707107
vn 0.000000 1.000000 0.000000
vn 0.000000 1.000000 0.000000
vn 0.000000 1.000000 0.000000
vn 0.000000 1.000000 0.000000
vn 0.000000 0.707106 0.707107
vn 0.000000 0.707106 0.707107
vn 0.000000 0.707107 0.707107
vn 0.000000 0.707107 0.707107
vn 0.000000 1.000000 0.000000
vn 0.000000 1.000000 0.000000
vn 0.000000 1.000000 0.000000
vn 0.000000 1.000000 0.000000
vn 0.000000 0.707107 0.707107
vn 0.000000 0.707107 0.707107
vn 0.000000 0.707107 0.707107
vn 0.000000 0.707107 0.707107
vn 0.000000 1.000000 0.000000
vn 0.000000 1.000000 0.000000
vn 0.000000 1.000000 0.000000
vn 0.000000 1.000000 0.000000
vn 0.000000 0.707107 0.707107
vn 0.000000 0.707107 0.707107
vn 0.000000 0.707107 0.707107
vn 0.000000 0.707107 0.707107
vn 0.000000 1.000000 0.000000
vn 0.000000 1.000000 0.000000
vn 0.000000 1.000000 0.000000
vn 0.000000 1.000000 0.000000
vn 0.000000 0.707107 0.707107
vn 0.000000 0.707107 0.707107
vn 0.000000 0.707107 0.707107
vn 0.000000 0.707107 0.707107
vn 0.000000 1.000000 0.000000
vn 0.000000 1.000000 0.000000
vn 0.000000 1.000000 0.000000
vn 0.000000 1.000000 0.000000
vn 0.000000 0.707107 0.707107
vn 0.000000 0.707107 0.707107
vn 0.000000 0.707107 0.707107
vn 0.000000 0.707107 0.707107
vn 0.000000 1.000000 0.000000
vn 0.000000 1.000000 0.000000
vn 0.000000 1.000000 0.000000
vn 0.000000 1.000000 0.000000
vn 0.000000 0.707107 0.707107
vn 0.000000 0.707107 0.707107
vn 0.000000 0.707107 0.707107
vn 0.000000 0.707107 0.707107
vn 0.000000 1.000000 0.000000
vn 0.000000 1.000000 0.000000
vn 0.000000 1.000000 0.000000
vn 0.000000 1.000000 0.000000
vn 0.000000 0.707107 0.707107
vn 0.000000 0.707107 0.707107
vn 0.000000 0.707107 0.707107
vn 0.000000 0.707107 0.707107
vn 0.000000 1.000000 0.000000
vn 0.000000 1.000000 0.000000
vn 0.000000 1.000000 0.000000
vn 0.000000 1.000000 0.000000
vn 0.000000 0.707107 0.707107
vn 0.000000 0.707107 0.707107
vn 0.000000 0.707107 0.707107
vn 0.000000 0.707107 0.707107
vn 0.000000 1.000000 0.000000
vn 0.000000 1.000000 0.000000
vn 0.000000 1.000000 0.000000
vn 0.000000 1.000000 0.000000
vn 0.000000 0.707107 0.707107
vn 0.000000 0.707107 0.707107
vn 0.000000 0.707107 0.707107
vn 0.000000 0.707107 0.707107
vn 0.000000 1.000000 0.000000
vn 0.000000 1.000000 0.000000
vn 0.000000 1.000000 0.000000
vn 0.000000 1.000000 0.000000
vn 0.000000 0.707107 0.707107
vn 0.000000 0.707107 0.707107
vn 0.000000 0.707107 0.707107
vn 0.000000 0.707107 0.707107
vn 0.000000 1.000000 0.000000
vn 0.000000 1.000000 0.000000
vn 0.000000 1.000000 0.000000
vn 0.000000 1.000000 0.000000
vn 0.000000 0.707107 0.707107
vn 0.000000 0.707107 0.707107
vn 0.000000 0.707107 0.707107
vn 0.000000 0.707107 0.707107
vn 0.000000 1.000000 0.000000
vn 0.000000 1.000000 0.000000
vn 0.000000 1.000000 0.000000
vn 0.000000 1.000000 0.000000
vn 0.000000 0.707107 0.707107
vn 0.000000 0.707107 0.707107
vn 0.000000 0.707107 0.707107
vn 0.000000 0.707107 0.707107
vn 0.000000 1.000000 0.000000
vn 0.000000 1.000000 0.000000
vn 0.000000 1.000000 0.000000
vn 0.000000 1.000000 0.000000
vn 0.000000 0.707106 0.707107
vn 0.000000 0.707106 0.707107
vn 0.000000 0.707106 0.707107
vn 0.000000 0.707106 0.707107
vn 0.707106 0.707107 0.000000
vn 0.707106 0.707107 0.000000
vn 0.707107 0.707107 0.000000
vn 0.707107 0.707107 0.000000
vn -1.000000 0.000000 0.000000
vn -1.000000 0.000000 0.000000
vn -1.000000 0.000000 0.000000
vn -1.000000 0.000000 0.000000
vn 0.000000 1.000000 -0.000000
vn 0.000000 1.000000 0.000000
vn 0.000000 1.000000 -0.000000
vn -0.707101 0.707112 0.000000
vn -0.707101 0.707112 0.000000
vn -0.707102 0.707112 0.000000
vn -0.707102 0.707112 0.000000
vn -0.000000 1.000000 -0.000000
vn -0.000000 1.000000 0.000000
vn 0.000000 1.000000 -0.000000
vn -0.000000 1.000000 -0.000000
vn 0.000000 1.000000 0.000000
vn 0.000000 1.000000 0.000000
vn -0.000000 1.000000 0.000000
vn 0.000000 1.000000 0.000000
vn 0.000000 1.000000 -0.000000
vn 0.000000 1.000000 -0.000000
vn 0.000000 1.000000 0.000000
vn 0.000000 1.000000 -0.000000
vn -0.000000 1.000000 -0.000000
vn -0.000000 1.000000 -0.000000
vn -0.000000 1.000000 -0.000000
vn -0.000000 1.000000 -0.000000
vn -0.000000 1.000000 -0.000000
vn -0.000000 1.000000 -0.000000
vn -0.000000 1.000000 -0.000000
vn 0.000000 1.000000 0.000000
vn 0.000000 1.000000 0.000000
vn 0.000000 1.000000 0.000000
vn 0.000000 1.000000 0.000000
vn 0.000000 1.000000 0.000000
vn 0.000000 1.000000 0.000000
vn 0.000000 1.000000 -0.000000
vn 0.000000 1.000000 -0.000000
vn 0.000000 1.000000 0.000000
vn 0.000000 1.000000 0.000000
vn -0.000000 1.000000 -0.000000
vn -0.000000 1.000000 -0.000000
vn 0.000000 1.000000 0.000000
vn 0.000000 1.000000 0.000000
vn 0.000000 1.000000 0.000000
vn 0.000000 1.000000 0.000000
vn 0.000000 1.000000 0.000000
vn 0.000000 1.000000 0.000000
vn 0.000000 1.000000 0.000000
vn 0.000000 1.000000 0.000000
vn 0.000000 1.000000 0.000000
vn 0.000000 1.000000 0.000000
vn 0.000000 1.000000 0.000000
vn 0.000000 1.000000 0.000000
vn 0.000000 1.000000 0.000000
vn 0.000000 1.000000 0.000000
vn 0.000000 1.000000 0.000000
vn 0.000000 1.000000 0.000000
vn 0.000000 1.000000 0.000000
vn 0.000000 1.000000 0.000000
vn 0.000000 1.000000 0.000000
vn 0.000000 1.000000 0.000000
vn 0.000000 1.000000 0.000000
vn 0.000000 1.000000 0.000000
vn 1.000000 0.000000 0.000000
vn 1.000000 0.000000 0.000000
vn 1.000000 0.000000 0.000000
vn 1.000000 0.000000 0.000000
vn 0.707109 0.707105 0.000000
vn 0.707109 0.707105 0.000000
vn 0.707109 0.707105 0.000000
vn 0.707109 0.707105 0.000000
vn -1.000000 0.000000 0.000000
vn -1.000000 0.000000 0.000000
vn -1.000000 0.000000 0.000000
vn -1.000000 0.000000 0.000000
vn 0.000000 1.000000 0.000000
vn 0.000000 1.000000 0.000000
vn 0.000000 1.000000 0.000000
vn -0.707102 0.707112 0.000000
vn -0.707102 0.707112 0.000000
vn -0.707101 0.707112 0.000000
vn -0.707101 0.707112 0.000000
vn -0.000000 1.000000 0.000000
vn 0.000000 1.000000 0.000000
vn 0.000000 1.000000 0.000000
vn -0.000000 1.000000 0.000000
vn 0.000000 1.000000 0.000000
vn 0.000000 1.000000 0.000000
vn 0.000000 1.000000 0.000000
vn 0.000000 1.000000 0.000000
vn 0.000000 1.000000 0.000000
vn 0.000000 1.000000 0.000000
vn 0.000000 1.000000 0.000000
vn -0.000000 1.000000 0.000000
vn -0.000000 1.000000 0.000000
vn -0.000000 1.000000 0.000000
vn 0.000000 1.000000 0.000000
vn -0.000000 1.000000 0.000000
vn -0.000000 1.000000 0.000000
vn -0.000000 1.000000 0.000000
vn -0.000000 1.000000 0.000000
vn 0.000000 1.000000 0.000000
vn 0.000000 1.000000 0.000000
vn 0.000000 1.000000 0.000000
vn 0.000000 1.000000 0.000000
vn 0.000000 1.000000 0.000000
vn 0.000000 1.000000 -0.000000
vn 0.000000 1.000000 0.000000
vn 0.000000 1.000000 0.000000
vn -0.000000 1.000000 -0.000000
vn -0.000000 1.000000 0.000000
vn -0.000000 1.000000 -0.000000
vn -0.000000 1.000000 0.000000
vn 0.000000 1.000000 0.000000
vn 0.000000 1.000000 0.000000
vn -0.000000 1.000000 -0.000000
vn -0.000000 1.000000 -0.000000
vn 0.000000 1.000000 0.000000
vn 0.000000 1.000000 0.000000
vn 0.000000 1.000000 0.000000
vn 0.000000 1.000000 0.000000
vn 0.000000 1.000000 -0.000000
vn 0.000000 1.000000 -0.000000
vn 0.000000 1.000000 -0.000000
vn 0.000000 1.000000 -0.000000
vn 0.000000 1.000000 -0.000000
vn 0.000000 1.000000 -0.000000
vn -0.000000 1.000000 -0.000000
vn -0.000000 1.000000 -0.000000
vn -0.000000 1.000000 -0.000000
vn 0.000000 1.000000 0.000000
vn 0.000000 1.000000 0.000000
vn -0.000000 1.000000 -0.000000
vn 0.000000 1.000000 0.000000
vn 0.000000 1.000000 0.000000
vn 1.000000 0.000000 0.000000
vn 1.000000 -0.000000 0.000000
vn 1.000000 -0.000000 0.000000
vn 1.000000 0.000000 0.000000
vn 0.707109 0.707105 0.000000
vn 0.707109 0.707105 0.000000
vn 0.707109 0.707105 0.000000
vn 0.707109 0.707105 0.000000
vn -1.000000 0.000000 0.000000
vn -1.000000 0.000000 0.000000
vn -1.000000 0.000000 0.000000
vn -1.000000 0.000000 0.000000
vn -0.000000 1.000000 -0.000000
vn 0.000000 1.000000 0.000000
vn -0.000000 1.000000 -0.000000
vn -0.707101 0.707113 -0.000000
vn -0.707101 0.707113 -0.000000
vn -0.707101 0.707113 -0.000000
vn -0.707101 0.707113 -0.000000
vn 0.000000 1.000000 0.000000
vn 0.000000 1.000000 0.000000
vn -0.000000 1.000000 -0.000000
vn 0.000000 1.000000 0.000000
vn 0.000000 1.000000 0.000000
vn 0.000000 1.000000 0.000000
vn 0.000000 1.000000 0.000000
vn 0.000000 1.000000 0.000000
vn 0.000000 1.000000 0.000000
vn 0.000000 1.000000 0.000000
vn 0.000000 1.000000 0.000000
vn 0.000000 1.000000 0.000000
vn 0.000000 1.000000 0.000000
vn 0.000000 1.000000 0.000000
vn 0.000000 1.000000 0.000000
vn 0.000000 1.000000 0.000000
vn 0.000000 1.000000 0.000000
vn 0.000000 1.000000 0.000000
vn 0.000000 1.000000 0.000000
vn 0.000000 1.000000 0.000000
vn 0.000000 1.000000 0.000000
vn 0.000000 1.000000 0.000000
vn 0.000000 1.000000 0.000000
vn 0.000000 1.000000 0.000000
vn 0.000000 1.000000 0.000000
vn 0.000000 1.000000 0.000000
vn 0.000000 1.000000 0.000000
vn 0.000000 1.000000 0.000000
vn 0.000000 1.000000 -0.000000
vn 0.000000 1.000000 0.000000
vn 0.000000 1.000000 0.000000
vn -0.000000 1.000000 -0.000000
vn -0.000000 1.000000 0.000000
vn -0.000000 1.000000 0.000000
vn -0.000000 1.000000 0.000000
vn 0.000000 1.000000 0.000000
vn 0.000000 1.000000 0.000000
vn 0.000000 1.000000 0.000000
vn 0.000000 1.000000 0.000000
vn 0.000000 1.000000 0.000000
vn 0.000000 1.000000 0.000000
vn 0.000000 1.000000 0.000000
vn 0.000000 1.000000 0.000000
vn 0.000000 1.000000 0.000000
vn -0.000000 1.000000 0.000000
vn 0.000000 1.000000 0.000000
vn 0.000000 1.000000 0.000000
vn -0.000000 1.000000 0.000000
vn 0.000000 1.000000 0.000000
vn 0.000000 1.000000 0.000000
vn -0.000000 1.000000 0.000000
vn 0.000000 1.000000 0.000000
vn 0.000000 1.000000 0.000000
vn 1.000000 0.000000 0.000000
vn 1.000000 0.000000 0.000000
vn 1.000000 0.000000 0.000000
vn 1.000000 0.000000 0.000000
vn 0.707109 0.707105 0.000000
vn 0.707109 0.707105 0.000000
vn 0.707109 0.707105 0.000000
vn 0.707109 0.707105 0.000000
vn -1.000000 0.000000 0.000000
vn -1.000000 0.000000 0.000000
vn -1.000000 0.000000 0.000000
vn -1.000000 0.000000 0.000000
vn -0.000000 1.000000 0.000000
vn -0.000000 1.000000 -0.000000
vn -0.000000 1.000000 0.000000
vn -0.707101 0.707113 0.000000
vn -0.707101 0.707113 0.000000
vn -0.707101 0.707113 0.000000
vn -0.707101 0.707113 0.000000
vn 0.000000 1.000000 0.000000
vn 0.000000 1.000000 0.000000
vn -0.000000 1.000000 0.000000
vn 0.000000 1.000000 0.000000
vn 0.000000 1.000000 0.000000
vn 0.000000 1.000000 0.000000
vn 0.000000 1.000000 0.000000
vn 0.000000 1.000000 0.000000
vn 0.000000 1.000000 0.000000
vn 0.000000 1.000000 0.000000
vn 0.000000 1.000000 0.000000
vn 0.000000 1.000000 0.000000
vn 0.000000 1.000000 0.000000
vn 0.000000 1.000000 0.000000
vn 0.000000 1.000000 0.000000
vn 0.000000 1.000000 0.000000
vn 0.000000 1.000000 0.000000
vn 0.000000 1.000000 0.000000
vn 0.000000 1.000000 0.000000
vn 0.000000 1.000000 0.000000
vn 0.000000 1.000000 0.000000
vn 0.000000 1.000000 0.000000
vn 0.000000 1.000000 0.000000
vn 0.000000 1.000000 0.000000
vn 0.000000 1.000000 0.000000
vn 0.000000 1.000000 0.000000
vn 0.000000 1.000000 0.000000
vn 0.000000 1.000000 0.000000
vn 0.000000 1.000000 0.000000
vn 0.000000 1.000000 0.000000
vn 0.000000 1.000000 0.000000
vn 0.000000 1.000000 0.000000
vn 0.000000 1.000000 0.000000
vn 0.000000 1.000000 0.000000
vn 0.000000 1.000000 0.000000
vn 0.000000 1.000000 0.000000
vn 0.000000 1.000000 0.000000
vn 0.000000 1.000000 0.000000
vn 0.000000 1.000000 0.000000
vn 0.000000 1.000000 0.000000
vn 0.000000 1.000000 0.000000
vn 0.000000 1.000000 0.000000
vn 0.000000 1.000000 0.000000
vn 0.000000 1.000000 0.000000
vn 0.000000 1.000000 0.000000
vn 0.000000 1.000000 0.000000
vn 0.000000 1.000000 0.000000
vn 0.000000 1.000000 0.000000
vn 0.000000 1.000000 0.000000
vn 0.000000 1.000000 0.000000
vn 0.000000 1.000000 0.000000
vn 0.000000 1.000000 0.000000
vn 0.000000 1.000000 0.000000
vn 1.000000 0.000000 0.000000
vn 1.000000 0.000000 0.000000
vn 1.000000 0.000000 0.000000
vn 1.000000 0.000000 0.000000
vn 0.707108 0.707105 0.000000
vn 0.707108 0.707105 0.000000
vn 0.707108 0.707105 0.000000
vn 0.707108 0.707105 0.000000
vn -1.000000 0.000000 0.000000
vn -1.000000 0.000000 0.000000
vn -1.000000 0.000000 0.000000
vn -1.000000 0.000000 0.000000
vn 0.000000 1.000000 0.000000
vn -0.000000 1.000000 0.000000
vn 0.000000 1.000000 0.000000
vn -0.707102 0.707112 0.000000
vn -0.707102 0.707112 0.000000
vn -0.707102 0.707112 0.000000
vn -0.707102 0.707112 0.000000
vn 0.000000 1.000000 0.000000
vn 0.000000 1.000000 0.000000
vn 0.000000 1.000000 0.000000
vn 0.000000 1.000000 0.000000
vn 0.000000 1.000000 0.000000
vn 0.000000 1.000000 0.000000
vn 0.000000 1.000000 0.000000
vn 0.000000 1.000000 0.000000
vn 0.000000 1.000000 0.000000
vn 0.000000 1.000000 0.000000
vn 0.000000 1.000000 0.000000
vn 0.000000 1.000000 0.000000
vn 0.000000 1.000000 0.000000
vn 0.000000 1.000000 0.000000
vn 0.000000 1.000000 0.000000
vn 0.000000 1.000000 0.000000
vn 0.000000 1.000000 0.000000
vn 0.000000 1.000000 0.000000
vn 0.000000 1.000000 0.000000
vn 0.000000 1.000000 0.000000
vn 0.000000 1.000000 0.000000
vn 0.000000 1.000000 0.000000
vn 0.000000 1.000000 0.000000
vn 0.000000 1.000000 0.000000
vn 0.000000 1.000000 0.000000
vn 0.000000 1.000000 0.000000
vn 0.000000 1.000000 0.000000
vn 0.000000 1.000000 0.000000
vn 0.000000 1.000000 0.000000
vn 0.000000 1.000000 0.000000
vn 0.000000 1.000000 0.000000
vn 0.000000 1.000000 0.000000
vn 0.000000 1.000000 0.000000
vn 0.000000 1.000000 0.000000
vn 0.000000 1.000000 0.000000
vn 0.000000 1.000000 0.000000
vn 0.000000 1.000000 0.000000
vn 0.000000 1.000000 0.000000
vn 0.000000 1.000000 0.000000
vn 0.000000 1.000000 0.000000
vn 0.000000 1.000000 0.000000
vn 0.000000 1.000000 0.000000
vn 0.000000 1.000000 0.000000
vn 0.000000 1.000000 0.000000
vn 0.000000 1.000000 0.000000
vn 0.000000 1.000000 0.000000
vn 0.000000 1.000000 0.000000
vn 0.000000 1.000000 0.000000
vn 0.000000 1.000000 0.000000
vn 0.000000 1.000000 0.000000
vn 0.000000 1.000000 0.000000
vn 0.000000 1.000000 0.000000
vn 0.000000 1.000000 0.000000
vn 1.000000 0.000000 0.000000
vn 1.000000 0.000000 0.000000
vn 1.000000 0.000000 0.000000
vn 1.000000 0.000000 0.000000
vn 0.707109 0.707105 0.000000
vn 0.707109 0.707105 0.000000
vn 0.707109 0.707105 0.000000
vn 0.707109 0.707105 0.000000
vn -1.000000 0.000000 0.000000
vn -1.000000 0.000000 0.000000
vn -1.000000 0.000000 0.000000
vn -1.000000 0.000000 0.000000
vn 0.000000 1.000000 0.000000
vn 0.000000 1.000000 0.000000
vn 0.000000 1.000000 0.000000
vn -0.707102 0.707112 0.000000
vn -0.707102 0.707112 0.000000
vn -0.707102 0.707112 0.000000
vn -0.707102 0.707112 0.000000
vn 0.000000 1.000000 0.000000
vn 0.000000 1.000000 0.000000
vn 0.000000 1.000000 0.000000
vn 0.000000 1.000000 0.000000
vn 0.000000 1.000000 0.000000
vn 0.000000 1.000000 0.000000
vn 0.000000 1.000000 0.000000
vn 0.000000 1.000000 0.000000
vn 0.000000 1.000000 0.000000
vn 0.000000 1.000000 0.000000
vn 0.000000 1.000000 0.000000
vn 0.000000 1.000000 0.000000
vn 0.000000 1.000000 0.000000
vn 0.000000 1.000000 0.000000
vn 0.000000 1.000000 0.000000
vn 0.000000 1.000000 0.000000
vn 0.000000 1.000000 0.000000
vn 0.000000 1.000000 0.000000
vn 0.000000 1.000000 0.000000
vn 0.000000 1.000000 0.000000
vn 0.000000 1.000000 0.000000
vn 0.000000 1.000000 0.000000
vn 0.000000 1.000000 0.000000
vn 0.000000 1.000000 0.000000
vn 0.000000 1.000000 0.000000
vn 0.000000 1.000000 0.000000
vn 0.000000 1.000000 0.000000
vn 0.000000 1.000000 0.000000
vn 0.000000 1.000000 0.000000
vn 0.000000 1.000000 0.000000
vn 0.000000 1.000000 0.000000
vn 0.000000 1.000000 0.000000
vn 0.000000 1.000000 0.000000
vn 0.000000 1.000000 0.000000
vn 0.000000 1.000000 0.000000
vn 0.000000 1.000000 0.000000
vn 0.000000 1.000000 0.000000
vn 0.000000 1.000000 0.000000
vn 0.000000 1.000000 0.000000
vn 0.000000 1.000000 0.000000
vn 0.000000 1.000000 0.000000
vn 0.000000 1.000000 0.000000
vn 0.000000 1.000000 0.000000
vn 0.000000 1.000000 0.000000
vn 0.000000 1.000000 0.000000
vn 0.000000 1.000000 0.000000
vn 0.000000 1.000000 0.000000
vn 0.000000 1.000000 0.000000
vn 0.000000 1.000000 0.000000
vn 0.000000 1.000000 0.000000
vn 0.000000 1.000000 0.000000
vn 0.000000 1.000000 0.000000
vn 0.000000 1.000000 0.000000
vn 1.000000 0.000000 0.000000
vn 1.000000 0.000000 0.000000
vn 1.000000 0.000000 0.000000
vn 1.000000 0.000000 0.000000
vn 0.707109 0.707105 0.000000
vn 0.707109 0.707105 0.000000
vn 0.707109 0.707105 0.000000
vn 0.707109 0.707105 0.000000
vn -1.000000 0.000000 0.000000
vn -1.000000 0.000000 0.000000
vn -1.000000 0.000000 0.000000
vn -1.000000 0.000000 0.000000
vn 0.000000 1.000000 0.000000
vn 0.000000 1.000000 0.000000
vn 0.000000 1.000000 0.000000
vn -0.707102 0.707112 0.000000
vn -0.707102 0.707112 0.000000
vn -0.707102 0.707112 0.000000
vn -0.707102 0.707112 0.000000
vn 0.000000 1.000000 0.000000
vn 0.000000 1.000000 0.000000
vn 0.000000 1.000000 0.000000
vn 0.000000 1.000000 0.000000
vn 0.000000 1.000000 0.000000
vn 0.000000 1.000000 0.000000
vn 0.000000 1.000000 0.000000
vn 0.000000 1.000000 0.000000
vn 0.000000 1.000000 0.000000
vn 0.000000 1.000000 0.000000
vn 0.000000 1.000000 0.000000
vn 0.000000 1.000000 0.000000
vn 0.000000 1.000000 0.000000
vn 0.000000 1.000000 0.000000
vn 0.000000 1.000000 0.000000
vn 0.000000 1.000000 0.000000
vn 0.000000 1.000000 0.000000
vn 0.000000 1.000000 0.000000
vn 0.000000 1.000000 0.000000
vn 0.000000 1.000000 0.000000
vn 0.000000 1.000000 0.000000
vn 0.000000 1.000000 0.000000
vn 0.000000 1.000000 0.000000
vn 0.000000 1.000000 0.000000
vn 0.000000 1.000000 0.000000
vn 0.000000 1.000000 0.000000
vn 0.000000 1.000000 0.000000
vn 0.000000 1.000000 0.000000
vn 0.000000 1.000000 0.000000
vn 0.000000 1.000000 0.000000
vn 0.000000 1.000000 0.000000
vn 0.000000 1.000000 0.000000
vn 0.000000 1.000000 0.000000
vn 0.000000 1.000000 0.000000
vn 0.000000 1.000000 0.000000
vn 0.000000 1.000000 0.000000
vn 0.000000 1.000000 0.000000
vn 0.000000 1.000000 0.000000
vn 0.000000 1.000000 0.000000
vn 0.000000 1.000000 0.000000
vn 0.000000 1.000000 0.000000
vn 0.000000 1.000000 0.000000
vn 0.000000 1.000000 0.000000
vn 0.000000 1.000000 0.000000
vn 0.000000 1.000000 0.000000
vn 0.000000 1.000000 0.000000
vn 0.000000 1.000000 0.000000
vn 0.000000 1.000000 0.000000
vn 0.000000 1.000000 0.000000
vn 0.000000 1.000000 0.000000
vn 0.000000 1.000000 0.000000
vn 0.000000 1.000000 0.000000
vn 0.000000 1.000000 0.000000
vn 1.000000 0.000000 0.000000
vn 1.000000 0.000000 0.000000
vn 1.000000 0.000000 0.000000
vn 1.000000 -0.000000 0.000000
vn 0.707109 0.707105 0.000000
vn 0.707109 0.707105 0.000000
vn 0.707109 0.707105 0.000000
vn 0.707109 0.707105 0.000000
vn -1.000000 0.000000 0.000000
vn -1.000000 0.000000 0.000000
vn -1.000000 0.000000 0.000000
vn -1.000000 0.000000 0.000000
vn 0.000000 1.000000 0.000000
vn 0.000000 1.000000 0.000000
vn 0.000000 1.000000 0.000000
vn -0.707107 0.707107 0.000000
vn -0.707107 0.707107 0.000000
vn -0.707107 0.707107 0.000000
vn -0.707107 0.707107 0.000000
vn 0.000000 1.000000 0.000000
vn 0.000000 1.000000 0.000000
vn 0.000000 1.000000 0.000000
vn 0.000000 1.000000 0.000000
vn 0.000000 1.000000 0.000000
vn 0.000000 1.000000 0.000000
vn 0.000000 1.000000 0.000000
vn 0.000000 1.000000 0.000000
vn 0.000000 1.000000 0.000000
vn 0.000000 1.000000 0.000000
vn 0.000000 1.000000 0.000000
vn 0.000000 1.000000 0.000000
vn 0.000000 1.000000 0.000000
vn 0.000000 1.000000 0.000000
vn 0.000000 1.000000 0.000000
vn 0.000000 1.000000 0.000000
vn 0.000000 1.000000 0.000000
vn 0.000000 1.000000 0.000000
vn 0.000000 1.000000 0.000000
vn 0.000000 1.000000 0.000000
vn 0.000000 1.000000 0.000000
vn 0.000000 1.000000 0.000000
vn 0.000000 1.000000 0.000000
vn 0.000000 1.000000 0.000000
vn 0.000000 1.000000 0.000000
vn 0.000000 1.000000 0.000000
vn 0.000000 1.000000 0.000000
vn 0.000000 1.000000 0.000000
vn 0.000000 1.000000 0.000000
vn 0.000000 1.000000 0.000000
vn 0.000000 1.000000 0.000000
vn 0.000000 1.000000 0.000000
vn 0.000000 1.000000 0.000000
vn 0.000000 1.000000 0.000000
vn 0.000000 1.000000 0.000000
vn 0.000000 1.000000 0.000000
vn 0.000000 1.000000 0.000000
vn 0.000000 1.000000 0.000000
vn 0.000000 1.000000 0.000000
vn 0.000000 1.000000 0.000000
vn 0.000000 1.000000 0.000000
vn 0.000000 1.000000 0.000000
vn 0.000000 1.000000 0.000000
vn 0.000000 1.000000 0.000000
vn 0.000000 1.000000 0.000000
vn 0.000000 1.000000 0.000000
vn 0.000000 1.000000 0.000000
vn 0.000000 1.000000 0.000000
vn 0.000000 1.000000 0.000000
vn 0.000000 1.000000 0.000000
vn 0.000000 1.000000 0.000000
vn 0.000000 1.000000 0.000000
vn 0.000000 1.000000 0.000000
vn 1.000000 0.000000 0.000000
vn 1.000000 -0.000000 0.000000
vn 1.000000 -0.000000 0.000000
vn 1.000000 0.000000 0.000000
vn 0.707107 0.707107 0.000000
vn 0.707107 0.707107 0.000000
vn 0.707107 0.707107 0.000000
vn 0.707107 0.707107 0.000000
vn -0.707096 0.000000 -0.707117
vn -0.707096 0.000000 -0.707117
vn -0.707096 0.000000 -0.707117
vn -0.707096 0.000000 -0.707117
vn 0.000000 0.707099 -0.707114
vn 0.000000 0.707099 -0.707114
vn 0.000000 0.707099 -0.707115
vn 0.000000 0.707099 -0.707115
vn 0.000000 0.000000 -1.000000
vn 0.000000 0.000000 -1.000000
vn 0.000000 0.000000 -1.000000
vn 0.000000 0.000000 -1.000000
vn 0.000000 0.707099 -0.707114
vn 0.000000 0.707099 -0.707114
vn 0.000000 0.707099 -0.707114
vn 0.000000 0.707099 -0.707114
vn 0.000000 0.000000 -1.000000
vn 0.000000 0.000000 -1.000000
vn 0.000000 0.000000 -1.000000
vn 0.000000 0.000000 -1.000000
vn 0.000000 0.707099 -0.707115
vn 0.000000 0.707099 -0.707115
vn 0.000000 0.707099 -0.707114
vn 0.000000 0.707099 -0.707114
vn 0.000000 0.000000 -1.000000
vn 0.000000 0.000000 -1.000000
vn 0.000000 0.000000 -1.000000
vn 0.000000 0.000000 -1.000000
vn 0.000000 0.707099 -0.707114
vn 0.000000 0.707099 -0.707114
vn 0.000000 0.707099 -0.707114
vn 0.000000 0.707099 -0.707114
vn 0.000000 0.000000 -1.000000
vn 0.000000 0.000000 -1.000000
vn 0.000000 0.000000 -1.000000
vn 0.000000 0.000000 -1.000000
vn 0.000000 0.707099 -0.707114
vn 0.000000 0.707099 -0.707114
vn 0.000000 0.707099 -0.707114
vn 0.000000 0.707099 -0.707114
vn 0.000000 0.000000 -1.000000
vn 0.000000 0.000000 -1.000000
vn 0.000000 0.000000 -1.000000
vn 0.000000 0.000000 -1.000000
vn 0.000000 0.707099 -0.707114
vn 0.000000 0.707099 -0.707114
vn 0.000000 0.707099 -0.707114
vn 0.000000 0.707099 -0.707114
vn 0.000000 0.000000 -1.000000
vn 0.000000 0.000000 -1.000000
vn 0.000000 0.000000 -1.000000
vn 0.000000 0.000000 -1.000000
vn 0.000000 0.707099 -0.707114
vn 0.000000 0.707099 -0.707114
vn 0.000000 0.707099 -0.707114
vn 0.000000 0.707099 -0.707114
vn 0.000000 0.000000 -1.000000
vn 0.000000 0.000000 -1.000000
vn 0.000000 0.000000 -1.000000
vn 0.000000 0.000000 -1.000000
vn 0.000000 0.707099 -0.707114
vn 0.000000 0.707099 -0.707114
vn 0.000000 0.707099 -0.707114
vn 0.000000 0.707099 -0.707114
vn 0.000000 0.000000 -1.000000
vn 0.000000 0.000000 -1.000000
vn 0.000000 0.000000 -1.000000
vn 0.000000 0.000000 -1.000000
vn 0.000000 0.707099 -0.707114
vn 0.000000 0.707099 -0.707114
vn 0.000000 0.707099 -0.707114
vn 0.000000 0.707099 -0.707114
vn 0.000000 0.000000 -1.000000
vn 0.000000 0.000000 -1.000000
vn 0.000000 0.000000 -1.000000
vn 0.000000 0.000000 -1.000000
vn 0.000000 0.707099 -0.707114
vn 0.000000 0.707099 -0.707114
vn 0.000000 0.707099 -0.707114
vn 0.000000 0.707099 -0.707114
vn 0.000000 0.000000 -1.000000
vn 0.000000 0.000000 -1.000000
vn 0.000000 0.000000 -1.000000
vn 0.000000 0.000000 -1.000000
vn 0.000000 0.707099 -0.707114
vn 0.000000 0.707099 -0.707114
vn 0.000000 0.707099 -0.707114
vn 0.000000 0.707099 -0.707114
vn 0.000000 0.000000 -1.000000
vn 0.000000 0.000000 -1.000000
vn 0.000000 0.000000 -1.000000
vn 0.000000 0.000000 -1.000000
vn 0.000000 0.707099 -0.707114
vn 0.000000 0.707099 -0.707114
vn 0.000000 0.707099 -0.707114
vn 0.000000 0.707099 -0.707114
vn 0.000000 0.000000 -1.000000
vn 0.000000 0.000000 -1.000000
vn 0.000000 0.000000 -1.000000
vn 0.000000 0.000000 -1.000000
vn 0.000000 0.707099 -0.707114
vn 0.000000 0.707099 -0.707114
vn 0.000000 0.707099 -0.707114
vn 0.000000 0.707099 -0.707114
vn 0.000000 0.000000 -1.000000
vn 0.000000 0.000000 -1.000000
vn 0.000000 0.000000 -1.000000
vn 0.000000 0.000000 -1.000000
vn 0.000000 0.707099 -0.707115
vn 0.000000 0.707099 -0.707115
vn 0.000000 0.707099 -0.707115
vn 0.000000 0.707099 -0.707115
vn 0.707096 0.000000 -0.707117
vn 0.707096 0.000000 -0.707117
vn 0.707096 0.000000 -0.707117
vn 0.707096 0.000000 -0.707117
vn -0.707107 -0.707107 0.000000
vn -0.707107 -0.707107 0.000000
vn -0.707107 -0.707107 0.000000
vn -0.707107 -0.707107 0.000000
vn 0.000000 -0.707100 -0.707114
vn 0.000000 -0.707100 -0.707114
vn 0.000000 -0.707099 -0.707114
vn 0.000000 -0.707099 -0.707114
vn 0.000000 -1.000000 -0.000000
vn 0.000000 -1.000000 0.000000
vn 0.000000 -1.000000 0.000000
vn 0.000000 -1.000000 -0.000000
vn 0.000000 -0.707099 -0.707114
vn 0.000000 -0.707099 -0.707114
vn 0.000000 -0.707099 -0.707114
vn 0.000000 -0.707099 -0.707114
vn 0.000000 -1.000000 0.000000
vn 0.000000 -1.000000 0.000000
vn 0.000000 -1.000000 0.000000
vn 0.000000 -1.000000 0.000000
vn 0.000000 -0.707099 -0.707115
vn 0.000000 -0.707099 -0.707115
vn 0.000000 -0.707099 -0.707114
vn 0.000000 -0.707099 -0.707114
vn 0.000000 -1.000000 0.000000
vn 0.000000 -1.000000 0.000000
vn 0.000000 -1.000000 0.000000
vn 0.000000 -1.000000 0.000000
vn 0.000000 -0.707099 -0.707114
vn 0.000000 -0.707099 -0.707114
vn 0.000000 -0.707099 -0.707114
vn 0.000000 -0.707099 -0.707114
vn 0.000000 -1.000000 0.000000
vn 0.000000 -1.000000 0.000000
vn 0.000000 -1.000000 0.000000
vn 0.000000 -1.000000 0.000000
vn 0.000000 -0.707099 -0.707114
vn 0.000000 -0.707099 -0.707114
vn 0.000000 -0.707099 -0.707115
vn 0.000000 -0.707099 -0.707115
vn 0.000000 -1.000000 0.000000
vn 0.000000 -1.000000 0.000000
vn 0.000000 -1.000000 0.000000
vn 0.000000 -1.000000 0.000000
vn 0.000000 -0.707099 -0.707115
vn 0.000000 -0.707099 -0.707115
vn 0.000000 -0.707099 -0.707114
vn 0.000000 -0.707099 -0.707114
vn 0.000000 -1.000000 0.000000
vn 0.000000 -1.000000 0.000000
vn 0.000000 -1.000000 0.000000
vn 0.000000 -1.000000 0.000000
vn 0.000000 -0.707099 -0.707114
vn 0.000000 -0.707099 -0.707114
vn 0.000000 -0.707099 -0.707114
vn 0.000000 -0.707099 -0.707114
vn 0.000000 -1.000000 0.000000
vn 0.000000 -1.000000 0.000000
vn 0.000000 -1.000000 0.000000
vn 0.000000 -1.000000 0.000000
vn 0.000000 -0.707099 -0.707114
vn 0.000000 -0.707099 -0.707114
vn 0.000000 -0.707099 -0.707114
vn 0.000000 -0.707099 -0.707114
vn 0.000000 -1.000000 0.000000
vn 0.000000 -1.000000 0.000000
vn 0.000000 -1.000000 0.000000
vn 0.000000 -1.000000 0.000000
vn 0.000000 -0.707099 -0.707114
vn 0.000000 -0.707099 -0.707114
vn 0.000000 -0.707099 -0.707114
vn 0.000000 -0.707099 -0.707114
vn 0.000000 -1.000000 0.000000
vn 0.000000 -1.000000 0.000000
vn 0.000000 -1.000000 0.000000
vn 0.000000 -1.000000 0.000000
vn 0.000000 -0.707099 -0.707114
vn 0.000000 -0.707099 -0.707114
vn 0.000000 -0.707099 -0.707114
vn 0.000000 -0.707099 -0.707114
vn 0.000000 -1.000000 0.000000
vn 0.000000 -1.000000 0.000000
vn 0.000000 -1.000000 0.000000
vn 0.000000 -1.000000 0.000000
vn 0.000000 -0.707099 -0.707114
vn 0.000000 -0.707099 -0.707114
vn 0.000000 -0.707099 -0.707114
vn 0.000000 -0.707099 -0.707114
vn 0.000000 -1.000000 0.000000
vn 0.000000 -1.000000 0.000000
vn 0.000000 -1.000000 0.000000
vn 0.000000 -1.000000 0.000000
vn 0.000000 -0.707099 -0.707114
vn 0.000000 -0.707099 -0.707114
vn 0.000000 -0.707099 -0.707114
vn 0.000000 -0.707099 -0.707114
vn 0.000000 -1.000000 -0.000000
vn 0.000000 -1.000000 0.000000
vn 0.000000 -1.000000 0.000000
vn 0.000000 -1.000000 -0.000000
vn 0.000000 -0.707099 -0.707114
vn 0.000000 -0.707099 -0.707114
vn 0.000000 -0.707099 -0.707114
vn 0.000000 -0.707099 -0.707114
vn 0.000000 -1.000000 0.000000
vn 0.000000 -1.000000 0.000000
vn 0.000000 -1.000000 -0.000000
vn 0.000000 -1.000000 0.000000
vn 0.000000 -0.707099 -0.707114
vn 0.000000 -0.707099 -0.707114
vn 0.000000 -0.707099 -0.707114
vn 0.000000 -0.707099 -0.707114
vn 0.707107 -0.707107 0.000000
vn 0.707107 -0.707107 0.000000
vn 0.707107 -0.707107 0.000000
vn 0.707107 -0.707107 0.000000
vn 0.000000 -1.000000 -0.000000
vn 0.000000 -1.000000 -0.000000
vn 0.000000 -1.000000 -0.000000
vn -0.707101 -0.707112 0.000000
vn -0.707101 -0.707112 0.000000
vn -0.707101 -0.707112 0.000000
vn -0.707101 -0.707112 0.000000
vn -0.707105 -0.000132 -0.707108
vn -0.707105 -0.000132 -0.707108
vn -0.707105 -0.000132 -0.707108
vn -0.707105 -0.000132 -0.707108
vn -0.684648 -0.728472 -0.024216
vn -0.685000 -0.728161 -0.023600
vn -0.684919 -0.728256 0.023015
vn -0.684632 -0.728509 0.023518
vn -0.021861 -0.727644 -0.685607
vn -0.021375 -0.727398 -0.685883
vn 0.022030 -0.727370 -0.685892
vn 0.022400 -0.727557 -0.685682
vn 0.707093 -0.000132 -0.707121
vn 0.707093 -0.000132 -0.707121
vn 0.707093 -0.000132 -0.707121
vn 0.707093 -0.000132 -0.707121
vn 0.000000 -1.000000 -0.000000
vn 0.000000 -1.000000 -0.000000
vn 0.684941 -0.728235 -0.023016
vn 0.684655 -0.728488 -0.023519
vn 0.684669 -0.728452 0.024217
vn 0.685021 -0.728141 0.023601
vn 0.000000 -1.000000 0.000000
vn 0.000000 -1.000000 0.000000
vn 0.000000 -1.000000 -0.000000
vn 0.000000 -1.000000 0.000000
vn 0.000000 -1.000000 0.000000
vn 0.000000 -1.000000 0.000000
vn 0.000000 -1.000000 0.000000
vn 0.000000 -1.000000 0.000000
vn 0.000000 -1.000000 0.000000
vn 0.000000 -1.000000 0.000000
vn 0.000000 -1.000000 0.000000
vn 0.000000 -1.000000 0.000000
vn 0.000000 -1.000000 0.000000
vn 0.000000 -1.000000 0.000000
vn 0.000000 -1.000000 0.000000
vn 0.000000 -1.000000 0.000000
vn 0.000000 -1.000000 0.000000
vn 0.000000 -1.000000 0.000000
vn 0.000000 -1.000000 0.000000
vn 0.000000 -1.000000 0.000000
vn 0.000000 -1.000000 0.000000
vn 0.000000 -1.000000 0.000000
vn 0.000000 -1.000000 0.000000
vn 0.000000 -1.000000 0.000000
vn 0.000000 -1.000000 0.000000
vn 0.000000 -1.000000 0.000000
vn 0.000000 -1.000000 0.000000
vn 0.000000 -1.000000 0.000000
vn 0.000000 -1.000000 0.000000
vn 0.000000 -1.000000 0.000000
vn 0.000000 -1.000000 0.000000
vn 0.000000 -1.000000 0.000000
vn 0.000000 -1.000000 0.000000
vn 0.000000 -1.000000 0.000000
vn 0.000000 -1.000000 0.000000
vn 0.000000 -1.000000 0.000000
vn -0.707099 -0.000132 -0.707114
vn -0.707099 -0.000132 -0.707114
vn -0.707099 -0.000132 -0.707114
vn -0.707099 -0.000132 -0.707114
vn -0.684670 -0.728451 -0.024217
vn -0.685022 -0.728140 -0.023600
vn -0.684940 -0.728236 0.023015
vn -0.684654 -0.728489 0.023518
vn -0.021861 -0.727643 -0.685608
vn -0.021375 -0.727397 -0.685884
vn 0.022030 -0.727371 -0.685891
vn 0.022400 -0.727558 -0.685681
vn 0.707125 -0.000132 -0.707089
vn 0.707125 -0.000132 -0.707089
vn 0.707125 -0.000132 -0.707089
vn 0.707125 -0.000132 -0.707089
vn 0.000000 -1.000000 -0.000000
vn 0.000000 -1.000000 -0.000000
vn 0.000000 -1.000000 -0.000000
vn 0.684912 -0.728262 -0.023014
vn 0.684626 -0.728515 -0.023517
vn 0.684641 -0.728478 0.024215
vn 0.684992 -0.728168 0.023599
vn 0.707108 -0.707105 0.000000
vn 0.707108 -0.707105 0.000000
vn 0.707108 -0.707105 0.000000
vn 0.707108 -0.707105 0.000000
vn 0.000000 -1.000000 0.000000
vn 0.000000 -1.000000 0.000000
vn 0.000000 -1.000000 0.000000
vn 0.000000 -1.000000 0.000000
vn -0.707102 -0.707112 0.000000
vn -0.707102 -0.707112 0.000000
vn -0.707102 -0.707112 0.000000
vn -0.707102 -0.707112 0.000000
vn -0.707084 -0.000132 0.707129
vn -0.707084 -0.000132 0.707129
vn -0.707084 -0.000132 0.707129
vn -0.707084 -0.000132 0.707129
vn -0.022029 -0.727384 0.685877
vn -0.022399 -0.727571 0.685666
vn 0.021860 -0.727657 0.685593
vn 0.021374 -0.727411 0.685869
vn 0.000000 -1.000000 0.000000
vn 0.000000 -1.000000 0.000000
vn 0.000000 -1.000000 0.000000
vn 0.707071 -0.000132 0.707142
vn 0.707071 -0.000132 0.707142
vn 0.707071 -0.000132 0.707142
vn 0.707071 -0.000132 0.707142
vn 0.000000 -1.000000 -0.000000
vn 0.000000 -1.000000 -0.000000
vn 0.000000 -1.000000 -0.000000
vn 0.000000 -1.000000 0.000000
vn 0.000000 -1.000000 -0.000000
vn 0.000000 -1.000000 0.000000
vn 0.000000 -1.000000 0.000000
vn 0.000000 -1.000000 0.000000
vn 0.000000 -1.000000 -0.000000
vn 0.000000 -1.000000 0.000000
vn 0.000000 -1.000000 0.000000
vn 0.000000 -1.000000 0.000000
vn 0.000000 -1.000000 0.000000
vn 0.000000 -1.000000 0.000000
vn 0.000000 -1.000000 0.000000
vn 0.000000 -1.000000 0.000000
vn 0.000000 -1.000000 0.000000
vn 0.000000 -1.000000 0.000000
vn 0.000000 -1.000000 0.000000
vn 0.000000 -1.000000 0.000000
vn 0.000000 -1.000000 0.000000
vn 0.000000 -1.000000 0.000000
vn 0.000000 -1.000000 0.000000
vn 0.000000 -1.000000 0.000000
vn 0.000000 -1.000000 0.000000
vn 0.000000 -1.000000 0.000000
vn 0.000000 -1.000000 0.000000
vn 0.000000 -1.000000 0.000000
vn 0.000000 -1.000000 0.000000
vn 0.000000 -1.000000 0.000000
vn 0.000000 -1.000000 0.000000
vn 0.000000 -1.000000 0.000000
vn 0.000000 -1.000000 0.000000
vn 0.000000 -1.000000 0.000000
vn 0.000000 -1.000000 0.000000
vn 0.000000 -1.000000 0.000000
vn 0.000000 -1.000000 0.000000
vn 0.000000 -1.000000 0.000000
vn 0.000000 -1.000000 0.000000
vn 0.000000 -1.000000 0.000000
vn 0.000000 -1.000000 0.000000
vn 0.000000 -1.000000 0.000000
vn 0.000000 -1.000000 0.000000
vn -0.707078 -0.000132 0.707136
vn -0.707078 -0.000132 0.707136
vn -0.707078 -0.000132 0.707136
vn -0.707078 -0.000132 0.707136
vn -0.022029 -0.727385 0.685876
vn -0.022399 -0.727572 0.685666
vn 0.021860 -0.727657 0.685592
vn 0.021374 -0.727412 0.685868
vn 0.000000 -1.000000 0.000000
vn 0.000000 -1.000000 0.000000
vn 0.000000 -1.000000 0.000000
vn 0.707103 -0.000132 0.707110
vn 0.707103 -0.000132 0.707110
vn 0.707103 -0.000132 0.707110
vn 0.707103 -0.000132 0.707110
vn 0.000000 -1.000000 0.000000
vn 0.000000 -1.000000 0.000000
vn 0.000000 -1.000000 0.000000
vn 0.000000 -1.000000 0.000000
vn 0.000000 -1.000000 0.000000
vn 0.000000 -1.000000 -0.000000
vn 0.000000 -1.000000 0.000000
vn 0.707109 -0.707105 0.000000
vn 0.707109 -0.707105 0.000000
vn 0.707109 -0.707105 0.000000
vn 0.707109 -0.707105 0.000000
vn 0.000000 -1.000000 0.000000
vn 0.000000 -1.000000 0.000000
vn 0.000000 -1.000000 0.000000
vn -0.707102 -0.707111 0.000000
vn -0.707102 -0.707111 0.000000
vn -0.707102 -0.707111 0.000000
vn -0.707102 -0.707111 0.000000
vn 0.000000 -1.000000 0.000000
vn 0.000000 -1.000000 0.000000
vn 0.000000 -1.000000 0.000000
vn 0.000000 -1.000000 0.000000
vn 0.000000 -1.000000 0.000000
vn 0.000000 -1.000000 0.000000
vn 0.000000 -1.000000 0.000000
vn 0.000000 -1.000000 0.000000
vn 0.000000 -1.000000 0.000000
vn 0.000000 -1.000000 0.000000
vn 0.000000 -1.000000 0.000000
vn 0.000000 -1.000000 0.000000
vn 0.000000 -1.000000 0.000000
vn 0.000000 -1.000000 0.000000
vn 0.000000 -1.000000 0.000000
vn 0.000000 -1.000000 0.000000
vn 0.000000 -1.000000 0.000000
vn 0.000000 -1.000000 0.000000
vn 0.000000 -1.000000 0.000000
vn 0.000000 -1.000000 0.000000
vn 0.000000 -1.000000 0.000000
vn 0.000000 -1.000000 0.000000
vn 0.000000 -1.000000 0.000000
vn 0.000000 -1.000000 0.000000
vn 0.000000 -1.000000 0.000000
vn 0.000000 -1.000000 0.000000
vn 0.000000 -1.000000 0.000000
vn 0.000000 -1.000000 0.000000
vn 0.000000 -1.000000 0.000000
vn 0.000000 -1.000000 0.000000
vn 0.000000 -1.000000 0.000000
vn 0.000000 -1.000000 0.000000
vn 0.000000 -1.000000 0.000000
vn 0.000000 -1.000000 0.000000
vn 0.000000 -1.000000 0.000000
vn 0.000000 -1.000000 0.000000
vn 0.000000 -1.000000 0.000000
vn 0.000000 -1.000000 0.000000
vn 0.000000 -1.000000 0.000000
vn 0.000000 -1.000000 0.000000
vn 0.000000 -1.000000 0.000000
vn 0.000000 -1.000000 0.000000
vn 0.000000 -1.000000 0.000000
vn 0.000000 -1.000000 0.000000
vn 0.000000 -1.000000 0.000000
vn 0.000000 -1.000000 0.000000
vn 0.000000 -1.000000 0.000000
vn 0.000000 -1.000000 0.000000
vn 0.000000 -1.000000 0.000000
vn 0.000000 -1.000000 0.000000
vn 0.000000 -1.000000 0.000000
vn 0.000000 -1.000000 -0.000000
vn 0.000000 -1.000000 0.000000
vn 0.707109 -0.707104 0.000000
vn 0.707109 -0.707104 0.000000
vn 0.707109 -0.707104 0.000000
vn 0.707109 -0.707104 0.000000
vn 0.000000 -1.000000 0.000000
vn 0.000000 -1.000000 0.000000
vn 0.000000 -1.000000 0.000000
vn -0.707102 -0.707112 0.000000
vn -0.707102 -0.707112 0.000000
vn -0.707102 -0.707112 0.000000
vn -0.707102 -0.707112 0.000000
vn 0.000000 -1.000000 0.000000
vn 0.000000 -1.000000 0.000000
vn 0.000000 -1.000000 0.000000
vn 0.000000 -1.000000 0.000000
vn 0.000000 -1.000000 0.000000
vn 0.000000 -1.000000 0.000000
vn 0.000000 -1.000000 0.000000
vn 0.000000 -1.000000 0.000000
vn 0.000000 -1.000000 0.000000
vn 0.000000 -1.000000 0.000000
vn 0.000000 -1.000000 0.000000
vn 0.000000 -1.000000 0.000000
vn 0.000000 -1.000000 0.000000
vn 0.000000 -1.000000 0.000000
vn 0.000000 -1.000000 0.000000
vn 0.000000 -1.000000 0.000000
vn 0.000000 -1.000000 0.000000
vn 0.000000 -1.000000 0.000000
vn 0.000000 -1.000000 0.000000
vn 0.000000 -1.000000 0.000000
vn 0.000000 -1.000000 0.000000
vn 0.000000 -1.000000 0.000000
vn 0.000000 -1.000000 0.000000
vn 0.000000 -1.000000 0.000000
vn 0.000000 -1.000000 0.000000
vn 0.000000 -1.000000 0.000000
vn 0.000000 -1.000000 0.000000
vn 0.000000 -1.000000 0.000000
vn 0.000000 -1.000000 0.000000
vn 0.000000 -1.000000 0.000000
vn 0.000000 -1.000000 0.000000
vn 0.000000 -1.000000 0.000000
vn 0.000000 -1.000000 0.000000
vn 0.000000 -1.000000 0.000000
vn 0.000000 -1.000000 0.000000
vn 0.000000 -1.000000 0.000000
vn 0.000000 -1.000000 0.000000
vn 0.000000 -1.000000 0.000000
vn 0.000000 -1.000000 0.000000
vn 0.000000 -1.000000 0.000000
vn 0.000000 -1.000000 0.000000
vn 0.000000 -1.000000 0.000000
vn 0.000000 -1.000000 0.000000
vn 0.000000 -1.000000 0.000000
vn 0.000000 -1.000000 0.000000
vn 0.000000 -1.000000 0.000000
vn 0.000000 -1.000000 0.000000
vn 0.000000 -1.000000 0.000000
vn 0.000000 -1.000000 0.000000
vn 0.000000 -1.000000 0.000000
vn 0.000000 -1.000000 0.000000
vn 0.000000 -1.000000 0.000000
vn 0.000000 -1.000000 0.000000
vn 0.707109 -0.707105 0.000000
vn 0.707109 -0.707105 0.000000
vn 0.707109 -0.707105 0.000000
vn 0.707109 -0.707105 0.000000
vn 0.000000 -1.000000 0.000000
vn 0.000000 -1.000000 0.000000
vn 0.000000 -1.000000 0.000000
vn -0.707102 -0.707112 0.000000
vn -0.707102 -0.707112 0.000000
vn -0.707102 -0.707112 0.000000
vn -0.707102 -0.707112 0.000000
vn 0.000000 -1.000000 0.000000
vn 0.000000 -1.000000 0.000000
vn 0.000000 -1.000000 0.000000
vn 0.000000 -1.000000 0.000000
vn 0.000000 -1.000000 0.000000
vn 0.000000 -1.000000 0.000000
vn 0.000000 -1.000000 0.000000
vn 0.000000 -1.000000 0.000000
vn 0.000000 -1.000000 0.000000
vn 0.000000 -1.000000 0.000000
vn 0.000000 -1.000000 0.000000
vn 0.000000 -1.000000 0.000000
vn 0.000000 -1.000000 0.000000
vn 0.000000 -1.000000 0.000000
vn 0.000000 -1.000000 0.000000
vn 0.000000 -1.000000 0.000000
vn 0.000000 -1.000000 0.000000
vn 0.000000 -1.000000 0.000000
vn 0.000000 -1.000000 0.000000
vn 0.000000 -1.000000 0.000000
vn 0.000000 -1.000000 0.000000
vn 0.000000 -1.000000 0.000000
vn 0.000000 -1.000000 0.000000
vn 0.000000 -1.000000 0.000000
vn 0.000000 -1.000000 0.000000
vn 0.000000 -1.000000 0.000000
vn 0.000000 -1.000000 0.000000
vn 0.000000 -1.000000 0.000000
vn 0.000000 -1.000000 0.000000
vn 0.000000 -1.000000 0.000000
vn 0.000000 -1.000000 0.000000
vn 0.000000 -1.000000 0.000000
vn 0.000000 -1.000000 0.000000
vn 0.000000 -1.000000 0.000000
vn 0.000000 -1.000000 0.000000
vn 0.000000 -1.000000 0.000000
vn 0.000000 -1.000000 0.000000
vn 0.000000 -1.000000 0.000000
vn 0.000000 -1.000000 0.000000
vn 0.000000 -1.000000 0.000000
vn 0.000000 -1.000000 0.000000
vn 0.000000 -1.000000 0.000000
vn 0.000000 -1.000000 0.000000
vn 0.000000 -1.000000 0.000000
vn 0.000000 -1.000000 0.000000
vn 0.000000 -1.000000 0.000000
vn 0.000000 -1.000000 0.000000
vn 0.000000 -1.000000 0.000000
vn 0.000000 -1.000000 0.000000
vn 0.000000 -1.000000 0.000000
vn 0.000000 -1.000000 0.000000
vn 0.000000 -1.000000 0.000000
vn 0.000000 -1.000000 0.000000
vn 0.707109 -0.707105 0.000000
vn 0.707109 -0.707105 0.000000
vn 0.707109 -0.707105 0.000000
vn 0.707109 -0.707105 0.000000
vn 0.000000 -1.000000 0.000000
vn 0.000000 -1.000000 0.000000
vn 0.000000 -1.000000 -0.000000
vn -0.707101 -0.707112 0.000000
vn -0.707101 -0.707112 0.000000
vn -0.707102 -0.707112 0.000000
vn -0.707102 -0.707112 0.000000
vn 0.000000 -1.000000 0.000000
vn 0.000000 -1.000000 0.000000
vn 0.000000 -1.000000 -0.000000
vn 0.000000 -1.000000 0.000000
vn 0.000000 -1.000000 0.000000
vn 0.000000 -1.000000 0.000000
vn 0.000000 -1.000000 0.000000
vn 0.000000 -1.000000 0.000000
vn 0.000000 -1.000000 0.000000
vn 0.000000 -1.000000 0.000000
vn 0.000000 -1.000000 0.000000
vn 0.000000 -1.000000 0.000000
vn 0.000000 -1.000000 0.000000
vn 0.000000 -1.000000 0.000000
vn 0.000000 -1.000000 0.000000
vn 0.000000 -1.000000 0.000000
vn 0.000000 -1.000000 0.000000
vn 0.000000 -1.000000 0.000000
vn 0.000000 -1.000000 0.000000
vn 0.000000 -1.000000 0.000000
vn 0.000000 -1.000000 0.000000
vn 0.000000 -1.000000 0.000000
vn 0.000000 -1.000000 0.000000
vn 0.000000 -1.000000 0.000000
vn 0.000000 -1.000000 0.000000
vn 0.000000 -1.000000 0.000000
vn 0.000000 -1.000000 0.000000
vn 0.000000 -1.000000 0.000000
vn 0.000000 -1.000000 0.000000
vn 0.000000 -1.000000 0.000000
vn 0.000000 -1.000000 0.000000
vn 0.000000 -1.000000 0.000000
vn 0.000000 -1.000000 0.000000
vn 0.000000 -1.000000 0.000000
vn 0.000000 -1.000000 0.000000
vn 0.000000 -1.000000 0.000000
vn 0.000000 -1.000000 0.000000
vn 0.000000 -1.000000 0.000000
vn 0.000000 -1.000000 0.000000
vn 0.000000 -1.000000 0.000000
vn 0.000000 -1.000000 0.000000
vn 0.000000 -1.000000 0.000000
vn 0.000000 -1.000000 0.000000
vn 0.000000 -1.000000 -0.000000
vn 0.000000 -1.000000 0.000000
vn 0.000000 -1.000000 0.000000
vn 0.000000 -1.000000 -0.000000
vn 0.000000 -1.000000 0.000000
vn 0.000000 -1.000000 0.000000
vn 0.000000 -1.000000 -0.000000
vn 0.000000 -1.000000 0.000000
vn 0.000000 -1.000000 0.000000
vn 0.000000 -1.000000 0.000000
vn 0.707109 -0.707105 0.000000
vn 0.707109 -0.707105 0.000000
vn 0.707109 -0.707105 0.000000
vn 0.707109 -0.707105 0.000000
vn 0.000000 -1.000000 -0.000000
vn 0.000000 -1.000000 -0.000000
vn 0.000000 -1.000000 -0.000000
vn -0.707101 -0.707112 0.000000
vn -0.707101 -0.707112 0.000000
vn -0.707102 -0.707112 0.000000
vn -0.707102 -0.707112 0.000000
vn -0.707108 -0.000132 -0.707105
vn -0.707108 -0.000132 -0.707105
vn -0.707108 -0.000132 -0.707105
vn -0.707108 -0.000132 -0.707105
vn -0.684647 -0.728472 -0.024216
vn -0.684999 -0.728161 -0.023599
vn -0.684920 -0.728255 0.023015
vn -0.684633 -0.728508 0.023518
vn -0.021861 -0.727641 -0.685610
vn -0.021374 -0.727395 -0.685886
vn 0.022031 -0.727367 -0.685895
vn 0.022400 -0.727554 -0.685685
vn 0.707096 -0.000132 -0.707118
vn 0.707096 -0.000132 -0.707118
vn 0.707096 -0.000132 -0.707118
vn 0.707096 -0.000132 -0.707118
vn 0.000000 -1.000000 -0.000000
vn 0.000000 -1.000000 -0.000000
vn 0.684941 -0.728235 -0.023016
vn 0.684655 -0.728488 -0.023519
vn 0.684669 -0.728451 0.024217
vn 0.685021 -0.728141 0.023601
vn 0.000000 -1.000000 0.000000
vn 0.000000 -1.000000 0.000000
vn 0.000000 -1.000000 -0.000000
vn 0.000000 -1.000000 0.000000
vn 0.000000 -1.000000 0.000000
vn 0.000000 -1.000000 0.000000
vn 0.000000 -1.000000 0.000000
vn 0.000000 -1.000000 0.000000
vn 0.000000 -1.000000 0.000000
vn 0.000000 -1.000000 0.000000
vn 0.000000 -1.000000 0.000000
vn 0.000000 -1.000000 0.000000
vn 0.000000 -1.000000 0.000000
vn 0.000000 -1.000000 0.000000
vn 0.000000 -1.000000 0.000000
vn 0.000000 -1.000000 0.000000
vn 0.000000 -1.000000 0.000000
vn 0.000000 -1.000000 0.000000
vn 0.000000 -1.000000 0.000000
vn 0.000000 -1.000000 0.000000
vn 0.000000 -1.000000 0.000000
vn 0.000000 -1.000000 0.000000
vn 0.000000 -1.000000 0.000000
vn 0.000000 -1.000000 0.000000
vn 0.000000 -1.000000 0.000000
vn 0.000000 -1.000000 0.000000
vn 0.000000 -1.000000 0.000000
vn 0.000000 -1.000000 0.000000
vn 0.000000 -1.000000 0.000000
vn 0.000000 -1.000000 0.000000
vn 0.000000 -1.000000 0.000000
vn 0.000000 -1.000000 0.000000
vn 0.000000 -1.000000 0.000000
vn 0.000000 -1.000000 0.000000
vn 0.000000 -1.000000 0.000000
vn 0.000000 -1.000000 0.000000
vn -0.707102 -0.000132 -0.707111
vn -0.707102 -0.000132 -0.707111
vn -0.707102 -0.000132 -0.707111
vn -0.707102 -0.000132 -0.707111
vn -0.684669 -0.728451 -0.024217
vn -0.685021 -0.728141 -0.023600
vn -0.684941 -0.728235 0.023015
vn -0.684654 -0.728488 0.023518
vn -0.021861 -0.727640 -0.685611
vn -0.021374 -0.727395 -0.685887
vn 0.022031 -0.727367 -0.685895
vn 0.022400 -0.727554 -0.685684
vn 0.707128 -0.000132 -0.707086
vn 0.707128 -0.000132 -0.707086
vn 0.707128 -0.000132 -0.707086
vn 0.707128 -0.000132 -0.707086
vn 0.000000 -1.000000 -0.000000
vn 0.000000 -1.000000 -0.000000
vn 0.000000 -1.000000 -0.000000
vn 0.684913 -0.728262 -0.023014
vn 0.684626 -0.728515 -0.023517
vn 0.684641 -0.728478 0.024215
vn 0.684992 -0.728168 0.023599
vn 0.707108 -0.707105 0.000000
vn 0.707108 -0.707105 0.000000
vn 0.707109 -0.707105 0.000000
vn 0.707109 -0.707105 0.000000
vn 0.000000 -1.000000 0.000000
vn 0.000000 -1.000000 0.000000
vn 0.000000 -1.000000 0.000000
vn -0.707102 -0.000132 0.707111
vn -0.707102 -0.000132 0.707111
vn -0.707102 -0.000132 0.707111
vn -0.707102 -0.000132 0.707111
vn -0.022030 -0.727370 0.685892
vn -0.022400 -0.727557 0.685681
vn 0.021860 -0.727643 0.685608
vn 0.021374 -0.727397 0.685884
vn 0.707090 -0.000132 0.707124
vn 0.707090 -0.000132 0.707124
vn 0.707090 -0.000132 0.707124
vn 0.707090 -0.000132 0.707124
vn 0.000000 -1.000000 -0.000000
vn 0.000000 -1.000000 0.000000
vn -0.707096 -0.000132 0.707117
vn -0.707096 -0.000132 0.707117
vn -0.707096 -0.000132 0.707117
vn -0.707096 -0.000132 0.707117
vn -0.022030 -0.727370 0.685891
vn -0.022400 -0.727557 0.685681
vn 0.021861 -0.727644 0.685607
vn 0.021374 -0.727398 0.685883
vn 0.707121 -0.000132 0.707092
vn 0.707121 -0.000132 0.707092
vn 0.707121 -0.000132 0.707092
vn 0.707121 -0.000132 0.707092
vn 0.000000 -1.000000 0.000000
vn 0.000000 -1.000000 0.000000
vn 0.000000 -1.000000 0.000000
vn -0.707097 -0.707116 0.000000
vn -0.707097 -0.707116 0.000000
vn -0.707097 -0.707116 0.000000
vn -0.707097 -0.707116 0.000000
vn 0.000000 -0.707119 -0.707094
vn 0.000000 -0.707119 -0.707094
vn 0.000000 -0.707119 -0.707094
vn 0.000000 -0.707119 -0.707094
vn 0.707083 -0.707131 0.000000
vn 0.707083 -0.707131 0.000000
vn 0.707083 -0.707131 0.000000
vn 0.707083 -0.707131 0.000000
vn 0.000000 -0.707090 0.707124
vn 0.000000 -0.707090 0.707124
vn 0.000000 -0.707090 0.707124
vn 0.000000 -0.707090 0.707124
vn -0.707090 -0.707124 0.000000
vn -0.707090 -0.707124 0.000000
vn -0.707090 -0.707124 0.000000
vn -0.707090 -0.707124 0.000000
vn 0.000000 -0.707119 -0.707094
vn 0.000000 -0.707119 -0.707094
vn 0.000000 -0.707119 -0.707094
vn 0.000000 -0.707119 -0.707094
vn 0.707120 -0.707094 0.000000
vn 0.707120 -0.707094 0.000000
vn 0.707120 -0.707094 0.000000
vn 0.707120 -0.707094 0.000000
vn 0.000000 -0.707090 0.707124
vn 0.000000 -0.707090 0.707124
vn 0.000000 -0.707090 0.707124
vn 0.000000 -0.707090 0.707124
vn -0.707097 -0.707116 0.000000
vn -0.707097 -0.707116 0.000000
vn -0.707097 -0.707116 0.000000
vn -0.707097 -0.707116 0.000000
vn 0.000000 -0.707112 -0.707102
vn 0.000000 -0.707112 -0.707102
vn 0.000000 -0.707112 -0.707102
vn 0.000000 -0.707112 -0.707102
vn 0.707083 -0.707131 0.000000
vn 0.707083 -0.707131 0.000000
vn 0.707083 -0.707131 0.000000
vn 0.707083 -0.707131 0.000000
vn 0.000000 -0.707112 0.707102
vn 0.000000 -0.707112 0.707102
vn 0.000000 -0.707112 0.707102
vn 0.000000 -0.707112 0.707102
vn -0.707090 -0.707124 0.000000
vn -0.707090 -0.707124 0.000000
vn -0.707090 -0.707124 0.000000
vn -0.707090 -0.707124 0.000000
vn 0.000000 -0.707112 -0.707102
vn 0.000000 -0.707112 -0.707102
vn 0.000000 -0.707112 -0.707102
vn 0.000000 -0.707112 -0.707102
vn 0.707120 -0.707094 0.000000
vn 0.707120 -0.707094 0.000000
vn 0.707120 -0.707094 0.000000
vn 0.707120 -0.707094 0.000000
vn 0.000000 -0.707112 0.707102
vn 0.000000 -0.707112 0.707102
vn 0.000000 -0.707112 0.707102
vn 0.000000 -0.707112 0.707102
vn 0.000000 0.000000 1.000000
vn 0.000000 0.000000 1.000000
vn 0.000000 0.000000 1.000000
vn 0.000000 0.000000 1.000000
vn 0.000000 1.000000 0.000000
vn 0.000000 1.000000 0.000000
vn 0.000000 1.000000 0.000000
vn 0.000000 1.000000 0.000000
vn 0.000000 0.000000 -1.000000
vn 0.000000 0.000000 -1.000000
vn 0.000000 0.000000 -1.000000
vn 0.000000 0.000000 -1.000000
vn 0.000000 -1.000000 0.000000
vn 0.000000 -1.000000 0.000000
vn 0.000000 -1.000000 0.000000
vn 0.000000 -1.000000 0.000000
vn 0.000000 -1.000000 0.000000
vn 0.000000 -1.000000 0.000000
vn 0.000000 -1.000000 0.000000
vn 0.000000 -1.000000 0.000000
vn 0.000000 -1.000000 0.000000
vn 0.000000 -1.000000 0.000000
vn 0.000000 -1.000000 0.000000
vn 0.000000 -1.000000 0.000000
vn 0.000000 -1.000000 0.000000
vn 0.000000 -1.000000 0.000000
vn 0.000000 -1.000000 0.000000
vn 0.000000 -1.000000 0.000000
vn 0.000000 -1.000000 0.000000
vn 0.000000 -1.000000 0.000000
vn 0.000000 -1.000000 0.000000
vn 0.000000 -1.000000 -0.000000
vn 1.000000 0.000000 0.000000
vn 1.000000 0.000000 0.000000
vn 1.000000 0.000000 0.000000
vn 1.000000 0.000000 0.000000
vn -1.000000 0.000000 0.000000
vn -1.000000 0.000000 0.000000
vn -1.000000 0.000000 0.000000
vn -1.000000 0.000000 0.000000
vn 0.000000 0.000000 -1.000000
vn 0.000000 0.000000 -1.000000
vn 0.000000 0.000000 -1.000000
vn 0.000000 0.000000 -1.000000
vn 1.000000 -0.000000 0.000000
vn 1.000000 -0.000000 0.000000
vn 1.000000 -0.000000 0.000000
vn 1.000000 -0.000000 0.000000
vn 0.000000 0.000000 1.000000
vn 0.000000 0.000000 1.000000
vn 0.000000 0.000000 1.000000
vn 0.000000 0.000000 1.000000
vn -1.000000 0.000000 0.000000
vn -1.000000 0.000000 0.000000
vn -1.000000 0.000000 0.000000
vn -1.000000 0.000000 0.000000
vn 0.000000 0.000000 -1.000000
vn 0.000000 0.000000 -1.000000
vn 0.000000 0.000000 -1.000000
vn 0.000000 0.000000 -1.000000
vn 1.000000 -0.000000 0.000000
vn 1.000000 -0.000000 0.000000
vn 1.000000 -0.000000 0.000000
vn 1.000000 -0.000000 0.000000
vn 0.000000 0.000000 1.000000
vn 0.000000 0.000000 1.000000
vn 0.000000 0.000000 1.000000
vn 0.000000 0.000000 1.000000
vn -1.000000 0.000000 0.000000
vn -1.000000 0.000000 0.000000
vn -1.000000 0.000000 0.000000
vn -1.000000 0.000000 0.000000
vn 0.000000 0.000000 -1.000000
vn 0.000000 0.000000 -1.000000
vn 0.000000 0.000000 -1.000000
vn 0.000000 0.000000 -1.000000
vn 1.000000 0.000000 0.000000
vn 1.000000 0.000000 0.000000
vn 1.000000 0.000000 0.000000
vn 1.000000 0.000000 0.000000
vn 0.000000 0.000000 1.000000
vn 0.000000 0.000000 1.000000
vn 0.000000 0.000000 1.000000
vn 0.000000 0.000000 1.000000
vn -1.000000 0.000000 0.000000
vn -1.000000 0.000000 0.000000
vn -1.000000 0.000000 0.000000
vn -1.000000 0.000000 0.000000
vn 0.000000 0.000000 -1.000000
vn 0.000000 0.000000 -1.000000
vn 0.000000 0.000000 -1.000000
vn 0.000000 0.000000 -1.000000
vn 1.000000 -0.000000 0.000000
vn 1.000000 -0.000000 0.000000
vn 1.000000 -0.000000 0.000000
vn 1.000000 -0.000000 0.000000
vn 0.000000 0.000000 1.000000
vn 0.000000 0.000000 1.000000
vn 0.000000 0.000000 1.000000
vn 0.000000 0.000000 1.000000
vn -1.000000 -0.000000 0.000000
vn -1.000000 -0.000000 0.000000
vn -1.000000 -0.000000 0.000000
vn -1.000000 -0.000000 0.000000
vn -0.577357 -0.577338 0.577356
vn -0.577357 -0.577338 0.577356
vn -0.577357 -0.577338 0.577356
vn 0.577347 -0.577356 0.577347
vn 0.577348 -0.577356 0.577347
vn 0.577347 -0.577356 0.577347
vn -0.577357 0.577338 0.577356
vn -0.577357 0.577338 0.577356
vn -0.577357 0.577338 0.577356
vn 0.577347 0.577356 0.577347
vn 0.577348 0.577356 0.577347
vn 0.577347 0.577356 0.577347
vn -0.577356 0.577324 -0.577371
vn -0.577356 0.577324 -0.577371
vn -0.577356 0.577324 -0.577371
vn 0.577347 0.577343 -0.577361
vn 0.577347 0.577343 -0.577361
vn 0.577347 0.577343 -0.577361
vn -0.577356 -0.577324 -0.577371
vn -0.577356 -0.577324 -0.577371
vn -0.577356 -0.577324 -0.577371
vn 0.577347 -0.577343 -0.577361
vn 0.577347 -0.577343 -0.577361
vn 0.577347 -0.577343 -0.577361
vn -0.393969 -0.831280 -0.392125
vn 0.392131 -0.831273 -0.393978
vn -0.393976 -0.831272 -0.392135
vn 0.392123 -0.831280 -0.393971
vn -0.392115 -0.831286 0.393967
vn 0.393965 -0.831277 0.392135
vn -0.392115 -0.831286 0.393967
vn 0.393967 -0.831282 0.392122
vn -0.393967 -0.831283 -0.392120
vn 0.392131 -0.831273 -0.393978
vn -0.393977 -0.831273 -0.392132
vn 0.392126 -0.831277 -0.393973
vn -0.392126 -0.831277 0.393974
vn 0.393972 -0.831273 0.392137
vn -0.392126 -0.831278 0.393974
vn 0.393970 -0.831282 0.392119
vn -0.577342 -0.577351 -0.577358
vn -0.577342 -0.577351 -0.577358
vn -0.577342 -0.577351 -0.577358
vn 0.577342 -0.577351 -0.577358
vn 0.577342 -0.577351 -0.577358
vn 0.577342 -0.577351 -0.577358
vn 0.577316 -0.577350 0.577385
vn 0.577316 -0.577350 0.577385
vn 0.577316 -0.577350 0.577385
vn -0.577316 -0.577350 0.577385
vn -0.577316 -0.577350 0.577385
vn -0.577316 -0.577350 0.577385
vn -0.577342 -0.577351 -0.577358
vn -0.577342 -0.577351 -0.577358
vn -0.577342 -0.577351 -0.577358
vn 0.577368 -0.577349 -0.577333
vn 0.577368 -0.577349 -0.577334
vn 0.577368 -0.577349 -0.577333
vn 0.577352 -0.577330 0.577370
vn 0.577352 -0.577330 0.577370
vn 0.577352 -0.577330 0.577370
vn -0.577325 -0.577331 0.577394
vn -0.577325 -0.577331 0.577394
vn -0.577325 -0.577331 0.577394
vn -0.577332 -0.577356 -0.577363
vn -0.577332 -0.577356 -0.577363
vn -0.577332 -0.577356 -0.577363
vn 0.577332 -0.577356 -0.577363
vn 0.577332 -0.577356 -0.577363
vn 0.577332 -0.577356 -0.577363
vn 0.577332 -0.577356 0.577363
vn 0.577332 -0.577356 0.577363
vn 0.577332 -0.577356 0.577363
vn -0.577332 -0.577356 0.577363
vn -0.577332 -0.577356 0.577363
vn -0.577332 -0.577356 0.577363
vn -0.577332 -0.577356 -0.577363
vn -0.577332 -0.577356 -0.577363
vn -0.577332 -0.577356 -0.577363
vn 0.577358 -0.577354 -0.577338
vn 0.577358 -0.577354 -0.577339
vn 0.577358 -0.577354 -0.577339
vn 0.577358 -0.577354 0.577338
vn 0.577358 -0.577354 0.577339
vn 0.577358 -0.577354 0.577339
vn -0.577332 -0.577356 0.577363
vn -0.577332 -0.577356 0.577363
vn -0.577332 -0.577356 0.577363
s 1
g table
usemtl initialShadingGroup
f 1/1/1 3/1467/2 1148/3/3 1147/4/4
s 2
f 2/1468/5 1/1/6 7/6/7 6/1465/8
s off
f 3/2/9 2/5/10 60/8/11 59/1392/12
s 3
f 4/10/13 7/6/14 1151/11/15 1150/1298/16
s 2
f 5/1466/17 4/10/18 11/14/19 10/1463/20
s 4
f 6/7/21 5/13/22 64/16/23 63/1390/24
s 3
f 8/18/25 11/14/26 1157/19/27 1156/20/28
s 2
f 9/1464/29 8/18/30 15/22/31 14/1461/32
s 4
f 10/15/33 9/21/34 68/24/35 67/1388/36
s 3
f 12/26/37 15/22/38 1159/27/39 1162/28/40
s 2
f 13/1462/41 12/26/42 19/30/43 18/1459/44
s 4
f 14/23/45 13/29/46 72/32/47 71/1386/48
s 3
f 16/34/49 19/30/50 1163/35/51 1166/36/52
s 2
f 17/1460/53 16/34/54 23/38/55 22/1457/56
s 4
f 18/31/57 17/37/58 76/40/59 75/1384/60
s 3
f 20/42/61 23/38/62 1167/43/63 1170/44/64
s 2
f 21/1458/65 20/42/66 27/46/67 26/1455/68
s 4
f 22/39/69 21/45/70 80/48/71 79/1382/72
s 3
f 24/50/73 27/46/74 1171/51/75 1174/52/76
s 2
f 25/1456/77 24/50/78 31/54/79 30/1453/80
s 4
f 26/47/81 25/53/82 84/56/83 83/1380/84
s 3
f 28/58/85 31/54/86 1175/59/87 1178/60/88
s 2
f 29/1454/89 28/58/90 35/62/91 34/1451/92
s 4
f 30/55/93 29/61/94 88/64/95 87/1378/96
s 3
f 32/66/97 35/62/98 1179/67/99 1182/68/100
s 2
f 33/1452/101 32/66/102 39/70/103 38/1449/104
s 4
f 34/63/105 33/69/106 92/72/107 91/1376/108
s 3
f 36/74/109 39/70/110 1183/75/111 1186/76/112
s 2
f 37/1450/113 36/74/114 43/78/115 42/1447/116
s 4
f 38/71/117 37/77/118 96/80/119 95/1374/120
s 3
f 40/82/121 43/78/122 1187/83/123 1190/84/124
s 2
f 41/1448/125 40/82/126 47/86/127 46/1445/128
s 4
f 42/79/129 41/85/130 100/88/131 99/1372/132
s 3
f 44/90/133 47/86/134 1191/91/135 1194/92/136
s 2
f 45/1446/137 44/90/138 51/94/139 50/1443/140
s 4
f 46/87/141 45/93/142 104/96/143 103/1370/144
s 3
f 48/98/145 51/94/146 1197/99/147 1196/1279/148
s 2
f 49/1444/149 48/98/150 55/102/151 54/1441/152
s 4
f 50/95/153 49/101/154 108/104/155 107/1368/156
s 3
f 52/106/157 55/102/158 1203/107/159 1202/108/160
s 2
f 53/1442/161 52/106/162 58/110/163 57/1439/164
s 4
f 54/103/165 53/109/166 112/112/167 111/1366/168
s 17
f 56/1440/169 58/110/170 1206/115/171 1205/116/172
s off
f 57/111/173 56/114/174 116/117/175 115/1364/176
s 18
f 59/9/177 61/119/178 118/120/179 117/121/180
s 19
f 61/119/181 60/1389/182 63/17/183 62/122/184
s 20
f 62/122/185 65/123/186 123/124/187 122/125/188
s 19
f 65/123/189 64/1387/190 67/25/191 66/126/192
s 20
f 66/126/193 69/127/194 127/128/195 126/129/196
s 19
f 69/127/197 68/1385/198 71/33/199 70/130/200
s 20
f 70/130/201 73/131/202 131/132/203 130/133/204
s 19
f 73/131/205 72/1383/206 75/41/207 74/134/208
s 20
f 74/134/209 77/135/210 135/136/211 134/137/212
s 19
f 77/135/213 76/1381/214 79/49/215 78/138/216
s 20
f 78/138/217 81/139/218 139/140/219 138/141/220
s 19
f 81/139/221 80/1379/222 83/57/223 82/142/224
s 20
f 82/142/225 85/143/226 143/144/227 142/145/228
s 19
f 85/143/229 84/1377/230 87/65/231 86/146/232
s 20
f 86/146/233 89/147/234 147/148/235 146/149/236
s 19
f 89/147/237 88/1375/238 91/73/239 90/150/240
s 20
f 90/150/241 93/151/242 151/152/243 150/153/244
s 19
f 93/151/245 92/1373/246 95/81/247 94/154/248
s 20
f 94/154/249 97/155/250 155/156/251 154/157/252
s 19
f 97/155/253 96/1371/254 99/89/255 98/158/256
s 20
f 98/158/257 101/159/258 159/160/259 158/161/260
s 19
f 101/159/261 100/1369/262 103/97/263 102/162/264
s 20
f 102/162/265 105/163/266 163/164/267 162/165/268
s 19
f 105/163/269 104/1367/270 107/105/271 106/166/272
s 20
f 106/166/273 109/167/274 167/168/275 166/169/276
s 19
f 109/167/277 108/1365/278 111/113/279 110/170/280
s 20
f 110/170/281 113/171/282 171/172/283 170/173/284
s 19
f 113/171/285 112/1363/286 115/118/287 114/174/288
s 33
f 114/174/289 116/117/290 176/175/291 175/176/292
s 34
f 117/121/293 120/177/294 1145/178/295 1148/3/296
s 20
f 119/179/297 118/120/298 122/125/188 121/180/299
s 18
f 120/177/300 119/179/301 178/181/302 177/182/303
s 20
f 121/180/299 124/183/304 183/184/305 182/185/306
f 124/183/304 123/124/187 126/129/196 125/186/307
f 125/186/307 128/187/308 187/188/309 186/189/310
f 128/187/308 127/128/195 130/133/204 129/190/311
f 129/190/311 132/191/312 191/192/313 190/193/314
f 132/191/312 131/132/203 134/137/212 133/194/315
f 133/194/315 136/195/316 195/196/317 194/197/318
f 136/195/316 135/136/211 138/141/220 137/198/319
f 137/198/319 140/199/320 199/200/321 198/201/322
f 140/199/320 139/140/219 142/145/228 141/202/323
f 141/202/323 144/203/324 203/204/325 202/205/326
f 144/203/324 143/144/227 146/149/236 145/206/327
f 145/206/327 148/207/328 207/208/329 206/209/330
f 148/207/328 147/148/235 150/153/244 149/210/331
f 149/210/331 152/211/332 211/212/333 210/213/334
f 152/211/332 151/152/243 154/157/252 153/214/335
f 153/214/335 156/215/336 215/216/337 214/217/338
f 156/215/336 155/156/251 158/161/260 157/218/339
f 157/218/339 160/219/340 219/220/341 218/221/342
f 160/219/340 159/160/259 162/165/268 161/222/343
f 161/222/343 164/223/344 223/224/345 222/225/346
f 164/223/344 163/164/267 166/169/276 165/226/347
f 165/226/347 168/227/348 227/228/349 226/229/350
f 168/227/348 167/168/275 170/173/284 169/230/351
f 169/230/351 172/231/352 231/232/353 230/233/354
f 172/231/352 171/172/283 175/176/355 174/234/356
s 35
f 173/235/357 176/175/358 1205/1438/359 1208/1394/360
s 33
f 174/234/361 173/235/362 236/237/363 235/238/364
s 34
f 177/182/365 180/239/366 1081/240/367 1084/241/368
s 20
f 179/242/369 178/181/370 182/185/306 181/243/371
s 18
f 180/239/372 179/242/373 238/244/374 237/245/375
s 20
f 181/243/371 184/246/376 243/247/377 242/248/378
f 184/246/376 183/184/305 186/189/310 185/249/379
f 185/249/379 188/250/380 247/251/381 246/252/382
f 188/250/380 187/188/309 190/193/314 189/253/383
f 189/253/383 192/254/384 251/255/385 250/256/386
f 192/254/384 191/192/313 194/197/318 193/257/387
f 193/257/387 196/258/388 255/259/389 254/260/390
f 196/258/388 195/196/317 198/201/322 197/261/391
f 197/261/391 200/262/392 259/263/393 258/264/394
f 200/262/392 199/200/321 202/205/326 201/265/395
f 201/265/395 204/266/396 263/267/397 262/268/398
f 204/266/396 203/204/325 206/209/330 205/269/399
f 205/269/399 208/270/400 267/271/401 266/272/402
f 208/270/400 207/208/329 210/213/334 209/273/403
f 209/273/403 212/274/404 271/275/405 270/276/406
f 212/274/404 211/212/333 214/217/338 213/277/407
f 213/277/407 216/278/408 275/279/409 274/280/410
f 216/278/408 215/216/337 218/221/342 217/281/411
f 217/281/411 220/282/412 279/283/413 278/284/414
f 220/282/412 219/220/341 222/225/346 221/285/415
f 221/285/415 224/286/416 283/287/417 282/288/418
f 224/286/416 223/224/345 226/229/350 225/289/419
f 225/289/419 228/290/420 287/291/421 286/292/422
f 228/290/420 227/228/349 230/233/354 229/293/423
f 229/293/423 232/294/424 291/295/425 290/296/426
f 232/294/424 231/232/353 235/238/427 234/297/428
s 35
f 233/298/429 236/237/430 1141/299/431 1144/1396/432
s 33
f 234/297/433 233/298/434 296/301/435 295/302/436
s 34
f 237/245/437 240/303/438 1021/304/439 1024/305/440
s 20
f 239/306/441 238/244/442 242/248/378 241/307/443
s 18
f 240/303/444 239/306/445 298/308/446 297/309/447
s 20
f 241/307/443 244/310/448 303/311/449 302/312/450
f 244/310/448 243/247/377 246/252/382 245/313/451
f 245/313/451 248/314/452 307/315/453 306/316/454
f 248/314/452 247/251/381 250/256/386 249/317/455
f 249/317/455 252/318/456 311/319/457 310/320/458
f 252/318/456 251/255/385 254/260/390 253/321/459
f 253/321/459 256/322/460 315/323/461 314/324/462
f 256/322/460 255/259/389 258/264/394 257/325/463
f 257/325/463 260/326/464 319/327/465 318/328/466
f 260/326/464 259/263/393 262/268/398 261/329/467
f 261/329/467 264/330/468 323/331/469 322/332/470
f 264/330/468 263/267/397 266/272/402 265/333/471
f 265/333/471 268/334/472 327/335/473 326/336/474
f 268/334/472 267/271/401 270/276/406 269/337/475
f 269/337/475 272/338/476 331/339/477 330/340/478
f 272/338/476 271/275/405 274/280/410 273/341/479
f 273/341/479 276/342/480 335/343/481 334/344/482
f 276/342/480 275/279/409 278/284/414 277/345/483
f 277/345/483 280/346/484 339/347/485 338/348/486
f 280/346/484 279/283/413 282/288/418 281/349/487
f 281/349/487 284/350/488 343/351/489 342/352/490
f 284/350/488 283/287/417 286/292/422 285/353/491
f 285/353/491 288/354/492 347/355/493 346/356/494
f 288/354/492 287/291/421 290/296/426 289/357/495
f 289/357/495 292/358/496 351/359/497 350/360/498
f 292/358/496 291/295/425 295/302/499 294/361/500
s 35
f 293/362/501 296/301/502 1077/363/503 1080/1398/504
s 33
f 294/361/505 293/362/506 356/365/507 355/366/508
s 34
f 297/309/509 300/367/510 961/368/511 964/369/512
s 20
f 299/370/513 298/308/514 302/312/450 301/371/515
s 18
f 300/367/516 299/370/517 358/372/518 357/373/519
s 20
f 301/371/515 304/374/520 363/375/521 362/376/522
f 304/374/520 303/311/449 306/316/454 305/377/523
f 305/377/523 308/378/524 367/379/525 366/380/526
f 308/378/524 307/315/453 310/320/458 309/381/527
f 309/381/527 312/382/528 371/383/529 370/384/530
f 312/382/528 311/319/457 314/324/462 313/385/531
f 313/385/531 316/386/532 375/387/533 374/388/534
f 316/386/532 315/323/461 318/328/466 317/389/535
f 317/389/535 320/390/536 379/391/537 378/392/538
f 320/390/536 319/327/465 322/332/470 321/393/539
f 321/393/539 324/394/540 383/395/541 382/396/542
f 324/394/540 323/331/469 326/336/474 325/397/543
f 325/397/543 328/398/544 387/399/545 386/400/546
f 328/398/544 327/335/473 330/340/478 329/401/547
f 329/401/547 332/402/548 391/403/549 390/404/550
f 332/402/548 331/339/477 334/344/482 333/405/551
f 333/405/551 336/406/552 395/407/553 394/408/554
f 336/406/552 335/343/481 338/348/486 337/409/555
f 337/409/555 340/410/556 399/411/557 398/412/558
f 340/410/556 339/347/485 342/352/490 341/413/559
f 341/413/559 344/414/560 403/415/561 402/416/562
f 344/414/560 343/351/489 346/356/494 345/417/563
f 345/417/563 348/418/564 407/419/565 406/420/566
f 348/418/564 347/355/493 350/360/498 349/421/567
f 349/421/567 352/422/568 411/423/569 410/424/570
f 352/422/568 351/359/497 355/366/571 354/425/572
s 35
f 353/426/573 356/365/574 1017/427/575 1020/1400/576
s 33
f 354/425/577 353/426/578 416/429/579 415/430/580
s 34
f 357/373/581 360/431/582 901/432/583 904/433/584
s 20
f 359/434/585 358/372/586 362/376/522 361/435/587
s 18
f 360/431/588 359/434/589 418/436/590 417/437/591
s 20
f 361/435/587 364/438/592 423/439/593 422/440/594
f 364/438/592 363/375/521 366/380/526 365/441/595
f 365/441/595 368/442/596 427/443/597 426/444/598
f 368/442/596 367/379/525 370/384/530 369/445/599
f 369/445/599 372/446/600 431/447/601 430/448/602
f 372/446/600 371/383/529 374/388/534 373/449/603
f 373/449/603 376/450/604 435/451/605 434/452/606
f 376/450/604 375/387/533 378/392/538 377/453/607
f 377/453/607 380/454/608 439/455/609 438/456/610
f 380/454/608 379/391/537 382/396/542 381/457/611
f 381/457/611 384/458/612 443/459/613 442/460/614
f 384/458/612 383/395/541 386/400/546 385/461/615
f 385/461/615 388/462/616 447/463/617 446/464/618
f 388/462/616 387/399/545 390/404/550 389/465/619
f 389/465/619 392/466/620 451/467/621 450/468/622
f 392/466/620 391/403/549 394/408/554 393/469/623
f 393/469/623 396/470/624 455/471/625 454/472/626
f 396/470/624 395/407/553 398/412/558 397/473/627
f 397/473/627 400/474/628 459/475/629 458/476/630
f 400/474/628 399/411/557 402/416/562 401/477/631
f 401/477/631 404/478/632 463/479/633 462/480/634
f 404/478/632 403/415/561 406/420/566 405/481/635
f 405/481/635 408/482/636 467/483/637 466/484/638
f 408/482/636 407/419/565 410/424/570 409/485/639
f 409/485/639 412/486/640 471/487/641 470/488/642
f 412/486/640 411/423/569 415/430/643 414/489/644
s 35
f 413/490/645 416/429/646 957/491/647 960/1402/648
s 33
f 414/489/649 413/490/650 476/493/651 475/494/652
s 34
f 417/437/653 420/495/654 841/496/655 844/497/656
s 20
f 419/498/657 418/436/658 422/440/594 421/499/659
s 18
f 420/495/660 419/498/661 478/500/662 477/501/663
s 20
f 421/499/659 424/502/664 483/503/665 482/504/666
f 424/502/664 423/439/593 426/444/598 425/505/667
f 425/505/667 428/506/668 487/507/669 486/508/670
f 428/506/668 427/443/597 430/448/602 429/509/671
f 429/509/671 432/510/672 491/511/673 490/512/674
f 432/510/672 431/447/601 434/452/606 433/513/675
f 433/513/675 436/514/676 495/515/677 494/516/678
f 436/514/676 435/451/605 438/456/610 437/517/679
f 437/517/679 440/518/680 499/519/681 498/520/682
f 440/518/680 439/455/609 442/460/614 441/521/683
f 441/521/683 444/522/684 503/523/685 502/524/686
f 444/522/684 443/459/613 446/464/618 445/525/687
f 445/525/687 448/526/688 507/527/689 506/528/690
f 448/526/688 447/463/617 450/468/622 449/529/691
f 449/529/691 452/530/692 511/531/693 510/532/694
f 452/530/692 451/467/621 454/472/626 453/533/695
f 453/533/695 456/534/696 515/535/697 514/536/698
f 456/534/696 455/471/625 458/476/630 457/537/699
f 457/537/699 460/538/700 519/539/701 518/540/702
f 460/538/700 459/475/629 462/480/634 461/541/703
f 461/541/703 464/542/704 523/543/705 522/544/706
f 464/542/704 463/479/633 466/484/638 465/545/707
f 465/545/707 468/546/708 527/547/709 526/548/710
f 468/546/708 467/483/637 470/488/642 469/549/711
f 469/549/711 472/550/712 531/551/713 530/552/714
f 472/550/712 471/487/641 475/494/715 474/553/716
s 35
f 473/554/717 476/493/718 897/555/719 900/1404/720
s 33
f 474/553/721 473/554/722 536/557/723 535/558/724
s 34
f 477/501/725 480/559/726 777/560/727 780/561/728
s 20
f 479/562/729 478/500/730 482/504/666 481/563/731
s 18
f 480/559/732 479/562/733 538/564/734 537/565/735
s 20
f 481/563/731 484/566/736 543/567/737 542/568/738
f 484/566/736 483/503/665 486/508/670 485/569/739
f 485/569/739 488/570/740 547/571/741 546/572/742
f 488/570/740 487/507/669 490/512/674 489/573/743
f 489/573/743 492/574/744 551/575/745 550/576/746
f 492/574/744 491/511/673 494/516/678 493/577/747
f 493/577/747 496/578/748 555/579/749 554/580/750
f 496/578/748 495/515/677 498/520/682 497/581/751
f 497/581/751 500/582/752 559/583/753 558/584/754
f 500/582/752 499/519/681 502/524/686 501/585/755
f 501/585/755 504/586/756 563/587/757 562/588/758
f 504/586/756 503/523/685 506/528/690 505/589/759
f 505/589/759 508/590/760 567/591/761 566/592/762
f 508/590/760 507/527/689 510/532/694 509/593/763
f 509/593/763 512/594/764 571/595/765 570/596/766
f 512/594/764 511/531/693 514/536/698 513/597/767
f 513/597/767 516/598/768 575/599/769 574/600/770
f 516/598/768 515/535/697 518/540/702 517/601/771
f 517/601/771 520/602/772 579/603/773 578/604/774
f 520/602/772 519/539/701 522/544/706 521/605/775
f 521/605/775 524/606/776 583/607/777 582/608/778
f 524/606/776 523/543/705 526/548/710 525/609/779
f 525/609/779 528/610/780 587/611/781 586/612/782
f 528/610/780 527/547/709 530/552/714 529/613/783
f 529/613/783 532/614/784 591/615/785 590/616/786
f 532/614/784 531/551/713 535/558/787 534/617/788
s 35
f 533/618/789 536/557/790 837/619/791 840/1406/792
s 33
f 534/617/793 533/618/794 596/621/795 595/622/796
s 34
f 537/565/797 540/623/798 713/624/799 716/625/800
s 20
f 539/626/801 538/564/802 542/568/738 541/627/803
s 18
f 540/623/804 539/626/805 598/628/806 597/1391/807
s 20
f 541/627/803 544/630/808 602/631/809 601/632/810
f 544/630/808 543/567/737 546/572/742 545/633/811
f 545/633/811 548/634/812 606/635/813 605/636/814
f 548/634/812 547/571/741 550/576/746 549/637/815
f 549/637/815 552/638/816 610/639/817 609/640/818
f 552/638/816 551/575/745 554/580/750 553/641/819
f 553/641/819 556/642/820 614/643/821 613/644/822
f 556/642/820 555/579/749 558/584/754 557/645/823
f 557/645/823 560/646/824 618/647/825 617/648/826
f 560/646/824 559/583/753 562/588/758 561/649/827
f 561/649/827 564/650/828 622/651/829 621/652/830
f 564/650/828 563/587/757 566/592/762 565/653/831
f 565/653/831 568/654/832 626/655/833 625/656/834
f 568/654/832 567/591/761 570/596/766 569/657/835
f 569/657/835 572/658/836 630/659/837 629/660/838
f 572/658/836 571/595/765 574/600/770 573/661/839
f 573/661/839 576/662/840 634/663/841 633/664/842
f 576/662/840 575/599/769 578/604/774 577/665/843
f 577/665/843 580/666/844 638/667/845 637/668/846
f 580/666/844 579/603/773 582/608/778 581/669/847
f 581/669/847 584/670/848 642/671/849 641/672/850
f 584/670/848 583/607/777 586/612/782 585/673/851
f 585/673/851 588/674/852 646/675/853 645/676/854
f 588/674/852 587/611/781 590/616/786 589/677/855
f 589/677/855 592/678/856 650/679/857 649/680/858
f 592/678/856 591/615/785 595/622/859 594/681/860
s 35
f 593/682/861 596/621/862 773/683/863 776/1408/864
s 33
f 594/681/865 593/682/866 654/685/867 653/686/868
s off
f 597/629/869 599/1362/870 656/688/871 655/1437/872
s 43
f 599/687/873 598/628/874 601/632/875 600/1361/876
s 44
f 600/690/877 603/1360/878 660/692/879 659/1436/880
s 43
f 603/691/881 602/631/882 605/636/883 604/1359/884
s 44
f 604/694/885 607/1358/886 664/696/887 663/1434/888
s 43
f 607/695/889 606/635/890 609/640/891 608/1357/892
s 44
f 608/698/893 611/1356/894 668/700/895 667/1432/896
s 43
f 611/699/897 610/639/898 613/644/899 612/1355/900
s 44
f 612/702/901 615/1354/902 672/704/903 671/1430/904
s 43
f 615/703/905 614/643/906 617/648/907 616/1353/908
s 44
f 616/706/909 619/1352/910 676/708/911 675/1428/912
s 43
f 619/707/913 618/647/914 621/652/915 620/1351/916
s 44
f 620/710/917 623/1350/918 680/712/919 679/1426/920
s 43
f 623/711/921 622/651/922 625/656/923 624/1349/924
s 44
f 624/714/925 627/1348/926 684/716/927 683/1424/928
s 43
f 627/715/929 626/655/930 629/660/931 628/1347/932
s 44
f 628/718/933 631/1346/934 688/720/935 687/1422/936
s 43
f 631/719/937 630/659/938 633/664/939 632/1345/940
s 44
f 632/722/941 635/1344/942 692/724/943 691/1420/944
s 43
f 635/723/945 634/663/946 637/668/947 636/1343/948
s 44
f 636/726/949 639/1342/950 696/728/951 695/1418/952
s 43
f 639/727/953 638/667/954 641/672/955 640/1341/956
s 44
f 640/730/957 643/1340/958 700/732/959 699/1416/960
s 43
f 643/731/961 642/671/962 645/676/963 644/1339/964
s 44
f 644/734/965 647/1338/966 704/736/967 703/1414/968
s 43
f 647/735/969 646/675/970 649/680/971 648/1337/972
s 44
f 648/738/973 651/1336/974 708/740/975 707/1412/976
s 43
f 651/739/977 650/679/978 653/686/979 652/1335/980
s off
f 652/742/981 654/685/982 712/743/983 711/1410/984
s 1
f 655/689/985 657/745/986 714/746/987 713/624/988
s 58
f 657/745/989 656/1435/990 659/693/991 658/747/992
s 3
f 658/747/993 661/748/994 720/749/995 719/1316/996
s 58
f 661/748/997 660/1433/998 663/697/999 662/751/1000
s 3
f 662/751/1001 665/752/1002 724/753/1003 723/1314/1004
s 58
f 665/752/1005 664/1431/1006 667/701/1007 666/755/1008
s 3
f 666/755/1009 669/756/1010 729/757/1011 728/758/1012
s 58
f 669/756/1013 668/1429/1014 671/705/1015 670/759/1016
s 3
f 670/759/1017 673/760/1018 733/761/1019 732/762/1020
s 58
f 673/760/1021 672/1427/1022 675/709/1023 674/763/1024
s 3
f 674/763/1025 677/764/1026 737/765/1027 736/766/1028
s 58
f 677/764/1029 676/1425/1030 679/713/1031 678/767/1032
s 3
f 678/767/1033 681/768/1034 741/769/1035 740/770/1036
s 58
f 681/768/1037 680/1423/1038 683/717/1039 682/771/1040
s 3
f 682/771/1041 685/772/1042 745/773/1043 744/774/1044
s 58
f 685/772/1045 684/1421/1046 687/721/1047 686/775/1048
s 3
f 686/775/1049 689/776/1050 749/777/1051 748/778/1052
s 58
f 689/776/1053 688/1419/1054 691/725/1055 690/779/1056
s 3
f 690/779/1057 693/780/1058 753/781/1059 752/782/1060
s 58
f 693/780/1061 692/1417/1062 695/729/1063 694/783/1064
s 3
f 694/783/1065 697/784/1066 757/785/1067 756/786/1068
s 58
f 697/784/1069 696/1415/1070 699/733/1071 698/787/1072
s 3
f 698/787/1073 701/788/1074 761/789/1075 760/790/1076
s 58
f 701/788/1077 700/1413/1078 703/737/1079 702/791/1080
s 3
f 702/791/1081 705/792/1082 766/793/1083 765/1268/1084
s 58
f 705/792/1085 704/1411/1086 707/741/1087 706/795/1088
s 3
f 706/795/1089 709/796/1090 770/797/1091 769/1266/1092
s 58
f 709/796/1093 708/1409/1094 711/744/1095 710/799/1096
s 17
f 710/799/1097 712/1407/1098 776/684/1099 775/800/1100
s 3
f 715/801/1101 714/746/1102 719/1316/996 718/1315/1103
s 1
f 716/625/1104 715/801/1105 778/803/1106 777/560/1107
s off
f 717/804/1108 721/805/1109 1210/806/1110 1209/807/1111
s 73
f 718/802/1112 717/804/1113 785/808/1114 784/809/1115
f 721/805/1116 720/1313/1117 723/754/1118 722/810/1119
s off
f 722/810/1120 726/811/1121 1214/812/1122 1213/813/1123
s 3
f 725/814/1124 724/753/1003 728/758/1012 727/815/1125
s 73
f 726/811/1126 725/1311/1127 787/1307/1128 786/1330/1129
s 3
f 727/815/1125 730/818/1130 793/819/1131 792/820/1132
f 730/818/1130 729/757/1011 732/762/1020 731/821/1133
f 731/821/1133 734/822/1134 797/823/1135 796/824/1136
f 734/822/1134 733/761/1019 736/766/1028 735/825/1137
f 735/825/1137 738/826/1138 801/827/1139 800/828/1140
f 738/826/1138 737/765/1027 740/770/1036 739/829/1141
f 739/829/1141 742/830/1142 805/831/1143 804/832/1144
f 742/830/1142 741/769/1035 744/774/1044 743/833/1145
f 743/833/1145 746/834/1146 809/835/1147 808/836/1148
f 746/834/1146 745/773/1043 748/778/1052 747/837/1149
f 747/837/1149 750/838/1150 813/839/1151 812/840/1152
f 750/838/1150 749/777/1051 752/782/1060 751/841/1153
f 751/841/1153 754/842/1154 817/843/1155 816/844/1156
f 754/842/1154 753/781/1059 756/786/1068 755/845/1157
f 755/845/1157 758/846/1158 821/847/1159 820/848/1160
f 758/846/1158 757/785/1067 760/790/1076 759/849/1161
f 759/849/1161 762/850/1162 825/851/1163 824/852/1164
f 762/850/1162 761/789/1075 765/1268/1084 764/1267/1165
s off
g textureEditorIsolateSelectSet table
f 763/854/1166 767/855/1167 1222/856/1168 1221/857/1169
s 74
f 764/853/1170 763/854/1171 831/858/1172 830/1271/1173
f 767/855/1174 766/1265/1175 769/798/1176 768/860/1177
s off
f 768/860/1178 772/861/1179 1226/862/1180 1225/863/1181
s 3
g table
f 771/864/1182 770/797/1091 775/800/1183 774/865/1184
s 74
g textureEditorIsolateSelectSet table
f 772/861/1185 771/1263/1186 833/1259/1187 832/867/1188
s 17
g table
f 774/865/1189 773/1405/1190 840/620/1191 839/868/1192
s 3
f 779/869/1193 778/803/1194 784/1310/1195 783/870/1196
s 1
f 780/561/1197 779/869/1198 842/871/1199 841/496/1200
s off
f 781/872/1201 785/808/1202 1220/873/1203 1219/874/1204
s 73
f 782/1309/1205 781/872/1206 790/876/1207 789/1305/1208
s 3
f 783/870/1196 782/875/1209 847/878/1210 846/879/1211
s off
f 786/817/1212 790/876/1213 1217/880/1214 1216/881/1215
s 3
f 788/882/1216 787/816/1217 792/820/1132 791/883/1218
f 789/877/1219 788/882/1216 851/884/1220 850/885/1221
f 791/883/1218 794/886/1222 855/887/1223 854/888/1224
f 794/886/1222 793/819/1131 796/824/1136 795/889/1225
f 795/889/1225 798/890/1226 859/891/1227 858/892/1228
f 798/890/1226 797/823/1135 800/828/1140 799/893/1229
f 799/893/1229 802/894/1230 863/895/1231 862/896/1232
f 802/894/1230 801/827/1139 804/832/1144 803/897/1233
f 803/897/1233 806/898/1234 867/899/1235 866/900/1236
f 806/898/1234 805/831/1143 808/836/1148 807/901/1237
f 807/901/1237 810/902/1238 871/903/1239 870/904/1240
f 810/902/1238 809/835/1147 812/840/1152 811/905/1241
f 811/905/1241 814/906/1242 875/907/1243 874/908/1244
f 814/906/1242 813/839/1151 816/844/1156 815/909/1245
f 815/909/1245 818/910/1246 879/911/1247 878/912/1248
f 818/910/1246 817/843/1155 820/848/1160 819/913/1249
f 819/913/1249 822/914/1250 883/915/1251 882/916/1252
f 822/914/1250 821/847/1159 824/852/1164 823/917/1253
f 823/917/1253 826/918/1254 887/919/1255 886/920/1256
f 826/918/1254 825/851/1163 830/1262/1257 829/921/1258
s off
g textureEditorIsolateSelectSet table
f 827/922/1259 831/1270/1260 1232/1269/1261 1231/924/1262
s 74
f 828/1261/1263 827/922/1264 836/926/1265 835/1257/1266
s 3
g table
f 829/921/1258 828/925/1267 891/928/1268 890/929/1269
s off
g textureEditorIsolateSelectSet table
f 832/867/1270 836/926/1271 1229/930/1272 1228/931/1273
s 3
g table
f 834/932/1274 833/866/1275 839/868/1276 838/933/1277
f 835/927/1278 834/932/1274 895/934/1279 894/935/1280
s 17
f 838/933/1281 837/1403/1282 900/556/1283 899/936/1284
s 3
f 843/937/1285 842/871/1286 846/879/1211 845/938/1287
s 1
f 844/497/1288 843/937/1289 902/939/1290 901/432/1291
s 3
f 845/938/1287 848/940/1292 907/941/1293 906/942/1294
f 848/940/1292 847/878/1210 850/885/1221 849/943/1295
f 849/943/1295 852/944/1296 911/945/1297 910/946/1298
f 852/944/1296 851/884/1220 854/888/1224 853/947/1299
f 853/947/1299 856/948/1300 915/949/1301 914/950/1302
f 856/948/1300 855/887/1223 858/892/1228 857/951/1303
f 857/951/1303 860/952/1304 919/953/1305 918/954/1306
f 860/952/1304 859/891/1227 862/896/1232 861/955/1307
f 861/955/1307 864/956/1308 923/957/1309 922/958/1310
f 864/956/1308 863/895/1231 866/900/1236 865/959/1311
f 865/959/1311 868/960/1312 927/961/1313 926/962/1314
f 868/960/1312 867/899/1235 870/904/1240 869/963/1315
f 869/963/1315 872/964/1316 931/965/1317 930/966/1318
f 872/964/1316 871/903/1239 874/908/1244 873/967/1319
f 873/967/1319 876/968/1320 935/969/1321 934/970/1322
f 876/968/1320 875/907/1243 878/912/1248 877/971/1323
f 877/971/1323 880/972/1324 939/973/1325 938/974/1326
f 880/972/1324 879/911/1247 882/916/1252 881/975/1327
f 881/975/1327 884/976/1328 943/977/1329 942/978/1330
f 884/976/1328 883/915/1251 886/920/1256 885/979/1331
f 885/979/1331 888/980/1332 947/981/1333 946/982/1334
f 888/980/1332 887/919/1255 890/929/1269 889/983/1335
f 889/983/1335 892/984/1336 951/985/1337 950/986/1338
f 892/984/1336 891/928/1268 894/935/1280 893/987/1339
f 893/987/1339 896/988/1340 955/989/1341 954/990/1342
f 896/988/1340 895/934/1279 899/936/1343 898/991/1344
s 17
f 898/991/1345 897/1401/1346 960/492/1347 959/992/1348
s 3
f 903/993/1349 902/939/1350 906/942/1294 905/994/1351
s 1
f 904/433/1352 903/993/1353 962/995/1354 961/368/1355
s 3
f 905/994/1351 908/996/1356 967/997/1357 966/998/1358
f 908/996/1356 907/941/1293 910/946/1298 909/999/1359
f 909/999/1359 912/1000/1360 971/1001/1361 970/1002/1362
f 912/1000/1360 911/945/1297 914/950/1302 913/1003/1363
f 913/1003/1363 916/1004/1364 975/1005/1365 974/1006/1366
f 916/1004/1364 915/949/1301 918/954/1306 917/1007/1367
f 917/1007/1367 920/1008/1368 979/1009/1369 978/1010/1370
f 920/1008/1368 919/953/1305 922/958/1310 921/1011/1371
f 921/1011/1371 924/1012/1372 983/1013/1373 982/1014/1374
f 924/1012/1372 923/957/1309 926/962/1314 925/1015/1375
f 925/1015/1375 928/1016/1376 987/1017/1377 986/1018/1378
f 928/1016/1376 927/961/1313 930/966/1318 929/1019/1379
f 929/1019/1379 932/1020/1380 991/1021/1381 990/1022/1382
f 932/1020/1380 931/965/1317 934/970/1322 933/1023/1383
f 933/1023/1383 936/1024/1384 995/1025/1385 994/1026/1386
f 936/1024/1384 935/969/1321 938/974/1326 937/1027/1387
f 937/1027/1387 940/1028/1388 999/1029/1389 998/1030/1390
f 940/1028/1388 939/973/1325 942/978/1330 941/1031/1391
f 941/1031/1391 944/1032/1392 1003/1033/1393 1002/1034/1394
f 944/1032/1392 943/977/1329 946/982/1334 945/1035/1395
f 945/1035/1395 948/1036/1396 1007/1037/1397 1006/1038/1398
f 948/1036/1396 947/981/1333 950/986/1338 949/1039/1399
f 949/1039/1399 952/1040/1400 1011/1041/1401 1010/1042/1402
f 952/1040/1400 951/985/1337 954/990/1342 953/1043/1403
f 953/1043/1403 956/1044/1404 1015/1045/1405 1014/1046/1406
f 956/1044/1404 955/989/1341 959/992/1407 958/1047/1408
s 17
f 958/1047/1409 957/1399/1410 1020/428/1411 1019/1048/1412
s 3
f 963/1049/1413 962/995/1414 966/998/1358 965/1050/1415
s 1
f 964/369/1416 963/1049/1417 1022/1051/1418 1021/304/1419
s 3
f 965/1050/1415 968/1052/1420 1027/1053/1421 1026/1054/1422
f 968/1052/1420 967/997/1357 970/1002/1362 969/1055/1423
f 969/1055/1423 972/1056/1424 1031/1057/1425 1030/1058/1426
f 972/1056/1424 971/1001/1361 974/1006/1366 973/1059/1427
f 973/1059/1427 976/1060/1428 1035/1061/1429 1034/1062/1430
f 976/1060/1428 975/1005/1365 978/1010/1370 977/1063/1431
f 977/1063/1431 980/1064/1432 1039/1065/1433 1038/1066/1434
f 980/1064/1432 979/1009/1369 982/1014/1374 981/1067/1435
f 981/1067/1435 984/1068/1436 1043/1069/1437 1042/1070/1438
f 984/1068/1436 983/1013/1373 986/1018/1378 985/1071/1439
f 985/1071/1439 988/1072/1440 1047/1073/1441 1046/1074/1442
f 988/1072/1440 987/1017/1377 990/1022/1382 989/1075/1443
f 989/1075/1443 992/1076/1444 1051/1077/1445 1050/1078/1446
f 992/1076/1444 991/1021/1381 994/1026/1386 993/1079/1447
f 993/1079/1447 996/1080/1448 1055/1081/1449 1054/1082/1450
f 996/1080/1448 995/1025/1385 998/1030/1390 997/1083/1451
f 997/1083/1451 1000/1084/1452 1059/1085/1453 1058/1086/1454
f 1000/1084/1452 999/1029/1389 1002/1034/1394 1001/1087/1455
f 1001/1087/1455 1004/1088/1456 1063/1089/1457 1062/1090/1458
f 1004/1088/1456 1003/1033/1393 1006/1038/1398 1005/1091/1459
f 1005/1091/1459 1008/1092/1460 1067/1093/1461 1066/1094/1462
f 1008/1092/1460 1007/1037/1397 1010/1042/1402 1009/1095/1463
f 1009/1095/1463 1012/1096/1464 1071/1097/1465 1070/1098/1466
f 1012/1096/1464 1011/1041/1401 1014/1046/1406 1013/1099/1467
f 1013/1099/1467 1016/1100/1468 1075/1101/1469 1074/1102/1470
f 1016/1100/1468 1015/1045/1405 1019/1048/1471 1018/1103/1472
s 17
f 1018/1103/1473 1017/1397/1474 1080/364/1475 1079/1104/1476
s 3
f 1023/1105/1477 1022/1051/1478 1026/1054/1422 1025/1106/1479
s 1
f 1024/305/1480 1023/1105/1481 1082/1107/1482 1081/240/1483
s 3
f 1025/1106/1479 1028/1108/1484 1088/1109/1485 1087/1304/1486
f 1028/1108/1484 1027/1053/1421 1030/1058/1426 1029/1111/1487
f 1029/1111/1487 1032/1112/1488 1092/1113/1489 1091/1328/1490
f 1032/1112/1488 1031/1057/1425 1034/1062/1430 1033/1115/1491
f 1033/1115/1491 1036/1116/1492 1097/1117/1493 1096/1118/1494
f 1036/1116/1492 1035/1061/1429 1038/1066/1434 1037/1119/1495
f 1037/1119/1495 1040/1120/1496 1101/1121/1497 1100/1122/1498
f 1040/1120/1496 1039/1065/1433 1042/1070/1438 1041/1123/1499
f 1041/1123/1499 1044/1124/1500 1105/1125/1501 1104/1126/1502
f 1044/1124/1500 1043/1069/1437 1046/1074/1442 1045/1127/1503
f 1045/1127/1503 1048/1128/1504 1109/1129/1505 1108/1130/1506
f 1048/1128/1504 1047/1073/1441 1050/1078/1446 1049/1131/1507
f 1049/1131/1507 1052/1132/1508 1113/1133/1509 1112/1134/1510
f 1052/1132/1508 1051/1077/1445 1054/1082/1450 1053/1135/1511
f 1053/1135/1511 1056/1136/1512 1117/1137/1513 1116/1138/1514
f 1056/1136/1512 1055/1081/1449 1058/1086/1454 1057/1139/1515
f 1057/1139/1515 1060/1140/1516 1121/1141/1517 1120/1142/1518
f 1060/1140/1516 1059/1085/1453 1062/1090/1458 1061/1143/1519
f 1061/1143/1519 1064/1144/1520 1125/1145/1521 1124/1146/1522
f 1064/1144/1520 1063/1089/1457 1066/1094/1462 1065/1147/1523
f 1065/1147/1523 1068/1148/1524 1129/1149/1525 1128/1150/1526
f 1068/1148/1524 1067/1093/1461 1070/1098/1466 1069/1151/1527
f 1069/1151/1527 1072/1152/1528 1134/1153/1529 1133/1287/1530
f 1072/1152/1528 1071/1097/1465 1074/1102/1470 1073/1155/1531
f 1073/1155/1531 1076/1156/1532 1138/1157/1533 1137/1285/1534
f 1076/1156/1532 1075/1101/1469 1079/1104/1535 1078/1159/1536
s 17
f 1078/1159/1537 1077/1395/1538 1144/300/1539 1143/1160/1540
s 3
f 1083/1161/1541 1082/1107/1542 1087/1304/1486 1086/1303/1543
s 1
f 1084/241/1544 1083/1161/1545 1146/1163/1546 1145/178/1547
s off
f 1085/1164/1548 1089/1165/1549 1234/1166/1550 1233/1167/1551
s 77
f 1086/1162/1552 1085/1164/1553 1153/1168/1554 1152/1169/1555
f 1089/1165/1556 1088/1302/1557 1091/1114/1558 1090/1170/1559
s off
f 1090/1170/1560 1094/1171/1561 1238/1172/1562 1237/1173/1563
s 3
f 1093/1174/1564 1092/1113/1489 1096/1118/1494 1095/1175/1565
s 77
f 1094/1171/1566 1093/1301/1567 1155/1296/1568 1154/1321/1569
s 3
f 1095/1175/1565 1098/1178/1570 1161/1179/1571 1160/1180/1572
f 1098/1178/1570 1097/1117/1493 1100/1122/1498 1099/1181/1573
f 1099/1181/1573 1102/1182/1574 1165/1183/1575 1164/1184/1576
f 1102/1182/1574 1101/1121/1497 1104/1126/1502 1103/1185/1577
f 1103/1185/1577 1106/1186/1578 1169/1187/1579 1168/1188/1580
f 1106/1186/1578 1105/1125/1501 1108/1130/1506 1107/1189/1581
f 1107/1189/1581 1110/1190/1582 1173/1191/1583 1172/1192/1584
f 1110/1190/1582 1109/1129/1505 1112/1134/1510 1111/1193/1585
f 1111/1193/1585 1114/1194/1586 1177/1195/1587 1176/1196/1588
f 1114/1194/1586 1113/1133/1509 1116/1138/1514 1115/1197/1589
f 1115/1197/1589 1118/1198/1590 1181/1199/1591 1180/1200/1592
f 1118/1198/1590 1117/1137/1513 1120/1142/1518 1119/1201/1593
f 1119/1201/1593 1122/1202/1594 1185/1203/1595 1184/1204/1596
f 1122/1202/1594 1121/1141/1517 1124/1146/1522 1123/1205/1597
f 1123/1205/1597 1126/1206/1598 1189/1207/1599 1188/1208/1600
f 1126/1206/1598 1125/1145/1521 1128/1150/1526 1127/1209/1601
f 1127/1209/1601 1130/1210/1602 1193/1211/1603 1192/1212/1604
f 1130/1210/1602 1129/1149/1525 1133/1287/1530 1132/1286/1605
s off
f 1131/1214/1606 1135/1215/1607 1246/1216/1608 1245/1217/1609
s 78
f 1132/1213/1610 1131/1214/1611 1199/1218/1612 1198/1219/1613
f 1135/1215/1614 1134/1284/1615 1137/1293/1616 1136/1292/1617
s off
f 1136/1220/1618 1140/1221/1619 1250/1222/1620 1249/1223/1621
s 3
f 1139/1224/1622 1138/1157/1533 1143/1160/1623 1142/1225/1624
s 78
f 1140/1221/1625 1139/1282/1626 1201/1277/1627 1200/1227/1628
s 17
f 1142/1225/1629 1141/1393/1630 1208/236/1631 1207/1228/1632
s 3
f 1147/4/1633 1146/1163/1634 1152/1299/1635 1151/11/15
s off
f 1149/1229/1636 1153/1168/1637 1244/1230/1638 1243/1231/1639
s 77
f 1150/12/1640 1149/1229/1641 1158/1232/1642 1157/1297/1643
s off
f 1154/1177/1644 1158/1232/1645 1241/1233/1646 1240/1234/1647
s 3
f 1156/20/28 1155/1176/1648 1160/1180/1572 1159/27/39
f 1162/28/40 1161/1179/1571 1164/1184/1576 1163/35/51
f 1166/36/52 1165/1183/1575 1168/1188/1580 1167/43/63
f 1170/44/64 1169/1187/1579 1172/1192/1584 1171/51/75
f 1174/52/76 1173/1191/1583 1176/1196/1588 1175/59/87
f 1178/60/88 1177/1195/1587 1180/1200/1592 1179/67/99
f 1182/68/100 1181/1199/1591 1184/1204/1596 1183/75/111
f 1186/76/112 1185/1203/1595 1188/1208/1600 1187/83/123
f 1190/84/124 1189/1207/1599 1192/1212/1604 1191/91/135
f 1194/92/136 1193/1211/1603 1198/1280/1649 1197/99/147
s off
f 1195/1235/1650 1199/1218/1651 1256/1236/1652 1255/1237/1653
s 78
f 1196/100/1654 1195/1235/1655 1204/1238/1656 1203/1278/1657
s off
f 1200/1227/1658 1204/1238/1659 1253/1239/1660 1252/1240/1661
s 3
f 1202/108/160 1201/1226/1662 1207/1228/1663 1206/115/1664
s off
f 1209/807/1665 1211/1332/1666 1218/1323/1667 1220/873/1668
f 1211/1241/1669 1210/806/1670 1213/813/1671 1212/1331/1672
f 1212/1243/1673 1214/812/1674 1216/1326/1675 1215/1324/1676
f 1215/1244/1677 1217/880/1678 1219/874/1679 1218/1323/1680
g textureEditorIsolateSelectSet table
f 1221/857/1681 1223/1275/1682 1230/1246/1683 1232/923/1684
f 1223/1245/1685 1222/856/1686 1225/863/1687 1224/1247/1688
f 1224/1247/1689 1226/862/1690 1228/931/1691 1227/1248/1692
f 1227/1248/1693 1229/930/1694 1231/924/1695 1230/1272/1696
g table
f 1233/1167/1697 1235/1334/1698 1242/1250/1699 1244/1230/1700
f 1235/1249/1701 1234/1166/1702 1237/1173/1703 1236/1251/1704
f 1236/1251/1705 1238/1172/1706 1240/1320/1707 1239/1317/1708
f 1239/1252/1709 1241/1233/1710 1243/1231/1711 1242/1333/1712
f 1245/1217/1713 1247/1253/1714 1254/1288/1715 1256/1236/1716
f 1247/1253/1717 1246/1216/1718 1249/1291/1719 1248/1289/1720
f 1248/1255/1721 1250/1222/1722 1252/1240/1723 1251/1294/1724
f 1251/1256/1725 1253/1239/1726 1255/1237/1727 1254/1288/1728
s 4
f 2/5/1729 6/7/21 63/1390/24 60/8/1730
f 5/13/22 10/15/33 67/1388/36 64/16/23
f 9/21/34 14/23/45 71/1386/48 68/24/35
f 13/29/46 18/31/57 75/1384/60 72/32/47
f 17/37/58 22/39/69 79/1382/72 76/40/59
f 21/45/70 26/47/81 83/1380/84 80/48/71
f 25/53/82 30/55/93 87/1378/96 84/56/83
f 29/61/94 34/63/105 91/1376/108 88/64/95
f 33/69/106 38/71/117 95/1374/120 92/72/107
f 37/77/118 42/79/129 99/1372/132 96/80/119
f 41/85/130 46/87/141 103/1370/144 100/88/131
f 45/93/142 50/95/153 107/1368/156 104/96/143
f 49/101/154 54/103/165 111/1366/168 108/104/155
f 53/109/166 57/111/1731 115/1364/1732 112/112/167
s 20
f 61/119/1733 62/122/185 122/125/188 118/120/298
f 65/123/186 66/126/193 126/129/196 123/124/187
f 69/127/194 70/130/201 130/133/204 127/128/195
f 73/131/202 74/134/209 134/137/212 131/132/203
f 77/135/210 78/138/217 138/141/220 135/136/211
f 81/139/218 82/142/225 142/145/228 139/140/219
f 85/143/226 86/146/233 146/149/236 143/144/227
f 89/147/234 90/150/241 150/153/244 147/148/235
f 93/151/242 94/154/249 154/157/252 151/152/243
f 97/155/250 98/158/257 158/161/260 155/156/251
f 101/159/258 102/162/265 162/165/268 159/160/259
f 105/163/266 106/166/273 166/169/276 163/164/267
f 109/167/274 110/170/281 170/173/284 167/168/275
f 113/171/282 114/174/1734 175/176/355 171/172/283
f 119/179/297 121/180/299 182/185/306 178/181/370
f 124/183/304 125/186/307 186/189/310 183/184/305
f 128/187/308 129/190/311 190/193/314 187/188/309
f 132/191/312 133/194/315 194/197/318 191/192/313
f 136/195/316 137/198/319 198/201/322 195/196/317
f 140/199/320 141/202/323 202/205/326 199/200/321
f 144/203/324 145/206/327 206/209/330 203/204/325
f 148/207/328 149/210/331 210/213/334 207/208/329
f 152/211/332 153/214/335 214/217/338 211/212/333
f 156/215/336 157/218/339 218/221/342 215/216/337
f 160/219/340 161/222/343 222/225/346 219/220/341
f 164/223/344 165/226/347 226/229/350 223/224/345
f 168/227/348 169/230/351 230/233/354 227/228/349
f 172/231/352 174/234/356 235/238/427 231/232/353
f 179/242/369 181/243/371 242/248/378 238/244/442
f 184/246/376 185/249/379 246/252/382 243/247/377
f 188/250/380 189/253/383 250/256/386 247/251/381
f 192/254/384 193/257/387 254/260/390 251/255/385
f 196/258/388 197/261/391 258/264/394 255/259/389
f 200/262/392 201/265/395 262/268/398 259/263/393
f 204/266/396 205/269/399 266/272/402 263/267/397
f 208/270/400 209/273/403 270/276/406 267/271/401
f 212/274/404 213/277/407 274/280/410 271/275/405
f 216/278/408 217/281/411 278/284/414 275/279/409
f 220/282/412 221/285/415 282/288/418 279/283/413
f 224/286/416 225/289/419 286/292/422 283/287/417
f 228/290/420 229/293/423 290/296/426 287/291/421
f 232/294/424 234/297/428 295/302/499 291/295/425
f 239/306/441 241/307/443 302/312/450 298/308/514
f 244/310/448 245/313/451 306/316/454 303/311/449
f 248/314/452 249/317/455 310/320/458 307/315/453
f 252/318/456 253/321/459 314/324/462 311/319/457
f 256/322/460 257/325/463 318/328/466 315/323/461
f 260/326/464 261/329/467 322/332/470 319/327/465
f 264/330/468 265/333/471 326/336/474 323/331/469
f 268/334/472 269/337/475 330/340/478 327/335/473
f 272/338/476 273/341/479 334/344/482 331/339/477
f 276/342/480 277/345/483 338/348/486 335/343/481
f 280/346/484 281/349/487 342/352/490 339/347/485
f 284/350/488 285/353/491 346/356/494 343/351/489
f 288/354/492 289/357/495 350/360/498 347/355/493
f 292/358/496 294/361/500 355/366/571 351/359/497
f 299/370/513 301/371/515 362/376/522 358/372/586
f 304/374/520 305/377/523 366/380/526 363/375/521
f 308/378/524 309/381/527 370/384/530 367/379/525
f 312/382/528 313/385/531 374/388/534 371/383/529
f 316/386/532 317/389/535 378/392/538 375/387/533
f 320/390/536 321/393/539 382/396/542 379/391/537
f 324/394/540 325/397/543 386/400/546 383/395/541
f 328/398/544 329/401/547 390/404/550 387/399/545
f 332/402/548 333/405/551 394/408/554 391/403/549
f 336/406/552 337/409/555 398/412/558 395/407/553
f 340/410/556 341/413/559 402/416/562 399/411/557
f 344/414/560 345/417/563 406/420/566 403/415/561
f 348/418/564 349/421/567 410/424/570 407/419/565
f 352/422/568 354/425/572 415/430/643 411/423/569
f 359/434/585 361/435/587 422/440/594 418/436/658
f 364/438/592 365/441/595 426/444/598 423/439/593
f 368/442/596 369/445/599 430/448/602 427/443/597
f 372/446/600 373/449/603 434/452/606 431/447/601
f 376/450/604 377/453/607 438/456/610 435/451/605
f 380/454/608 381/457/611 442/460/614 439/455/609
f 384/458/612 385/461/615 446/464/618 443/459/613
f 388/462/616 389/465/619 450/468/622 447/463/617
f 392/466/620 393/469/623 454/472/626 451/467/621
f 396/470/624 397/473/627 458/476/630 455/471/625
f 400/474/628 401/477/631 462/480/634 459/475/629
f 404/478/632 405/481/635 466/484/638 463/479/633
f 408/482/636 409/485/639 470/488/642 467/483/637
f 412/486/640 414/489/644 475/494/715 471/487/641
f 419/498/657 421/499/659 482/504/666 478/500/730
f 424/502/664 425/505/667 486/508/670 483/503/665
f 428/506/668 429/509/671 490/512/674 487/507/669
f 432/510/672 433/513/675 494/516/678 491/511/673
f 436/514/676 437/517/679 498/520/682 495/515/677
f 440/518/680 441/521/683 502/524/686 499/519/681
f 444/522/684 445/525/687 506/528/690 503/523/685
f 448/526/688 449/529/691 510/532/694 507/527/689
f 452/530/692 453/533/695 514/536/698 511/531/693
f 456/534/696 457/537/699 518/540/702 515/535/697
f 460/538/700 461/541/703 522/544/706 519/539/701
f 464/542/704 465/545/707 526/548/710 523/543/705
f 468/546/708 469/549/711 530/552/714 527/547/709
f 472/550/712 474/553/716 535/558/787 531/551/713
f 479/562/729 481/563/731 542/568/738 538/564/802
f 484/566/736 485/569/739 546/572/742 543/567/737
f 488/570/740 489/573/743 550/576/746 547/571/741
f 492/574/744 493/577/747 554/580/750 551/575/745
f 496/578/748 497/581/751 558/584/754 555/579/749
f 500/582/752 501/585/755 562/588/758 559/583/753
f 504/586/756 505/589/759 566/592/762 563/587/757
f 508/590/760 509/593/763 570/596/766 567/591/761
f 512/594/764 513/597/767 574/600/770 571/595/765
f 516/598/768 517/601/771 578/604/774 575/599/769
f 520/602/772 521/605/775 582/608/778 579/603/773
f 524/606/776 525/609/779 586/612/782 583/607/777
f 528/610/780 529/613/783 590/616/786 587/611/781
f 532/614/784 534/617/788 595/622/859 591/615/785
f 539/626/801 541/627/803 601/632/810 598/628/1735
f 544/630/808 545/633/811 605/636/814 602/631/809
f 548/634/812 549/637/815 609/640/818 606/635/813
f 552/638/816 553/641/819 613/644/822 610/639/817
f 556/642/820 557/645/823 617/648/826 614/643/821
f 560/646/824 561/649/827 621/652/830 618/647/825
f 564/650/828 565/653/831 625/656/834 622/651/829
f 568/654/832 569/657/835 629/660/838 626/655/833
f 572/658/836 573/661/839 633/664/842 630/659/837
f 576/662/840 577/665/843 637/668/846 634/663/841
f 580/666/844 581/669/847 641/672/850 638/667/845
f 584/670/848 585/673/851 645/676/854 642/671/849
f 588/674/852 589/677/855 649/680/858 646/675/853
f 592/678/856 594/681/860 653/686/1736 650/679/857
s 44
f 599/1362/1737 600/690/877 659/1436/880 656/688/1738
f 603/1360/878 604/694/885 663/1434/888 660/692/879
f 607/1358/886 608/698/893 667/1432/896 664/696/887
f 611/1356/894 612/702/901 671/1430/904 668/700/895
f 615/1354/902 616/706/909 675/1428/912 672/704/903
f 619/1352/910 620/710/917 679/1426/920 676/708/911
f 623/1350/918 624/714/925 683/1424/928 680/712/919
f 627/1348/926 628/718/933 687/1422/936 684/716/927
f 631/1346/934 632/722/941 691/1420/944 688/720/935
f 635/1344/942 636/726/949 695/1418/952 692/724/943
f 639/1342/950 640/730/957 699/1416/960 696/728/951
f 643/1340/958 644/734/965 703/1414/968 700/732/959
f 647/1338/966 648/738/973 707/1412/976 704/736/967
f 651/1336/974 652/742/1739 711/1410/1740 708/740/975
s 3
f 657/745/1741 658/747/993 719/1316/996 714/746/1102
f 661/748/994 662/751/1001 723/1314/1004 720/749/995
f 665/752/1002 666/755/1009 728/758/1012 724/753/1003
f 669/756/1010 670/759/1017 732/762/1020 729/757/1011
f 673/760/1018 674/763/1025 736/766/1028 733/761/1019
f 677/764/1026 678/767/1033 740/770/1036 737/765/1027
f 681/768/1034 682/771/1041 744/774/1044 741/769/1035
f 685/772/1042 686/775/1049 748/778/1052 745/773/1043
f 689/776/1050 690/779/1057 752/782/1060 749/777/1051
f 693/780/1058 694/783/1065 756/786/1068 753/781/1059
f 697/784/1066 698/787/1073 760/790/1076 757/785/1067
f 701/788/1074 702/791/1081 765/1268/1084 761/789/1075
f 705/792/1082 706/795/1089 769/1266/1092 766/793/1083
f 709/796/1090 710/799/1742 775/800/1183 770/797/1091
f 715/801/1101 718/1315/1103 784/1310/1195 778/803/1194
s off
f 1211/1241/1743 1212/1331/1744 1215/1325/1745 1218/1242/1746
s 3
f 725/814/1124 727/815/1125 792/820/1132 787/816/1217
f 730/818/1130 731/821/1133 796/824/1136 793/819/1131
f 734/822/1134 735/825/1137 800/828/1140 797/823/1135
f 738/826/1138 739/829/1141 804/832/1144 801/827/1139
f 742/830/1142 743/833/1145 808/836/1148 805/831/1143
f 746/834/1146 747/837/1149 812/840/1152 809/835/1147
f 750/838/1150 751/841/1153 816/844/1156 813/839/1151
f 754/842/1154 755/845/1157 820/848/1160 817/843/1155
f 758/846/1158 759/849/1161 824/852/1164 821/847/1159
f 762/850/1162 764/1267/1165 830/1262/1257 825/851/1163
s off
g textureEditorIsolateSelectSet table
f 1223/1275/1747 1224/1274/1748 1227/1273/1749 1230/1246/1750
s 3
g table
f 771/864/1182 774/865/1184 839/868/1276 833/866/1275
f 779/869/1193 783/870/1196 846/879/1211 842/871/1286
f 782/875/1209 789/877/1219 850/885/1221 847/878/1210
f 788/882/1216 791/883/1218 854/888/1224 851/884/1220
f 794/886/1222 795/889/1225 858/892/1228 855/887/1223
f 798/890/1226 799/893/1229 862/896/1232 859/891/1227
f 802/894/1230 803/897/1233 866/900/1236 863/895/1231
f 806/898/1234 807/901/1237 870/904/1240 867/899/1235
f 810/902/1238 811/905/1241 874/908/1244 871/903/1239
f 814/906/1242 815/909/1245 878/912/1248 875/907/1243
f 818/910/1246 819/913/1249 882/916/1252 879/911/1247
f 822/914/1250 823/917/1253 886/920/1256 883/915/1251
f 826/918/1254 829/921/1258 890/929/1269 887/919/1255
f 828/925/1267 835/927/1278 894/935/1280 891/928/1268
f 834/932/1274 838/933/1277 899/936/1343 895/934/1279
f 843/937/1285 845/938/1287 906/942/1294 902/939/1350
f 848/940/1292 849/943/1295 910/946/1298 907/941/1293
f 852/944/1296 853/947/1299 914/950/1302 911/945/1297
f 856/948/1300 857/951/1303 918/954/1306 915/949/1301
f 860/952/1304 861/955/1307 922/958/1310 919/953/1305
f 864/956/1308 865/959/1311 926/962/1314 923/957/1309
f 868/960/1312 869/963/1315 930/966/1318 927/961/1313
f 872/964/1316 873/967/1319 934/970/1322 931/965/1317
f 876/968/1320 877/971/1323 938/974/1326 935/969/1321
f 880/972/1324 881/975/1327 942/978/1330 939/973/1325
f 884/976/1328 885/979/1331 946/982/1334 943/977/1329
f 888/980/1332 889/983/1335 950/986/1338 947/981/1333
f 892/984/1336 893/987/1339 954/990/1342 951/985/1337
f 896/988/1340 898/991/1344 959/992/1407 955/989/1341
f 903/993/1349 905/994/1351 966/998/1358 962/995/1414
f 908/996/1356 909/999/1359 970/1002/1362 967/997/1357
f 912/1000/1360 913/1003/1363 974/1006/1366 971/1001/1361
f 916/1004/1364 917/1007/1367 978/1010/1370 975/1005/1365
f 920/1008/1368 921/1011/1371 982/1014/1374 979/1009/1369
f 924/1012/1372 925/1015/1375 986/1018/1378 983/1013/1373
f 928/1016/1376 929/1019/1379 990/1022/1382 987/1017/1377
f 932/1020/1380 933/1023/1383 994/1026/1386 991/1021/1381
f 936/1024/1384 937/1027/1387 998/1030/1390 995/1025/1385
f 940/1028/1388 941/1031/1391 1002/1034/1394 999/1029/1389
f 944/1032/1392 945/1035/1395 1006/1038/1398 1003/1033/1393
f 948/1036/1396 949/1039/1399 1010/1042/1402 1007/1037/1397
f 952/1040/1400 953/1043/1403 1014/1046/1406 1011/1041/1401
f 956/1044/1404 958/1047/1408 1019/1048/1471 1015/1045/1405
f 963/1049/1413 965/1050/1415 1026/1054/1422 1022/1051/1478
f 968/1052/1420 969/1055/1423 1030/1058/1426 1027/1053/1421
f 972/1056/1424 973/1059/1427 1034/1062/1430 1031/1057/1425
f 976/1060/1428 977/1063/1431 1038/1066/1434 1035/1061/1429
f 980/1064/1432 981/1067/1435 1042/1070/1438 1039/1065/1433
f 984/1068/1436 985/1071/1439 1046/1074/1442 1043/1069/1437
f 988/1072/1440 989/1075/1443 1050/1078/1446 1047/1073/1441
f 992/1076/1444 993/1079/1447 1054/1082/1450 1051/1077/1445
f 996/1080/1448 997/1083/1451 1058/1086/1454 1055/1081/1449
f 1000/1084/1452 1001/1087/1455 1062/1090/1458 1059/1085/1453
f 1004/1088/1456 1005/1091/1459 1066/1094/1462 1063/1089/1457
f 1008/1092/1460 1009/1095/1463 1070/1098/1466 1067/1093/1461
f 1012/1096/1464 1013/1099/1467 1074/1102/1470 1071/1097/1465
f 1016/1100/1468 1018/1103/1472 1079/1104/1535 1075/1101/1469
f 1023/1105/1477 1025/1106/1479 1087/1304/1486 1082/1107/1542
f 1028/1108/1484 1029/1111/1487 1091/1328/1490 1088/1109/1485
f 1032/1112/1488 1033/1115/1491 1096/1118/1494 1092/1113/1489
f 1036/1116/1492 1037/1119/1495 1100/1122/1498 1097/1117/1493
f 1040/1120/1496 1041/1123/1499 1104/1126/1502 1101/1121/1497
f 1044/1124/1500 1045/1127/1503 1108/1130/1506 1105/1125/1501
f 1048/1128/1504 1049/1131/1507 1112/1134/1510 1109/1129/1505
f 1052/1132/1508 1053/1135/1511 1116/1138/1514 1113/1133/1509
f 1056/1136/1512 1057/1139/1515 1120/1142/1518 1117/1137/1513
f 1060/1140/1516 1061/1143/1519 1124/1146/1522 1121/1141/1517
f 1064/1144/1520 1065/1147/1523 1128/1150/1526 1125/1145/1521
f 1068/1148/1524 1069/1151/1527 1133/1287/1530 1129/1149/1525
f 1072/1152/1528 1073/1155/1531 1137/1285/1534 1134/1153/1529
f 1076/1156/1532 1078/1159/1536 1143/1160/1623 1138/1157/1533
f 1083/1161/1541 1086/1303/1543 1152/1299/1635 1146/1163/1634
s off
f 1235/1334/1751 1236/1319/1752 1239/1318/1753 1242/1250/1754
s 3
f 1093/1174/1564 1095/1175/1565 1160/1180/1572 1155/1176/1648
f 1098/1178/1570 1099/1181/1573 1164/1184/1576 1161/1179/1571
f 1102/1182/1574 1103/1185/1577 1168/1188/1580 1165/1183/1575
f 1106/1186/1578 1107/1189/1581 1172/1192/1584 1169/1187/1579
f 1110/1190/1582 1111/1193/1585 1176/1196/1588 1173/1191/1583
f 1114/1194/1586 1115/1197/1589 1180/1200/1592 1177/1195/1587
f 1118/1198/1590 1119/1201/1593 1184/1204/1596 1181/1199/1591
f 1122/1202/1594 1123/1205/1597 1188/1208/1600 1185/1203/1595
f 1126/1206/1598 1127/1209/1601 1192/1212/1604 1189/1207/1599
f 1130/1210/1602 1132/1286/1605 1198/1280/1649 1193/1211/1603
s off
f 1247/1290/1755 1248/1255/1756 1251/1294/1757 1254/1254/1758
s 3
f 1139/1224/1622 1142/1225/1624 1207/1228/1663 1201/1226/1662
f 1147/4/1633 1151/11/15 7/6/14 1/1/1759
f 1150/1298/16 1157/19/27 11/14/26 4/10/13
f 1156/20/28 1159/27/39 15/22/38 8/18/25
f 1162/28/40 1163/35/51 19/30/50 12/26/37
f 1166/36/52 1167/43/63 23/38/62 16/34/49
f 1170/44/64 1171/51/75 27/46/74 20/42/61
f 1174/52/76 1175/59/87 31/54/86 24/50/73
f 1178/60/88 1179/67/99 35/62/98 28/58/85
f 1182/68/100 1183/75/111 39/70/110 32/66/97
f 1186/76/112 1187/83/123 43/78/122 36/74/109
f 1190/84/124 1191/91/135 47/86/134 40/82/121
f 1194/92/136 1197/99/147 51/94/146 44/90/133
f 1196/1279/148 1203/107/159 55/102/158 48/98/145
f 1202/108/160 1206/115/1664 58/110/1760 52/106/157
s 35
f 776/1408/864 712/743/1761 654/685/1762 593/682/861
f 840/1406/792 773/683/863 596/621/862 533/618/789
f 900/1404/720 837/619/791 536/557/790 473/554/717
f 960/1402/648 897/555/719 476/493/718 413/490/645
f 1020/1400/576 957/491/647 416/429/646 353/426/573
f 1080/1398/504 1017/427/575 356/365/574 293/362/501
f 1144/1396/432 1077/363/503 296/301/502 233/298/429
f 1208/1394/360 1141/299/431 236/237/430 173/235/357
f 56/114/1763 1205/1438/359 176/175/358 116/117/1764
s 34
f 655/689/1765 713/624/799 540/623/798 597/1391/1766
f 716/625/800 777/560/727 480/559/726 537/565/797
f 780/561/728 841/496/655 420/495/654 477/501/725
f 844/497/656 901/432/583 360/431/582 417/437/653
f 904/433/584 961/368/511 300/367/510 357/373/581
f 964/369/512 1021/304/439 240/303/438 297/309/509
f 1024/305/440 1081/240/367 180/239/366 237/245/437
f 1084/241/368 1145/178/295 120/177/294 177/182/365
f 1148/3/296 3/1467/1767 59/9/1768 117/121/293
s off
f 721/805/1769 722/810/1770 1213/813/1771 1210/806/1772
f 726/811/1773 786/1330/1774 1216/1326/1775 1214/812/1776
f 790/876/1777 781/872/1778 1219/874/1779 1217/880/1780
f 785/808/1781 717/804/1782 1209/807/1783 1220/873/1784
g textureEditorIsolateSelectSet table
f 767/855/1785 768/860/1786 1225/863/1787 1222/856/1788
f 772/861/1789 832/867/1790 1228/931/1791 1226/862/1792
f 836/926/1793 827/922/1794 1231/924/1795 1229/930/1796
f 831/858/1797 763/854/1798 1221/857/1799 1232/923/1800
g table
f 1089/1165/1801 1090/1170/1802 1237/1173/1803 1234/1166/1804
f 1094/1171/1805 1154/1321/1806 1240/1320/1807 1238/1172/1808
f 1158/1232/1809 1149/1229/1810 1243/1231/1811 1241/1233/1812
f 1153/1168/1813 1085/1164/1814 1233/1167/1815 1244/1230/1816
f 1135/1215/1817 1136/1292/1818 1249/1291/1819 1246/1216/1820
f 1140/1221/1821 1200/1227/1822 1252/1240/1823 1250/1222/1824
f 1204/1238/1825 1195/1235/1826 1255/1237/1827 1253/1239/1828
f 1199/1218/1829 1131/1214/1830 1245/1217/1831 1256/1236/1832
f 1/1/1833 2/1468/1834 3/1467/1835
s 2
f 4/10/18 5/1466/17 6/1465/8 7/6/7
f 8/18/30 9/1464/29 10/1463/20 11/14/19
f 12/26/42 13/1462/41 14/1461/32 15/22/31
f 16/34/54 17/1460/53 18/1459/44 19/30/43
f 20/42/66 21/1458/65 22/1457/56 23/38/55
f 24/50/78 25/1456/77 26/1455/68 27/46/67
f 28/58/90 29/1454/89 30/1453/80 31/54/79
f 32/66/102 33/1452/101 34/1451/92 35/62/91
f 36/74/114 37/1450/113 38/1449/104 39/70/103
f 40/82/126 41/1448/125 42/1447/116 43/78/115
f 44/90/138 45/1446/137 46/1445/128 47/86/127
f 48/98/150 49/1444/149 50/1443/140 51/94/139
f 52/106/162 53/1442/161 54/1441/152 55/102/151
s off
f 56/1440/1836 57/1439/1837 58/110/1838
f 59/9/1839 60/1389/1840 61/119/1841
s 19
f 62/122/184 63/17/183 64/1387/190 65/123/189
f 66/126/192 67/25/191 68/1385/198 69/127/197
f 70/130/200 71/33/199 72/1383/206 73/131/205
f 74/134/208 75/41/207 76/1381/214 77/135/213
f 78/138/216 79/49/215 80/1379/222 81/139/221
f 82/142/224 83/57/223 84/1377/230 85/143/229
f 86/146/232 87/65/231 88/1375/238 89/147/237
f 90/150/240 91/73/239 92/1373/246 93/151/245
f 94/154/248 95/81/247 96/1371/254 97/155/253
f 98/158/256 99/89/255 100/1369/262 101/159/261
f 102/162/264 103/97/263 104/1367/270 105/163/269
f 106/166/272 107/105/271 108/1365/278 109/167/277
f 110/170/280 111/113/279 112/1363/286 113/171/285
s off
f 114/174/1842 115/118/1843 116/117/1844
s 18
f 117/121/180 118/120/179 119/179/301 120/177/300
s 20
f 121/180/299 122/125/188 123/124/187 124/183/304
f 125/186/307 126/129/196 127/128/195 128/187/308
f 129/190/311 130/133/204 131/132/203 132/191/312
f 133/194/315 134/137/212 135/136/211 136/195/316
f 137/198/319 138/141/220 139/140/219 140/199/320
f 141/202/323 142/145/228 143/144/227 144/203/324
f 145/206/327 146/149/236 147/148/235 148/207/328
f 149/210/331 150/153/244 151/152/243 152/211/332
f 153/214/335 154/157/252 155/156/251 156/215/336
f 157/218/339 158/161/260 159/160/259 160/219/340
f 161/222/343 162/165/268 163/164/267 164/223/344
f 165/226/347 166/169/276 167/168/275 168/227/348
f 169/230/351 170/173/284 171/172/283 172/231/352
s 33
f 173/235/362 174/234/361 175/176/292 176/175/291
s 18
f 177/182/303 178/181/302 179/242/373 180/239/372
s 20
f 181/243/371 182/185/306 183/184/305 184/246/376
f 185/249/379 186/189/310 187/188/309 188/250/380
f 189/253/383 190/193/314 191/192/313 192/254/384
f 193/257/387 194/197/318 195/196/317 196/258/388
f 197/261/391 198/201/322 199/200/321 200/262/392
f 201/265/395 202/205/326 203/204/325 204/266/396
f 205/269/399 206/209/330 207/208/329 208/270/400
f 209/273/403 210/213/334 211/212/333 212/274/404
f 213/277/407 214/217/338 215/216/337 216/278/408
f 217/281/411 218/221/342 219/220/341 220/282/412
f 221/285/415 222/225/346 223/224/345 224/286/416
f 225/289/419 226/229/350 227/228/349 228/290/420
f 229/293/423 230/233/354 231/232/353 232/294/424
s 33
f 233/298/434 234/297/433 235/238/364 236/237/363
s 18
f 237/245/375 238/244/374 239/306/445 240/303/444
s 20
f 241/307/443 242/248/378 243/247/377 244/310/448
f 245/313/451 246/252/382 247/251/381 248/314/452
f 249/317/455 250/256/386 251/255/385 252/318/456
f 253/321/459 254/260/390 255/259/389 256/322/460
f 257/325/463 258/264/394 259/263/393 260/326/464
f 261/329/467 262/268/398 263/267/397 264/330/468
f 265/333/471 266/272/402 267/271/401 268/334/472
f 269/337/475 270/276/406 271/275/405 272/338/476
f 273/341/479 274/280/410 275/279/409 276/342/480
f 277/345/483 278/284/414 279/283/413 280/346/484
f 281/349/487 282/288/418 283/287/417 284/350/488
f 285/353/491 286/292/422 287/291/421 288/354/492
f 289/357/495 290/296/426 291/295/425 292/358/496
s 33
f 293/362/506 294/361/505 295/302/436 296/301/435
s 18
f 297/309/447 298/308/446 299/370/517 300/367/516
s 20
f 301/371/515 302/312/450 303/311/449 304/374/520
f 305/377/523 306/316/454 307/315/453 308/378/524
f 309/381/527 310/320/458 311/319/457 312/382/528
f 313/385/531 314/324/462 315/323/461 316/386/532
f 317/389/535 318/328/466 319/327/465 320/390/536
f 321/393/539 322/332/470 323/331/469 324/394/540
f 325/397/543 326/336/474 327/335/473 328/398/544
f 329/401/547 330/340/478 331/339/477 332/402/548
f 333/405/551 334/344/482 335/343/481 336/406/552
f 337/409/555 338/348/486 339/347/485 340/410/556
f 341/413/559 342/352/490 343/351/489 344/414/560
f 345/417/563 346/356/494 347/355/493 348/418/564
f 349/421/567 350/360/498 351/359/497 352/422/568
s 33
f 353/426/578 354/425/577 355/366/508 356/365/507
s 18
f 357/373/519 358/372/518 359/434/589 360/431/588
s 20
f 361/435/587 362/376/522 363/375/521 364/438/592
f 365/441/595 366/380/526 367/379/525 368/442/596
f 369/445/599 370/384/530 371/383/529 372/446/600
f 373/449/603 374/388/534 375/387/533 376/450/604
f 377/453/607 378/392/538 379/391/537 380/454/608
f 381/457/611 382/396/542 383/395/541 384/458/612
f 385/461/615 386/400/546 387/399/545 388/462/616
f 389/465/619 390/404/550 391/403/549 392/466/620
f 393/469/623 394/408/554 395/407/553 396/470/624
f 397/473/627 398/412/558 399/411/557 400/474/628
f 401/477/631 402/416/562 403/415/561 404/478/632
f 405/481/635 406/420/566 407/419/565 408/482/636
f 409/485/639 410/424/570 411/423/569 412/486/640
s 33
f 413/490/650 414/489/649 415/430/580 416/429/579
s 18
f 417/437/591 418/436/590 419/498/661 420/495/660
s 20
f 421/499/659 422/440/594 423/439/593 424/502/664
f 425/505/667 426/444/598 427/443/597 428/506/668
f 429/509/671 430/448/602 431/447/601 432/510/672
f 433/513/675 434/452/606 435/451/605 436/514/676
f 437/517/679 438/456/610 439/455/609 440/518/680
f 441/521/683 442/460/614 443/459/613 444/522/684
f 445/525/687 446/464/618 447/463/617 448/526/688
f 449/529/691 450/468/622 451/467/621 452/530/692
f 453/533/695 454/472/626 455/471/625 456/534/696
f 457/537/699 458/476/630 459/475/629 460/538/700
f 461/541/703 462/480/634 463/479/633 464/542/704
f 465/545/707 466/484/638 467/483/637 468/546/708
f 469/549/711 470/488/642 471/487/641 472/550/712
s 33
f 473/554/722 474/553/721 475/494/652 476/493/651
s 18
f 477/501/663 478/500/662 479/562/733 480/559/732
s 20
f 481/563/731 482/504/666 483/503/665 484/566/736
f 485/569/739 486/508/670 487/507/669 488/570/740
f 489/573/743 490/512/674 491/511/673 492/574/744
f 493/577/747 494/516/678 495/515/677 496/578/748
f 497/581/751 498/520/682 499/519/681 500/582/752
f 501/585/755 502/524/686 503/523/685 504/586/756
f 505/589/759 506/528/690 507/527/689 508/590/760
f 509/593/763 510/532/694 511/531/693 512/594/764
f 513/597/767 514/536/698 515/535/697 516/598/768
f 517/601/771 518/540/702 519/539/701 520/602/772
f 521/605/775 522/544/706 523/543/705 524/606/776
f 525/609/779 526/548/710 527/547/709 528/610/780
f 529/613/783 530/552/714 531/551/713 532/614/784
s 33
f 533/618/794 534/617/793 535/558/724 536/557/723
s 18
f 537/565/735 538/564/734 539/626/805 540/623/804
s 20
f 541/627/803 542/568/738 543/567/737 544/630/808
f 545/633/811 546/572/742 547/571/741 548/634/812
f 549/637/815 550/576/746 551/575/745 552/638/816
f 553/641/819 554/580/750 555/579/749 556/642/820
f 557/645/823 558/584/754 559/583/753 560/646/824
f 561/649/827 562/588/758 563/587/757 564/650/828
f 565/653/831 566/592/762 567/591/761 568/654/832
f 569/657/835 570/596/766 571/595/765 572/658/836
f 573/661/839 574/600/770 575/599/769 576/662/840
f 577/665/843 578/604/774 579/603/773 580/666/844
f 581/669/847 582/608/778 583/607/777 584/670/848
f 585/673/851 586/612/782 587/611/781 588/674/852
f 589/677/855 590/616/786 591/615/785 592/678/856
s 33
f 593/682/866 594/681/865 595/622/796 596/621/795
s off
f 597/1391/1845 598/628/1846 599/687/1847
s 43
f 600/1361/876 601/632/875 602/631/882 603/691/881
f 604/1359/884 605/636/883 606/635/890 607/695/889
f 608/1357/892 609/640/891 610/639/898 611/699/897
f 612/1355/900 613/644/899 614/643/906 615/703/905
f 616/1353/908 617/648/907 618/647/914 619/707/913
f 620/1351/916 621/652/915 622/651/922 623/711/921
f 624/1349/924 625/656/923 626/655/930 627/715/929
f 628/1347/932 629/660/931 630/659/938 631/719/937
f 632/1345/940 633/664/939 634/663/946 635/723/945
f 636/1343/948 637/668/947 638/667/954 639/727/953
f 640/1341/956 641/672/955 642/671/962 643/731/961
f 644/1339/964 645/676/963 646/675/970 647/735/969
f 648/1337/972 649/680/971 650/679/978 651/739/977
s off
f 652/1335/1848 653/686/1849 654/685/1850
f 655/689/1851 656/1435/1852 657/745/1853
s 58
f 658/747/992 659/693/991 660/1433/998 661/748/997
f 662/751/1000 663/697/999 664/1431/1006 665/752/1005
f 666/755/1008 667/701/1007 668/1429/1014 669/756/1013
f 670/759/1016 671/705/1015 672/1427/1022 673/760/1021
f 674/763/1024 675/709/1023 676/1425/1030 677/764/1029
f 678/767/1032 679/713/1031 680/1423/1038 681/768/1037
f 682/771/1040 683/717/1039 684/1421/1046 685/772/1045
f 686/775/1048 687/721/1047 688/1419/1054 689/776/1053
f 690/779/1056 691/725/1055 692/1417/1062 693/780/1061
f 694/783/1064 695/729/1063 696/1415/1070 697/784/1069
f 698/787/1072 699/733/1071 700/1413/1078 701/788/1077
f 702/791/1080 703/737/1079 704/1411/1086 705/792/1085
f 706/795/1088 707/741/1087 708/1409/1094 709/796/1093
s off
f 710/799/1854 711/744/1855 712/1407/1856
s 1
f 713/624/988 714/746/987 715/801/1105 716/625/1104
s 73
f 717/804/1113 718/802/1112 719/750/1857 720/1313/1117 721/805/1116
f 722/810/1119 723/754/1118 724/1312/1858 725/1311/1127 726/811/1126
s 3
f 727/815/1125 728/758/1012 729/757/1011 730/818/1130
f 731/821/1133 732/762/1020 733/761/1019 734/822/1134
f 735/825/1137 736/766/1028 737/765/1027 738/826/1138
f 739/829/1141 740/770/1036 741/769/1035 742/830/1142
f 743/833/1145 744/774/1044 745/773/1043 746/834/1146
f 747/837/1149 748/778/1052 749/777/1051 750/838/1150
f 751/841/1153 752/782/1060 753/781/1059 754/842/1154
f 755/845/1157 756/786/1068 757/785/1067 758/846/1158
f 759/849/1161 760/790/1076 761/789/1075 762/850/1162
s 74
g textureEditorIsolateSelectSet table
f 763/854/1171 764/853/1170 765/794/1859 766/1265/1175 767/855/1174
f 768/860/1177 769/798/1176 770/1264/1860 771/1263/1186 772/861/1185
s 17
g table
f 773/1405/1190 774/865/1189 775/800/1100 776/684/1099
s 1
f 777/560/1107 778/803/1106 779/869/1198 780/561/1197
s 73
f 781/872/1206 782/1309/1205 783/1308/1861 784/809/1115 785/808/1114
f 786/817/1129 787/1329/1128 788/1306/1862 789/1305/1208 790/876/1207
s 3
f 791/883/1218 792/820/1132 793/819/1131 794/886/1222
f 795/889/1225 796/824/1136 797/823/1135 798/890/1226
f 799/893/1229 800/828/1140 801/827/1139 802/894/1230
f 803/897/1233 804/832/1144 805/831/1143 806/898/1234
f 807/901/1237 808/836/1148 809/835/1147 810/902/1238
f 811/905/1241 812/840/1152 813/839/1151 814/906/1242
f 815/909/1245 816/844/1156 817/843/1155 818/910/1246
f 819/913/1249 820/848/1160 821/847/1159 822/914/1250
f 823/917/1253 824/852/1164 825/851/1163 826/918/1254
s 74
g textureEditorIsolateSelectSet table
f 827/922/1264 828/1261/1263 829/1260/1863 830/859/1173 831/1270/1172
f 832/867/1188 833/1259/1187 834/1258/1864 835/1257/1266 836/926/1265
s 17
g table
f 837/1403/1282 838/933/1281 839/868/1192 840/620/1191
s 1
f 841/496/1200 842/871/1199 843/937/1289 844/497/1288
s 3
f 845/938/1287 846/879/1211 847/878/1210 848/940/1292
f 849/943/1295 850/885/1221 851/884/1220 852/944/1296
f 853/947/1299 854/888/1224 855/887/1223 856/948/1300
f 857/951/1303 858/892/1228 859/891/1227 860/952/1304
f 861/955/1307 862/896/1232 863/895/1231 864/956/1308
f 865/959/1311 866/900/1236 867/899/1235 868/960/1312
f 869/963/1315 870/904/1240 871/903/1239 872/964/1316
f 873/967/1319 874/908/1244 875/907/1243 876/968/1320
f 877/971/1323 878/912/1248 879/911/1247 880/972/1324
f 881/975/1327 882/916/1252 883/915/1251 884/976/1328
f 885/979/1331 886/920/1256 887/919/1255 888/980/1332
f 889/983/1335 890/929/1269 891/928/1268 892/984/1336
f 893/987/1339 894/935/1280 895/934/1279 896/988/1340
s 17
f 897/1401/1346 898/991/1345 899/936/1284 900/556/1283
s 1
f 901/432/1291 902/939/1290 903/993/1353 904/433/1352
s 3
f 905/994/1351 906/942/1294 907/941/1293 908/996/1356
f 909/999/1359 910/946/1298 911/945/1297 912/1000/1360
f 913/1003/1363 914/950/1302 915/949/1301 916/1004/1364
f 917/1007/1367 918/954/1306 919/953/1305 920/1008/1368
f 921/1011/1371 922/958/1310 923/957/1309 924/1012/1372
f 925/1015/1375 926/962/1314 927/961/1313 928/1016/1376
f 929/1019/1379 930/966/1318 931/965/1317 932/1020/1380
f 933/1023/1383 934/970/1322 935/969/1321 936/1024/1384
f 937/1027/1387 938/974/1326 939/973/1325 940/1028/1388
f 941/1031/1391 942/978/1330 943/977/1329 944/1032/1392
f 945/1035/1395 946/982/1334 947/981/1333 948/1036/1396
f 949/1039/1399 950/986/1338 951/985/1337 952/1040/1400
f 953/1043/1403 954/990/1342 955/989/1341 956/1044/1404
s 17
f 957/1399/1410 958/1047/1409 959/992/1348 960/492/1347
s 1
f 961/368/1355 962/995/1354 963/1049/1417 964/369/1416
s 3
f 965/1050/1415 966/998/1358 967/997/1357 968/1052/1420
f 969/1055/1423 970/1002/1362 971/1001/1361 972/1056/1424
f 973/1059/1427 974/1006/1366 975/1005/1365 976/1060/1428
f 977/1063/1431 978/1010/1370 979/1009/1369 980/1064/1432
f 981/1067/1435 982/1014/1374 983/1013/1373 984/1068/1436
f 985/1071/1439 986/1018/1378 987/1017/1377 988/1072/1440
f 989/1075/1443 990/1022/1382 991/1021/1381 992/1076/1444
f 993/1079/1447 994/1026/1386 995/1025/1385 996/1080/1448
f 997/1083/1451 998/1030/1390 999/1029/1389 1000/1084/1452
f 1001/1087/1455 1002/1034/1394 1003/1033/1393 1004/1088/1456
f 1005/1091/1459 1006/1038/1398 1007/1037/1397 1008/1092/1460
f 1009/1095/1463 1010/1042/1402 1011/1041/1401 1012/1096/1464
f 1013/1099/1467 1014/1046/1406 1015/1045/1405 1016/1100/1468
s 17
f 1017/1397/1474 1018/1103/1473 1019/1048/1412 1020/428/1411
s 1
f 1021/304/1419 1022/1051/1418 1023/1105/1481 1024/305/1480
s 3
f 1025/1106/1479 1026/1054/1422 1027/1053/1421 1028/1108/1484
f 1029/1111/1487 1030/1058/1426 1031/1057/1425 1032/1112/1488
f 1033/1115/1491 1034/1062/1430 1035/1061/1429 1036/1116/1492
f 1037/1119/1495 1038/1066/1434 1039/1065/1433 1040/1120/1496
f 1041/1123/1499 1042/1070/1438 1043/1069/1437 1044/1124/1500
f 1045/1127/1503 1046/1074/1442 1047/1073/1441 1048/1128/1504
f 1049/1131/1507 1050/1078/1446 1051/1077/1445 1052/1132/1508
f 1053/1135/1511 1054/1082/1450 1055/1081/1449 1056/1136/1512
f 1057/1139/1515 1058/1086/1454 1059/1085/1453 1060/1140/1516
f 1061/1143/1519 1062/1090/1458 1063/1089/1457 1064/1144/1520
f 1065/1147/1523 1066/1094/1462 1067/1093/1461 1068/1148/1524
f 1069/1151/1527 1070/1098/1466 1071/1097/1465 1072/1152/1528
f 1073/1155/1531 1074/1102/1470 1075/1101/1469 1076/1156/1532
s 17
f 1077/1395/1538 1078/1159/1537 1079/1104/1476 1080/364/1475
s 1
f 1081/240/1483 1082/1107/1482 1083/1161/1545 1084/241/1544
s 77
f 1085/1164/1553 1086/1162/1552 1087/1110/1865 1088/1302/1557 1089/1165/1556
f 1090/1170/1559 1091/1114/1558 1092/1327/1866 1093/1301/1567 1094/1171/1566
s 3
f 1095/1175/1565 1096/1118/1494 1097/1117/1493 1098/1178/1570
f 1099/1181/1573 1100/1122/1498 1101/1121/1497 1102/1182/1574
f 1103/1185/1577 1104/1126/1502 1105/1125/1501 1106/1186/1578
f 1107/1189/1581 1108/1130/1506 1109/1129/1505 1110/1190/1582
f 1111/1193/1585 1112/1134/1510 1113/1133/1509 1114/1194/1586
f 1115/1197/1589 1116/1138/1514 1117/1137/1513 1118/1198/1590
f 1119/1201/1593 1120/1142/1518 1121/1141/1517 1122/1202/1594
f 1123/1205/1597 1124/1146/1522 1125/1145/1521 1126/1206/1598
f 1127/1209/1601 1128/1150/1526 1129/1149/1525 1130/1210/1602
s 78
f 1131/1214/1611 1132/1213/1610 1133/1154/1867 1134/1284/1615 1135/1215/1614
f 1136/1220/1617 1137/1158/1616 1138/1283/1868 1139/1282/1626 1140/1221/1625
s 17
f 1141/1393/1630 1142/1225/1629 1143/1160/1540 1144/300/1539
s 1
f 1145/178/1547 1146/1163/1546 1147/4/4 1148/3/3
s 77
f 1149/1229/1641 1150/12/1640 1151/1300/1869 1152/1169/1555 1153/1168/1554
f 1154/1177/1569 1155/1322/1568 1156/1295/1870 1157/1297/1643 1158/1232/1642
s 3
f 1159/27/39 1160/1180/1572 1161/1179/1571 1162/28/40
f 1163/35/51 1164/1184/1576 1165/1183/1575 1166/36/52
f 1167/43/63 1168/1188/1580 1169/1187/1579 1170/44/64
f 1171/51/75 1172/1192/1584 1173/1191/1583 1174/52/76
f 1175/59/87 1176/1196/1588 1177/1195/1587 1178/60/88
f 1179/67/99 1180/1200/1592 1181/1199/1591 1182/68/100
f 1183/75/111 1184/1204/1596 1185/1203/1595 1186/76/112
f 1187/83/123 1188/1208/1600 1189/1207/1599 1190/84/124
f 1191/91/135 1192/1212/1604 1193/1211/1603 1194/92/136
s 78
f 1195/1235/1655 1196/100/1654 1197/1281/1871 1198/1219/1613 1199/1218/1612
f 1200/1227/1628 1201/1277/1627 1202/1276/1872 1203/1278/1657 1204/1238/1656
s 17
f 1205/116/172 1206/115/171 1207/1228/1632 1208/236/1631
s off
f 1209/807/1873 1210/806/1874 1211/1332/1875
f 1212/1243/1876 1213/813/1877 1214/812/1878
f 1215/1244/1879 1216/881/1880 1217/880/1881
f 1218/1323/1882 1219/874/1883 1220/873/1884
g textureEditorIsolateSelectSet table
f 1221/857/1885 1222/856/1886 1223/1245/1887
f 1224/1247/1888 1225/863/1889 1226/862/1890
f 1227/1248/1891 1228/931/1892 1229/930/1893
f 1230/1272/1894 1231/924/1895 1232/1269/1896
g table
f 1233/1167/1897 1234/1166/1898 1235/1249/1899
f 1236/1251/1900 1237/1173/1901 1238/1172/1902
f 1239/1252/1903 1240/1234/1904 1241/1233/1905
f 1242/1333/1906 1243/1231/1907 1244/1230/1908
f 1245/1217/1909 1246/1216/1910 1247/1253/1911
f 1248/1255/1912 1249/1223/1913 1250/1222/1914
f 1251/1256/1915 1252/1240/1916 1253/1239/1917
f 1254/1288/1918 1255/1237/1919 1256/1236/1920
