# This file uses centimeters as units for non-parametric coordinates.

mtllib 医疗架.mtl
g default
v 23.054211 3.242621 -8.288432
v 23.058623 3.241260 -8.291257
v 23.058306 3.246592 -8.296124
v 23.055306 3.245354 -8.303921
v 23.050312 3.247362 -8.300449
v 23.045622 3.248257 -8.297302
v 23.048548 3.249055 -8.289742
v 23.048800 3.243151 -8.284973
v 23.076829 3.232849 -8.302925
v 23.080522 3.230277 -8.305296
v 23.082284 3.234030 -8.311238
v 23.080270 3.231535 -8.319767
v 23.075804 3.235747 -8.316394
v 23.071439 3.238463 -8.313418
v 23.073360 3.240031 -8.305339
v 23.071459 3.235225 -8.299485
v 23.095966 3.215401 -8.315226
v 23.098788 3.211756 -8.317047
v 23.101886 3.213356 -8.323368
v 23.100388 3.209364 -8.332089
v 23.097017 3.215482 -8.329401
v 23.093198 3.220048 -8.326846
v 23.094600 3.222600 -8.318650
v 23.091319 3.219640 -8.312239
v 23.109676 3.191623 -8.324087
v 23.111393 3.187039 -8.325204
v 23.114966 3.186537 -8.331198
v 23.113591 3.181435 -8.339434
v 23.111753 3.188706 -8.338020
v 23.108962 3.194949 -8.336328
v 23.110232 3.198275 -8.328402
v 23.106440 3.197334 -8.321997
v 23.116356 3.163647 -8.328477
v 23.116682 3.158430 -8.328707
v 23.120107 3.156357 -8.333944
v 23.118712 3.150937 -8.341191
v 23.118615 3.158368 -8.341354
v 23.117461 3.165528 -8.340954
v 23.118711 3.169257 -8.333573
v 23.114982 3.170074 -8.327569
v 23.115097 3.134239 -8.327795
v 23.113862 3.128948 -8.327029
v 23.116881 3.125809 -8.331481
v 23.115516 3.120665 -8.337646
v 23.117165 3.127424 -8.339239
v 23.117901 3.134300 -8.340145
v 23.119060 3.138244 -8.333478
v 23.115624 3.140561 -8.328107
v 23.105887 3.106468 -8.322031
v 23.103173 3.101776 -8.320315
v 23.105675 3.097760 -8.324096
v 23.104358 3.092991 -8.329383
v 23.107536 3.098437 -8.331972
v 23.109887 3.104168 -8.333838
v 23.110990 3.108367 -8.327961
v 23.108083 3.112051 -8.323411
v 23.089649 3.083275 -8.311753
v 23.085742 3.079767 -8.309271
v 23.087537 3.074929 -8.312411
v 23.086178 3.070358 -8.317067
v 23.090421 3.074085 -8.320178
v 23.093959 3.078352 -8.322676
v 23.095208 3.082833 -8.317559
v 23.093174 3.087652 -8.313987
v 23.068048 3.067083 -8.298023
v 23.063364 3.065167 -8.295038
v 23.064184 3.059652 -8.297456
v 23.062602 3.055073 -8.301684
v 23.067414 3.056969 -8.304956
v 23.071782 3.059660 -8.307865
v 23.073374 3.064328 -8.303413
v 23.072502 3.069895 -8.300856
v 23.043286 3.059551 -8.282230
v 23.038301 3.059452 -8.279048
v 23.037881 3.053560 -8.280664
v 23.035855 3.048856 -8.284606
v 23.040826 3.048957 -8.287778
v 23.045742 3.049972 -8.290915
v 23.047774 3.054674 -8.286980
v 23.048203 3.060568 -8.285370
v 23.017850 3.061427 -8.265973
v 23.013069 3.063199 -8.262910
v 23.011222 3.057325 -8.263730
v 23.008551 3.052536 -8.267489
v 23.013336 3.050881 -8.270424
v 23.018526 3.050114 -8.273534
v 23.021015 3.054788 -8.269893
v 23.022731 3.060589 -8.269094
v 22.994305 3.072532 -8.250879
v 22.990216 3.076051 -8.248251
v 22.986873 3.070626 -8.248388
v 22.983438 3.065899 -8.252103
v 22.987735 3.062531 -8.254608
v 22.992816 3.059859 -8.257434
v 22.995782 3.064594 -8.253823
v 22.998646 3.069953 -8.253663
v 22.975042 3.091726 -8.238491
v 22.972091 3.096728 -8.236584
v 22.967353 3.092179 -8.236243
v 22.963139 3.087629 -8.240115
v 22.966584 3.082593 -8.241956
v 22.971007 3.078020 -8.244192
v 22.974524 3.082999 -8.240355
v 22.978379 3.087715 -8.240638
v 22.962052 3.116995 -8.230081
v 22.960637 3.123098 -8.229153
v 22.954749 3.119721 -8.228549
v 22.949820 3.115352 -8.232766
v 22.951909 3.108877 -8.233669
v 22.954996 3.102707 -8.235055
v 22.959220 3.108086 -8.230798
v 22.964015 3.112064 -8.231357
v 22.956649 3.145652 -8.226509
v 22.957094 3.152284 -8.226763
v 22.950300 3.150268 -8.226006
v 22.944742 3.146056 -8.230562
v 22.944953 3.138903 -8.230352
v 22.946147 3.131737 -8.230814
v 22.951259 3.137416 -8.226096
v 22.957067 3.140446 -8.226798
v 22.959266 3.174675 -8.228056
v 22.961642 3.181019 -8.229548
v 22.954197 3.180689 -8.228719
v 22.948102 3.176831 -8.233458
v 22.946382 3.170192 -8.232246
v 22.945467 3.162820 -8.231803
v 22.951480 3.168232 -8.226743
v 22.958225 3.169781 -8.227411
v 22.969394 3.201139 -8.234414
v 22.973366 3.206350 -8.236931
v 22.965827 3.208101 -8.236364
v 22.959425 3.205009 -8.241254
v 22.956281 3.199746 -8.239331
v 22.953467 3.193117 -8.237979
v 22.960004 3.197483 -8.232695
v 22.967131 3.196922 -8.232988
v 22.985756 3.222587 -8.244778
v 22.990703 3.226126 -8.247925
v 22.983958 3.229977 -8.248202
v 22.977721 3.227954 -8.253428
v 22.973704 3.224347 -8.251022
v 22.969548 3.219268 -8.248832
v 22.975936 3.222128 -8.243261
v 22.982485 3.219231 -8.242703
v 23.006630 3.237260 -8.258054
v 23.011880 3.238991 -8.261401
v 23.006834 3.244369 -8.263076
v 23.001352 3.243309 -8.268950
v 22.996771 3.241392 -8.266154
v 22.991946 3.238311 -8.263332
v 22.997496 3.239777 -8.257253
v 23.002481 3.234934 -8.255412
v 23.030127 3.244067 -8.273036
v 23.035116 3.244163 -8.276223
v 23.032368 3.250079 -8.279557
v 23.028086 3.249372 -8.286361
v 23.023103 3.249252 -8.283212
v 23.018214 3.248268 -8.280043
v 23.022476 3.248968 -8.273237
v 23.025204 3.243047 -8.269895
v 22.052570 3.257375 -9.861764
v 22.057460 3.255577 -9.864839
v 22.052165 3.255749 -9.870813
v 22.048417 3.250216 -9.873037
v 22.043833 3.251742 -9.870104
v 22.038640 3.252420 -9.866781
v 22.042402 3.258225 -9.864592
v 22.047672 3.258212 -9.858661
v 22.077726 3.245658 -9.878214
v 22.082057 3.242014 -9.880910
v 22.075937 3.242942 -9.886271
v 22.070514 3.238625 -9.887208
v 22.066631 3.241580 -9.884714
v 22.061682 3.244064 -9.881539
v 22.067165 3.248885 -9.880647
v 22.073204 3.248298 -9.875323
v 22.098340 3.225315 -9.891990
v 22.101571 3.220110 -9.894062
v 22.095082 3.222040 -9.898945
v 22.088662 3.219507 -9.898883
v 22.085758 3.223654 -9.897010
v 22.081610 3.227836 -9.894343
v 22.088204 3.231036 -9.894418
v 22.094612 3.229652 -9.889533
v 22.112329 3.198433 -9.901757
v 22.113998 3.192187 -9.903001
v 22.107643 3.195033 -9.907520
v 22.100967 3.194438 -9.906854
v 22.099302 3.199474 -9.905767
v 22.096479 3.204967 -9.903939
v 22.103497 3.206290 -9.904581
v 22.109885 3.204147 -9.900001
v 22.118324 3.167776 -9.906634
v 22.118202 3.161153 -9.906884
v 22.112348 3.164604 -9.911096
v 22.106001 3.165761 -9.910191
v 22.105783 3.171259 -9.910030
v 22.104623 3.177443 -9.909263
v 22.111493 3.176940 -9.910135
v 22.117584 3.174195 -9.905811
v 22.115900 3.136224 -9.906130
v 22.113971 3.130015 -9.905380
v 22.108764 3.133764 -9.909314
v 22.103071 3.136364 -9.908444
v 22.104387 3.141773 -9.909263
v 22.104977 3.147949 -9.909615
v 22.111275 3.145791 -9.910482
v 22.116896 3.142562 -9.906418
v 22.105238 3.106775 -9.900344
v 22.101839 3.101618 -9.898633
v 22.097258 3.105503 -9.902361
v 22.092388 3.109297 -9.901736
v 22.095142 3.114024 -9.903475
v 22.097345 3.119556 -9.904857
v 22.102730 3.115941 -9.905504
v 22.107757 3.112290 -9.901648
v 22.087330 3.082220 -9.889730
v 22.082933 3.078581 -9.887263
v 22.078908 3.082583 -9.890916
v 22.075020 3.087363 -9.890730
v 22.078940 3.090880 -9.893219
v 22.082463 3.095249 -9.895452
v 22.086655 3.090463 -9.895644
v 22.091007 3.086464 -9.891862
v 22.063878 3.065042 -9.875287
v 22.058974 3.063144 -9.872331
v 22.055452 3.067292 -9.876091
v 22.052720 3.072808 -9.876545
v 22.057406 3.074726 -9.879532
v 22.061861 3.077542 -9.882366
v 22.064686 3.071975 -9.881893
v 22.068348 3.067756 -9.878025
v 22.037184 3.057020 -9.858446
v 22.032212 3.056921 -9.855269
v 22.029169 3.061206 -9.859334
v 22.027739 3.067109 -9.860607
v 22.032715 3.067209 -9.863787
v 22.037641 3.068230 -9.866929
v 22.039059 3.062322 -9.865649
v 22.042092 3.058034 -9.861577
v 22.009944 3.058965 -9.840852
v 22.005257 3.060647 -9.837743
v 22.002667 3.064981 -9.842296
v 22.002589 3.070847 -9.844523
v 22.007360 3.069081 -9.847580
v 22.012245 3.068244 -9.850704
v 22.012340 3.062434 -9.848566
v 22.014885 3.058177 -9.844182
v 21.984856 3.070673 -9.824304
v 21.980817 3.074048 -9.821509
v 21.978618 3.078278 -9.826666
v 21.979809 3.083650 -9.829910
v 21.983880 3.080160 -9.832527
v 21.988236 3.077580 -9.835321
v 21.987179 3.072248 -9.832351
v 21.989404 3.068042 -9.827548
v 21.964411 3.090907 -9.810430
v 21.961405 3.095800 -9.808207
v 21.959464 3.099774 -9.814031
v 21.961711 3.104220 -9.818259
v 21.964646 3.099311 -9.820157
v 21.968026 3.095285 -9.822334
v 21.966037 3.090723 -9.818582
v 21.968090 3.086548 -9.813239
v 21.950563 3.117595 -9.800568
v 21.948975 3.123641 -9.799206
v 21.947143 3.127261 -9.805682
v 21.950150 3.130432 -9.810760
v 21.951601 3.124560 -9.811714
v 21.953669 3.119545 -9.813056
v 21.950958 3.115997 -9.808565
v 21.952929 3.111870 -9.802560
v 21.944532 3.148194 -9.795674
v 21.944642 3.154708 -9.795393
v 21.942822 3.157893 -9.802435
v 21.946275 3.159530 -9.808160
v 21.946032 3.153292 -9.808034
v 21.946611 3.147843 -9.808427
v 21.943404 3.145595 -9.803234
v 21.945319 3.141674 -9.796504
v 21.946918 3.179795 -9.796147
v 21.948667 3.185982 -9.797068
v 21.946806 3.188601 -9.804531
v 21.950348 3.188468 -9.810641
v 21.948410 3.182552 -9.809430
v 21.947502 3.177220 -9.808871
v 21.944126 3.176648 -9.803124
v 21.946023 3.173261 -9.795754
v 21.957522 3.209449 -9.802082
v 21.960628 3.214555 -9.803988
v 21.958603 3.216421 -9.811664
v 21.961733 3.214357 -9.817806
v 21.958341 3.209411 -9.815658
v 21.956081 3.204662 -9.814234
v 21.953063 3.206081 -9.808274
v 21.955093 3.203605 -9.800540
v 21.975395 3.234127 -9.812879
v 21.979463 3.237735 -9.815472
v 21.977015 3.238738 -9.823086
v 21.979085 3.234828 -9.828805
v 21.974667 3.231330 -9.825998
v 21.971259 3.227530 -9.823836
v 21.969270 3.230959 -9.818173
v 21.971727 3.229583 -9.810468
v 21.998786 3.251315 -9.827425
v 22.003461 3.253230 -9.830434
v 22.000256 3.253494 -9.837680
v 22.000639 3.248201 -9.842518
v 21.995705 3.246388 -9.839375
v 21.991385 3.243841 -9.836624
v 21.991051 3.248881 -9.831793
v 21.994280 3.248458 -9.824501
v 22.025384 3.259311 -9.844254
v 22.030343 3.259419 -9.847440
v 22.026114 3.259350 -9.854092
v 22.024430 3.253467 -9.857697
v 22.019502 3.253363 -9.854549
v 22.014523 3.252338 -9.851373
v 22.016225 3.258231 -9.847778
v 22.020472 3.258306 -9.841138
v 22.949560 3.100310 -8.492962
v 22.945789 3.099329 -8.498801
v 22.941038 3.101106 -8.495523
v 22.936090 3.101947 -8.492286
v 22.939440 3.102917 -8.486600
v 22.942362 3.105797 -8.481278
v 22.947693 3.104971 -8.484564
v 22.952746 3.103176 -8.487727
v 22.964998 3.093002 -8.503065
v 22.968069 3.096023 -8.497546
v 22.973019 3.093204 -8.500636
v 22.977456 3.089592 -8.503376
v 22.974246 3.086827 -8.508497
v 22.970334 3.085878 -8.514412
v 22.966156 3.089326 -8.511792
v 22.961527 3.091981 -8.508889
v 22.986887 3.074205 -8.516909
v 22.989828 3.077615 -8.511160
v 22.994105 3.072903 -8.513634
v 22.997576 3.067540 -8.515721
v 22.994292 3.064887 -8.520917
v 22.990085 3.064155 -8.526971
v 22.987076 3.068873 -8.525105
v 22.983438 3.073015 -8.522840
v 23.002628 3.048358 -8.526960
v 23.005636 3.052359 -8.520921
v 23.008562 3.045988 -8.522571
v 23.010561 3.039244 -8.523666
v 23.007348 3.036761 -8.528918
v 23.003117 3.036236 -8.535304
v 23.001536 3.041742 -8.534326
v 22.999224 3.046919 -8.532883
v 23.010753 3.017955 -8.532196
v 23.014003 3.022449 -8.526067
v 23.015039 3.015179 -8.526687
v 23.015101 3.007730 -8.526683
v 23.012048 3.005268 -8.532044
v 23.008105 3.004781 -8.538628
v 23.008080 3.010584 -8.538586
v 23.007284 3.016301 -8.538053
v 23.010436 2.985901 -8.532127
v 23.013966 2.990427 -8.526182
v 23.012969 2.983084 -8.525774
v 23.011073 2.976132 -8.524702
v 23.008127 2.973520 -8.530123
v 23.004505 2.972861 -8.536574
v 23.006048 2.978467 -8.537480
v 23.006824 2.984232 -8.537898
v 23.001680 2.955332 -8.526747
v 23.005300 2.959401 -8.521102
v 23.002491 2.952863 -8.519738
v 22.999136 2.947306 -8.517807
v 22.996250 2.944580 -8.523136
v 22.992662 2.943669 -8.529285
v 22.995658 2.948550 -8.531099
v 22.997952 2.953856 -8.532466
v 22.985341 2.929306 -8.516535
v 22.988812 2.932776 -8.511130
v 22.984655 2.927703 -8.508933
v 22.980409 2.923903 -8.506431
v 22.977371 2.921080 -8.511661
v 22.973783 2.920121 -8.517454
v 22.977963 2.923761 -8.520042
v 22.981588 2.928081 -8.522274
v 22.963006 2.910415 -8.502571
v 22.966276 2.913458 -8.497180
v 22.961280 2.910231 -8.494371
v 22.956554 2.908240 -8.491515
v 22.953451 2.905474 -8.496573
v 22.949768 2.904527 -8.502244
v 22.954720 2.906515 -8.505364
v 22.959336 2.909372 -8.508268
v 22.936979 2.900524 -8.485953
v 22.940068 2.903388 -8.480677
v 22.934715 2.902173 -8.477498
v 22.929790 2.902010 -8.474445
v 22.926716 2.899308 -8.479446
v 22.922996 2.898384 -8.485166
v 22.928204 2.898487 -8.488494
v 22.933344 2.899550 -8.491773
v 22.909770 2.900583 -8.468557
v 22.912855 2.903440 -8.463288
v 22.907580 2.904283 -8.459983
v 22.902720 2.906033 -8.456882
v 22.899678 2.903206 -8.462110
v 22.896092 2.902246 -8.467889
v 22.901009 2.900463 -8.471071
v 22.906130 2.899610 -8.474383
v 22.884125 2.910574 -8.451962
v 22.887311 2.913441 -8.446727
v 22.882503 2.916314 -8.443540
v 22.878087 2.920098 -8.440605
v 22.875132 2.916832 -8.446217
v 22.871666 2.915696 -8.452092
v 22.875785 2.912249 -8.454805
v 22.880354 2.909594 -8.457802
v 22.862591 2.929510 -8.437679
v 22.865858 2.932271 -8.432567
v 22.861859 2.937085 -8.429812
v 22.858466 2.942839 -8.427367
v 22.855460 2.938851 -8.433393
v 22.852055 2.937418 -8.439315
v 22.854994 2.932701 -8.441290
v 22.858561 2.928560 -8.443667
v 22.847131 2.955384 -8.427346
v 22.850418 2.958037 -8.422147
v 22.847691 2.964520 -8.420198
v 22.845871 2.971676 -8.418726
v 22.842599 2.967047 -8.424937
v 22.839122 2.965336 -8.430826
v 22.840654 2.959831 -8.431881
v 22.842915 2.954654 -8.433404
v 22.839131 2.985824 -8.421750
v 22.842321 2.988321 -8.416517
v 22.841336 2.995677 -8.415780
v 22.841345 3.003209 -8.415681
v 22.837762 2.998527 -8.421709
v 22.834134 2.996791 -8.427502
v 22.834159 2.990988 -8.427543
v 22.834955 2.985271 -8.428077
v 22.839318 3.017863 -8.421732
v 22.842358 3.020342 -8.416403
v 22.843207 3.027437 -8.417083
v 22.844997 3.034287 -8.418337
v 22.841366 3.030196 -8.423993
v 22.837634 3.028712 -8.429713
v 22.836142 3.023107 -8.428728
v 22.835415 3.017341 -8.428232
v 22.847807 3.048379 -8.427382
v 22.850754 3.050993 -8.421966
v 22.853195 3.056892 -8.423727
v 22.856428 3.062412 -8.426136
v 22.853048 3.059076 -8.431495
v 22.849337 3.057905 -8.437221
v 22.846412 3.053024 -8.435296
v 22.844188 3.047716 -8.433821
v 22.864010 3.074394 -8.437972
v 22.866872 3.077109 -8.432599
v 22.870447 3.081438 -8.435085
v 22.874752 3.085257 -8.438236
v 22.871694 3.082420 -8.443469
v 22.868098 3.081454 -8.449238
v 22.863978 3.077813 -8.446554
v 22.860412 3.073492 -8.444230
v 22.886114 3.093162 -8.452454
v 22.889104 3.096006 -8.447093
v 22.893448 3.098684 -8.450025
v 22.898394 3.100626 -8.453532
v 22.895542 3.097948 -8.458680
v 22.892050 3.097047 -8.464545
v 22.887131 3.095061 -8.461375
v 22.882546 3.092204 -8.458422
v 22.912085 3.102994 -8.469173
v 22.915149 3.105848 -8.463889
v 22.919987 3.106824 -8.467073
v 22.925154 3.106851 -8.470609
v 22.922279 3.104113 -8.475807
v 22.918822 3.103192 -8.481624
v 22.913605 3.103087 -8.478322
v 22.908474 3.102026 -8.475017
v 23.034136 3.187840 -8.275839
v 23.028888 3.191513 -8.272470
v 23.025710 3.185286 -8.270464
v 23.019737 3.186856 -8.266641
v 23.018336 3.179797 -8.265776
v 23.012221 3.179111 -8.261872
v 23.012736 3.171915 -8.262233
v 23.007078 3.169039 -8.258631
v 23.009459 3.162410 -8.260178
v 23.004811 3.157624 -8.257229
v 23.008823 3.152211 -8.259814
v 23.005641 3.145983 -8.257810
v 23.010890 3.142315 -8.261178
v 23.009486 3.135257 -8.260314
v 23.015460 3.133691 -8.264137
v 23.015973 3.126495 -8.264495
v 23.022087 3.127185 -8.268399
v 23.024464 3.120553 -8.269946
v 23.030120 3.123433 -8.273548
v 23.034130 3.118016 -8.276131
v 23.038775 3.122802 -8.279078
v 23.044023 3.119131 -8.282447
v 23.047201 3.125357 -8.284453
v 23.053174 3.123788 -8.288276
v 23.054575 3.130846 -8.289142
v 23.060689 3.131533 -8.293045
v 23.060176 3.138729 -8.292687
v 23.065832 3.141605 -8.296289
v 23.063454 3.148237 -8.294739
v 23.068100 3.153021 -8.297688
v 23.064090 3.158438 -8.295100
v 23.067271 3.164662 -8.297107
v 23.062020 3.168332 -8.293736
v 23.063423 3.175387 -8.294605
v 23.057448 3.176953 -8.290781
v 23.056938 3.184149 -8.290422
v 23.050824 3.183457 -8.286518
v 23.048446 3.190090 -8.284971
v 23.042791 3.187210 -8.281370
v 23.038781 3.192628 -8.278786
v 22.023594 3.195210 -9.857413
v 22.028239 3.199995 -9.860358
v 22.032248 3.194579 -9.862943
v 22.037903 3.197458 -9.866546
v 22.040279 3.190827 -9.868091
v 22.046395 3.191518 -9.871995
v 22.046904 3.184322 -9.872352
v 22.052881 3.182756 -9.876177
v 22.051476 3.175701 -9.875309
v 22.056728 3.172029 -9.878681
v 22.053544 3.165807 -9.876676
v 22.057557 3.160388 -9.879262
v 22.052910 3.155606 -9.876314
v 22.055290 3.148973 -9.877861
v 22.049633 3.146098 -9.874258
v 22.050146 3.138900 -9.874619
v 22.044032 3.138214 -9.870715
v 22.042631 3.131156 -9.869850
v 22.036658 3.132726 -9.866027
v 22.033480 3.126499 -9.864021
v 22.028231 3.130172 -9.860654
v 22.023587 3.125384 -9.857705
v 22.019577 3.130800 -9.855121
v 22.013921 3.127921 -9.851520
v 22.011543 3.134552 -9.849972
v 22.005430 3.133862 -9.846069
v 22.004917 3.141058 -9.845709
v 21.998945 3.142625 -9.841886
v 22.000345 3.149683 -9.842752
v 21.995097 3.153351 -9.839384
v 21.998275 3.159580 -9.841389
v 21.994268 3.164991 -9.838802
v 21.998913 3.169782 -9.841750
v 21.996535 3.176407 -9.840202
v 22.002192 3.179289 -9.843804
v 22.001678 3.186479 -9.843446
v 22.007794 3.187171 -9.847350
v 22.009193 3.194223 -9.848216
v 22.015169 3.192657 -9.852039
v 22.018346 3.198880 -9.854042
v 22.235673 3.106270 -9.599341
v 22.240416 3.104552 -9.602378
v 22.236743 3.105327 -9.608213
v 22.233261 3.107528 -9.613514
v 22.228540 3.109230 -9.610391
v 22.223542 3.110036 -9.607002
v 22.227080 3.107851 -9.601816
v 22.230751 3.107089 -9.596193
v 22.208445 3.108250 -9.581935
v 22.213425 3.108349 -9.585114
v 22.209780 3.109131 -9.590826
v 22.206255 3.111354 -9.596116
v 22.201298 3.111245 -9.592897
v 22.196326 3.110179 -9.589608
v 22.199861 3.107997 -9.584425
v 22.203532 3.107235 -9.578798
v 22.181930 3.100215 -9.565027
v 22.186658 3.102121 -9.568041
v 22.183038 3.102912 -9.573712
v 22.179486 3.105170 -9.579039
v 22.174690 3.103241 -9.575985
v 22.170122 3.100403 -9.573072
v 22.173730 3.098222 -9.567889
v 22.177506 3.097464 -9.562212
v 22.158726 3.082949 -9.550275
v 22.162739 3.086477 -9.552824
v 22.159185 3.087307 -9.558458
v 22.155568 3.089674 -9.563950
v 22.151288 3.085970 -9.561322
v 22.147583 3.081571 -9.559052
v 22.151233 3.079461 -9.553926
v 22.155225 3.078733 -9.548054
v 22.141103 3.058145 -9.539121
v 22.144009 3.062948 -9.540956
v 22.140396 3.063863 -9.546675
v 22.136788 3.066435 -9.552274
v 22.133532 3.061193 -9.550369
v 22.131054 3.055528 -9.548949
v 22.134745 3.053460 -9.543709
v 22.138866 3.052875 -9.537713
v 22.130787 3.028230 -9.532655
v 22.132300 3.033837 -9.533600
v 22.128681 3.034857 -9.539294
v 22.124929 3.037686 -9.545065
v 22.123167 3.031408 -9.544116
v 22.122265 3.024928 -9.543705
v 22.125899 3.022929 -9.538427
v 22.130033 3.022422 -9.532199
v 22.128786 2.996131 -9.531514
v 22.128760 3.001995 -9.531472
v 22.125091 3.003086 -9.537121
v 22.121151 3.006093 -9.542955
v 22.121157 2.999464 -9.543052
v 22.122049 2.992884 -9.543712
v 22.125601 2.990877 -9.538382
v 22.129589 2.990355 -9.532053
v 22.135296 2.964991 -9.535806
v 22.133733 2.970538 -9.534784
v 22.129995 2.971620 -9.540386
v 22.125919 2.974613 -9.546137
v 22.127709 2.968327 -9.547246
v 22.130282 2.962517 -9.548864
v 22.133784 2.960430 -9.543505
v 22.137580 2.959812 -9.537287
v 22.149681 2.937860 -9.545115
v 22.146733 2.942546 -9.543212
v 22.142942 2.943545 -9.548798
v 22.138875 2.946338 -9.554366
v 22.142191 2.941103 -9.556321
v 22.146041 2.936671 -9.558700
v 22.149462 2.934539 -9.553429
v 22.153221 2.933784 -9.547392
v 22.170534 2.917391 -9.558523
v 22.166490 2.920757 -9.555927
v 22.162689 2.921651 -9.561528
v 22.158756 2.924186 -9.566916
v 22.163181 2.920482 -9.569527
v 22.167806 2.917779 -9.572381
v 22.171309 2.915587 -9.567127
v 22.174981 2.914817 -9.561378
v 22.195811 2.905589 -9.574725
v 22.191068 2.907306 -9.571687
v 22.187331 2.908115 -9.577209
v 22.183527 2.910461 -9.582579
v 22.188571 2.908579 -9.585608
v 22.193528 2.907715 -9.588687
v 22.197063 2.905531 -9.583500
v 22.200732 2.904768 -9.577874
v 22.223039 2.903608 -9.592131
v 22.218060 2.903508 -9.588950
v 22.214324 2.904286 -9.594548
v 22.210656 2.906531 -9.599800
v 22.215834 2.906582 -9.602991
v 22.220747 2.907568 -9.606076
v 22.224283 2.905385 -9.600891
v 22.227953 2.904623 -9.595266
v 22.249553 2.911644 -9.609038
v 22.244825 2.909737 -9.606026
v 22.241065 2.910504 -9.611662
v 22.237425 2.912716 -9.616877
v 22.242304 2.914690 -9.619989
v 22.246791 2.917481 -9.622841
v 22.250371 2.915194 -9.617486
v 22.253977 2.914395 -9.611853
v 22.272758 2.928909 -9.623790
v 22.268744 2.925381 -9.621242
v 22.264885 2.926136 -9.626959
v 22.261220 2.928315 -9.632143
v 22.265378 2.932040 -9.634860
v 22.269041 2.936557 -9.637275
v 22.272640 2.934025 -9.631720
v 22.276259 2.933125 -9.626011
v 22.290379 2.953713 -9.634947
v 22.287475 2.948911 -9.633109
v 22.283446 2.949635 -9.639008
v 22.279784 2.951736 -9.644128
v 22.282863 2.956980 -9.646190
v 22.285236 2.962881 -9.647857
v 22.288998 2.960016 -9.642055
v 22.292617 2.958983 -9.636354
v 22.300698 2.983628 -9.641410
v 22.299184 2.978020 -9.640465
v 22.295086 2.978615 -9.646444
v 22.291404 2.980688 -9.651679
v 22.293041 2.987011 -9.652805
v 22.293791 2.993678 -9.653435
v 22.297781 2.990567 -9.647520
v 22.301451 2.989435 -9.641866
v 22.302699 3.015727 -9.642551
v 22.302724 3.009862 -9.642594
v 22.298641 3.010399 -9.648756
v 22.295019 3.012418 -9.654021
v 22.294957 3.019098 -9.654017
v 22.293999 3.025728 -9.653439
v 22.298144 3.022629 -9.647617
v 22.301894 3.021503 -9.642013
v 22.296188 3.046867 -9.638259
v 22.297751 3.041320 -9.639281
v 22.293799 3.041871 -9.645526
v 22.290250 3.043897 -9.650840
v 22.288524 3.050117 -9.649651
v 22.285994 3.055904 -9.647961
v 22.290102 3.053064 -9.642363
v 22.293904 3.052046 -9.636778
v 22.281802 3.073999 -9.628952
v 22.284750 3.069313 -9.630855
v 22.280962 3.069942 -9.637029
v 22.277456 3.072036 -9.642379
v 22.274359 3.077047 -9.640227
v 22.270566 3.081471 -9.637650
v 22.274473 3.078961 -9.632274
v 22.278263 3.078074 -9.626673
v 22.260950 3.094467 -9.615542
v 22.264994 3.091101 -9.618138
v 22.261230 3.091856 -9.624204
v 22.257817 3.093985 -9.629484
v 22.253696 3.097435 -9.626709
v 22.249097 3.100112 -9.623546
v 22.252793 3.097832 -9.618250
v 22.256502 3.097041 -9.612689
v 23.053520 3.248264 -8.293007
v 23.078109 3.237368 -8.308498
v 23.098691 3.218128 -8.321345
v 23.113137 3.192314 -8.330159
v 23.119898 3.162595 -8.334061
v 23.118361 3.131844 -8.332823
v 23.108709 3.102848 -8.326358
v 23.091677 3.078547 -8.315235
v 23.068966 3.061573 -8.300570
v 23.042860 3.053659 -8.283844
v 23.015983 3.055604 -8.266741
v 22.991025 3.067209 -8.250972
v 22.970518 3.087285 -8.238124
v 22.956541 3.113629 -8.229491
v 22.950341 3.143523 -8.225765
v 22.952311 3.174239 -8.227414
v 22.962407 3.202822 -8.234255
v 22.979585 3.226307 -8.245530
v 23.001994 3.242482 -8.260074
v 23.027382 3.249967 -8.276392
v 22.047420 3.257425 -9.867776
v 22.071843 3.246272 -9.883619
v 22.092061 3.226745 -9.896920
v 22.106035 3.200696 -9.906332
v 22.112360 3.170682 -9.910897
v 22.110438 3.139607 -9.910133
v 22.100374 3.110465 -9.904128
v 22.083075 3.086181 -9.893449
v 22.060232 3.069208 -9.879091
v 22.034143 3.061305 -9.862513
v 22.007405 3.063254 -9.845362
v 21.982670 3.074868 -9.829343
v 21.962452 3.094924 -9.816068
v 21.948688 3.121393 -9.806860
v 21.942694 3.151578 -9.802571
v 21.945024 3.182581 -9.803534
v 21.955429 3.211389 -9.809691
v 21.972835 3.235147 -9.820418
v 21.995495 3.251603 -9.834625
v 22.021166 3.259243 -9.850920
v 22.944635 3.102082 -8.489835
v 22.969917 3.090300 -8.505922
v 22.990977 3.069828 -8.519089
v 23.005400 3.042728 -8.528165
v 23.011687 3.011735 -8.532611
v 23.009695 2.979716 -8.531510
v 22.999268 2.949708 -8.525321
v 22.981566 2.924777 -8.514278
v 22.958302 2.907456 -8.499606
v 22.931788 2.899424 -8.482684
v 22.904571 2.901429 -8.465267
v 22.879345 2.913294 -8.448985
v 22.858568 2.933875 -8.435445
v 22.844360 2.961099 -8.425927
v 22.837942 2.992190 -8.421542
v 22.839925 3.024117 -8.422616
v 22.850083 3.053915 -8.429101
v 22.867548 3.078701 -8.440389
v 22.890626 3.095970 -8.455355
v 22.917098 3.104028 -8.472412
v 23.036395 3.156183 -8.277415
v 22.025862 3.163487 -9.858997
v 22.232016 3.107040 -9.605130
v 22.204813 3.109028 -9.587625
v 22.178228 3.100990 -9.570691
v 22.154889 3.083709 -9.556039
v 22.137174 3.058882 -9.545015
v 22.126863 3.028995 -9.538653
v 22.124972 2.997001 -9.537420
v 22.131552 2.965888 -9.541568
v 22.145937 2.938736 -9.550800
v 22.166809 2.918209 -9.564173
v 22.192135 2.906361 -9.580334
v 22.219379 2.904378 -9.597769
v 22.245914 2.912440 -9.614692
v 22.269074 2.929736 -9.629469
v 22.286660 2.954598 -9.640663
v 22.296894 2.984536 -9.647195
v 22.298810 3.016607 -9.648439
v 22.292320 3.047658 -9.644190
v 22.278008 3.074749 -9.634905
v 22.257228 3.095225 -9.621449
vt 0.625832 0.106037
vt 0.377431 0.314992
vt 0.622752 0.314921
vt 0.614550 0.084023
vt 0.550395 0.130573
vt 0.605548 0.068568
vt 0.390151 0.314965
vt 0.587672 0.050755
vt 0.539994 0.116256
vt 0.574514 0.038498
vt 0.402903 0.314859
vt 0.551465 0.026745
vt 0.525678 0.105856
vt 0.535099 0.019259
vt 0.415575 0.314655
vt 0.508904 0.015038
vt 0.508849 0.100387
vt 0.491056 0.013493
vt 0.428044 0.314378
vt 0.464288 0.017632
vt 0.491153 0.100387
vt 0.447075 0.022229
vt 0.440333 0.314104
vt 0.422575 0.034621
vt 0.474324 0.105855
vt 0.407915 0.044636
vt 0.452584 0.313893
vt 0.388314 0.064166
vt 0.460008 0.116256
vt 0.377685 0.078353
vt 0.464895 0.313758
vt 0.365049 0.103094
vt 0.449606 0.130573
vt 0.359471 0.119908
vt 0.477295 0.313694
vt 0.355111 0.147393
vt 0.444137 0.147402
vt 0.355111 0.165107
vt 0.489789 0.313692
vt 0.359471 0.192592
vt 0.444137 0.165098
vt 0.365049 0.209406
vt 0.502373 0.313749
vt 0.377685 0.234147
vt 0.449606 0.181927
vt 0.388313 0.248334
vt 0.515033 0.313870
vt 0.407915 0.267864
vt 0.460008 0.196244
vt 0.422575 0.277879
vt 0.527729 0.314051
vt 0.447075 0.290271
vt 0.474324 0.206645
vt 0.464288 0.294868
vt 0.540356 0.314266
vt 0.491056 0.299007
vt 0.491153 0.212113
vt 0.508904 0.297462
vt 0.552807 0.314464
vt 0.535099 0.293241
vt 0.508849 0.212113
vt 0.551464 0.285755
vt 0.565110 0.314612
vt 0.574514 0.274002
vt 0.525678 0.206644
vt 0.587672 0.261745
vt 0.577404 0.314727
vt 0.605548 0.243932
vt 0.539994 0.196244
vt 0.614550 0.228477
vt 0.589772 0.314825
vt 0.625832 0.206463
vt 0.550396 0.181927
vt 0.630352 0.189271
vt 0.602234 0.314907
vt 0.555864 0.147402
vt 0.634205 0.165115
vt 0.555864 0.165098
vt 0.614788 0.314966
vt 0.377360 0.685150
vt 0.628170 0.894760
vt 0.633154 0.877689
vt 0.385204 0.685217
vt 0.389972 0.685201
vt 0.550395 0.869427
vt 0.606936 0.932506
vt 0.397622 0.685293
vt 0.402590 0.685300
vt 0.539994 0.883743
vt 0.575021 0.962289
vt 0.410015 0.685394
vt 0.415166 0.685448
vt 0.525678 0.894145
vt 0.535126 0.980954
vt 0.422428 0.685523
vt 0.427659 0.685627
vt 0.508848 0.899613
vt 0.491024 0.986256
vt 0.434912 0.685676
vt 0.440073 0.685807
vt 0.491153 0.899613
vt 0.447190 0.977336
vt 0.447473 0.685834
vt 0.452454 0.685956
vt 0.474324 0.894144
vt 0.408186 0.954956
vt 0.460073 0.685970
vt 0.464850 0.686059
vt 0.460007 0.883744
vt 0.378060 0.921359
vt 0.472663 0.686065
vt 0.477291 0.686111
vt 0.449605 0.869427
vt 0.359899 0.879946
vt 0.485212 0.686113
vt 0.489787 0.686113
vt 0.444137 0.852598
vt 0.355550 0.834897
vt 0.497708 0.686111
vt 0.502337 0.686065
vt 0.444137 0.834902
vt 0.365461 0.790741
vt 0.510149 0.686059
vt 0.514927 0.685970
vt 0.449605 0.818073
vt 0.388639 0.751935
vt 0.522546 0.685956
vt 0.527527 0.685834
vt 0.460007 0.803756
vt 0.422735 0.722424
vt 0.534927 0.685807
vt 0.540088 0.685676
vt 0.474324 0.793356
vt 0.464228 0.705225
vt 0.547341 0.685627
vt 0.552571 0.685523
vt 0.491153 0.787887
vt 0.508767 0.702031
vt 0.559834 0.685448
vt 0.564985 0.685394
vt 0.508848 0.787887
vt 0.551716 0.712923
vt 0.572410 0.685300
vt 0.577378 0.685293
vt 0.525678 0.793355
vt 0.588822 0.736402
vt 0.585028 0.685201
vt 0.589796 0.685217
vt 0.539994 0.803756
vt 0.616745 0.769783
vt 0.597640 0.685151
vt 0.602263 0.685166
vt 0.550395 0.818073
vt 0.633250 0.809722
vt 0.610214 0.685142
vt 0.555863 0.834902
vt 0.637150 0.852607
vt 0.555863 0.852598
vt 0.377479 0.356870
vt 0.385021 0.356869
vt 0.377376 0.359480
vt 0.614790 0.356958
vt 0.622709 0.359428
vt 0.390049 0.356836
vt 0.397390 0.356807
vt 0.389840 0.359458
vt 0.402764 0.356735
vt 0.409731 0.356732
vt 0.402297 0.359432
vt 0.415433 0.356655
vt 0.422114 0.356677
vt 0.414767 0.359414
vt 0.427939 0.356652
vt 0.434614 0.356677
vt 0.427267 0.359414
vt 0.440276 0.356729
vt 0.447231 0.356732
vt 0.439797 0.359432
vt 0.452558 0.356832
vt 0.459890 0.356807
vt 0.452340 0.359458
vt 0.464884 0.356914
vt 0.472521 0.356870
vt 0.464876 0.359481
vt 0.477292 0.356958
vt 0.485092 0.356903
vt 0.477396 0.359492
vt 0.489790 0.356958
vt 0.497592 0.356903
vt 0.489896 0.359492
vt 0.502379 0.356916
vt 0.510021 0.356870
vt 0.502376 0.359480
vt 0.515049 0.356836
vt 0.522390 0.356807
vt 0.514840 0.359458
vt 0.527764 0.356735
vt 0.534731 0.356732
vt 0.527297 0.359432
vt 0.540433 0.356655
vt 0.547114 0.356677
vt 0.539767 0.359414
vt 0.552939 0.356652
vt 0.559614 0.356677
vt 0.552267 0.359414
vt 0.565276 0.356729
vt 0.572231 0.356732
vt 0.564798 0.359432
vt 0.577558 0.356832
vt 0.584890 0.356807
vt 0.577340 0.359458
vt 0.589884 0.356914
vt 0.597521 0.356870
vt 0.589876 0.359480
vt 0.602292 0.356958
vt 0.610092 0.356903
vt 0.602396 0.359492
vt 0.614896 0.359492
vt 0.385153 0.623797
vt 0.377291 0.621171
vt 0.385209 0.621171
vt 0.614790 0.621170
vt 0.622708 0.623768
vt 0.614844 0.623796
vt 0.602290 0.621171
vt 0.610209 0.623768
vt 0.602344 0.623796
vt 0.589790 0.621171
vt 0.597656 0.623796
vt 0.589885 0.623818
vt 0.577290 0.621171
vt 0.585060 0.623847
vt 0.577456 0.623855
vt 0.564790 0.621171
vt 0.572450 0.623904
vt 0.565036 0.623897
vt 0.552290 0.621171
vt 0.559873 0.623946
vt 0.552589 0.623925
vt 0.539790 0.621171
vt 0.547370 0.623947
vt 0.540089 0.623926
vt 0.527291 0.621171
vt 0.534945 0.623907
vt 0.527536 0.623897
vt 0.514790 0.621171
vt 0.522555 0.623849
vt 0.514956 0.623856
vt 0.502291 0.621171
vt 0.510153 0.623797
vt 0.502385 0.623817
vt 0.489790 0.621171
vt 0.497708 0.623768
vt 0.489844 0.623796
vt 0.477290 0.621171
vt 0.485209 0.623768
vt 0.477344 0.623796
vt 0.464790 0.621171
vt 0.472656 0.623796
vt 0.464885 0.623818
vt 0.452290 0.621171
vt 0.460060 0.623846
vt 0.452457 0.623855
vt 0.439790 0.621170
vt 0.447450 0.623904
vt 0.440036 0.623897
vt 0.427290 0.621171
vt 0.434873 0.623945
vt 0.427589 0.623925
vt 0.414790 0.621171
vt 0.422370 0.623947
vt 0.415089 0.623925
vt 0.402290 0.621171
vt 0.409945 0.623907
vt 0.402536 0.623897
vt 0.389790 0.621170
vt 0.397555 0.623849
vt 0.389957 0.623855
vt 0.385202 0.314851
vt 0.397563 0.314757
vt 0.409855 0.314640
vt 0.422164 0.314483
vt 0.434626 0.314277
vt 0.447262 0.314056
vt 0.459964 0.313872
vt 0.472626 0.313750
vt 0.485212 0.313691
vt 0.497708 0.313692
vt 0.510113 0.313755
vt 0.522431 0.313884
vt 0.534698 0.314086
vt 0.547010 0.314345
vt 0.559494 0.314607
vt 0.572160 0.314808
vt 0.584892 0.314924
vt 0.597591 0.314969
vt 0.610214 0.314964
vt 0.622592 0.356903
vt 0.630352 0.123229
vt 0.634205 0.147385
vt 0.616638 0.917521
vt 0.588780 0.950830
vt 0.551766 0.974320
vt 0.508874 0.985291
vt 0.464337 0.982187
vt 0.422815 0.965048
vt 0.388688 0.935565
vt 0.365485 0.896767
vt 0.355558 0.852609
vt 0.359895 0.807547
vt 0.378053 0.766121
vt 0.408186 0.732501
vt 0.447212 0.710093
vt 0.491085 0.701151
vt 0.535236 0.706450
vt 0.575163 0.725145
vt 0.607068 0.754973
vt 0.628247 0.792750
vt 0.637130 0.834884
vt 0.622736 0.685166
vt 0.614785 0.685142
vt 0.377385 0.623818
vt 0.622709 0.621171
vt 0.610104 0.359492
vt 0.610209 0.621170
vt 0.597624 0.359480
vt 0.597709 0.621171
vt 0.585160 0.359458
vt 0.585209 0.621170
vt 0.572702 0.359432
vt 0.572709 0.621171
vt 0.560233 0.359414
vt 0.560209 0.621171
vt 0.547733 0.359414
vt 0.547709 0.621171
vt 0.535203 0.359432
vt 0.535209 0.621170
vt 0.522660 0.359458
vt 0.522710 0.621171
vt 0.510124 0.359481
vt 0.510209 0.621171
vt 0.497604 0.359492
vt 0.497709 0.621171
vt 0.485104 0.359492
vt 0.485209 0.621171
vt 0.472624 0.359480
vt 0.472709 0.621171
vt 0.460160 0.359458
vt 0.460209 0.621171
vt 0.447702 0.359432
vt 0.447709 0.621171
vt 0.435233 0.359414
vt 0.435209 0.621171
vt 0.422733 0.359414
vt 0.422709 0.621171
vt 0.410202 0.359432
vt 0.410209 0.621171
vt 0.397660 0.359458
vt 0.397709 0.621171
vt 0.385124 0.359480
vt 0.629749 0.113488
vt 0.377392 0.312500
vt 0.644356 0.099631
vt 0.625000 0.313053
vt 0.375000 0.313053
vt 0.650082 0.117303
vt 0.622583 0.312500
vt 0.611016 0.074446
vt 0.389920 0.312500
vt 0.619717 0.057716
vt 0.387800 0.314293
vt 0.630909 0.073240
vt 0.384966 0.312500
vt 0.581250 0.042625
vt 0.402462 0.312500
vt 0.583262 0.025469
vt 0.400494 0.314234
vt 0.599243 0.037242
vt 0.397324 0.312500
vt 0.542849 0.021284
vt 0.414998 0.312500
vt 0.538634 0.006119
vt 0.413173 0.314143
vt 0.557954 0.012574
vt 0.409725 0.312500
vt 0.499300 0.012989
vt 0.427529 0.312500
vt 0.490231 0.001547
vt 0.424938 0.314512
vt 0.510636 0.001685
vt 0.422246 0.312500
vt 0.454960 0.019024
vt 0.440039 0.312500
vt 0.442869 0.012155
vt 0.436859 0.314640
vt 0.461829 0.006046
vt 0.434882 0.312500
vt 0.414511 0.038981
vt 0.452497 0.312500
vt 0.401253 0.036747
vt 0.449566 0.314233
vt 0.416760 0.025458
vt 0.447531 0.312500
vt 0.382224 0.070820
vt 0.464918 0.312500
vt 0.369298 0.072834
vt 0.462211 0.313996
vt 0.380146 0.057853
vt 0.460129 0.312500
vt 0.361435 0.111277
vt 0.477348 0.312500
vt 0.349961 0.117037
vt 0.474855 0.313868
vt 0.355512 0.099890
vt 0.472682 0.312500
vt 0.354271 0.156250
vt 0.489810 0.312500
vt 0.345163 0.165172
vt 0.487503 0.313824
vt 0.345163 0.147328
vt 0.485190 0.312500
vt 0.361435 0.201223
vt 0.502317 0.312500
vt 0.355511 0.212607
vt 0.500148 0.313867
vt 0.349962 0.195470
vt 0.497653 0.312500
vt 0.382223 0.241679
vt 0.514867 0.312500
vt 0.380138 0.254639
vt 0.512793 0.313994
vt 0.369303 0.239676
vt 0.510085 0.312500
vt 0.414510 0.273517
vt 0.527462 0.312500
vt 0.416737 0.287030
vt 0.525443 0.314226
vt 0.401269 0.275769
vt 0.522508 0.312500
vt 0.454957 0.293472
vt 0.540105 0.312500
vt 0.461779 0.306446
vt 0.538140 0.314617
vt 0.442910 0.300366
vt 0.534973 0.312500
vt 0.499290 0.299504
vt 0.552734 0.312500
vt 0.510560 0.310828
vt 0.550066 0.314486
vt 0.490315 0.310966
vt 0.547493 0.312500
vt 0.542831 0.291207
vt 0.565252 0.312500
vt 0.557874 0.299966
vt 0.561848 0.314125
vt 0.538752 0.306362
vt 0.560032 0.312500
vt 0.581224 0.269864
vt 0.577656 0.312500
vt 0.599186 0.275314
vt 0.574523 0.314222
vt 0.583367 0.286977
vt 0.572568 0.312500
vt 0.610988 0.238046
vt 0.590020 0.312500
vt 0.630884 0.239309
vt 0.587210 0.314290
vt 0.619779 0.254721
vt 0.585102 0.312500
vt 0.629730 0.199010
vt 0.602408 0.312500
vt 0.650076 0.195230
vt 0.599896 0.314421
vt 0.644373 0.212835
vt 0.597618 0.312500
vt 0.636069 0.156251
vt 0.614875 0.312500
vt 0.654797 0.147074
vt 0.612502 0.314504
vt 0.654795 0.165433
vt 0.610122 0.312500
vt 0.375000 0.686916
vt 0.625000 0.686916
vt 0.644426 0.900230
vt 0.377352 0.687500
vt 0.632073 0.886986
vt 0.622602 0.687500
vt 0.650069 0.882773
vt 0.387729 0.685711
vt 0.619856 0.942145
vt 0.389870 0.687500
vt 0.612762 0.926290
vt 0.385044 0.687500
vt 0.630770 0.927032
vt 0.400321 0.685733
vt 0.583504 0.974407
vt 0.402393 0.687500
vt 0.582326 0.958043
vt 0.397474 0.687500
vt 0.598828 0.963173
vt 0.412918 0.685854
vt 0.538943 0.993832
vt 0.414918 0.687500
vt 0.543390 0.979051
vt 0.409929 0.687500
vt 0.557243 0.987788
vt 0.424936 0.685499
vt 0.490579 0.998508
vt 0.427439 0.687500
vt 0.499564 0.986970
vt 0.422439 0.687500
vt 0.509891 0.998433
vt 0.437025 0.685257
vt 0.443217 0.988022
vt 0.439939 0.687500
vt 0.455181 0.980705
vt 0.434997 0.687500
vt 0.461383 0.993884
vt 0.449663 0.685563
vt 0.401484 0.963485
vt 0.452413 0.687500
vt 0.414792 0.960706
vt 0.447570 0.687500
vt 0.416625 0.974473
vt 0.462281 0.685769
vt 0.369375 0.927317
vt 0.464874 0.687500
vt 0.382571 0.928934
vt 0.460137 0.687500
vt 0.380126 0.942126
vt 0.474890 0.685884
vt 0.349971 0.883027
vt 0.477332 0.687500
vt 0.361828 0.888594
vt 0.472672 0.687500
vt 0.355531 0.900147
vt 0.487500 0.685923
vt 0.345166 0.834810
vt 0.489814 0.687500
vt 0.354675 0.843740
vt 0.485182 0.687500
vt 0.345168 0.852702
vt 0.500110 0.685884
vt 0.355524 0.787367
vt 0.502324 0.687500
vt 0.361819 0.798897
vt 0.497667 0.687500
vt 0.349970 0.804476
vt 0.512720 0.685769
vt 0.380107 0.745393
vt 0.514856 0.687500
vt 0.382556 0.758544
vt 0.510125 0.687500
vt 0.369374 0.760185
vt 0.525337 0.685564
vt 0.416587 0.713047
vt 0.527419 0.687500
vt 0.414778 0.726749
vt 0.522588 0.687500
vt 0.401489 0.724011
vt 0.537974 0.685258
vt 0.461311 0.693628
vt 0.539984 0.687500
vt 0.455183 0.706715
vt 0.535062 0.687500
vt 0.443223 0.699475
vt 0.550064 0.685500
vt 0.509800 0.689052
vt 0.552537 0.687500
vt 0.499612 0.700414
vt 0.547566 0.687500
vt 0.490599 0.688989
vt 0.562080 0.685855
vt 0.557144 0.699662
vt 0.565043 0.687500
vt 0.543506 0.708325
vt 0.560088 0.687500
vt 0.538968 0.693672
vt 0.574676 0.685738
vt 0.598751 0.724251
vt 0.577498 0.687500
vt 0.582494 0.729376
vt 0.572612 0.687500
vt 0.583519 0.713101
vt 0.587265 0.685729
vt 0.630733 0.760394
vt 0.589935 0.687500
vt 0.612928 0.761203
vt 0.585135 0.687500
vt 0.619869 0.745368
vt 0.599877 0.685723
vt 0.650056 0.804640
vt 0.602375 0.687500
vt 0.632172 0.800570
vt 0.597642 0.687500
vt 0.644416 0.787249
vt 0.612498 0.685692
vt 0.654814 0.852815
vt 0.614847 0.687500
vt 0.638687 0.843845
vt 0.610132 0.687500
vt 0.654801 0.834605
vt 0.377458 0.358655
vt 0.625000 0.360291
vt 0.375000 0.360291
vt 0.622661 0.358671
vt 0.375000 0.357132
vt 0.625000 0.357132
vt 0.385107 0.358682
vt 0.387677 0.356729
vt 0.390013 0.358558
vt 0.387528 0.359583
vt 0.397664 0.358619
vt 0.400349 0.356589
vt 0.402722 0.358354
vt 0.400044 0.359532
vt 0.410293 0.358428
vt 0.413116 0.356340
vt 0.415498 0.358008
vt 0.412573 0.359462
vt 0.422957 0.358131
vt 0.425056 0.356678
vt 0.428022 0.357984
vt 0.425105 0.359423
vt 0.435305 0.358293
vt 0.436982 0.357149
vt 0.440236 0.358345
vt 0.437604 0.359473
vt 0.447661 0.358557
vt 0.449718 0.357088
vt 0.452516 0.358564
vt 0.450082 0.359532
vt 0.460121 0.358665
vt 0.462374 0.357089
vt 0.464911 0.358689
vt 0.462552 0.359583
vt 0.472602 0.358700
vt 0.474977 0.357082
vt 0.477353 0.358728
vt 0.475025 0.359615
vt 0.485105 0.358713
vt 0.487541 0.357085
vt 0.489834 0.358714
vt 0.487498 0.359630
vt 0.497588 0.358711
vt 0.500088 0.357067
vt 0.502348 0.358690
vt 0.499973 0.359619
vt 0.510041 0.358665
vt 0.512646 0.357037
vt 0.514854 0.358627
vt 0.512446 0.359587
vt 0.522456 0.358543
vt 0.525279 0.357066
vt 0.527341 0.358562
vt 0.524918 0.359535
vt 0.534755 0.358362
vt 0.538042 0.357150
vt 0.539721 0.358301
vt 0.537387 0.359489
vt 0.546983 0.357997
vt 0.549952 0.356667
vt 0.552051 0.358118
vt 0.549872 0.359431
vt 0.559517 0.358032
vt 0.561930 0.356353
vt 0.564704 0.358425
vt 0.562406 0.359462
vt 0.572281 0.358355
vt 0.574609 0.356602
vt 0.577315 0.358620
vt 0.574959 0.359533
vt 0.584960 0.358537
vt 0.587182 0.356709
vt 0.589847 0.358674
vt 0.587482 0.359592
vt 0.597543 0.358654
vt 0.599764 0.356790
vt 0.602333 0.358701
vt 0.599998 0.359621
vt 0.610090 0.358699
vt 0.612371 0.356819
vt 0.614853 0.358716
vt 0.612512 0.359630
vt 0.549330 0.156250
vt 0.546913 0.171523
vt 0.539894 0.185302
vt 0.528964 0.196234
vt 0.515191 0.203254
vt 0.499922 0.205674
vt 0.484651 0.203257
vt 0.470872 0.196239
vt 0.459936 0.185305
vt 0.452914 0.171525
vt 0.450494 0.156250
vt 0.452914 0.140975
vt 0.459936 0.127195
vt 0.470872 0.116261
vt 0.484650 0.109244
vt 0.499920 0.106829
vt 0.515186 0.109250
vt 0.528957 0.116269
vt 0.539887 0.127201
vt 0.546908 0.140977
vt 0.549345 0.843752
vt 0.546925 0.859023
vt 0.539906 0.872798
vt 0.528974 0.883731
vt 0.515200 0.890751
vt 0.499931 0.893172
vt 0.484659 0.890756
vt 0.470879 0.883738
vt 0.459943 0.872804
vt 0.452921 0.859024
vt 0.450501 0.843750
vt 0.452919 0.828474
vt 0.459941 0.814694
vt 0.470877 0.803759
vt 0.484657 0.796740
vt 0.499930 0.794322
vt 0.515203 0.796743
vt 0.528979 0.803765
vt 0.539910 0.814700
vt 0.546929 0.828479
vt 0.375000 0.620646
vt 0.625000 0.620646
vt 0.377372 0.622054
vt 0.625000 0.623512
vt 0.375000 0.623512
vt 0.622721 0.622006
vt 0.612495 0.621078
vt 0.614826 0.622012
vt 0.612550 0.623928
vt 0.610200 0.622003
vt 0.599983 0.621083
vt 0.602305 0.622005
vt 0.599970 0.623944
vt 0.597648 0.622042
vt 0.587471 0.621094
vt 0.589798 0.622019
vt 0.587350 0.624008
vt 0.585060 0.622149
vt 0.574956 0.621117
vt 0.577252 0.622094
vt 0.574714 0.624120
vt 0.572408 0.622317
vt 0.562439 0.621148
vt 0.564670 0.622261
vt 0.562066 0.624304
vt 0.559737 0.622590
vt 0.549924 0.621165
vt 0.552086 0.622470
vt 0.549953 0.623930
vt 0.547225 0.622607
vt 0.537428 0.621149
vt 0.539651 0.622377
vt 0.537850 0.623476
vt 0.534897 0.622328
vt 0.524943 0.621119
vt 0.527245 0.622159
vt 0.525228 0.623535
vt 0.522556 0.622149
vt 0.512463 0.621093
vt 0.514780 0.622077
vt 0.512620 0.623580
vt 0.510145 0.622036
vt 0.499982 0.621080
vt 0.502303 0.622003
vt 0.500045 0.623581
vt 0.497698 0.621995
vt 0.487501 0.621073
vt 0.489808 0.621994
vt 0.487489 0.623583
vt 0.485219 0.621994
vt 0.475020 0.621078
vt 0.477329 0.622003
vt 0.474930 0.623594
vt 0.472717 0.622010
vt 0.462537 0.621092
vt 0.464874 0.622048
vt 0.462375 0.623594
vt 0.460226 0.622077
vt 0.450057 0.621117
vt 0.452450 0.622154
vt 0.449771 0.623543
vt 0.447749 0.622156
vt 0.437573 0.621147
vt 0.440092 0.622322
vt 0.437121 0.623467
vt 0.435333 0.622372
vt 0.425089 0.621162
vt 0.427763 0.622591
vt 0.425033 0.623936
vt 0.422903 0.622473
vt 0.412564 0.621151
vt 0.415239 0.622572
vt 0.412899 0.624300
vt 0.410325 0.622262
vt 0.400043 0.621118
vt 0.402582 0.622309
vt 0.400280 0.624111
vt 0.397753 0.622095
vt 0.387526 0.621091
vt 0.389946 0.622156
vt 0.387694 0.624016
vt 0.385220 0.622025
vt 0.375000 0.312500
vt 0.625000 0.312500
vt 0.648603 0.107966
vt 0.387500 0.312500
vt 0.626409 0.064408
vt 0.400000 0.312500
vt 0.591842 0.029841
vt 0.412500 0.312500
vt 0.548284 0.007647
vt 0.425000 0.312500
vt 0.500000 -0.000000
vt 0.437500 0.312500
vt 0.451716 0.007647
vt 0.450000 0.312500
vt 0.408159 0.029841
vt 0.462500 0.312500
vt 0.373591 0.064409
vt 0.475000 0.312500
vt 0.351397 0.107966
vt 0.487500 0.312500
vt 0.343750 0.156250
vt 0.500000 0.312500
vt 0.351397 0.204534
vt 0.512500 0.312500
vt 0.373591 0.248091
vt 0.525000 0.312500
vt 0.408159 0.282659
vt 0.537500 0.312500
vt 0.451716 0.304853
vt 0.550000 0.312500
vt 0.500000 0.312500
vt 0.562500 0.312500
vt 0.548284 0.304853
vt 0.575000 0.312500
vt 0.591841 0.282659
vt 0.587500 0.312500
vt 0.626409 0.248091
vt 0.600000 0.312500
vt 0.648603 0.204534
vt 0.612500 0.312500
vt 0.656250 0.156250
vt 0.648603 0.892034
vt 0.625000 0.687500
vt 0.375000 0.687500
vt 0.626409 0.935591
vt 0.387500 0.687500
vt 0.591841 0.970159
vt 0.400000 0.687500
vt 0.548284 0.992353
vt 0.412500 0.687500
vt 0.500000 1.000000
vt 0.425000 0.687500
vt 0.451716 0.992353
vt 0.437500 0.687500
vt 0.408159 0.970159
vt 0.450000 0.687500
vt 0.373591 0.935591
vt 0.462500 0.687500
vt 0.351397 0.892034
vt 0.475000 0.687500
vt 0.343750 0.843750
vt 0.487500 0.687500
vt 0.351397 0.795466
vt 0.500000 0.687500
vt 0.373591 0.751909
vt 0.512500 0.687500
vt 0.408159 0.717341
vt 0.525000 0.687500
vt 0.451716 0.695147
vt 0.537500 0.687500
vt 0.500000 0.687500
vt 0.550000 0.687500
vt 0.548284 0.695147
vt 0.562500 0.687500
vt 0.591842 0.717341
vt 0.575000 0.687500
vt 0.626409 0.751908
vt 0.587500 0.687500
vt 0.648603 0.795466
vt 0.600000 0.687500
vt 0.656250 0.843750
vt 0.612500 0.687500
vt 0.625000 0.358040
vt 0.375000 0.358040
vt 0.387500 0.358040
vt 0.400000 0.358040
vt 0.412500 0.358040
vt 0.425000 0.358040
vt 0.437500 0.358040
vt 0.450000 0.358040
vt 0.462500 0.358040
vt 0.475000 0.358040
vt 0.487500 0.358040
vt 0.500000 0.358040
vt 0.512500 0.358040
vt 0.525000 0.358040
vt 0.537500 0.358040
vt 0.550000 0.358040
vt 0.562500 0.358040
vt 0.575000 0.358040
vt 0.587500 0.358040
vt 0.600000 0.358040
vt 0.612500 0.358040
vt 0.500000 0.156250
vt 0.500000 0.843750
vt 0.375000 0.622559
vt 0.625000 0.622559
vt 0.612500 0.622559
vt 0.600000 0.622559
vt 0.587500 0.622559
vt 0.575000 0.622559
vt 0.562500 0.622559
vt 0.550000 0.622559
vt 0.537500 0.622559
vt 0.525000 0.622559
vt 0.512500 0.622559
vt 0.500000 0.622559
vt 0.487500 0.622559
vt 0.475000 0.622559
vt 0.462500 0.622559
vt 0.450000 0.622559
vt 0.437500 0.622559
vt 0.425000 0.622559
vt 0.412500 0.622559
vt 0.400000 0.622559
vt 0.387500 0.622559
vn 0.538425 -0.003560 0.842666
vn 0.538367 -0.003551 0.842703
vn 0.538355 -0.003557 0.842711
vn 0.538405 -0.003556 0.842679
vn 0.538415 -0.003582 0.842672
vn 0.538369 -0.003577 0.842702
vn 0.253861 0.936147 -0.243276
vn 0.227856 0.946374 -0.229036
vn 0.259211 0.934090 -0.245531
vn 0.323182 0.908695 -0.264249
vn 0.600402 0.537620 0.592016
vn 0.598900 0.539056 0.592231
vn 0.569707 0.106062 0.814976
vn 0.618194 0.519856 0.589564
vn -0.246547 0.828350 -0.503042
vn -0.150685 0.820871 -0.550877
vn -0.124990 0.819486 -0.559304
vn -0.239579 0.830591 -0.502714
vn -0.038997 0.800798 -0.597664
vn -0.025055 0.799229 -0.600505
vn 0.470953 0.576456 0.667759
vn 0.475469 0.575394 0.665470
vn 0.453987 0.580694 0.675788
vn 0.456148 0.580139 0.674809
vn 0.003105 0.994378 -0.105839
vn 0.041974 0.991190 -0.125619
vn -0.015038 0.995370 -0.094935
vn -0.016829 0.995449 -0.093799
vn 0.587206 0.079754 0.805498
vn 0.565255 0.062608 0.822537
vn 0.538461 -0.003617 0.842643
vn 0.538477 -0.003637 0.842632
vn 0.234098 0.718868 -0.654544
vn 0.485580 0.808600 -0.332232
vn 0.518159 0.783734 -0.342450
vn 0.260147 0.692648 -0.672728
vn 0.728529 0.433854 0.530110
vn 0.591425 0.080341 0.802347
vn 0.738371 0.413185 0.532997
vn -0.007712 0.793024 -0.609142
vn 0.102936 0.768231 -0.631843
vn 0.143536 0.744654 -0.651834
vn 0.010985 0.791237 -0.611411
vn 0.240934 0.699330 -0.672970
vn 0.597212 0.048630 0.800608
vn 0.576934 0.046101 0.815489
vn 0.538466 -0.003616 0.842639
vn 0.538407 -0.003506 0.842678
vn 0.499725 0.547220 -0.671435
vn 0.722382 0.584757 -0.369085
vn 0.755307 0.544389 -0.364900
vn 0.529132 0.507223 -0.680253
vn 0.817679 0.287303 0.498857
vn 0.602889 0.048623 0.796342
vn 0.820224 0.270799 0.503886
vn 0.361807 0.638421 -0.679349
vn 0.429785 0.584076 -0.688579
vn 0.288115 0.676431 -0.677813
vn 0.515310 0.515230 -0.684831
vn 0.597137 0.019030 0.801914
vn 0.582029 0.026486 0.812737
vn 0.538381 -0.003458 0.842694
vn 0.538428 -0.003611 0.842664
vn 0.734070 0.295712 -0.611306
vn 0.901111 0.297082 -0.315820
vn 0.925251 0.241837 -0.292275
vn 0.760854 0.239418 -0.603141
vn 0.853502 0.124307 0.506045
vn 0.603465 0.016979 0.797209
vn 0.852598 0.112179 0.510385
vn 0.612209 0.431826 -0.662364
vn 0.693981 0.329251 -0.640300
vn 0.568432 0.469304 -0.675750
vn 0.753430 0.245365 -0.610032
vn 0.590143 -0.004714 0.807285
vn 0.580487 0.006526 0.814243
vn 0.538434 -0.003643 0.842660
vn 0.538455 -0.003575 0.842647
vn 0.885305 -0.010253 -0.464897
vn 0.984359 -0.007242 -0.176026
vn 0.988340 -0.064947 -0.137719
vn 0.896539 -0.075018 -0.436566
vn 0.835305 -0.021227 0.549376
vn 0.595129 -0.008639 0.803584
vn 0.832695 -0.034330 0.552667
vn 0.814682 0.150260 -0.560103
vn 0.867620 0.016704 -0.496947
vn 0.794794 0.178348 -0.580081
vn 0.892526 -0.068633 -0.445743
vn 0.580299 -0.021350 0.814123
vn 0.574120 -0.009483 0.818716
vn 0.538419 -0.003653 0.842669
vn 0.538399 -0.003685 0.842682
vn 0.915425 -0.313979 -0.251823
vn 0.961870 -0.273174 0.013467
vn 0.946810 -0.317571 0.051964
vn 0.905144 -0.365344 -0.217342
vn 0.782938 -0.126455 0.609112
vn 0.582350 -0.025872 0.812527
vn 0.775516 -0.139175 0.615797
vn 0.913434 -0.168579 -0.370432
vn 0.913766 -0.275665 -0.298396
vn 0.904535 -0.131518 -0.405611
vn 0.905244 -0.356349 -0.231408
vn 0.569174 -0.032260 0.821584
vn 0.564867 -0.019867 0.824943
vn 0.538435 -0.003622 0.842659
vn 0.538440 -0.003533 0.842657
vn 0.833116 -0.552523 -0.025226
vn 0.817864 -0.341402 0.463189
vn 0.812967 -0.389406 0.432953
vn 0.811305 -0.584606 0.004466
vn 0.569186 -0.035708 0.821433
vn 0.883896 -0.446032 -0.140654
vn 0.856314 -0.508938 -0.087795
vn 0.895487 -0.399301 -0.196626
vn 0.817209 -0.576188 -0.013313
vn 0.558017 -0.039232 0.828902
vn 0.555592 -0.025509 0.831063
vn 0.538428 -0.003603 0.842664
vn 0.538386 -0.003611 0.842691
vn 0.680313 -0.710624 0.179412
vn 0.703817 -0.432850 0.563278
vn 0.689804 -0.464663 0.555210
vn 0.655687 -0.727481 0.202104
vn 0.557098 -0.041149 0.829427
vn 0.760379 -0.644432 0.080814
vn 0.729904 -0.674739 0.109398
vn 0.798132 -0.602335 0.013349
vn 0.667348 -0.722151 0.182054
vn 0.547285 -0.043112 0.835836
vn 0.547522 -0.027985 0.836323
vn 0.538499 -0.003585 0.842618
vn 0.538571 -0.003562 0.842572
vn 0.488824 -0.798205 0.352022
vn 0.578865 -0.488043 0.653245
vn 0.561727 -0.500016 0.659126
vn 0.463629 -0.805057 0.370043
vn 0.546049 -0.043812 0.836607
vn 0.582697 -0.765412 0.273146
vn 0.562185 -0.777629 0.281498
vn 0.645190 -0.736717 0.202429
vn 0.481422 -0.804315 0.348297
vn 0.536238 -0.044822 0.842876
vn 0.540232 -0.029082 0.841013
vn 0.538420 -0.003585 0.842669
vn 0.538268 -0.003593 0.842766
vn 0.271118 -0.826129 0.493970
vn 0.442870 -0.512509 0.735664
vn 0.428706 -0.503896 0.749866
vn 0.243610 -0.825108 0.509755
vn 0.534929 -0.044393 0.843730
vn 0.371440 -0.820821 0.433919
vn 0.367277 -0.826008 0.427572
vn 0.457979 -0.810545 0.365064
vn 0.269698 -0.831184 0.486206
vn 0.524862 -0.044432 0.850027
vn 0.532866 -0.029475 0.845686
vn 0.538343 -0.003601 0.842718
vn 0.538458 -0.003603 0.842644
vn 0.028934 -0.795658 0.605055
vn 0.291921 -0.506449 0.811351
vn 0.288209 -0.476352 0.830677
vn -0.004257 -0.785064 0.619400
vn 0.523698 -0.042734 0.850831
vn 0.131884 -0.815369 0.563720
vn 0.148944 -0.823253 0.547787
vn 0.244295 -0.830306 0.500910
vn 0.034811 -0.803118 0.594803
vn 0.511880 -0.041585 0.858050
vn 0.524446 -0.028674 0.850961
vn 0.538414 -0.003605 0.842673
vn 0.538391 -0.003538 0.842688
vn -0.236727 -0.696942 0.676928
vn 0.119873 -0.461870 0.878810
vn 0.137199 -0.412162 0.900721
vn -0.277918 -0.671137 0.687267
vn 0.511461 -0.038191 0.858458
vn -0.135079 -0.742005 0.656645
vn -0.092421 -0.764337 0.638160
vn 0.005355 -0.794186 0.607651
vn -0.220426 -0.711757 0.666944
vn 0.497092 -0.034585 0.867008
vn 0.514337 -0.025009 0.857223
vn 0.538412 -0.003624 0.842674
vn 0.538456 -0.003679 0.842646
vn -0.510936 -0.514141 0.688915
vn -0.289793 -0.447154 0.846211
vn -0.338257 -0.408234 0.847896
vn -0.554701 -0.467430 0.688343
vn 0.260527 -0.192028 0.946177
vn 0.498605 -0.029705 0.866320
vn 0.249687 -0.180845 0.951289
vn -0.419478 -0.584440 0.694599
vn -0.350849 -0.637419 0.686004
vn -0.256592 -0.691198 0.675578
vn -0.482752 -0.544677 0.685767
vn 0.481349 -0.020362 0.876293
vn 0.503494 -0.016665 0.863838
vn 0.538431 -0.003652 0.842662
vn 0.538385 -0.003582 0.842691
vn -0.749673 -0.245152 0.614728
vn -0.515353 -0.221411 0.827882
vn -0.557683 -0.165777 0.813331
vn -0.780298 -0.181534 0.598482
vn 0.165321 -0.103178 0.980828
vn 0.486018 -0.015478 0.873812
vn 0.159952 -0.090728 0.982946
vn -0.683697 -0.333268 0.649223
vn -0.602313 -0.433212 0.670482
vn -0.525099 -0.506531 0.683884
vn -0.717229 -0.298562 0.629638
vn 0.468578 0.002798 0.883418
vn 0.494737 -0.002367 0.869039
vn 0.538415 -0.003645 0.842672
vn 0.538417 -0.003612 0.842671
vn -0.889890 0.068873 0.450945
vn -0.673423 0.074488 0.735495
vn -0.693093 0.132492 0.708567
vn -0.894377 0.127795 0.428671
vn 0.098747 0.032992 0.994566
vn 0.474868 0.006141 0.880036
vn 0.093479 0.044252 0.994637
vn -0.861028 -0.020564 0.508142
vn -0.806301 -0.154725 0.570911
vn -0.757146 -0.239211 0.607872
vn -0.874720 0.007826 0.484567
vn 0.463272 0.033457 0.885584
vn 0.489942 0.016520 0.871599
vn 0.538439 -0.003452 0.842658
vn 0.538422 -0.003505 0.842668
vn -0.903723 0.356939 0.236387
vn -0.714557 0.387803 0.582252
vn -0.710319 0.433700 0.554394
vn -0.889833 0.400367 0.218866
vn 0.082967 0.190486 0.978178
vn 0.469103 0.034751 0.882459
vn 0.077459 0.206183 0.975443
vn -0.910301 0.274164 0.310139
vn -0.909039 0.164065 0.383054
vn -0.893856 0.075071 0.442024
vn -0.909920 0.315736 0.268991
vn 0.468246 0.066449 0.881096
vn 0.491428 0.036320 0.870161
vn 0.538382 -0.003624 0.842693
vn 0.538374 -0.003647 0.842698
vn -0.816378 0.577243 0.017803
vn -0.635912 0.658242 0.402906
vn -0.616569 0.689324 0.380362
vn -0.794024 0.607856 0.006087
vn 0.119834 0.342531 0.931833
vn 0.472566 0.067023 0.878743
vn 0.117790 0.363914 0.923954
vn -0.855256 0.508265 0.101015
vn -0.882496 0.445055 0.152077
vn -0.903444 0.366028 0.223186
vn -0.829954 0.556426 0.039568
vn 0.483949 0.096139 0.869799
vn 0.499553 0.054797 0.864549
vn 0.538388 -0.003624 0.842690
vn 0.538437 -0.003553 0.842658
vn -0.507143 0.817477 0.273016
vn -0.469359 0.853623 0.225898
vn -0.443959 0.872046 0.205999
vn -0.465636 0.856587 0.222355
vn 0.199968 0.470202 0.859606
vn 0.206503 0.492575 0.845415
vn 0.206001 0.491026 0.846438
vn -0.731423 0.672684 -0.111873
vn -0.759540 0.646512 -0.071556
vn -0.810041 0.586372 0.001469
vn -0.668001 0.720930 -0.184486
vn -0.678001 0.715583 -0.168093
vn 0.538423 -0.003581 0.842667
vn 0.538476 -0.003540 0.842633
vn 0.538484 -0.003544 0.842628
vn 0.538470 -0.003567 0.842637
vn 0.538419 -0.003561 0.842669
vn -0.284353 0.954807 0.086524
vn -0.251612 0.966010 0.059296
vn -0.233347 0.971289 0.046341
vn -0.235017 0.970831 0.047471
vn 0.314746 0.555672 0.769521
vn 0.318373 0.557888 0.766420
vn 0.329716 0.565109 0.756266
vn 0.331330 0.566166 0.754769
vn -0.646619 0.734269 -0.206720
vn -0.564090 0.775131 -0.284559
vn -0.581008 0.769312 -0.265683
vn -0.654221 0.730485 -0.195927
vn -0.483010 0.802282 -0.350777
vn -0.486354 0.803298 -0.343762
vn 0.538477 -0.003621 0.842632
vn 0.538424 -0.003626 0.842666
vn 0.538419 -0.003563 0.842670
vn 0.538367 -0.003633 0.842702
vn -0.460292 0.807972 -0.367849
vn -0.369560 0.823427 -0.430573
vn -0.367946 0.825522 -0.427936
vn -0.461599 0.809267 -0.363336
vn -0.272794 0.828724 -0.488672
vn -0.268160 0.830675 -0.487923
vn 0.475149 0.865682 0.157570
vn 0.379061 0.891957 0.246426
vn 0.402406 0.884295 0.236839
vn 0.489582 0.857069 0.160444
vn 0.287861 0.902101 0.321481
vn 0.294348 0.900142 0.321097
vn -0.505942 0.101725 -0.856548
vn -0.300183 0.511465 -0.805167
vn -0.287243 0.498135 -0.818140
vn -0.502494 0.102900 -0.858436
vn 0.254319 0.946148 -0.200314
vn 0.503341 0.852134 0.143231
vn 0.285469 0.931942 -0.223586
vn -0.528446 0.113721 -0.841315
vn -0.525869 0.070643 -0.847627
vn -0.538412 0.003594 -0.842674
vn -0.538400 0.003614 -0.842681
vn -0.538425 0.003592 -0.842665
vn 0.048898 0.997942 -0.041485
vn 0.030267 0.999119 -0.029085
vn 0.260343 0.904843 0.336870
vn -0.413316 0.549972 -0.725742
vn -0.531164 0.113581 -0.839621
vn -0.431453 0.554011 -0.711984
vn 0.659894 0.750200 -0.041709
vn 0.577083 0.814239 0.063162
vn 0.614235 0.788450 0.032585
vn 0.678851 0.732935 -0.044357
vn 0.515920 0.846101 0.133940
vn -0.487303 0.079641 -0.869594
vn -0.194552 0.414767 -0.888886
vn -0.187901 0.396818 -0.898459
vn -0.482660 0.080860 -0.872067
vn 0.453510 0.803119 -0.386431
vn 0.686118 0.725133 -0.058519
vn 0.481302 0.772730 -0.413807
vn -0.511137 0.061464 -0.857298
vn -0.538418 0.003586 -0.842670
vn -0.538397 0.003534 -0.842684
vn 0.792473 0.556959 -0.248562
vn 0.736143 0.663064 -0.135792
vn 0.775054 0.603109 -0.188551
vn 0.810836 0.525085 -0.258517
vn 0.702330 0.707580 -0.077868
vn -0.477466 0.052398 -0.877086
vn -0.129697 0.279107 -0.951461
vn -0.128244 0.261183 -0.956732
vn -0.471879 0.052597 -0.880093
vn 0.589806 0.575362 -0.566646
vn 0.812507 0.517258 -0.268842
vn 0.604685 0.530738 -0.593863
vn -0.500719 0.046675 -0.864351
vn -0.538398 0.003575 -0.842683
vn -0.538417 0.003595 -0.842671
vn 0.847823 0.296637 -0.439548
vn 0.833859 0.438804 -0.334858
vn 0.852905 0.335728 -0.399800
vn 0.856264 0.245212 -0.454624
vn 0.825125 0.480830 -0.296599
vn -0.476120 0.025258 -0.879018
vn -0.112924 0.128168 -0.985303
vn -0.115083 0.111966 -0.987026
vn -0.470580 0.023672 -0.882040
vn 0.634128 0.288647 -0.717332
vn 0.854340 0.239463 -0.461260
vn 0.631233 0.235783 -0.738885
vn -0.495919 0.029152 -0.867879
vn -0.538437 0.003700 -0.842658
vn -0.538460 0.003771 -0.842643
vn 0.807810 -0.011276 -0.589335
vn 0.845919 0.150356 -0.511677
vn 0.825167 0.021838 -0.564467
vn 0.798356 -0.068275 -0.598303
vn 0.852627 0.183602 -0.489201
vn -0.481291 0.001613 -0.876559
vn -0.142353 -0.013381 -0.989725
vn -0.147314 -0.028560 -0.988677
vn -0.477122 -0.001602 -0.878836
vn 0.577469 -0.015387 -0.816268
vn 0.793928 -0.074257 -0.603460
vn 0.558463 -0.065869 -0.826910
vn -0.496648 0.011467 -0.867876
vn -0.538435 0.003644 -0.842659
vn -0.538413 0.003473 -0.842674
vn 0.668230 -0.322123 -0.670601
vn 0.753938 -0.169721 -0.634643
vn 0.703023 -0.278017 -0.654573
vn 0.649905 -0.363189 -0.667620
vn 0.776462 -0.127929 -0.617042
vn -0.490533 -0.016684 -0.871263
vn -0.203497 -0.126994 -0.970805
vn -0.212251 -0.140379 -0.967080
vn -0.488449 -0.020410 -0.872354
vn 0.437725 -0.289957 -0.851071
vn 0.640728 -0.372022 -0.671615
vn 0.409499 -0.329658 -0.850668
vn -0.501783 -0.003727 -0.864986
vn -0.538450 0.003455 -0.842650
vn -0.538417 0.003537 -0.842671
vn 0.459020 -0.579989 -0.672988
vn 0.572205 -0.460983 -0.678289
vn 0.518321 -0.528803 -0.672094
vn 0.442776 -0.603114 -0.663478
vn 0.620511 -0.406793 -0.670437
vn -0.501845 -0.029767 -0.864445
vn -0.280383 -0.208427 -0.936986
vn -0.291961 -0.217563 -0.931357
vn -0.501677 -0.033005 -0.864425
vn 0.247809 -0.506131 -0.826088
vn 0.427614 -0.612849 -0.664501
vn 0.218699 -0.531721 -0.818195
vn -0.509603 -0.014480 -0.860288
vn -0.538384 0.003649 -0.842692
vn -0.538389 0.003649 -0.842688
vn 0.217679 -0.762433 -0.609354
vn 0.338604 -0.684253 -0.645868
vn 0.298954 -0.717564 -0.629069
vn 0.208618 -0.773009 -0.599113
vn 0.412845 -0.631150 -0.656666
vn -0.514122 -0.038486 -0.856853
vn -0.362536 -0.260684 -0.894769
vn -0.374211 -0.265822 -0.888429
vn -0.514968 -0.040477 -0.856253
vn 0.038757 -0.654462 -0.755101
vn 0.187525 -0.780867 -0.595887
vn 0.012296 -0.668481 -0.743628
vn -0.518639 -0.021437 -0.854725
vn -0.538395 0.003630 -0.842684
vn -0.538384 0.003608 -0.842692
vn -0.029821 -0.867493 -0.496554
vn 0.086011 -0.828243 -0.553729
vn 0.067464 -0.839817 -0.538662
vn -0.031030 -0.871734 -0.488995
vn 0.180722 -0.788984 -0.587234
vn -0.526911 -0.043660 -0.848798
vn -0.444021 -0.289819 -0.847851
vn -0.455173 -0.291963 -0.841175
vn -0.528130 -0.044381 -0.848003
vn -0.171956 -0.738530 -0.651924
vn -0.058172 -0.875196 -0.480259
vn -0.195868 -0.744318 -0.638456
vn -0.527442 -0.025207 -0.849217
vn -0.538450 0.003585 -0.842650
vn -0.538421 0.003574 -0.842668
vn -0.269712 -0.898589 -0.346113
vn -0.165973 -0.894009 -0.416174
vn -0.162310 -0.896878 -0.411419
vn -0.263809 -0.901491 -0.343102
vn -0.057404 -0.878652 -0.473999
vn -0.539816 -0.045607 -0.840546
vn -0.524287 -0.299288 -0.797214
vn -0.535224 -0.299466 -0.789845
vn -0.541144 -0.045115 -0.839719
vn -0.376549 -0.763960 -0.523999
vn -0.297359 -0.897043 -0.326943
vn -0.399509 -0.763260 -0.507766
vn -0.535788 -0.026816 -0.843927
vn -0.538417 0.003584 -0.842671
vn -0.538416 0.003574 -0.842672
vn -0.491408 -0.855168 -0.164942
vn -0.404566 -0.881831 -0.242282
vn -0.381028 -0.888994 -0.253983
vn -0.479394 -0.861325 -0.168228
vn -0.289363 -0.900293 -0.325181
vn -0.553254 -0.044435 -0.831827
vn -0.604400 -0.290031 -0.742012
vn -0.615745 -0.287308 -0.733697
vn -0.554443 -0.042618 -0.831130
vn -0.570074 -0.731359 -0.374340
vn -0.519175 -0.842860 -0.141579
vn -0.593704 -0.722637 -0.353994
vn -0.544217 -0.026926 -0.838512
vn -0.538388 0.003591 -0.842690
vn -0.538461 0.003600 -0.842643
vn -0.680359 -0.731780 0.040132
vn -0.615574 -0.787099 -0.039304
vn -0.578380 -0.812620 -0.071596
vn -0.664269 -0.746959 0.028273
vn -0.504416 -0.850953 -0.146439
vn -0.567246 -0.039788 -0.822586
vn -0.684799 -0.258835 -0.681216
vn -0.696103 -0.252102 -0.672225
vn -0.567661 -0.036519 -0.822452
vn -0.745101 -0.634394 -0.205835
vn -0.706235 -0.704680 0.068252
vn -0.768350 -0.614128 -0.180237
vn -0.553360 -0.025002 -0.832567
vn -0.538455 0.003624 -0.842646
vn -0.538465 0.003641 -0.842640
vn -0.812401 -0.524606 0.254546
vn -0.776507 -0.603650 0.180674
vn -0.738055 -0.662566 0.127600
vn -0.797702 -0.556117 0.233249
vn -0.687263 -0.724301 0.055289
vn -0.581806 -0.030080 -0.812771
vn -0.762265 -0.198013 -0.616233
vn -0.771300 -0.186412 -0.608562
vn -0.580429 -0.025913 -0.813898
vn -0.884740 -0.465366 -0.025871
vn -0.830318 -0.479070 0.284716
vn -0.902774 -0.430099 0.003710
vn -0.563144 -0.020005 -0.826117
vn -0.538468 0.003640 -0.842638
vn -0.538416 0.003537 -0.842672
vn -0.858160 -0.245077 0.451108
vn -0.855756 -0.337789 0.391893
vn -0.836780 -0.438933 0.327318
vn -0.855352 -0.297857 0.423856
vn -0.813916 -0.516805 0.265430
vn -0.595377 -0.013884 -0.803327
vn -0.826608 -0.099225 -0.553962
vn -0.831879 -0.085186 -0.548381
vn -0.591790 -0.009836 -0.806032
vn -0.963691 -0.223373 0.146301
vn -0.860283 -0.183702 0.475571
vn -0.969175 -0.175207 0.173214
vn -0.572254 -0.010943 -0.820004
vn -0.538383 0.003492 -0.842693
vn -0.538429 0.003566 -0.842663
vn -0.800643 0.068387 0.595227
vn -0.829851 -0.023914 0.557472
vn -0.849906 -0.151551 0.504669
vn -0.817223 0.010163 0.576232
vn -0.856213 -0.239268 0.457876
vn -0.605101 0.009875 -0.796087
vn -0.860689 0.035516 -0.507891
vn -0.862350 0.051156 -0.503721
vn -0.599781 0.012246 -0.800071
vn -0.957367 0.071522 0.279880
vn -0.787026 0.126832 0.603742
vn -0.946674 0.124969 0.296970
vn -0.579313 0.002989 -0.815099
vn -0.538421 0.003711 -0.842668
vn -0.538431 0.003735 -0.842661
vn -0.652446 0.363453 0.664994
vn -0.708961 0.276754 0.648677
vn -0.759374 0.167813 0.628642
vn -0.677451 0.322777 0.660965
vn -0.796338 0.074354 0.600264
vn -0.607489 0.039047 -0.793368
vn -0.851103 0.188859 -0.489854
vn -0.848199 0.206841 -0.487622
vn -0.601695 0.039366 -0.797756
vn -0.858877 0.377050 0.346647
vn -0.632091 0.406921 0.659452
vn -0.835086 0.425106 0.349166
vn -0.582384 0.019992 -0.812668
vn -0.538414 0.003683 -0.842672
vn -0.538402 0.003656 -0.842680
vn -0.445308 0.603734 0.661216
vn -0.524812 0.528791 0.667048
vn -0.578545 0.459951 0.673596
vn -0.466448 0.582480 0.665690
vn -0.643718 0.372351 0.668567
vn -0.600274 0.069350 -0.796782
vn -0.794292 0.337570 -0.505121
vn -0.785523 0.356382 -0.505911
vn -0.595256 0.068090 -0.800646
vn -0.684376 0.647039 0.336110
vn -0.423307 0.633755 0.647430
vn -0.653634 0.683180 0.325620
vn -0.580021 0.038191 -0.813706
vn -0.538440 0.003571 -0.842656
vn -0.538454 0.003508 -0.842648
vn -0.210989 0.774125 0.596836
vn -0.305676 0.718828 0.624378
vn -0.344457 0.685005 0.641964
vn -0.223073 0.765709 0.603265
vn -0.430931 0.613821 0.661455
vn -0.583143 0.095341 -0.806756
vn -0.696160 0.459181 -0.551829
vn -0.681195 0.474766 -0.557288
vn -0.579429 0.093886 -0.809597
vn -0.461045 0.849333 0.257043
vn -0.188441 0.793170 0.579113
vn -0.430361 0.870160 0.240022
vn -0.571849 0.054794 -0.818527
vn -0.538438 0.003559 -0.842658
vn -0.538424 0.003571 -0.842667
vn 0.028725 0.873558 0.485872
vn -0.073442 0.842459 0.533731
vn -0.090556 0.830405 0.549751
vn 0.026340 0.870693 0.491121
vn -0.190755 0.782770 0.592354
vn -0.558667 0.111227 -0.821900
vn -0.569584 0.535453 -0.623590
vn -0.550469 0.542561 -0.634517
vn -0.555813 0.110578 -0.823920
vn -0.214145 0.968383 0.127971
vn 0.053458 0.882014 0.468182
vn -0.195988 0.973685 0.116306
vn -0.558669 0.067039 -0.826677
vn -0.538429 0.003592 -0.842663
vn -0.538420 0.003607 -0.842669
vn 0.163736 0.895840 0.413112
vn 0.162664 0.896708 0.411649
vn 0.267182 0.901186 0.341288
vn 0.055090 0.877818 0.475815
vn -0.542497 0.072439 -0.836928
vn -0.538406 0.003598 -0.842678
vn 0.296117 0.936916 -0.185752
vn 0.131792 0.899693 -0.416153
vn 0.185743 0.896865 -0.401412
vn 0.323854 0.924004 -0.203312
vn 0.068262 0.996874 -0.039773
vn 0.184728 0.976108 -0.114405
vn 0.185492 0.976093 -0.113289
vn 0.068904 0.996871 -0.038733
vn 0.296824 0.936919 -0.184606
vn -0.082949 0.959127 -0.270546
vn -0.123543 0.955507 -0.267849
vn 0.038323 0.999050 -0.020765
vn 0.526062 0.782410 -0.333306
vn 0.380230 0.759741 -0.527465
vn 0.442231 0.744773 -0.499745
vn 0.549357 0.759682 -0.347980
vn 0.428617 0.861991 -0.270662
vn 0.429224 0.862014 -0.269627
vn 0.324438 0.923987 -0.202457
vn 0.526684 0.782433 -0.332270
vn 0.705261 0.548906 -0.448675
vn 0.606671 0.539760 -0.583617
vn 0.657139 0.510147 -0.554904
vn 0.721333 0.518859 -0.458764
vn 0.633181 0.661339 -0.402136
vn 0.633649 0.661374 -0.401339
vn 0.549771 0.759674 -0.347343
vn 0.705720 0.548917 -0.447939
vn 0.814138 0.259978 -0.519221
vn 0.780199 0.256742 -0.570414
vn 0.805429 0.219908 -0.550386
vn 0.821379 0.225718 -0.523820
vn 0.775354 0.393584 -0.493880
vn 0.775562 0.393643 -0.493507
vn 0.721552 0.518878 -0.458397
vn 0.814321 0.259969 -0.518939
vn 0.841428 -0.054086 -0.537655
vn 0.870973 -0.057148 -0.487996
vn 0.867677 -0.091257 -0.488681
vn 0.839202 -0.089142 -0.536465
vn 0.839778 0.086282 -0.536030
vn 0.839675 0.086347 -0.536181
vn 0.821419 0.225753 -0.523743
vn 0.841258 -0.054105 -0.537920
vn 0.785417 -0.360799 -0.502935
vn 0.861106 -0.358400 -0.360619
vn 0.838293 -0.389883 -0.381124
vn 0.774088 -0.393301 -0.496088
vn 0.820200 -0.228089 -0.524641
vn 0.819846 -0.228046 -0.525212
vn 0.839083 -0.089114 -0.536655
vn 0.784964 -0.360805 -0.503637
vn 0.653347 -0.630145 -0.419589
vn 0.761104 -0.613660 -0.210102
vn 0.725996 -0.645095 -0.238289
vn 0.634105 -0.657035 -0.407695
vn 0.720235 -0.517564 -0.461941
vn 0.719721 -0.517563 -0.462741
vn 0.773813 -0.393299 -0.496517
vn 0.652732 -0.630121 -0.420581
vn 0.459143 -0.837462 -0.296385
vn 0.589249 -0.806197 -0.053210
vn 0.550600 -0.831856 -0.069679
vn 0.433846 -0.856205 -0.280517
vn 0.551405 -0.754902 -0.355072
vn 0.550789 -0.754915 -0.355997
vn 0.633669 -0.657052 -0.408346
vn 0.458483 -0.837426 -0.297507
vn 0.221416 -0.964332 -0.145048
vn 0.367181 -0.924370 0.103533
vn 0.331628 -0.937072 0.109172
vn 0.192406 -0.973109 -0.126647
vn 0.330593 -0.919032 -0.214681
vn 0.329915 -0.919041 -0.215682
vn 0.433268 -0.856225 -0.281351
vn 0.220759 -0.964306 -0.146219
vn -0.038248 -0.999055 0.020647
vn 0.111968 -0.961187 0.252155
vn 0.087814 -0.955945 0.280102
vn -0.068194 -0.996877 0.039832
vn 0.077977 -0.995514 -0.053584
vn 0.077278 -0.995512 -0.054631
vn 0.191699 -0.973117 -0.127653
vn -0.038854 -0.999054 0.019551
vn -0.295799 -0.937096 0.185348
vn -0.156560 -0.909898 0.384154
vn -0.163913 -0.888988 0.427589
vn -0.323698 -0.924035 0.203417
vn -0.183318 -0.976486 0.113444
vn -0.183988 -0.976479 0.112416
vn -0.068960 -0.996867 0.038736
vn -0.296309 -0.937113 0.184444
vn -0.526129 -0.782469 0.333062
vn -0.412035 -0.768169 0.490045
vn -0.407046 -0.739057 0.536757
vn -0.549164 -0.759739 0.348159
vn -0.428426 -0.862129 0.270526
vn -0.429041 -0.862123 0.269570
vn -0.324437 -0.924014 0.202332
vn -0.526538 -0.782484 0.332381
vn -0.705309 -0.549029 0.448449
vn -0.627600 -0.544664 0.556291
vn -0.623818 -0.514220 0.588582
vn -0.721139 -0.518972 0.458941
vn -0.632932 -0.661648 0.402019
vn -0.633461 -0.661637 0.401202
vn -0.549809 -0.759724 0.347172
vn -0.705588 -0.549024 0.448015
vn -0.814140 -0.260134 0.519139
vn -0.782343 -0.261946 0.565087
vn -0.788112 -0.228629 0.571497
vn -0.821271 -0.225875 0.523922
vn -0.775087 -0.394091 0.493895
vn -0.775466 -0.394052 0.493331
vn -0.721588 -0.518975 0.458231
vn -0.814269 -0.260105 0.518952
vn -0.841358 0.053929 0.537781
vn -0.857997 0.048836 0.511327
vn -0.870973 0.086369 0.483681
vn -0.839252 0.088979 0.536413
vn -0.839608 -0.086912 0.536195
vn -0.839710 -0.086848 0.536045
vn -0.821439 -0.225886 0.523655
vn -0.841309 0.053965 0.537853
vn -0.785318 0.360682 0.503173
vn -0.843843 0.353165 0.403983
vn -0.853545 0.385999 0.349951
vn -0.774250 0.393176 0.495933
vn -0.820220 0.227554 0.524842
vn -0.819978 0.227621 0.525190
vn -0.839072 0.088975 0.536696
vn -0.785083 0.360701 0.503528
vn -0.653269 0.630068 0.419827
vn -0.743533 0.616502 0.259004
vn -0.745351 0.637664 0.194517
vn -0.634295 0.656962 0.407518
vn -0.720399 0.517226 0.462065
vn -0.719885 0.517258 0.462827
vn -0.773780 0.393188 0.496657
vn -0.652864 0.630058 0.420469
vn -0.459125 0.837416 0.296545
vn -0.576983 0.812067 0.087395
vn -0.567474 0.822627 0.035482
vn -0.434015 0.856160 0.280395
vn -0.551573 0.754761 0.355110
vn -0.550916 0.754765 0.356120
vn -0.633625 0.656990 0.408515
vn -0.458596 0.837389 0.297438
vn -0.221410 0.964327 0.145090
vn -0.364527 0.926493 -0.093435
vn -0.340794 0.932182 -0.122050
vn -0.192456 0.973106 0.126591
vn -0.330608 0.919043 0.214615
vn -0.329906 0.919029 0.215748
vn -0.433253 0.856185 0.281494
vn -0.220782 0.964304 0.146193
vn -0.077949 0.995519 0.053528
vn -0.077261 0.995509 0.054707
vn -0.191666 0.973117 0.127700
vn 0.038977 0.999049 -0.019559
vn 0.404883 0.914364 -0.002896
vn 0.418470 0.907043 -0.046441
vn 0.182021 0.973268 0.140064
vn 0.158163 0.973251 0.166635
vn -0.067279 0.947786 0.311728
vn -0.102394 0.942061 0.319432
vn -0.310356 0.835520 0.453415
vn -0.354606 0.822294 0.445070
vn -0.528997 0.644608 0.551945
vn -0.574750 0.621118 0.532799
vn -0.704895 0.387048 0.594405
vn -0.739283 0.354206 0.572712
vn -0.815183 0.085013 0.572930
vn -0.829289 0.048476 0.556713
vn -0.841919 -0.229190 0.488512
vn -0.833618 -0.263300 0.485545
vn -0.778076 -0.517459 0.356136
vn -0.753073 -0.547146 0.365392
vn -0.634168 -0.748367 0.194368
vn -0.598602 -0.773799 0.207150
vn -0.428545 -0.903257 0.021799
vn -0.390503 -0.920217 0.026617
vn -0.184969 -0.971568 -0.147789
vn -0.151228 -0.975882 -0.157431
vn 0.074607 -0.950314 -0.302220
vn 0.097668 -0.940193 -0.326341
vn 0.327546 -0.840777 -0.431054
vn 0.336931 -0.818940 -0.464559
vn 0.549597 -0.649994 -0.524834
vn 0.549136 -0.621000 -0.559294
vn 0.718869 -0.392454 -0.573766
vn 0.716387 -0.360623 -0.597278
vn 0.817591 -0.092104 -0.568386
vn 0.818521 -0.057612 -0.571580
vn 0.834251 0.220813 -0.505239
vn 0.837820 0.256204 -0.482096
vn 0.766082 0.512631 -0.387723
vn 0.766777 0.541928 -0.344045
vn 0.620838 0.749719 -0.229091
vn 0.615491 0.767928 -0.177363
vn 0.529306 0.568539 0.629761
vn 0.535050 0.568141 0.625250
vn 0.184711 0.961186 -0.204949
vn 0.104658 0.981674 -0.159259
vn 0.670403 0.490264 0.556956
vn 0.361238 0.890232 -0.277479
vn 0.774460 0.368950 0.513894
vn 0.609005 0.713090 -0.347298
vn 0.835446 0.220697 0.503313
vn 0.821018 0.456648 -0.342640
vn 0.847704 0.068762 0.525994
vn 0.956921 0.149796 -0.248725
vn 0.818933 -0.063226 0.570395
vn 0.985450 -0.150014 -0.079896
vn 0.756392 -0.159407 0.634398
vn 0.915515 -0.386140 0.112820
vn 0.766254 -0.411425 0.493542
vn 0.638543 -0.472434 0.607510
vn 0.505372 -0.499839 0.703392
vn 0.360884 -0.501516 0.786285
vn 0.196503 -0.470820 0.860067
vn 0.287435 -0.207530 0.935047
vn -0.212374 -0.504389 0.836952
vn 0.190198 -0.127285 0.973459
vn -0.451410 -0.298434 0.840932
vn 0.120539 -0.005977 0.992691
vn -0.636065 -0.014021 0.771508
vn 0.084242 0.141100 0.986405
vn -0.709231 0.297029 0.639347
vn 0.096386 0.293198 0.951181
vn -0.665529 0.577034 0.473395
vn 0.155992 0.430187 0.889160
vn -0.603835 0.707365 0.367447
vn -0.530620 0.792986 0.299359
vn 0.262722 0.536137 0.802206
vn 0.256562 0.534474 0.805303
vn -0.407526 0.895483 0.178977
vn -0.337101 0.932748 0.127841
vn 0.389221 0.584058 0.712308
vn 0.389256 0.584062 0.712286
vn -0.126358 0.991694 -0.024001
vn -0.126487 0.991680 -0.023918
vn 0.135228 0.984714 -0.109783
vn -0.357006 0.536468 -0.764689
vn 0.354630 0.888607 -0.290888
vn -0.241470 0.463475 -0.852575
vn 0.528080 0.702650 -0.476879
vn -0.160086 0.347500 -0.923913
vn 0.622593 0.442153 -0.645662
vn -0.121055 0.207170 -0.970786
vn 0.617946 0.140095 -0.773638
vn -0.126386 0.062168 -0.990031
vn 0.516860 -0.158065 -0.841351
vn -0.168857 -0.068029 -0.983290
vn 0.346036 -0.408512 -0.844616
vn -0.239175 -0.170096 -0.955962
vn 0.141266 -0.591432 -0.793884
vn -0.323556 -0.238067 -0.915771
vn -0.074033 -0.706430 -0.703900
vn -0.408048 -0.277859 -0.869650
vn -0.287606 -0.758771 -0.584422
vn -0.490160 -0.295430 -0.820039
vn -0.492111 -0.751807 -0.438876
vn -0.571478 -0.295108 -0.765718
vn -0.681368 -0.679672 -0.271633
vn -0.654248 -0.272935 -0.705313
vn -0.840858 -0.533873 -0.089096
vn -0.736243 -0.222523 -0.639085
vn -0.946096 -0.310184 0.093215
vn -0.806309 -0.134748 -0.575942
vn -0.969526 -0.024140 0.243796
vn -0.850724 -0.013270 -0.525446
vn -0.899544 0.283114 0.332666
vn -0.858495 0.131059 -0.495793
vn -0.748538 0.566165 0.345177
vn -0.821808 0.280102 -0.496161
vn -0.541869 0.789952 0.286974
vn -0.741952 0.412953 -0.528183
vn -0.307325 0.935172 0.176079
vn -0.626912 0.509793 -0.589145
vn -0.085944 0.995323 0.044118
vn -0.083522 0.995596 0.042583
vn -0.492105 0.553297 -0.672082
vn 0.022857 0.935701 -0.352054
vn 0.285273 0.834540 -0.471341
vn 0.527919 0.645951 -0.551406
vn 0.728708 0.382501 -0.568047
vn 0.853140 0.072310 -0.516646
vn 0.877988 -0.235151 -0.416943
vn 0.810846 -0.508205 -0.290270
vn 0.666702 -0.731158 -0.144625
vn 0.466241 -0.884551 0.013764
vn 0.226884 -0.957477 0.178216
vn -0.029770 -0.941469 0.335783
vn -0.282681 -0.836747 0.468984
vn -0.513387 -0.650128 0.560150
vn -0.700616 -0.398797 0.591691
vn -0.826243 -0.099059 0.554536
vn -0.865973 0.217308 0.450409
vn -0.808504 0.503585 0.304505
vn -0.669275 0.729504 0.141050
vn -0.469945 0.882280 -0.027083
vn -0.232178 0.953505 -0.192150
vn 0.538422 -0.003603 0.842668
vn -0.538421 0.003609 -0.842668
vn 0.297902 0.952141 0.068424
vn 0.045979 0.969478 0.240830
vn -0.209533 0.896016 0.391474
vn -0.446864 0.737538 0.506312
vn -0.646777 0.504354 0.572108
vn -0.786928 0.214577 0.578533
vn -0.846085 -0.100259 0.523535
vn -0.815127 -0.401059 0.417995
vn -0.701983 -0.656325 0.276510
vn -0.520642 -0.846472 0.111430
vn -0.293052 -0.954014 -0.063067
vn -0.041458 -0.971465 -0.233530
vn 0.210833 -0.898333 -0.385418
vn 0.442376 -0.742049 -0.503654
vn 0.635006 -0.514058 -0.576638
vn 0.769895 -0.235222 -0.593239
vn 0.833187 0.074165 -0.547995
vn 0.811960 0.381629 -0.441679
vn 0.704319 0.648106 -0.289644
vn 0.525385 0.843283 -0.113333
s 1
g pCylinder4 group9
usemtl initialShadingGroup
f 2/1/1 1/361/2 519/704/3 518/5/4
f 1/361/2 8/299/5 520/76/6 519/704/3
f 4/2/7 3/362/8 15/373/9 14/279/10
f 3/363/11 2/1/12 16/4/13 15/372/14
f 6/3/15 5/364/16 327/608/17 326/298/18
f 5/365/16 4/2/19 328/159/20 327/607/17
f 8/299/21 7/366/22 155/478/23 154/300/24
f 7/367/25 6/3/26 156/79/27 155/477/28
f 10/6/29 9/368/30 517/703/31 516/9/32
f 9/368/30 16/4/13 518/5/4 517/703/31
f 12/7/33 11/369/34 23/379/35 22/280/36
f 11/370/37 10/6/29 24/8/38 23/378/39
f 14/279/40 13/371/41 331/610/42 330/160/43
f 13/371/41 12/7/33 332/164/44 331/610/42
f 18/10/45 17/374/46 515/702/47 514/13/48
f 17/374/46 24/8/38 516/9/32 515/702/47
f 20/11/49 19/375/50 31/385/51 30/281/52
f 19/376/53 18/10/45 32/12/54 31/384/55
f 22/280/36 21/377/56 339/614/57 338/165/58
f 21/377/56 20/11/49 340/167/59 339/614/57
f 26/14/60 25/380/61 513/701/62 512/17/63
f 25/380/61 32/12/54 514/13/48 513/701/62
f 28/15/64 27/381/65 39/391/66 38/282/67
f 27/382/68 26/14/60 40/16/69 39/390/70
f 30/281/52 29/383/71 347/618/72 346/168/73
f 29/383/71 28/15/64 348/170/74 347/618/72
f 34/18/75 33/386/76 511/700/77 510/21/78
f 33/386/76 40/16/69 512/17/63 511/700/77
f 36/19/79 35/387/80 47/397/81 46/283/82
f 35/388/83 34/18/75 48/20/84 47/396/85
f 38/282/67 37/389/86 355/622/87 354/171/88
f 37/389/86 36/19/79 356/173/89 355/622/87
f 42/22/90 41/392/91 509/699/92 508/25/93
f 41/392/91 48/20/84 510/21/78 509/699/92
f 44/23/94 43/393/95 55/403/96 54/284/97
f 43/394/98 42/22/90 56/24/99 55/402/100
f 46/283/82 45/395/101 363/626/102 362/174/103
f 45/395/101 44/23/94 364/176/104 363/626/102
f 50/26/105 49/398/106 507/698/107 506/29/108
f 49/398/106 56/24/99 508/25/93 507/698/107
f 52/27/109 51/399/110 63/409/111 62/285/112
f 51/400/110 50/26/105 64/28/113 63/408/111
f 54/284/97 53/401/114 371/630/115 370/177/116
f 53/401/114 52/27/109 372/179/117 371/630/115
f 58/30/118 57/404/119 505/697/120 504/33/121
f 57/404/119 64/28/113 506/29/108 505/697/120
f 60/31/122 59/405/123 71/415/124 70/286/125
f 59/406/123 58/30/118 72/32/126 71/414/124
f 62/285/112 61/407/127 379/634/128 378/180/129
f 61/407/127 60/31/122 380/182/130 379/634/128
f 66/34/131 65/410/132 503/696/133 502/37/134
f 65/410/132 72/32/126 504/33/121 503/696/133
f 68/35/135 67/411/136 79/421/137 78/287/138
f 67/412/136 66/34/131 80/36/139 79/420/137
f 70/286/125 69/413/140 387/638/141 386/183/142
f 69/413/140 68/35/135 388/185/143 387/638/141
f 74/38/144 73/416/145 501/695/146 500/41/147
f 73/416/145 80/36/139 502/37/134 501/695/146
f 76/39/148 75/417/149 87/427/150 86/288/151
f 75/418/149 74/38/144 88/40/152 87/426/150
f 78/287/138 77/419/153 395/642/154 394/186/155
f 77/419/153 76/39/148 396/188/156 395/642/154
f 82/42/157 81/422/158 499/694/159 498/45/160
f 81/422/158 88/40/152 500/41/147 499/694/159
f 84/43/161 83/423/162 95/433/163 94/289/164
f 83/424/162 82/42/157 96/44/165 95/432/163
f 86/288/151 85/425/166 403/646/167 402/189/168
f 85/425/166 84/43/161 404/191/169 403/646/167
f 90/46/170 89/428/171 497/693/172 496/49/173
f 89/428/171 96/44/165 498/45/160 497/693/172
f 92/47/174 91/429/175 103/439/176 102/290/177
f 91/430/175 90/46/170 104/48/178 103/438/176
f 94/289/164 93/431/179 411/650/180 410/192/181
f 93/431/179 92/47/174 412/194/182 411/650/180
f 98/50/183 97/434/184 495/692/185 494/53/186
f 97/434/184 104/48/178 496/49/173 495/692/185
f 100/51/187 99/435/188 111/445/189 110/291/190
f 99/436/191 98/50/183 112/52/192 111/444/193
f 102/290/177 101/437/194 419/654/195 418/195/196
f 101/437/194 100/51/187 420/197/197 419/654/195
f 106/54/198 105/440/199 493/691/200 492/57/201
f 105/440/199 112/52/192 494/53/186 493/691/200
f 108/55/202 107/441/203 119/451/204 118/292/205
f 107/442/206 106/54/198 120/56/207 119/450/208
f 110/291/190 109/443/209 427/658/210 426/198/211
f 109/443/209 108/55/202 428/200/212 427/658/210
f 114/58/213 113/446/214 491/690/215 490/61/216
f 113/446/214 120/56/207 492/57/201 491/690/215
f 116/59/217 115/447/218 127/457/219 126/293/220
f 115/448/221 114/58/213 128/60/222 127/456/223
f 118/292/205 117/449/224 435/662/225 434/201/226
f 117/449/224 116/59/217 436/203/227 435/662/225
f 122/62/228 121/452/229 489/689/230 488/65/231
f 121/452/229 128/60/222 490/61/216 489/689/230
f 124/63/232 123/453/233 135/463/234 134/294/235
f 123/454/236 122/62/228 136/64/237 135/462/238
f 126/293/220 125/455/239 443/666/240 442/204/241
f 125/455/239 124/63/232 444/206/242 443/666/240
f 130/66/243 129/458/244 487/688/245 486/69/246
f 129/458/244 136/64/237 488/65/231 487/688/245
f 132/67/247 131/459/248 143/469/249 142/295/250
f 131/460/251 130/66/243 144/68/252 143/468/253
f 134/294/235 133/461/254 451/670/255 450/207/256
f 133/461/254 132/67/247 452/209/257 451/670/255
f 138/70/258 137/464/259 485/687/260 484/73/261
f 137/464/259 144/68/252 486/69/246 485/687/260
f 140/71/262 139/465/263 151/475/264 150/296/265
f 139/466/266 138/70/258 152/72/267 151/474/268
f 142/295/250 141/467/269 459/674/270 458/210/271
f 141/467/269 140/71/272 460/212/273 459/674/270
f 146/74/274 145/470/275 483/686/276 482/78/277
f 145/470/275 152/72/278 484/73/261 483/686/276
f 148/75/279 147/471/280 159/481/281 158/297/282
f 147/472/283 146/74/284 160/77/285 159/480/286
f 150/296/287 149/473/288 467/678/289 466/213/290
f 149/473/288 148/75/291 468/215/292 467/678/289
f 154/300/293 153/476/294 481/685/295 520/76/6
f 153/476/294 160/77/296 482/78/277 481/685/295
f 158/297/297 157/479/298 475/682/299 474/216/300
f 157/479/298 156/79/301 476/162/302 475/682/299
f 162/80/303 161/482/304 565/729/305 564/322/306
f 161/483/304 168/320/307 566/223/308 565/728/305
s 51
f 164/81/309 163/484/310 175/494/311 174/301/312
s 1
f 163/485/313 162/80/303 176/83/314 175/493/315
s 51
f 166/82/316 165/486/317 523/706/318 522/158/319
f 165/486/317 164/81/309 524/85/320 523/706/318
s 1
f 168/320/307 167/487/321 315/599/322 314/321/323
s 51
f 167/488/324 166/82/316 316/157/325 315/598/326
s 1
f 170/84/327 169/489/328 717/805/329 716/278/330
f 169/489/328 176/83/314 718/219/331 717/805/329
s 51
f 172/86/332 171/490/333 183/500/334 182/302/335
s 1
f 171/491/336 170/84/327 184/87/337 183/499/338
s 51
f 174/301/312 173/492/339 525/707/340 524/85/320
f 173/492/339 172/86/332 526/89/341 525/707/340
s 1
f 178/88/342 177/495/343 709/801/344 708/275/345
f 177/495/343 184/87/337 710/277/346 709/801/344
s 51
f 180/90/347 179/496/348 191/506/349 190/303/350
s 1
f 179/497/351 178/88/342 192/91/352 191/505/353
s 51
f 182/302/335 181/498/354 527/708/355 526/89/341
f 181/498/354 180/90/347 528/93/356 527/708/355
s 1
f 186/92/357 185/501/358 701/797/359 700/272/360
f 185/501/358 192/91/352 702/274/361 701/797/359
s 51
f 188/94/362 187/502/363 199/512/364 198/304/365
s 1
f 187/503/366 186/92/357 200/95/367 199/511/368
s 51
f 190/303/350 189/504/369 529/709/370 528/93/356
f 189/504/369 188/94/362 530/97/371 529/709/370
s 1
f 194/96/372 193/507/373 693/793/374 692/269/375
f 193/507/373 200/95/367 694/271/376 693/793/374
s 51
f 196/98/377 195/508/378 207/518/379 206/305/380
s 1
f 195/509/381 194/96/372 208/99/382 207/517/383
s 51
f 198/304/365 197/510/384 531/710/385 530/97/371
f 197/510/384 196/98/377 532/101/386 531/710/385
s 1
f 202/100/387 201/513/388 685/789/389 684/266/390
f 201/513/388 208/99/382 686/268/391 685/789/389
s 51
f 204/102/392 203/514/393 215/524/394 214/306/395
s 1
f 203/515/396 202/100/387 216/103/397 215/523/398
s 51
f 206/305/380 205/516/399 533/711/400 532/101/386
f 205/516/399 204/102/392 534/105/401 533/711/400
s 1
f 210/104/402 209/519/403 677/785/404 676/263/405
f 209/519/403 216/103/397 678/265/406 677/785/404
s 51
f 212/106/407 211/520/408 223/530/409 222/307/410
s 1
f 211/521/411 210/104/402 224/107/412 223/529/413
s 51
f 214/306/395 213/522/414 535/712/415 534/105/401
f 213/522/414 212/106/407 536/109/416 535/712/415
s 1
f 218/108/417 217/525/418 669/781/419 668/260/420
f 217/525/418 224/107/412 670/262/421 669/781/419
s 51
f 220/110/422 219/526/423 231/536/424 230/308/425
s 1
f 219/527/426 218/108/417 232/111/427 231/535/428
s 51
f 222/307/410 221/528/429 537/713/430 536/109/416
f 221/528/429 220/110/422 538/113/431 537/713/430
s 1
f 226/112/432 225/531/433 661/777/434 660/257/435
f 225/531/433 232/111/427 662/259/436 661/777/434
s 51
f 228/114/437 227/532/438 239/542/439 238/309/440
s 1
f 227/533/441 226/112/432 240/115/442 239/541/443
s 51
f 230/308/425 229/534/444 539/714/445 538/113/431
f 229/534/444 228/114/437 540/117/446 539/714/445
s 1
f 234/116/447 233/537/448 653/773/449 652/254/450
f 233/537/448 240/115/442 654/256/451 653/773/449
s 51
f 236/118/452 235/538/453 247/548/454 246/310/455
s 1
f 235/539/456 234/116/447 248/119/457 247/547/458
s 51
f 238/309/440 237/540/459 541/715/460 540/117/446
f 237/540/459 236/118/452 542/121/461 541/715/460
s 1
f 242/120/462 241/543/463 645/769/464 644/251/465
f 241/543/463 248/119/457 646/253/466 645/769/464
s 51
f 244/122/467 243/544/468 255/554/469 254/311/470
s 1
f 243/545/471 242/120/462 256/123/472 255/553/473
s 51
f 246/310/455 245/546/474 543/716/475 542/121/461
f 245/546/474 244/122/467 544/125/476 543/716/475
s 1
f 250/124/477 249/549/478 637/765/479 636/248/480
f 249/549/478 256/123/472 638/250/481 637/765/479
s 51
f 252/126/482 251/550/483 263/560/484 262/312/485
s 1
f 251/551/486 250/124/477 264/127/487 263/559/488
s 51
f 254/311/470 253/552/489 545/717/490 544/125/476
f 253/552/489 252/126/482 546/129/491 545/717/490
s 1
f 258/128/492 257/555/493 629/761/494 628/245/495
f 257/555/493 264/127/487 630/247/496 629/761/494
s 51
f 260/130/497 259/556/498 271/566/499 270/313/500
s 1
f 259/557/501 258/128/492 272/131/502 271/565/503
s 51
f 262/312/485 261/558/504 547/718/505 546/129/491
f 261/558/504 260/130/497 548/133/506 547/718/505
s 1
f 266/132/507 265/561/508 621/757/509 620/242/510
f 265/561/508 272/131/502 622/244/511 621/757/509
s 51
f 268/134/512 267/562/513 279/572/514 278/314/515
s 1
f 267/563/516 266/132/507 280/135/517 279/571/518
s 51
f 270/313/500 269/564/519 549/719/520 548/133/506
f 269/564/519 268/134/512 550/137/521 549/719/520
s 1
f 274/136/522 273/567/523 613/753/524 612/239/525
f 273/567/523 280/135/517 614/241/526 613/753/524
s 51
f 276/138/527 275/568/528 287/578/529 286/315/530
s 1
f 275/569/531 274/136/522 288/139/532 287/577/533
s 51
f 278/314/515 277/570/534 551/720/535 550/137/521
f 277/570/534 276/138/527 552/141/536 551/720/535
s 1
f 282/140/537 281/573/538 605/749/539 604/236/540
f 281/573/538 288/139/532 606/238/541 605/749/539
s 51
f 284/142/542 283/574/543 295/584/544 294/316/545
s 1
f 283/575/546 282/140/537 296/143/547 295/583/548
s 51
f 286/315/530 285/576/549 553/721/550 552/141/536
f 285/576/549 284/142/542 554/145/551 553/721/550
s 1
f 290/144/552 289/579/553 597/745/554 596/233/555
f 289/579/553 296/143/547 598/235/556 597/745/554
s 51
f 292/146/557 291/580/558 303/590/559 302/317/560
s 1
f 291/581/561 290/144/552 304/147/562 303/589/563
s 51
f 294/316/545 293/582/564 555/722/565 554/145/551
f 293/582/564 292/146/557 556/149/566 555/722/565
s 1
f 298/148/567 297/585/568 589/741/569 588/230/570
f 297/585/568 304/147/562 590/232/571 589/741/569
s 51
f 300/150/572 299/586/573 311/596/574 310/318/575
s 1
f 299/587/576 298/148/567 312/151/577 311/595/578
s 51
f 302/317/560 301/588/579 557/723/580 556/149/566
f 301/588/579 300/150/572 558/153/581 557/723/580
s 1
f 306/152/582 305/591/583 581/737/584 580/227/585
f 305/591/583 312/151/577 582/229/586 581/737/584
s 51
f 308/154/587 307/592/588 319/602/589 318/319/590
s 1
f 307/593/591 306/152/582 320/155/592 319/601/593
s 51
f 310/318/575 309/594/594 559/724/595 558/153/581
f 309/594/594 308/154/587 560/156/596 559/724/595
s 1
f 314/321/323 313/597/597 573/733/598 572/224/599
f 313/597/597 320/155/592 574/226/600 573/733/598
s 51
f 318/319/590 317/600/601 521/705/602 560/156/596
f 317/600/601 316/157/325 522/158/319 521/705/602
s 1
f 322/161/603 321/603/604 329/609/605 336/360/606
f 321/603/604 328/159/20 330/160/43 329/609/605
f 324/163/607 323/604/608 561/726/609 568/323/610
f 323/605/608 322/161/603 562/220/611 561/725/609
f 326/298/18 325/606/612 477/683/613 476/162/302
f 325/606/612 324/163/607 478/218/614 477/683/613
f 334/166/615 333/611/616 337/613/617 344/358/618
f 333/611/616 332/164/44 338/165/58 337/613/617
f 336/360/606 335/612/619 713/803/620 720/221/621
f 335/612/619 334/166/615 714/276/622 713/803/620
f 342/169/623 341/615/624 345/617/625 352/356/626
f 341/615/624 340/167/59 346/168/73 345/617/625
f 344/358/618 343/616/627 705/799/628 712/359/629
f 343/616/627 342/169/623 706/273/630 705/799/628
f 350/172/631 349/619/632 353/621/633 360/354/634
f 349/619/632 348/170/74 354/171/88 353/621/633
f 352/356/626 351/620/635 697/795/636 704/357/637
f 351/620/635 350/172/631 698/270/638 697/795/636
f 358/175/639 357/623/640 361/625/641 368/352/642
f 357/623/640 356/173/89 362/174/103 361/625/641
f 360/354/634 359/624/643 689/791/644 696/355/645
f 359/624/643 358/175/639 690/267/646 689/791/644
f 366/178/647 365/627/648 369/629/649 376/350/650
f 365/627/648 364/176/104 370/177/116 369/629/649
f 368/352/642 367/628/651 681/787/652 688/353/653
f 367/628/651 366/178/647 682/264/654 681/787/652
f 374/181/655 373/631/656 377/633/657 384/348/658
f 373/631/656 372/179/117 378/180/129 377/633/657
f 376/350/650 375/632/659 673/783/660 680/351/661
f 375/632/659 374/181/655 674/261/662 673/783/660
f 382/184/663 381/635/664 385/637/665 392/346/666
f 381/635/664 380/182/130 386/183/142 385/637/665
f 384/348/658 383/636/667 665/779/668 672/349/669
f 383/636/667 382/184/663 666/258/670 665/779/668
f 390/187/671 389/639/672 393/641/673 400/344/674
f 389/639/672 388/185/143 394/186/155 393/641/673
f 392/346/666 391/640/675 657/775/676 664/347/677
f 391/640/675 390/187/671 658/255/678 657/775/676
f 398/190/679 397/643/680 401/645/681 408/342/682
f 397/643/680 396/188/156 402/189/168 401/645/681
f 400/344/674 399/644/683 649/771/684 656/345/685
f 399/644/683 398/190/679 650/252/686 649/771/684
f 406/193/687 405/647/688 409/649/689 416/340/690
f 405/647/688 404/191/169 410/192/181 409/649/689
f 408/342/682 407/648/691 641/767/692 648/343/693
f 407/648/691 406/193/687 642/249/694 641/767/692
f 414/196/695 413/651/696 417/653/697 424/338/698
f 413/651/696 412/194/182 418/195/196 417/653/697
f 416/340/690 415/652/699 633/763/700 640/341/701
f 415/652/699 414/196/695 634/246/702 633/763/700
f 422/199/703 421/655/704 425/657/705 432/336/706
f 421/655/704 420/197/197 426/198/211 425/657/705
f 424/338/698 423/656/707 625/759/708 632/339/709
f 423/656/707 422/199/703 626/243/710 625/759/708
f 430/202/711 429/659/712 433/661/713 440/334/714
f 429/659/712 428/200/212 434/201/226 433/661/713
f 432/336/706 431/660/715 617/755/716 624/337/717
f 431/660/715 430/202/711 618/240/718 617/755/716
f 438/205/719 437/663/720 441/665/721 448/332/722
f 437/663/720 436/203/227 442/204/241 441/665/721
f 440/334/714 439/664/723 609/751/724 616/335/725
f 439/664/723 438/205/719 610/237/726 609/751/724
f 446/208/727 445/667/728 449/669/729 456/330/730
f 445/667/728 444/206/242 450/207/256 449/669/729
f 448/332/722 447/668/731 601/747/732 608/333/733
f 447/668/731 446/208/727 602/234/734 601/747/732
f 454/211/735 453/671/736 457/673/737 464/328/738
f 453/671/736 452/209/257 458/210/271 457/673/737
f 456/330/730 455/672/739 593/743/740 600/331/741
f 455/672/739 454/211/735 594/231/742 593/743/740
f 462/214/743 461/675/744 465/677/745 472/326/746
f 461/675/744 460/212/273 466/213/290 465/677/745
f 464/328/738 463/676/747 585/739/748 592/329/749
f 463/676/747 462/214/743 586/228/750 585/739/748
f 470/217/751 469/679/752 473/681/753 480/324/754
f 469/679/752 468/215/292 474/216/300 473/681/753
f 472/326/746 471/680/755 577/735/756 584/327/757
f 471/680/755 470/217/751 578/225/758 577/735/756
f 480/324/754 479/684/759 569/731/760 576/325/761
f 479/684/759 478/218/614 570/222/762 569/731/760
f 564/322/306 563/727/763 719/806/764 718/219/331
f 563/727/763 562/220/611 720/221/621 719/806/764
f 568/323/610 567/730/765 571/732/766 570/222/762
f 567/730/765 566/223/308 572/224/599 571/732/766
f 576/325/761 575/734/767 579/736/768 578/225/758
f 575/734/767 574/226/600 580/227/585 579/736/768
f 584/327/757 583/738/769 587/740/770 586/228/750
f 583/738/769 582/229/586 588/230/570 587/740/770
f 592/329/749 591/742/771 595/744/772 594/231/742
f 591/742/771 590/232/571 596/233/555 595/744/772
f 600/331/741 599/746/773 603/748/774 602/234/734
f 599/746/773 598/235/556 604/236/540 603/748/774
f 608/333/733 607/750/775 611/752/776 610/237/726
f 607/750/775 606/238/541 612/239/525 611/752/776
f 616/335/725 615/754/777 619/756/778 618/240/718
f 615/754/777 614/241/526 620/242/510 619/756/778
f 624/337/717 623/758/779 627/760/780 626/243/710
f 623/758/779 622/244/511 628/245/495 627/760/780
f 632/339/709 631/762/781 635/764/782 634/246/702
f 631/762/781 630/247/496 636/248/480 635/764/782
f 640/341/701 639/766/783 643/768/784 642/249/694
f 639/766/783 638/250/481 644/251/465 643/768/784
f 648/343/693 647/770/785 651/772/786 650/252/686
f 647/770/785 646/253/466 652/254/450 651/772/786
f 656/345/685 655/774/787 659/776/788 658/255/678
f 655/774/787 654/256/451 660/257/435 659/776/788
f 664/347/677 663/778/789 667/780/790 666/258/670
f 663/778/789 662/259/436 668/260/420 667/780/790
f 672/349/669 671/782/791 675/784/792 674/261/662
f 671/782/791 670/262/421 676/263/405 675/784/792
f 680/351/661 679/786/793 683/788/794 682/264/654
f 679/786/793 678/265/406 684/266/390 683/788/794
f 688/353/653 687/790/795 691/792/796 690/267/646
f 687/790/795 686/268/391 692/269/375 691/792/796
f 696/355/645 695/794/797 699/796/798 698/270/638
f 695/794/797 694/271/376 700/272/360 699/796/798
f 704/357/637 703/798/799 707/800/800 706/273/630
f 703/798/799 702/274/361 708/275/345 707/800/800
f 712/359/629 711/802/801 715/804/802 714/276/622
f 711/802/801 710/277/346 716/278/330 715/804/802
f 4/2/19 14/279/40 330/160/43 328/159/20
f 12/7/33 22/280/36 338/165/58 332/164/44
f 20/11/49 30/281/52 346/168/73 340/167/59
f 28/15/64 38/282/67 354/171/88 348/170/74
f 36/19/79 46/283/82 362/174/103 356/173/89
f 44/23/94 54/284/97 370/177/116 364/176/104
f 52/27/109 62/285/112 378/180/129 372/179/117
f 60/31/122 70/286/125 386/183/142 380/182/130
f 68/35/135 78/287/138 394/186/155 388/185/143
f 76/39/148 86/288/151 402/189/168 396/188/156
f 84/43/161 94/289/164 410/192/181 404/191/169
f 92/47/174 102/290/177 418/195/196 412/194/182
f 100/51/187 110/291/190 426/198/211 420/197/197
f 108/55/202 118/292/205 434/201/226 428/200/212
f 116/59/217 126/293/220 442/204/241 436/203/227
f 124/63/232 134/294/235 450/207/256 444/206/242
f 132/67/247 142/295/250 458/210/271 452/209/257
f 140/71/272 150/296/287 466/213/290 460/212/273
f 148/75/291 158/297/297 474/216/300 468/215/292
f 156/79/301 6/3/15 326/298/18 476/162/302
f 16/4/13 2/1/1 518/5/4
f 24/8/38 10/6/29 516/9/32
f 32/12/54 18/10/45 514/13/48
f 40/16/69 26/14/60 512/17/63
f 48/20/84 34/18/75 510/21/78
f 56/24/99 42/22/90 508/25/93
f 64/28/113 50/26/105 506/29/108
f 72/32/126 58/30/118 504/33/121
f 80/36/139 66/34/131 502/37/134
f 88/40/152 74/38/144 500/41/147
f 96/44/165 82/42/157 498/45/160
f 104/48/178 90/46/170 496/49/173
f 112/52/192 98/50/183 494/53/186
f 120/56/207 106/54/198 492/57/201
f 128/60/222 114/58/213 490/61/216
f 136/64/237 122/62/228 488/65/231
f 144/68/252 130/66/243 486/69/246
f 152/72/278 138/70/258 484/73/261
f 160/77/296 146/74/274 482/78/277
f 8/299/5 154/300/293 520/76/6
s 51
f 164/81/309 174/301/312 524/85/320
f 172/86/332 182/302/335 526/89/341
f 180/90/347 190/303/350 528/93/356
f 188/94/362 198/304/365 530/97/371
f 196/98/377 206/305/380 532/101/386
f 204/102/392 214/306/395 534/105/401
f 212/106/407 222/307/410 536/109/416
f 220/110/422 230/308/425 538/113/431
f 228/114/437 238/309/440 540/117/446
f 236/118/452 246/310/455 542/121/461
f 244/122/467 254/311/470 544/125/476
f 252/126/482 262/312/485 546/129/491
f 260/130/497 270/313/500 548/133/506
f 268/134/512 278/314/515 550/137/521
f 276/138/527 286/315/530 552/141/536
f 284/142/542 294/316/545 554/145/551
f 292/146/557 302/317/560 556/149/566
f 300/150/572 310/318/575 558/153/581
f 308/154/587 318/319/590 560/156/596
f 316/157/325 166/82/316 522/158/319
s 1
f 572/224/599 566/223/308 168/320/307 314/321/323
f 580/227/585 574/226/600 320/155/592 306/152/582
f 588/230/570 582/229/586 312/151/577 298/148/567
f 596/233/555 590/232/571 304/147/562 290/144/552
f 604/236/540 598/235/556 296/143/547 282/140/537
f 612/239/525 606/238/541 288/139/532 274/136/522
f 620/242/510 614/241/526 280/135/517 266/132/507
f 628/245/495 622/244/511 272/131/502 258/128/492
f 636/248/480 630/247/496 264/127/487 250/124/477
f 644/251/465 638/250/481 256/123/472 242/120/462
f 652/254/450 646/253/466 248/119/457 234/116/447
f 660/257/435 654/256/451 240/115/442 226/112/432
f 668/260/420 662/259/436 232/111/427 218/108/417
f 676/263/405 670/262/421 224/107/412 210/104/402
f 684/266/390 678/265/406 216/103/397 202/100/387
f 692/269/375 686/268/391 208/99/382 194/96/372
f 700/272/360 694/271/376 200/95/367 186/92/357
f 708/275/345 702/274/361 192/91/352 178/88/342
f 716/278/330 710/277/346 184/87/337 170/84/327
f 564/322/306 718/219/331 176/83/314 162/80/303
f 478/218/614 324/163/607 568/323/610 570/222/762
f 470/217/751 480/324/754 576/325/761 578/225/758
f 462/214/743 472/326/746 584/327/757 586/228/750
f 454/211/735 464/328/738 592/329/749 594/231/742
f 446/208/727 456/330/730 600/331/741 602/234/734
f 438/205/719 448/332/722 608/333/733 610/237/726
f 430/202/711 440/334/714 616/335/725 618/240/718
f 422/199/703 432/336/706 624/337/717 626/243/710
f 414/196/695 424/338/698 632/339/709 634/246/702
f 406/193/687 416/340/690 640/341/701 642/249/694
f 398/190/679 408/342/682 648/343/693 650/252/686
f 390/187/671 400/344/674 656/345/685 658/255/678
f 382/184/663 392/346/666 664/347/677 666/258/670
f 374/181/655 384/348/658 672/349/669 674/261/662
f 366/178/647 376/350/650 680/351/661 682/264/654
f 358/175/639 368/352/642 688/353/653 690/267/646
f 350/172/631 360/354/634 696/355/645 698/270/638
f 342/169/623 352/356/626 704/357/637 706/273/630
f 334/166/615 344/358/618 712/359/629 714/276/622
f 322/161/603 336/360/606 720/221/621 562/220/611
f 7/366/22 8/299/21 1/361/803 721/809/804
f 1/361/803 2/1/12 3/363/11 721/809/804
f 3/362/8 4/2/7 5/365/805 721/807/806
f 5/364/805 6/3/26 7/367/25 721/808/806
f 15/372/14 16/4/13 9/368/30 722/811/807
f 9/368/30 10/6/29 11/370/37 722/811/807
f 11/369/34 12/7/33 13/371/41 722/810/808
f 13/371/41 14/279/10 15/373/9 722/810/808
f 23/378/39 24/8/38 17/374/46 723/813/809
f 17/374/46 18/10/45 19/376/53 723/813/809
f 19/375/50 20/11/49 21/377/56 723/812/810
f 21/377/56 22/280/36 23/379/35 723/812/810
f 31/384/55 32/12/54 25/380/61 724/815/811
f 25/380/61 26/14/60 27/382/68 724/815/811
f 27/381/65 28/15/64 29/383/71 724/814/812
f 29/383/71 30/281/52 31/385/51 724/814/812
f 39/390/70 40/16/69 33/386/76 725/817/813
f 33/386/76 34/18/75 35/388/83 725/817/813
f 35/387/80 36/19/79 37/389/86 725/816/814
f 37/389/86 38/282/67 39/391/66 725/816/814
f 47/396/85 48/20/84 41/392/91 726/819/815
f 41/392/91 42/22/90 43/394/98 726/819/815
f 43/393/95 44/23/94 45/395/101 726/818/816
f 45/395/101 46/283/82 47/397/81 726/818/816
f 55/402/100 56/24/99 49/398/106 727/821/817
f 49/398/106 50/26/105 51/400/110 727/821/817
f 51/399/110 52/27/109 53/401/114 727/820/818
f 53/401/114 54/284/97 55/403/96 727/820/818
f 63/408/111 64/28/113 57/404/119 728/823/819
f 57/404/119 58/30/118 59/406/123 728/823/819
f 59/405/123 60/31/122 61/407/127 728/822/819
f 61/407/127 62/285/112 63/409/111 728/822/819
f 71/414/124 72/32/126 65/410/132 729/825/820
f 65/410/132 66/34/131 67/412/136 729/825/820
f 67/411/136 68/35/135 69/413/140 729/824/820
f 69/413/140 70/286/125 71/415/124 729/824/820
f 79/420/137 80/36/139 73/416/145 730/827/821
f 73/416/145 74/38/144 75/418/149 730/827/821
f 75/417/149 76/39/148 77/419/153 730/826/821
f 77/419/153 78/287/138 79/421/137 730/826/821
f 87/426/150 88/40/152 81/422/158 731/829/822
f 81/422/158 82/42/157 83/424/162 731/829/822
f 83/423/162 84/43/161 85/425/166 731/828/822
f 85/425/166 86/288/151 87/427/150 731/828/822
f 95/432/163 96/44/165 89/428/171 732/831/823
f 89/428/171 90/46/170 91/430/175 732/831/823
f 91/429/175 92/47/174 93/431/179 732/830/823
f 93/431/179 94/289/164 95/433/163 732/830/823
f 103/438/176 104/48/178 97/434/184 733/833/824
f 97/434/184 98/50/183 99/436/191 733/833/824
f 99/435/188 100/51/187 101/437/194 733/832/825
f 101/437/194 102/290/177 103/439/176 733/832/825
f 111/444/193 112/52/192 105/440/199 734/835/826
f 105/440/199 106/54/198 107/442/206 734/835/826
f 107/441/203 108/55/202 109/443/209 734/834/827
f 109/443/209 110/291/190 111/445/189 734/834/827
f 119/450/208 120/56/207 113/446/214 735/837/828
f 113/446/214 114/58/213 115/448/221 735/837/828
f 115/447/218 116/59/217 117/449/224 735/836/829
f 117/449/224 118/292/205 119/451/204 735/836/829
f 127/456/223 128/60/222 121/452/229 736/839/830
f 121/452/229 122/62/228 123/454/236 736/839/830
f 123/453/233 124/63/232 125/455/239 736/838/831
f 125/455/239 126/293/220 127/457/219 736/838/831
f 135/462/238 136/64/237 129/458/244 737/841/832
f 129/458/244 130/66/243 131/460/251 737/841/832
f 131/459/248 132/67/247 133/461/254 737/840/833
f 133/461/254 134/294/235 135/463/234 737/840/833
f 143/468/253 144/68/252 137/464/259 738/843/834
f 137/464/259 138/70/258 139/466/266 738/843/834
f 139/465/263 140/71/262 141/467/835 738/842/836
f 141/467/835 142/295/250 143/469/249 738/842/836
f 151/474/268 152/72/267 145/470/837 739/845/838
f 145/470/837 146/74/284 147/472/283 739/845/838
f 147/471/280 148/75/279 149/473/839 739/844/840
f 149/473/839 150/296/265 151/475/264 739/844/840
f 159/480/286 160/77/285 153/476/841 740/847/842
f 153/476/841 154/300/24 155/478/23 740/847/842
f 155/477/28 156/79/27 157/479/843 740/846/844
f 157/479/843 158/297/282 159/481/281 740/846/844
f 167/487/321 168/320/307 161/483/304 741/849/845
f 161/482/304 162/80/303 163/485/313 741/850/845
s 51
f 163/484/310 164/81/309 165/486/317 741/848/846
f 165/486/317 166/82/316 167/488/324 741/848/846
s 1
f 175/493/315 176/83/314 169/489/328 742/852/847
f 169/489/328 170/84/327 171/491/336 742/852/847
s 51
f 171/490/333 172/86/332 173/492/339 742/851/848
f 173/492/339 174/301/312 175/494/311 742/851/848
s 1
f 183/499/338 184/87/337 177/495/343 743/854/849
f 177/495/343 178/88/342 179/497/351 743/854/849
s 51
f 179/496/348 180/90/347 181/498/354 743/853/850
f 181/498/354 182/302/335 183/500/334 743/853/850
s 1
f 191/505/353 192/91/352 185/501/358 744/856/851
f 185/501/358 186/92/357 187/503/366 744/856/851
s 51
f 187/502/363 188/94/362 189/504/369 744/855/852
f 189/504/369 190/303/350 191/506/349 744/855/852
s 1
f 199/511/368 200/95/367 193/507/373 745/858/853
f 193/507/373 194/96/372 195/509/381 745/858/853
s 51
f 195/508/378 196/98/377 197/510/384 745/857/854
f 197/510/384 198/304/365 199/512/364 745/857/854
s 1
f 207/517/383 208/99/382 201/513/388 746/860/855
f 201/513/388 202/100/387 203/515/396 746/860/855
s 51
f 203/514/393 204/102/392 205/516/399 746/859/856
f 205/516/399 206/305/380 207/518/379 746/859/856
s 1
f 215/523/398 216/103/397 209/519/403 747/862/857
f 209/519/403 210/104/402 211/521/411 747/862/857
s 51
f 211/520/408 212/106/407 213/522/414 747/861/858
f 213/522/414 214/306/395 215/524/394 747/861/858
s 1
f 223/529/413 224/107/412 217/525/418 748/864/859
f 217/525/418 218/108/417 219/527/426 748/864/859
s 51
f 219/526/423 220/110/422 221/528/429 748/863/860
f 221/528/429 222/307/410 223/530/409 748/863/860
s 1
f 231/535/428 232/111/427 225/531/433 749/866/861
f 225/531/433 226/112/432 227/533/441 749/866/861
s 51
f 227/532/438 228/114/437 229/534/444 749/865/862
f 229/534/444 230/308/425 231/536/424 749/865/862
s 1
f 239/541/443 240/115/442 233/537/448 750/868/863
f 233/537/448 234/116/447 235/539/456 750/868/863
s 51
f 235/538/453 236/118/452 237/540/459 750/867/864
f 237/540/459 238/309/440 239/542/439 750/867/864
s 1
f 247/547/458 248/119/457 241/543/463 751/870/865
f 241/543/463 242/120/462 243/545/471 751/870/865
s 51
f 243/544/468 244/122/467 245/546/474 751/869/866
f 245/546/474 246/310/455 247/548/454 751/869/866
s 1
f 255/553/473 256/123/472 249/549/478 752/872/867
f 249/549/478 250/124/477 251/551/486 752/872/867
s 51
f 251/550/483 252/126/482 253/552/489 752/871/868
f 253/552/489 254/311/470 255/554/469 752/871/868
s 1
f 263/559/488 264/127/487 257/555/493 753/874/869
f 257/555/493 258/128/492 259/557/501 753/874/869
s 51
f 259/556/498 260/130/497 261/558/504 753/873/870
f 261/558/504 262/312/485 263/560/484 753/873/870
s 1
f 271/565/503 272/131/502 265/561/508 754/876/871
f 265/561/508 266/132/507 267/563/516 754/876/871
s 51
f 267/562/513 268/134/512 269/564/519 754/875/872
f 269/564/519 270/313/500 271/566/499 754/875/872
s 1
f 279/571/518 280/135/517 273/567/523 755/878/873
f 273/567/523 274/136/522 275/569/531 755/878/873
s 51
f 275/568/528 276/138/527 277/570/534 755/877/874
f 277/570/534 278/314/515 279/572/514 755/877/874
s 1
f 287/577/533 288/139/532 281/573/538 756/880/875
f 281/573/538 282/140/537 283/575/546 756/880/875
s 51
f 283/574/543 284/142/542 285/576/549 756/879/876
f 285/576/549 286/315/530 287/578/529 756/879/876
s 1
f 295/583/548 296/143/547 289/579/553 757/882/877
f 289/579/553 290/144/552 291/581/561 757/882/877
s 51
f 291/580/558 292/146/557 293/582/564 757/881/878
f 293/582/564 294/316/545 295/584/544 757/881/878
s 1
f 303/589/563 304/147/562 297/585/568 758/884/879
f 297/585/568 298/148/567 299/587/576 758/884/879
s 51
f 299/586/573 300/150/572 301/588/579 758/883/880
f 301/588/579 302/317/560 303/590/559 758/883/880
s 1
f 311/595/578 312/151/577 305/591/583 759/886/881
f 305/591/583 306/152/582 307/593/591 759/886/881
s 51
f 307/592/588 308/154/587 309/594/594 759/885/882
f 309/594/594 310/318/575 311/596/574 759/885/882
s 1
f 319/601/593 320/155/592 313/597/883 760/888/884
f 313/597/883 314/321/323 315/599/322 760/888/884
s 51
f 315/598/326 316/157/325 317/600/601 760/887/885
f 317/600/601 318/319/590 319/602/589 760/887/885
s 1
f 327/607/17 328/159/20 321/603/604 761/890/886
f 321/603/604 322/161/603 323/605/608 761/890/886
f 323/604/608 324/163/607 325/606/612 761/889/886
f 325/606/612 326/298/18 327/608/17 761/889/886
f 335/612/619 336/360/606 329/609/605 762/891/887
f 329/609/605 330/160/43 331/610/42 762/891/887
f 331/610/42 332/164/44 333/611/616 762/891/887
f 333/611/616 334/166/615 335/612/619 762/891/887
f 343/616/627 344/358/618 337/613/617 763/892/888
f 337/613/617 338/165/58 339/614/57 763/892/888
f 339/614/57 340/167/59 341/615/624 763/892/888
f 341/615/624 342/169/623 343/616/627 763/892/888
f 351/620/635 352/356/626 345/617/625 764/893/889
f 345/617/625 346/168/73 347/618/72 764/893/889
f 347/618/72 348/170/74 349/619/632 764/893/889
f 349/619/632 350/172/631 351/620/635 764/893/889
f 359/624/643 360/354/634 353/621/633 765/894/890
f 353/621/633 354/171/88 355/622/87 765/894/890
f 355/622/87 356/173/89 357/623/640 765/894/890
f 357/623/640 358/175/639 359/624/643 765/894/890
f 367/628/651 368/352/642 361/625/641 766/895/891
f 361/625/641 362/174/103 363/626/102 766/895/891
f 363/626/102 364/176/104 365/627/648 766/895/891
f 365/627/648 366/178/647 367/628/651 766/895/891
f 375/632/659 376/350/650 369/629/649 767/896/892
f 369/629/649 370/177/116 371/630/115 767/896/892
f 371/630/115 372/179/117 373/631/656 767/896/892
f 373/631/656 374/181/655 375/632/659 767/896/892
f 383/636/667 384/348/658 377/633/657 768/897/893
f 377/633/657 378/180/129 379/634/128 768/897/893
f 379/634/128 380/182/130 381/635/664 768/897/893
f 381/635/664 382/184/663 383/636/667 768/897/893
f 391/640/675 392/346/666 385/637/665 769/898/894
f 385/637/665 386/183/142 387/638/141 769/898/894
f 387/638/141 388/185/143 389/639/672 769/898/894
f 389/639/672 390/187/671 391/640/675 769/898/894
f 399/644/683 400/344/674 393/641/673 770/899/895
f 393/641/673 394/186/155 395/642/154 770/899/895
f 395/642/154 396/188/156 397/643/680 770/899/895
f 397/643/680 398/190/679 399/644/683 770/899/895
f 407/648/691 408/342/682 401/645/681 771/900/896
f 401/645/681 402/189/168 403/646/167 771/900/896
f 403/646/167 404/191/169 405/647/688 771/900/896
f 405/647/688 406/193/687 407/648/691 771/900/896
f 415/652/699 416/340/690 409/649/689 772/901/897
f 409/649/689 410/192/181 411/650/180 772/901/897
f 411/650/180 412/194/182 413/651/696 772/901/897
f 413/651/696 414/196/695 415/652/699 772/901/897
f 423/656/707 424/338/698 417/653/697 773/902/898
f 417/653/697 418/195/196 419/654/195 773/902/898
f 419/654/195 420/197/197 421/655/704 773/902/898
f 421/655/704 422/199/703 423/656/707 773/902/898
f 431/660/715 432/336/706 425/657/705 774/903/899
f 425/657/705 426/198/211 427/658/210 774/903/899
f 427/658/210 428/200/212 429/659/712 774/903/899
f 429/659/712 430/202/711 431/660/715 774/903/899
f 439/664/723 440/334/714 433/661/713 775/904/900
f 433/661/713 434/201/226 435/662/225 775/904/900
f 435/662/225 436/203/227 437/663/720 775/904/900
f 437/663/720 438/205/719 439/664/723 775/904/900
f 447/668/731 448/332/722 441/665/721 776/905/901
f 441/665/721 442/204/241 443/666/240 776/905/901
f 443/666/240 444/206/242 445/667/728 776/905/901
f 445/667/728 446/208/727 447/668/731 776/905/901
f 455/672/739 456/330/730 449/669/729 777/906/902
f 449/669/729 450/207/256 451/670/255 777/906/902
f 451/670/255 452/209/257 453/671/736 777/906/902
f 453/671/736 454/211/735 455/672/739 777/906/902
f 463/676/747 464/328/738 457/673/737 778/907/903
f 457/673/737 458/210/271 459/674/270 778/907/903
f 459/674/270 460/212/273 461/675/744 778/907/903
f 461/675/744 462/214/743 463/676/747 778/907/903
f 471/680/755 472/326/746 465/677/745 779/908/904
f 465/677/745 466/213/290 467/678/289 779/908/904
f 467/678/289 468/215/292 469/679/752 779/908/904
f 469/679/752 470/217/751 471/680/755 779/908/904
f 479/684/759 480/324/754 473/681/753 780/909/905
f 473/681/753 474/216/300 475/682/299 780/909/905
f 475/682/299 476/162/302 477/683/613 780/909/905
f 477/683/613 478/218/614 479/684/759 780/909/905
f 519/704/3 520/76/6 481/685/295 781/910/906
f 481/685/295 482/78/277 483/686/276 781/910/906
f 483/686/276 484/73/261 485/687/260 781/910/906
f 485/687/260 486/69/246 487/688/245 781/910/906
f 487/688/245 488/65/231 489/689/230 781/910/906
f 489/689/230 490/61/216 491/690/215 781/910/906
f 491/690/215 492/57/201 493/691/200 781/910/906
f 493/691/200 494/53/186 495/692/185 781/910/906
f 495/692/185 496/49/173 497/693/172 781/910/906
f 497/693/172 498/45/160 499/694/159 781/910/906
f 499/694/159 500/41/147 501/695/146 781/910/906
f 501/695/146 502/37/134 503/696/133 781/910/906
f 503/696/133 504/33/121 505/697/120 781/910/906
f 505/697/120 506/29/108 507/698/107 781/910/906
f 507/698/107 508/25/93 509/699/92 781/910/906
f 509/699/92 510/21/78 511/700/77 781/910/906
f 511/700/77 512/17/63 513/701/62 781/910/906
f 513/701/62 514/13/48 515/702/47 781/910/906
f 515/702/47 516/9/32 517/703/31 781/910/906
f 517/703/31 518/5/4 519/704/3 781/910/906
s 51
f 559/724/595 560/156/596 521/705/602 782/911/907
f 521/705/602 522/158/319 523/706/318 782/911/907
f 523/706/318 524/85/320 525/707/340 782/911/907
f 525/707/340 526/89/341 527/708/355 782/911/907
f 527/708/355 528/93/356 529/709/370 782/911/907
f 529/709/370 530/97/371 531/710/385 782/911/907
f 531/710/385 532/101/386 533/711/400 782/911/907
f 533/711/400 534/105/401 535/712/415 782/911/907
f 535/712/415 536/109/416 537/713/430 782/911/907
f 537/713/430 538/113/431 539/714/445 782/911/907
f 539/714/445 540/117/446 541/715/460 782/911/907
f 541/715/460 542/121/461 543/716/475 782/911/907
f 543/716/475 544/125/476 545/717/490 782/911/907
f 545/717/490 546/129/491 547/718/505 782/911/907
f 547/718/505 548/133/506 549/719/520 782/911/907
f 549/719/520 550/137/521 551/720/535 782/911/907
f 551/720/535 552/141/536 553/721/550 782/911/907
f 553/721/550 554/145/551 555/722/565 782/911/907
f 555/722/565 556/149/566 557/723/580 782/911/907
f 557/723/580 558/153/581 559/724/595 782/911/907
s 1
f 567/730/765 568/323/610 561/726/609 783/913/908
f 561/725/609 562/220/611 563/727/763 783/912/908
f 563/727/763 564/322/306 565/729/305 783/912/908
f 565/728/305 566/223/308 567/730/765 783/913/908
f 575/734/767 576/325/761 569/731/760 784/914/909
f 569/731/760 570/222/762 571/732/766 784/914/909
f 571/732/766 572/224/599 573/733/598 784/914/909
f 573/733/598 574/226/600 575/734/767 784/914/909
f 583/738/769 584/327/757 577/735/756 785/915/910
f 577/735/756 578/225/758 579/736/768 785/915/910
f 579/736/768 580/227/585 581/737/584 785/915/910
f 581/737/584 582/229/586 583/738/769 785/915/910
f 591/742/771 592/329/749 585/739/748 786/916/911
f 585/739/748 586/228/750 587/740/770 786/916/911
f 587/740/770 588/230/570 589/741/569 786/916/911
f 589/741/569 590/232/571 591/742/771 786/916/911
f 599/746/773 600/331/741 593/743/740 787/917/912
f 593/743/740 594/231/742 595/744/772 787/917/912
f 595/744/772 596/233/555 597/745/554 787/917/912
f 597/745/554 598/235/556 599/746/773 787/917/912
f 607/750/775 608/333/733 601/747/732 788/918/913
f 601/747/732 602/234/734 603/748/774 788/918/913
f 603/748/774 604/236/540 605/749/539 788/918/913
f 605/749/539 606/238/541 607/750/775 788/918/913
f 615/754/777 616/335/725 609/751/724 789/919/914
f 609/751/724 610/237/726 611/752/776 789/919/914
f 611/752/776 612/239/525 613/753/524 789/919/914
f 613/753/524 614/241/526 615/754/777 789/919/914
f 623/758/779 624/337/717 617/755/716 790/920/915
f 617/755/716 618/240/718 619/756/778 790/920/915
f 619/756/778 620/242/510 621/757/509 790/920/915
f 621/757/509 622/244/511 623/758/779 790/920/915
f 631/762/781 632/339/709 625/759/708 791/921/916
f 625/759/708 626/243/710 627/760/780 791/921/916
f 627/760/780 628/245/495 629/761/494 791/921/916
f 629/761/494 630/247/496 631/762/781 791/921/916
f 639/766/783 640/341/701 633/763/700 792/922/917
f 633/763/700 634/246/702 635/764/782 792/922/917
f 635/764/782 636/248/480 637/765/479 792/922/917
f 637/765/479 638/250/481 639/766/783 792/922/917
f 647/770/785 648/343/693 641/767/692 793/923/918
f 641/767/692 642/249/694 643/768/784 793/923/918
f 643/768/784 644/251/465 645/769/464 793/923/918
f 645/769/464 646/253/466 647/770/785 793/923/918
f 655/774/787 656/345/685 649/771/684 794/924/919
f 649/771/684 650/252/686 651/772/786 794/924/919
f 651/772/786 652/254/450 653/773/449 794/924/919
f 653/773/449 654/256/451 655/774/787 794/924/919
f 663/778/789 664/347/677 657/775/676 795/925/920
f 657/775/676 658/255/678 659/776/788 795/925/920
f 659/776/788 660/257/435 661/777/434 795/925/920
f 661/777/434 662/259/436 663/778/789 795/925/920
f 671/782/791 672/349/669 665/779/668 796/926/921
f 665/779/668 666/258/670 667/780/790 796/926/921
f 667/780/790 668/260/420 669/781/419 796/926/921
f 669/781/419 670/262/421 671/782/791 796/926/921
f 679/786/793 680/351/661 673/783/660 797/927/922
f 673/783/660 674/261/662 675/784/792 797/927/922
f 675/784/792 676/263/405 677/785/404 797/927/922
f 677/785/404 678/265/406 679/786/793 797/927/922
f 687/790/795 688/353/653 681/787/652 798/928/923
f 681/787/652 682/264/654 683/788/794 798/928/923
f 683/788/794 684/266/390 685/789/389 798/928/923
f 685/789/389 686/268/391 687/790/795 798/928/923
f 695/794/797 696/355/645 689/791/644 799/929/924
f 689/791/644 690/267/646 691/792/796 799/929/924
f 691/792/796 692/269/375 693/793/374 799/929/924
f 693/793/374 694/271/376 695/794/797 799/929/924
f 703/798/799 704/357/637 697/795/636 800/930/925
f 697/795/636 698/270/638 699/796/798 800/930/925
f 699/796/798 700/272/360 701/797/359 800/930/925
f 701/797/359 702/274/361 703/798/799 800/930/925
f 711/802/801 712/359/629 705/799/628 801/931/926
f 705/799/628 706/273/630 707/800/800 801/931/926
f 707/800/800 708/275/345 709/801/344 801/931/926
f 709/801/344 710/277/346 711/802/801 801/931/926
f 719/806/764 720/221/621 713/803/620 802/932/927
f 713/803/620 714/276/622 715/804/802 802/932/927
f 715/804/802 716/278/330 717/805/329 802/932/927
f 717/805/329 718/219/331 719/806/764 802/932/927
g default
v 22.735463 2.922941 -8.685239
v 22.741558 2.859857 -8.689023
v 22.738849 2.856651 -8.687337
v 22.735180 2.853960 -8.685052
v 22.730464 2.852003 -8.682116
v 22.725164 2.850972 -8.678816
v 22.719798 2.850969 -8.675476
v 22.707437 2.857930 -8.667782
v 22.734035 2.922979 -8.688425
v 22.740099 2.859733 -8.692190
v 22.737724 2.856415 -8.690711
v 22.733875 2.853592 -8.688314
v 22.728928 2.851539 -8.685235
v 22.723368 2.850458 -8.681774
v 22.717740 2.850454 -8.678270
v 22.705138 2.857465 -8.670426
v 22.734837 2.923217 -8.692601
v 22.740810 2.859498 -8.696309
v 22.738114 2.855731 -8.694630
v 22.733744 2.852525 -8.691909
v 22.728127 2.850195 -8.688412
v 22.721815 2.848967 -8.684482
v 22.715424 2.848963 -8.680504
v 22.702125 2.856119 -8.672226
v 22.737347 2.923586 -8.697080
v 22.743179 2.859132 -8.700701
v 22.739981 2.854665 -8.698710
v 22.734799 2.850864 -8.695483
v 22.728140 2.848101 -8.691337
v 22.720654 2.846645 -8.686677
v 22.713076 2.846640 -8.681959
v 22.699968 2.855285 -8.673800
v 22.741318 2.924053 -8.701425
v 22.746972 2.858672 -8.704935
v 22.743143 2.853323 -8.702551
v 22.736938 2.848771 -8.698687
v 22.728964 2.845462 -8.693723
v 22.720001 2.843720 -8.688143
v 22.710927 2.843714 -8.682494
v 22.696451 2.852644 -8.673484
v 22.746361 2.924570 -8.705211
v 22.751819 2.858161 -8.708598
v 22.747291 2.851835 -8.705778
v 22.739951 2.846452 -8.701208
v 22.730520 2.842538 -8.695336
v 22.719919 2.840477 -8.688737
v 22.709187 2.840470 -8.682056
v 22.693195 2.849717 -8.672102
v 22.751984 2.925087 -8.708066
v 22.757245 2.857651 -8.711330
v 22.752017 2.850348 -8.708074
v 22.743544 2.844132 -8.702799
v 22.732655 2.839614 -8.696019
v 22.720416 2.837234 -8.688400
v 22.708026 2.837226 -8.680687
v 22.690517 2.846789 -8.669789
v 22.757636 2.925553 -8.709711
v 22.762719 2.857191 -8.712864
v 22.756860 2.849006 -8.709216
v 22.747364 2.842040 -8.703303
v 22.735160 2.836976 -8.695705
v 22.721444 2.834309 -8.687166
v 22.707558 2.834300 -8.678522
v 22.688681 2.844149 -8.666773
v 22.762763 2.925924 -8.709985
v 22.767705 2.856826 -8.713051
v 22.761345 2.847941 -8.709090
v 22.751037 2.840380 -8.702672
v 22.737790 2.834883 -8.694425
v 22.722902 2.831988 -8.685156
v 22.707828 2.831978 -8.675773
v 22.687866 2.842053 -8.663347
v 22.766863 2.926162 -8.708862
v 22.771715 2.856592 -8.711871
v 22.765033 2.847258 -8.707710
v 22.754204 2.839314 -8.700968
v 22.740288 2.833539 -8.692304
v 22.724646 2.830498 -8.682566
v 22.708811 2.830488 -8.672708
v 22.688152 2.840708 -8.659849
v 22.769536 2.926244 -8.706451
v 22.774357 2.856511 -8.709441
v 22.767564 2.847022 -8.705211
v 22.756556 2.838947 -8.698356
v 22.742408 2.833077 -8.689549
v 22.726507 2.829985 -8.679649
v 22.710409 2.829974 -8.669628
v 22.689510 2.840245 -8.656619
v 22.770520 2.926163 -8.702988
v 22.775371 2.856593 -8.705997
v 22.768690 2.847259 -8.701836
v 22.757861 2.839315 -8.695094
v 22.743944 2.833540 -8.686430
v 22.728303 2.830499 -8.676692
v 22.712467 2.830489 -8.666834
v 22.691808 2.840709 -8.653975
v 22.769718 2.925926 -8.698813
v 22.774660 2.856828 -8.701878
v 22.768300 2.847943 -8.697918
v 22.757992 2.840382 -8.691500
v 22.744745 2.834885 -8.683253
v 22.729857 2.831990 -8.673984
v 22.714783 2.831980 -8.664600
v 22.694821 2.842055 -8.652175
v 22.767208 2.925556 -8.694333
v 22.772292 2.857193 -8.697487
v 22.766432 2.849008 -8.693838
v 22.756936 2.842043 -8.687925
v 22.744733 2.836979 -8.680328
v 22.731017 2.834312 -8.671789
v 22.717131 2.834303 -8.663144
v 22.698254 2.844151 -8.651395
v 22.763238 2.925090 -8.689988
v 22.768498 2.857654 -8.693252
v 22.763270 2.850351 -8.689997
v 22.754797 2.844136 -8.684721
v 22.743909 2.839617 -8.677942
v 22.731670 2.837237 -8.670323
v 22.719280 2.837229 -8.662609
v 22.701771 2.846792 -8.651712
v 22.758194 2.924573 -8.686203
v 22.763652 2.858165 -8.689590
v 22.759123 2.851839 -8.686770
v 22.751784 2.846455 -8.682200
v 22.742353 2.842541 -8.676328
v 22.731752 2.840480 -8.669729
v 22.721020 2.840473 -8.663048
v 22.705027 2.849720 -8.653094
v 22.752571 2.924056 -8.683348
v 22.758226 2.858675 -8.686857
v 22.754397 2.853326 -8.684473
v 22.748192 2.848775 -8.680610
v 22.740218 2.845465 -8.675645
v 22.731255 2.843723 -8.670065
v 22.722181 2.843717 -8.664417
v 22.707705 2.852647 -8.655406
v 22.746920 2.923589 -8.681703
v 22.752752 2.859135 -8.685323
v 22.749554 2.854668 -8.683332
v 22.744372 2.850867 -8.680105
v 22.737712 2.848103 -8.675959
v 22.730227 2.846648 -8.671299
v 22.722649 2.846643 -8.666582
v 22.709541 2.855288 -8.658423
v 22.741793 2.923219 -8.681428
v 22.747766 2.859500 -8.685137
v 22.745069 2.855733 -8.683457
v 22.740699 2.852527 -8.680736
v 22.735082 2.850196 -8.677239
v 22.728770 2.848969 -8.673310
v 22.722379 2.848965 -8.669331
v 22.709080 2.856121 -8.661054
v 22.737692 2.922980 -8.682552
v 22.743755 2.859734 -8.686316
v 22.741380 2.856416 -8.684837
v 22.737531 2.853593 -8.682441
v 22.732585 2.851540 -8.679361
v 22.727025 2.850459 -8.675900
v 22.721396 2.850455 -8.672396
v 22.708795 2.857467 -8.664552
v 22.714855 2.853873 -8.672399
v 22.716345 2.853382 -8.669252
v 22.716962 2.852757 -8.665960
v 22.716744 2.850537 -8.662906
v 22.715659 2.847740 -8.660357
v 22.713815 2.844639 -8.658564
v 22.711392 2.841538 -8.657700
v 22.708627 2.838740 -8.657851
v 22.705790 2.836519 -8.659002
v 22.703160 2.835093 -8.661041
v 22.700994 2.834601 -8.663768
v 22.699504 2.835092 -8.666915
v 22.698835 2.836517 -8.670175
v 22.699054 2.838737 -8.673229
v 22.700138 2.841534 -8.675777
v 22.701982 2.844636 -8.677571
v 22.704406 2.847737 -8.678435
v 22.707171 2.850535 -8.678284
v 22.710007 2.852755 -8.677132
v 22.712689 2.853381 -8.675126
v 22.740407 2.869350 -8.688308
v 22.742613 2.869269 -8.685606
v 22.746647 2.869160 -8.684442
v 22.751670 2.868989 -8.684651
v 22.757191 2.868774 -8.686215
v 22.762669 2.868535 -8.688980
v 22.767568 2.868296 -8.692675
v 22.771408 2.868080 -8.696938
v 22.773814 2.867909 -8.701353
v 22.774549 2.867798 -8.705487
v 22.773543 2.867760 -8.708936
v 22.770893 2.867797 -8.711361
v 22.766858 2.867907 -8.712526
v 22.761835 2.868077 -8.712316
v 22.756314 2.868293 -8.710752
v 22.750836 2.868532 -8.707988
v 22.745938 2.868771 -8.704293
v 22.742097 2.868986 -8.700029
v 22.739692 2.869158 -8.695614
v 22.738956 2.869268 -8.691480
v 22.739643 2.875652 -8.687834
v 22.741854 2.875600 -8.685135
v 22.745904 2.875574 -8.683980
v 22.750952 2.875532 -8.684205
v 22.756504 2.875479 -8.685789
v 22.762017 2.875420 -8.688575
v 22.766950 2.875362 -8.692291
v 22.770821 2.875308 -8.696574
v 22.773252 2.875266 -8.701005
v 22.774003 2.875238 -8.705148
v 22.773002 2.875228 -8.708600
v 22.770346 2.875237 -8.711022
v 22.766296 2.875264 -8.712177
v 22.761248 2.875306 -8.711952
v 22.755696 2.875358 -8.710369
v 22.750184 2.875417 -8.707583
v 22.745251 2.875476 -8.703866
v 22.741379 2.875529 -8.699583
v 22.738949 2.875572 -8.695153
v 22.738198 2.875599 -8.691009
v 22.738881 2.881936 -8.687361
v 22.741098 2.881912 -8.684665
v 22.745164 2.881968 -8.683520
v 22.750236 2.882055 -8.683761
v 22.755819 2.882164 -8.685363
v 22.761366 2.882285 -8.688171
v 22.766334 2.882406 -8.691909
v 22.770236 2.882515 -8.696211
v 22.772691 2.882601 -8.700657
v 22.773459 2.882656 -8.704811
v 22.772463 2.882675 -8.708266
v 22.769802 2.882655 -8.710684
v 22.765736 2.882599 -8.711829
v 22.760664 2.882512 -8.711589
v 22.755080 2.882403 -8.709986
v 22.749534 2.882282 -8.707179
v 22.744566 2.882161 -8.703441
v 22.740664 2.882052 -8.699139
v 22.738209 2.881966 -8.694693
v 22.737441 2.881911 -8.690539
v 22.738261 2.887049 -8.686975
v 22.740482 2.887049 -8.684283
v 22.744561 2.887172 -8.683146
v 22.749654 2.887364 -8.683399
v 22.755262 2.887605 -8.685017
v 22.760837 2.887872 -8.687842
v 22.765833 2.888139 -8.691598
v 22.769760 2.888380 -8.695916
v 22.772235 2.888570 -8.700374
v 22.773015 2.888693 -8.704536
v 22.772024 2.888734 -8.707994
v 22.769359 2.888692 -8.710410
v 22.765280 2.888568 -8.711547
v 22.760188 2.888377 -8.711294
v 22.754579 2.888136 -8.709675
v 22.749004 2.887869 -8.706850
v 22.744009 2.887602 -8.703095
v 22.740081 2.887361 -8.698777
v 22.737606 2.887170 -8.694319
v 22.736826 2.887048 -8.690157
v 22.737843 2.890496 -8.686716
v 22.740067 2.890511 -8.684025
v 22.744155 2.890680 -8.682894
v 22.749261 2.890942 -8.683155
v 22.754886 2.891272 -8.684784
v 22.760480 2.891638 -8.687621
v 22.765495 2.892003 -8.691388
v 22.769440 2.892333 -8.695717
v 22.771928 2.892594 -8.700183
v 22.772717 2.892762 -8.704351
v 22.771729 2.892819 -8.707810
v 22.769060 2.892761 -8.710224
v 22.764973 2.892592 -8.711356
v 22.759867 2.892330 -8.711094
v 22.754241 2.892000 -8.709466
v 22.748648 2.891634 -8.706629
v 22.743633 2.891269 -8.702862
v 22.739688 2.890939 -8.698533
v 22.737200 2.890678 -8.694066
v 22.736411 2.890510 -8.689899
vt 0.450000 1.000000
vt 0.500000 1.000000
vt 0.550000 1.000000
vt 0.600000 1.000000
vt 0.650000 1.000000
vt 0.700000 1.000000
vt 0.750000 1.000000
vt 0.800000 1.000000
vt 0.450000 0.950000
vt 0.500000 0.950000
vt 0.550000 0.950000
vt 0.600000 0.950000
vt 0.650000 0.950000
vt 0.700000 0.950000
vt 0.750000 0.950000
vt 0.800000 0.950000
vt 0.450000 0.900000
vt 0.500000 0.900000
vt 0.550000 0.900000
vt 0.600000 0.900000
vt 0.650000 0.900000
vt 0.700000 0.900000
vt 0.750000 0.900000
vt 0.800000 0.900000
vt 0.450000 0.850000
vt 0.500000 0.850000
vt 0.550000 0.850000
vt 0.600000 0.850000
vt 0.650000 0.850000
vt 0.700000 0.850000
vt 0.750000 0.850000
vt 0.800000 0.850000
vt 0.450000 0.800000
vt 0.500000 0.800000
vt 0.550000 0.800000
vt 0.600000 0.800000
vt 0.650000 0.800000
vt 0.700000 0.800000
vt 0.750000 0.800000
vt 0.800000 0.800000
vt 0.450000 0.750000
vt 0.500000 0.750000
vt 0.550000 0.750000
vt 0.600000 0.750000
vt 0.650000 0.750000
vt 0.700000 0.750000
vt 0.750000 0.750000
vt 0.800000 0.750000
vt 0.450000 0.700000
vt 0.500000 0.700000
vt 0.550000 0.700000
vt 0.600000 0.700000
vt 0.650000 0.700000
vt 0.700000 0.700000
vt 0.750000 0.700000
vt 0.800000 0.700000
vt 0.450000 0.650000
vt 0.500000 0.650000
vt 0.550000 0.650000
vt 0.600000 0.650000
vt 0.650000 0.650000
vt 0.700000 0.650000
vt 0.750000 0.650000
vt 0.800000 0.650000
vt 0.450000 0.600000
vt 0.500000 0.600000
vt 0.550000 0.600000
vt 0.600000 0.600000
vt 0.650000 0.600000
vt 0.700000 0.600000
vt 0.750000 0.600000
vt 0.800000 0.600000
vt 0.450000 0.550000
vt 0.500000 0.550000
vt 0.550000 0.550000
vt 0.600000 0.550000
vt 0.650000 0.550000
vt 0.700000 0.550000
vt 0.750000 0.550000
vt 0.800000 0.550000
vt 0.450000 0.500000
vt 0.500000 0.500000
vt 0.550000 0.500000
vt 0.600000 0.500000
vt 0.650000 0.500000
vt 0.700000 0.500000
vt 0.750000 0.500000
vt 0.800000 0.500000
vt 0.450000 0.450000
vt 0.500000 0.450000
vt 0.550000 0.450000
vt 0.600000 0.450000
vt 0.650000 0.450000
vt 0.700000 0.450000
vt 0.750000 0.450000
vt 0.800000 0.450000
vt 0.450000 0.400000
vt 0.500000 0.400000
vt 0.550000 0.400000
vt 0.600000 0.400000
vt 0.650000 0.400000
vt 0.700000 0.400000
vt 0.750000 0.400000
vt 0.800000 0.400000
vt 0.450000 0.350000
vt 0.500000 0.350000
vt 0.550000 0.350000
vt 0.600000 0.350000
vt 0.650000 0.350000
vt 0.700000 0.350000
vt 0.750000 0.350000
vt 0.800000 0.350000
vt 0.450000 0.300000
vt 0.500000 0.300000
vt 0.550000 0.300000
vt 0.600000 0.300000
vt 0.650000 0.300000
vt 0.700000 0.300000
vt 0.750000 0.300000
vt 0.800000 0.300000
vt 0.450000 0.250000
vt 0.500000 0.250000
vt 0.550000 0.250000
vt 0.600000 0.250000
vt 0.650000 0.250000
vt 0.700000 0.250000
vt 0.750000 0.250000
vt 0.800000 0.250000
vt 0.450000 0.200000
vt 0.500000 0.200000
vt 0.550000 0.200000
vt 0.600000 0.200000
vt 0.650000 0.200000
vt 0.700000 0.200000
vt 0.750000 0.200000
vt 0.800000 0.200000
vt 0.450000 0.150000
vt 0.500000 0.150000
vt 0.550000 0.150000
vt 0.600000 0.150000
vt 0.650000 0.150000
vt 0.700000 0.150000
vt 0.750000 0.150000
vt 0.800000 0.150000
vt 0.450000 0.100000
vt 0.500000 0.100000
vt 0.550000 0.100000
vt 0.600000 0.100000
vt 0.650000 0.100000
vt 0.700000 0.100000
vt 0.750000 0.100000
vt 0.800000 0.100000
vt 0.450000 0.050000
vt 0.500000 0.050000
vt 0.550000 0.050000
vt 0.600000 0.050000
vt 0.650000 0.050000
vt 0.700000 0.050000
vt 0.750000 0.050000
vt 0.800000 0.050000
vt 0.450000 -0.000000
vt 0.500000 -0.000000
vt 0.550000 -0.000000
vt 0.600000 -0.000000
vt 0.650000 -0.000000
vt 0.700000 -0.000000
vt 0.750000 -0.000000
vt 0.800000 -0.000000
vt 0.772525 -0.000000
vt 0.772525 1.000000
vt 0.772525 0.050000
vt 0.772525 0.100000
vt 0.772525 0.150000
vt 0.772525 0.200000
vt 0.772525 0.250000
vt 0.772525 0.300000
vt 0.772525 0.350000
vt 0.772525 0.400000
vt 0.772525 0.450000
vt 0.772525 0.500000
vt 0.772525 0.550000
vt 0.772525 0.600000
vt 0.772525 0.650000
vt 0.772525 0.700000
vt 0.772525 0.750000
vt 0.772525 0.800000
vt 0.772525 0.850000
vt 0.772525 0.900000
vt 0.772525 0.950000
vt 0.486793 -0.000000
vt 0.486793 1.000000
vt 0.486793 0.050000
vt 0.486793 0.100000
vt 0.486793 0.150000
vt 0.486793 0.200000
vt 0.486793 0.250000
vt 0.486793 0.300000
vt 0.486793 0.350000
vt 0.486793 0.400000
vt 0.486793 0.450000
vt 0.486793 0.500000
vt 0.486793 0.550000
vt 0.486793 0.600000
vt 0.486793 0.650000
vt 0.486793 0.700000
vt 0.486793 0.750000
vt 0.486793 0.800000
vt 0.486793 0.850000
vt 0.486793 0.900000
vt 0.486793 0.950000
vt 0.478024 -0.000000
vt 0.478024 1.000000
vt 0.478024 0.050000
vt 0.478024 0.100000
vt 0.478024 0.150000
vt 0.478024 0.200000
vt 0.478024 0.250000
vt 0.478024 0.300000
vt 0.478024 0.350000
vt 0.478024 0.400000
vt 0.478024 0.450000
vt 0.478024 0.500000
vt 0.478024 0.550000
vt 0.478024 0.600000
vt 0.478024 0.650000
vt 0.478024 0.700000
vt 0.478024 0.750000
vt 0.478024 0.800000
vt 0.478024 0.850000
vt 0.478024 0.900000
vt 0.478024 0.950000
vt 0.469281 -0.000000
vt 0.469281 1.000000
vt 0.469281 0.050000
vt 0.469281 0.100000
vt 0.469281 0.150000
vt 0.469281 0.200000
vt 0.469281 0.250000
vt 0.469281 0.300000
vt 0.469281 0.350000
vt 0.469281 0.400000
vt 0.469281 0.450000
vt 0.469281 0.500000
vt 0.469281 0.550000
vt 0.469281 0.600000
vt 0.469281 0.650000
vt 0.469281 0.700000
vt 0.469281 0.750000
vt 0.469281 0.800000
vt 0.469281 0.850000
vt 0.469281 0.900000
vt 0.469281 0.950000
vt 0.462166 -0.000000
vt 0.462166 1.000000
vt 0.462166 0.050000
vt 0.462166 0.100000
vt 0.462166 0.150000
vt 0.462166 0.200000
vt 0.462166 0.250000
vt 0.462166 0.300000
vt 0.462166 0.350000
vt 0.462166 0.400000
vt 0.462166 0.450000
vt 0.462166 0.500000
vt 0.462166 0.550000
vt 0.462166 0.600000
vt 0.462166 0.650000
vt 0.462166 0.700000
vt 0.462166 0.750000
vt 0.462166 0.800000
vt 0.462166 0.850000
vt 0.462166 0.900000
vt 0.462166 0.950000
vt 0.457370 -0.000000
vt 0.457370 1.000000
vt 0.457370 0.050000
vt 0.457370 0.100000
vt 0.457370 0.150000
vt 0.457370 0.200000
vt 0.457370 0.250000
vt 0.457370 0.300000
vt 0.457370 0.350000
vt 0.457370 0.400000
vt 0.457370 0.450000
vt 0.457370 0.500000
vt 0.457370 0.550000
vt 0.457370 0.600000
vt 0.457370 0.650000
vt 0.457370 0.700000
vt 0.457370 0.750000
vt 0.457370 0.800000
vt 0.457370 0.850000
vt 0.457370 0.900000
vt 0.457370 0.950000
vn -0.993438 -0.080867 0.080876
vn -0.845405 -0.091137 0.526293
vn -0.845801 -0.085896 0.526539
vn -0.993581 -0.076396 0.083430
vn -0.534477 0.776996 0.332584
vn -0.842767 0.120519 0.524614
vn -0.991615 0.110986 0.066195
vn -0.703391 0.710474 -0.021622
vn -0.361569 0.904808 0.224924
vn -0.521475 0.849389 -0.081257
vn -0.208465 0.969405 0.129603
vn -0.363221 0.920776 -0.142275
vn -0.069711 0.996631 0.043221
vn -0.226462 0.949798 -0.215867
vn 0.197967 0.972409 -0.123409
vn 0.029726 0.921481 -0.387284
vn 0.186413 0.863203 -0.469181
vn 0.363916 0.903421 -0.226703
vn -0.931166 -0.054284 -0.360531
vn -0.932204 -0.051517 -0.358249
vn -0.926748 0.082679 -0.366473
vn -0.759247 0.545706 -0.354611
vn -0.615089 0.698273 -0.366170
vn -0.481720 0.779572 -0.400266
vn -0.363655 0.811269 -0.457819
vn -0.160718 0.758490 -0.631555
vn 0.016921 0.754379 -0.656222
vn -0.803506 -0.032856 -0.594389
vn -0.805003 -0.031402 -0.592439
vn -0.796040 0.062677 -0.601989
vn -0.722025 0.358229 -0.591906
vn -0.639923 0.483873 -0.596964
vn -0.551974 0.558892 -0.618842
vn -0.467764 0.588091 -0.659807
vn -0.337803 0.523151 -0.782434
vn -0.220295 0.489471 -0.843735
vn -0.667530 -0.015283 -0.744426
vn -0.669284 -0.014779 -0.742860
vn -0.657204 0.034594 -0.752918
vn -0.635725 0.168981 -0.753193
vn -0.604615 0.236365 -0.760639
vn -0.566177 0.280040 -0.775256
vn -0.525200 0.297324 -0.797348
vn -0.465510 0.253932 -0.847832
vn -0.404143 0.233823 -0.884305
vn -0.526490 -0.000046 -0.850181
vn -0.528464 -0.000195 -0.848955
vn -0.513128 -0.003965 -0.858303
vn -0.516761 -0.016451 -0.855972
vn -0.519099 -0.023189 -0.854399
vn -0.522349 -0.027670 -0.852283
vn -0.526203 -0.029456 -0.849848
vn -0.536974 -0.039100 -0.842692
vn -0.530656 -0.009210 -0.847537
vn -0.368846 0.014493 -0.929377
vn -0.371076 0.013919 -0.928498
vn -0.351949 -0.054681 -0.934421
vn -0.367265 -0.200899 -0.908161
vn -0.390898 -0.279714 -0.876903
vn -0.425897 -0.330274 -0.842337
vn -0.470316 -0.350228 -0.810027
vn -0.549792 -0.332023 -0.766479
vn -0.607496 -0.259742 -0.750655
vn -0.173598 0.029955 -0.984361
vn -0.176110 0.029129 -0.983939
vn -0.153562 -0.119385 -0.980901
vn -0.181805 -0.386388 -0.904241
vn -0.226246 -0.518195 -0.824795
vn -0.288915 -0.595675 -0.749466
vn -0.367601 -0.625783 -0.687943
vn -0.506024 -0.597244 -0.622285
vn -0.630063 -0.503603 -0.591105
vn 0.092926 0.047870 -0.994522
vn 0.090319 0.046923 -0.994807
vn 0.110467 -0.198764 -0.973802
vn 0.045065 -0.565413 -0.823576
vn -0.033934 -0.718724 -0.694467
vn -0.127123 -0.799402 -0.587194
vn -0.233749 -0.830939 -0.504878
vn -0.412857 -0.807777 -0.420768
vn -0.591620 -0.717212 -0.368228
vn 0.462396 0.067436 -0.884105
vn 0.460609 0.066478 -0.885110
vn 0.457551 -0.281868 -0.843325
vn 0.302995 -0.708972 -0.636830
vn 0.170125 -0.855708 -0.488693
vn 0.043489 -0.926410 -0.373996
vn -0.083967 -0.955249 -0.283636
vn -0.281847 -0.942491 -0.179645
vn -0.488408 -0.867635 -0.093095
vn 0.846353 0.077979 -0.526883
vn 0.846414 0.077057 -0.526921
vn 0.803392 -0.323253 -0.500069
vn 0.545171 -0.766617 -0.339245
vn 0.361568 -0.904808 -0.224925
vn 0.208464 -0.969405 -0.129604
vn 0.069710 -0.996631 -0.043222
vn -0.127003 -0.988733 0.079234
vn -0.327742 -0.922439 0.204186
vn 0.997409 0.067573 -0.024673
vn 0.997522 0.066615 -0.022626
vn 0.958729 -0.281739 -0.038237
vn 0.705282 -0.708865 0.009404
vn 0.513731 -0.855615 0.063275
vn 0.354928 -0.926324 0.126295
vn 0.217592 -0.955165 0.200783
vn 0.036932 -0.942403 0.332434
vn -0.131918 -0.867538 0.479558
vn 0.933401 0.048085 0.355599
vn 0.932506 0.047139 0.358064
vn 0.922586 -0.198556 0.330773
vn 0.758972 -0.565225 0.323238
vn 0.608276 -0.718551 0.337171
vn 0.470897 -0.799240 0.373459
vn 0.349976 -0.830780 0.432807
vn 0.195441 -0.807612 0.556387
vn 0.069376 -0.717035 0.693576
vn 0.806639 0.030206 0.590272
vn 0.805153 0.029380 0.592340
vn 0.812399 -0.119138 0.570801
vn 0.731183 -0.386151 0.562369
vn 0.640299 -0.517968 0.567209
vn 0.545055 -0.595455 0.590210
vn 0.455123 -0.625565 0.633666
vn 0.335103 -0.597022 0.728883
vn 0.252360 -0.503372 0.826396
vn 0.671120 0.014759 0.741202
vn 0.669346 0.014185 0.742815
vn 0.683113 -0.054416 0.728283
vn 0.652810 -0.200636 0.730469
vn 0.614342 -0.279454 0.737895
vn 0.567884 -0.330017 0.754054
vn 0.519288 -0.349971 0.779654
vn 0.445129 -0.331765 0.831740
vn 0.405448 -0.259480 0.876517
vn 0.530472 0.000225 0.847702
vn 0.528501 0.000076 0.848933
vn 0.543659 -0.003694 0.839298
vn 0.539966 -0.016180 0.841532
vn 0.537524 -0.022918 0.842937
vn 0.534191 -0.027399 0.844920
vn 0.530305 -0.029186 0.847305
vn 0.519131 -0.038830 0.853812
vn 0.526262 -0.008939 0.850275
vn 0.373324 -0.015017 0.927579
vn 0.371144 -0.014512 0.928462
vn 0.385495 0.034861 0.922051
vn 0.395202 0.169245 0.902868
vn 0.415607 0.236627 0.878225
vn 0.445683 0.280300 0.850176
vn 0.483592 0.297583 0.823154
vn 0.555246 0.254194 0.791889
vn 0.615064 0.234085 0.752928
vn 0.178676 -0.032604 0.983368
vn 0.176265 -0.031151 0.983850
vn 0.188777 0.062929 0.980002
vn 0.212355 0.358471 0.909067
vn 0.253116 0.484106 0.837600
vn 0.311558 0.559119 0.768321
vn 0.385484 0.588317 0.710834
vn 0.552896 0.523384 0.648363
vn 0.659776 0.489701 0.569990
vn -0.087513 -0.054068 0.994695
vn -0.090019 -0.051302 0.994618
vn -0.080253 0.082896 0.993322
vn -0.017032 0.545901 0.837677
vn 0.056950 0.698453 0.713386
vn 0.146404 0.779742 0.608743
vn 0.250158 0.811435 0.528199
vn 0.495642 0.758667 0.422804
vn 0.596188 0.754534 0.274294
vn -0.511074 -0.080743 0.855736
vn -0.513429 -0.076273 0.854735
vn -0.497127 0.111113 0.860534
vn -0.291197 0.710585 0.640525
vn -0.157408 0.849488 0.503579
vn -0.032811 0.920867 0.388493
vn 0.093587 0.949887 0.298254
vn 0.360492 0.921573 0.144047
vn 0.503151 0.863290 0.039616
vn 0.482118 0.874678 0.050000
vn 0.355843 0.907873 -0.221679
vn 0.560486 0.785794 0.261501
vn 0.644916 0.543698 0.537100
vn 0.619579 0.248553 0.744543
vn 0.534886 0.011909 0.844841
vn 0.418585 -0.235249 0.877180
vn 0.268467 -0.481148 0.834519
vn 0.084399 -0.702612 0.706550
vn -0.123178 -0.862925 0.490090
vn -0.327742 -0.922439 0.204186
vn -0.494001 -0.863026 -0.105587
vn -0.596633 -0.702794 -0.387440
vn -0.630245 -0.481383 -0.609149
vn -0.602296 -0.235512 -0.762741
vn -0.521976 0.011639 -0.852881
vn -0.394628 0.248292 -0.884658
vn -0.197351 0.543477 -0.815895
vn 0.012636 0.785646 -0.618547
vn 0.167809 0.874592 -0.454894
vn -0.069710 0.996630 0.043222
vn -0.069710 0.996630 0.043222
vn -0.069710 0.996630 0.043222
vn -0.069710 0.996630 0.043222
vn -0.069710 0.996630 0.043222
vn -0.069710 0.996630 0.043222
vn -0.069710 0.996630 0.043222
vn -0.069710 0.996630 0.043222
vn -0.069710 0.996630 0.043222
vn -0.069710 0.996630 0.043222
vn -0.069710 0.996630 0.043222
vn -0.069710 0.996630 0.043222
vn -0.069710 0.996630 0.043222
vn -0.069710 0.996630 0.043222
vn -0.069710 0.996630 0.043222
vn -0.069710 0.996630 0.043222
vn -0.069710 0.996631 0.043222
vn -0.069710 0.996630 0.043222
vn -0.069710 0.996630 0.043222
vn -0.069710 0.996630 0.043222
vn -0.545118 0.766669 0.339212
vn -0.545118 0.766669 0.339212
vn -0.545118 0.766669 0.339212
vn -0.545118 0.766669 0.339212
vn -0.545118 0.766669 0.339212
vn -0.545118 0.766669 0.339212
vn -0.545118 0.766669 0.339212
vn -0.545118 0.766669 0.339212
vn -0.545118 0.766669 0.339212
vn -0.545118 0.766669 0.339212
vn -0.545118 0.766669 0.339212
vn -0.545118 0.766669 0.339212
vn -0.545118 0.766669 0.339212
vn -0.545118 0.766669 0.339212
vn -0.545118 0.766669 0.339212
vn -0.545118 0.766669 0.339212
vn -0.545118 0.766669 0.339212
vn -0.545118 0.766669 0.339212
vn -0.545118 0.766669 0.339212
vn -0.545118 0.766669 0.339212
vn -0.527772 -0.125160 0.840114
vn -0.840515 -0.140482 0.523258
vn -0.110002 -0.083822 0.990391
vn 0.161270 -0.049676 0.985659
vn 0.363295 -0.022407 0.931405
vn 0.527051 -0.000451 0.849834
vn 0.672844 0.018399 0.739556
vn 0.811434 0.036381 0.583310
vn 0.937650 0.055525 0.343118
vn 0.996478 0.075271 -0.036968
vn 0.845832 0.085460 -0.526560
vn 0.473016 0.075137 -0.877844
vn 0.105999 0.055312 -0.992827
vn -0.165236 0.036131 -0.985592
vn -0.366608 0.018133 -0.930199
vn -0.529913 -0.000722 -0.848052
vn -0.675388 -0.022673 -0.737114
vn -0.813244 -0.049925 -0.579778
vn -0.937227 -0.084034 -0.338445
vn -0.986785 -0.125278 0.102766
vn -0.519982 -0.124582 0.845043
vn -0.840515 -0.140482 0.523258
vn -0.100555 -0.082774 0.991482
vn 0.168839 -0.048721 0.984439
vn 0.368145 -0.021761 0.929514
vn 0.529459 -0.000130 0.848335
vn 0.673327 0.018448 0.739115
vn 0.810660 0.036235 0.584395
vn 0.936668 0.055297 0.345825
vn 0.996592 0.075137 -0.034058
vn 0.845832 0.085460 -0.526560
vn 0.470456 0.075002 -0.879230
vn 0.103137 0.055084 -0.993141
vn -0.166551 0.035985 -0.985376
vn -0.366000 0.018182 -0.930437
vn -0.527506 -0.000401 -0.849551
vn -0.671551 -0.022027 -0.740631
vn -0.808807 -0.048971 -0.586031
vn -0.934036 -0.082988 -0.347404
vn -0.987769 -0.124702 0.093600
vn -0.516994 -0.124368 0.846906
vn -0.840515 -0.140482 0.523258
vn -0.096910 -0.082391 0.991877
vn 0.171173 -0.048448 0.984049
vn 0.368870 -0.021672 0.929228
vn 0.528790 -0.000214 0.848753
vn 0.671618 0.018222 0.740674
vn 0.808461 0.035912 0.587453
vn 0.935002 0.054961 0.350358
vn 0.996739 0.074959 -0.029884
vn 0.845832 0.085460 -0.526560
vn 0.466775 0.074823 -0.881205
vn 0.098333 0.054746 -0.993647
vn -0.170266 0.035661 -0.984753
vn -0.368152 0.017956 -0.929592
vn -0.528176 -0.000485 -0.849135
vn -0.670974 -0.021938 -0.741156
vn -0.807427 -0.048699 -0.587954
vn -0.932782 -0.082605 -0.350849
vn -0.988122 -0.124489 0.090097
vn -0.514070 -0.124155 0.848715
vn -0.840515 -0.140482 0.523258
vn -0.093392 -0.082015 0.992246
vn 0.173577 -0.048159 0.983642
vn 0.369886 -0.021542 0.928827
vn 0.528596 -0.000237 0.848873
vn 0.670508 0.018074 0.741682
vn 0.806872 0.035675 0.589648
vn 0.933739 0.054704 0.353749
vn 0.996840 0.074821 -0.026689
vn 0.845832 0.085459 -0.526560
vn 0.463953 0.074684 -0.882706
vn 0.094734 0.054489 -0.994010
vn -0.172937 0.035424 -0.984296
vn -0.369547 0.017808 -0.929041
vn -0.528369 -0.000508 -0.849015
vn -0.670166 -0.021808 -0.741891
vn -0.806001 -0.048410 -0.589931
vn -0.931560 -0.082229 -0.354167
vn -0.988455 -0.124276 0.086674
s 1
g group9 pTorus2
usemtl initialShadingGroup
f 1082/1226/928 1063/1207/929 803/933/930 811/941/931
f 805/935/932 804/934/933 812/942/934 813/943/935
f 806/936/936 805/935/932 813/943/935 814/944/937
f 807/937/938 806/936/936 814/944/937 815/945/939
f 808/938/940 807/937/938 815/945/939 816/946/941
f 809/939/942 808/938/940 816/946/941 817/947/943
f 982/1121/944 963/1102/945 809/939/942 817/947/943
f 1081/1225/946 1082/1226/928 811/941/931 819/949/947
f 813/943/935 812/942/934 820/950/948 821/951/949
f 814/944/937 813/943/935 821/951/949 822/952/950
f 815/945/939 814/944/937 822/952/950 823/953/951
f 816/946/941 815/945/939 823/953/951 824/954/952
f 817/947/943 816/946/941 824/954/952 825/955/953
f 981/1120/954 982/1121/944 817/947/943 825/955/953
f 1080/1224/955 1081/1225/946 819/949/947 827/957/956
f 821/951/949 820/950/948 828/958/957 829/959/958
f 822/952/950 821/951/949 829/959/958 830/960/959
f 823/953/951 822/952/950 830/960/959 831/961/960
f 824/954/952 823/953/951 831/961/960 832/962/961
f 825/955/953 824/954/952 832/962/961 833/963/962
f 980/1119/963 981/1120/954 825/955/953 833/963/962
f 1079/1223/964 1080/1224/955 827/957/956 835/965/965
f 829/959/958 828/958/957 836/966/966 837/967/967
f 830/960/959 829/959/958 837/967/967 838/968/968
f 831/961/960 830/960/959 838/968/968 839/969/969
f 832/962/961 831/961/960 839/969/969 840/970/970
f 833/963/962 832/962/961 840/970/970 841/971/971
f 979/1118/972 980/1119/963 833/963/962 841/971/971
f 1078/1222/973 1079/1223/964 835/965/965 843/973/974
f 837/967/967 836/966/966 844/974/975 845/975/976
f 838/968/968 837/967/967 845/975/976 846/976/977
f 839/969/969 838/968/968 846/976/977 847/977/978
f 840/970/970 839/969/969 847/977/978 848/978/979
f 841/971/971 840/970/970 848/978/979 849/979/980
f 978/1117/981 979/1118/972 841/971/971 849/979/980
f 1077/1221/982 1078/1222/973 843/973/974 851/981/983
f 845/975/976 844/974/975 852/982/984 853/983/985
f 846/976/977 845/975/976 853/983/985 854/984/986
f 847/977/978 846/976/977 854/984/986 855/985/987
f 848/978/979 847/977/978 855/985/987 856/986/988
f 849/979/980 848/978/979 856/986/988 857/987/989
f 977/1116/990 978/1117/981 849/979/980 857/987/989
f 1076/1220/991 1077/1221/982 851/981/983 859/989/992
f 853/983/985 852/982/984 860/990/993 861/991/994
f 854/984/986 853/983/985 861/991/994 862/992/995
f 855/985/987 854/984/986 862/992/995 863/993/996
f 856/986/988 855/985/987 863/993/996 864/994/997
f 857/987/989 856/986/988 864/994/997 865/995/998
f 976/1115/999 977/1116/990 857/987/989 865/995/998
f 1075/1219/1000 1076/1220/991 859/989/992 867/997/1001
f 861/991/994 860/990/993 868/998/1002 869/999/1003
f 862/992/995 861/991/994 869/999/1003 870/1000/1004
f 863/993/996 862/992/995 870/1000/1004 871/1001/1005
f 864/994/997 863/993/996 871/1001/1005 872/1002/1006
f 865/995/998 864/994/997 872/1002/1006 873/1003/1007
f 975/1114/1008 976/1115/999 865/995/998 873/1003/1007
f 1074/1218/1009 1075/1219/1000 867/997/1001 875/1005/1010
f 869/999/1003 868/998/1002 876/1006/1011 877/1007/1012
f 870/1000/1004 869/999/1003 877/1007/1012 878/1008/1013
f 871/1001/1005 870/1000/1004 878/1008/1013 879/1009/1014
f 872/1002/1006 871/1001/1005 879/1009/1014 880/1010/1015
f 873/1003/1007 872/1002/1006 880/1010/1015 881/1011/1016
f 974/1113/1017 975/1114/1008 873/1003/1007 881/1011/1016
f 1073/1217/1018 1074/1218/1009 875/1005/1010 883/1013/1019
f 877/1007/1012 876/1006/1011 884/1014/1020 885/1015/1021
f 878/1008/1013 877/1007/1012 885/1015/1021 886/1016/1022
f 879/1009/1014 878/1008/1013 886/1016/1022 887/1017/1023
f 880/1010/1015 879/1009/1014 887/1017/1023 888/1018/1024
f 881/1011/1016 880/1010/1015 888/1018/1024 889/1019/1025
f 973/1112/1026 974/1113/1017 881/1011/1016 889/1019/1025
f 1072/1216/1027 1073/1217/1018 883/1013/1019 891/1021/1028
f 885/1015/1021 884/1014/1020 892/1022/1029 893/1023/1030
f 886/1016/1022 885/1015/1021 893/1023/1030 894/1024/1031
f 887/1017/1023 886/1016/1022 894/1024/1031 895/1025/1032
f 888/1018/1024 887/1017/1023 895/1025/1032 896/1026/1033
f 889/1019/1025 888/1018/1024 896/1026/1033 897/1027/1034
f 972/1111/1035 973/1112/1026 889/1019/1025 897/1027/1034
f 1071/1215/1036 1072/1216/1027 891/1021/1028 899/1029/1037
f 893/1023/1030 892/1022/1029 900/1030/1038 901/1031/1039
f 894/1024/1031 893/1023/1030 901/1031/1039 902/1032/1040
f 895/1025/1032 894/1024/1031 902/1032/1040 903/1033/1041
f 896/1026/1033 895/1025/1032 903/1033/1041 904/1034/1042
f 897/1027/1034 896/1026/1033 904/1034/1042 905/1035/1043
f 971/1110/1044 972/1111/1035 897/1027/1034 905/1035/1043
f 1070/1214/1045 1071/1215/1036 899/1029/1037 907/1037/1046
f 901/1031/1039 900/1030/1038 908/1038/1047 909/1039/1048
f 902/1032/1040 901/1031/1039 909/1039/1048 910/1040/1049
f 903/1033/1041 902/1032/1040 910/1040/1049 911/1041/1050
f 904/1034/1042 903/1033/1041 911/1041/1050 912/1042/1051
f 905/1035/1043 904/1034/1042 912/1042/1051 913/1043/1052
f 970/1109/1053 971/1110/1044 905/1035/1043 913/1043/1052
f 1069/1213/1054 1070/1214/1045 907/1037/1046 915/1045/1055
f 909/1039/1048 908/1038/1047 916/1046/1056 917/1047/1057
f 910/1040/1049 909/1039/1048 917/1047/1057 918/1048/1058
f 911/1041/1050 910/1040/1049 918/1048/1058 919/1049/1059
f 912/1042/1051 911/1041/1050 919/1049/1059 920/1050/1060
f 913/1043/1052 912/1042/1051 920/1050/1060 921/1051/1061
f 969/1108/1062 970/1109/1053 913/1043/1052 921/1051/1061
f 1068/1212/1063 1069/1213/1054 915/1045/1055 923/1053/1064
f 917/1047/1057 916/1046/1056 924/1054/1065 925/1055/1066
f 918/1048/1058 917/1047/1057 925/1055/1066 926/1056/1067
f 919/1049/1059 918/1048/1058 926/1056/1067 927/1057/1068
f 920/1050/1060 919/1049/1059 927/1057/1068 928/1058/1069
f 921/1051/1061 920/1050/1060 928/1058/1069 929/1059/1070
f 968/1107/1071 969/1108/1062 921/1051/1061 929/1059/1070
f 1067/1211/1072 1068/1212/1063 923/1053/1064 931/1061/1073
f 925/1055/1066 924/1054/1065 932/1062/1074 933/1063/1075
f 926/1056/1067 925/1055/1066 933/1063/1075 934/1064/1076
f 927/1057/1068 926/1056/1067 934/1064/1076 935/1065/1077
f 928/1058/1069 927/1057/1068 935/1065/1077 936/1066/1078
f 929/1059/1070 928/1058/1069 936/1066/1078 937/1067/1079
f 967/1106/1080 968/1107/1071 929/1059/1070 937/1067/1079
f 1066/1210/1081 1067/1211/1072 931/1061/1073 939/1069/1082
f 933/1063/1075 932/1062/1074 940/1070/1083 941/1071/1084
f 934/1064/1076 933/1063/1075 941/1071/1084 942/1072/1085
f 935/1065/1077 934/1064/1076 942/1072/1085 943/1073/1086
f 936/1066/1078 935/1065/1077 943/1073/1086 944/1074/1087
f 937/1067/1079 936/1066/1078 944/1074/1087 945/1075/1088
f 966/1105/1089 967/1106/1080 937/1067/1079 945/1075/1088
f 1065/1209/1090 1066/1210/1081 939/1069/1082 947/1077/1091
f 941/1071/1084 940/1070/1083 948/1078/1092 949/1079/1093
f 942/1072/1085 941/1071/1084 949/1079/1093 950/1080/1094
f 943/1073/1086 942/1072/1085 950/1080/1094 951/1081/1095
f 944/1074/1087 943/1073/1086 951/1081/1095 952/1082/1096
f 945/1075/1088 944/1074/1087 952/1082/1096 953/1083/1097
f 965/1104/1098 966/1105/1089 945/1075/1088 953/1083/1097
f 1064/1208/1099 1065/1209/1090 947/1077/1091 955/1085/1100
f 949/1079/1093 948/1078/1092 956/1086/1101 957/1087/1102
f 950/1080/1094 949/1079/1093 957/1087/1102 958/1088/1103
f 951/1081/1095 950/1080/1094 958/1088/1103 959/1089/1104
f 952/1082/1096 951/1081/1095 959/1089/1104 960/1090/1105
f 953/1083/1097 952/1082/1096 960/1090/1105 961/1091/1106
f 964/1103/1107 965/1104/1098 953/1083/1097 961/1091/1106
f 1063/1206/929 1064/1208/1099 955/1085/1100 803/1093/930
f 957/1087/1102 956/1086/1101 804/1094/933 805/1095/932
f 958/1088/1103 957/1087/1102 805/1095/932 806/1096/936
f 959/1089/1104 958/1088/1103 806/1096/936 807/1097/938
f 960/1090/1105 959/1089/1104 807/1097/938 808/1098/940
f 961/1091/1106 960/1090/1105 808/1098/940 809/1099/942
f 963/1101/945 964/1103/1107 961/1091/1106 809/1099/942
f 962/1092/1108 964/1103/1107 963/1101/945 810/1100/1109
f 954/1084/1110 965/1104/1098 964/1103/1107 962/1092/1108
f 946/1076/1111 966/1105/1089 965/1104/1098 954/1084/1110
f 938/1068/1112 967/1106/1080 966/1105/1089 946/1076/1111
f 930/1060/1113 968/1107/1071 967/1106/1080 938/1068/1112
f 922/1052/1114 969/1108/1062 968/1107/1071 930/1060/1113
f 914/1044/1115 970/1109/1053 969/1108/1062 922/1052/1114
f 906/1036/1116 971/1110/1044 970/1109/1053 914/1044/1115
f 898/1028/1117 972/1111/1035 971/1110/1044 906/1036/1116
f 890/1020/1118 973/1112/1026 972/1111/1035 898/1028/1117
f 882/1012/1119 974/1113/1017 973/1112/1026 890/1020/1118
f 874/1004/1120 975/1114/1008 974/1113/1017 882/1012/1119
f 866/996/1121 976/1115/999 975/1114/1008 874/1004/1120
f 858/988/1122 977/1116/990 976/1115/999 866/996/1121
f 850/980/1123 978/1117/981 977/1116/990 858/988/1122
f 842/972/1124 979/1118/972 978/1117/981 850/980/1123
f 834/964/1125 980/1119/963 979/1118/972 842/972/1124
f 826/956/1126 981/1120/954 980/1119/963 834/964/1125
f 818/948/1127 982/1121/944 981/1120/954 826/956/1126
f 810/940/1109 963/1102/945 982/1121/944 818/948/1127
s off
f 811/941/1128 803/1093/1129 955/1085/1130 947/1077/1131 939/1069/1132 931/1061/1133 923/1053/1134 915/1045/1135 907/1037/1136 899/1029/1137 891/1021/1138 883/1013/1139 875/1005/1140 867/997/1141 859/989/1142 851/981/1143 843/973/1144 835/965/1145 827/957/1146 819/949/1147
f 818/948/1148 826/956/1149 834/964/1150 842/972/1151 850/980/1152 858/988/1153 866/996/1154 874/1004/1155 882/1012/1156 890/1020/1157 898/1028/1158 906/1036/1159 914/1044/1160 922/1052/1161 930/1060/1162 938/1068/1163 946/1076/1164 954/1084/1165 962/1092/1166 810/940/1167
s 1
f 956/1086/1101 984/1124/1168 983/1122/1169 804/1094/933
f 948/1078/1092 985/1125/1170 984/1124/1168 956/1086/1101
f 940/1070/1083 986/1126/1171 985/1125/1170 948/1078/1092
f 932/1062/1074 987/1127/1172 986/1126/1171 940/1070/1083
f 924/1054/1065 988/1128/1173 987/1127/1172 932/1062/1074
f 916/1046/1056 989/1129/1174 988/1128/1173 924/1054/1065
f 908/1038/1047 990/1130/1175 989/1129/1174 916/1046/1056
f 900/1030/1038 991/1131/1176 990/1130/1175 908/1038/1047
f 892/1022/1029 992/1132/1177 991/1131/1176 900/1030/1038
f 884/1014/1020 993/1133/1178 992/1132/1177 892/1022/1029
f 876/1006/1011 994/1134/1179 993/1133/1178 884/1014/1020
f 868/998/1002 995/1135/1180 994/1134/1179 876/1006/1011
f 860/990/993 996/1136/1181 995/1135/1180 868/998/1002
f 852/982/984 997/1137/1182 996/1136/1181 860/990/993
f 844/974/975 998/1138/1183 997/1137/1182 852/982/984
f 836/966/966 999/1139/1184 998/1138/1183 844/974/975
f 828/958/957 1000/1140/1185 999/1139/1184 836/966/966
f 820/950/948 1001/1141/1186 1000/1140/1185 828/958/957
f 812/942/934 1002/1142/1187 1001/1141/1186 820/950/948
f 804/934/933 983/1123/1169 1002/1142/1187 812/942/934
f 983/1122/1169 984/1124/1168 1004/1145/1188 1003/1143/1189
f 984/1124/1168 985/1125/1170 1005/1146/1190 1004/1145/1188
f 985/1125/1170 986/1126/1171 1006/1147/1191 1005/1146/1190
f 986/1126/1171 987/1127/1172 1007/1148/1192 1006/1147/1191
f 987/1127/1172 988/1128/1173 1008/1149/1193 1007/1148/1192
f 988/1128/1173 989/1129/1174 1009/1150/1194 1008/1149/1193
f 989/1129/1174 990/1130/1175 1010/1151/1195 1009/1150/1194
f 990/1130/1175 991/1131/1176 1011/1152/1196 1010/1151/1195
f 991/1131/1176 992/1132/1177 1012/1153/1197 1011/1152/1196
f 992/1132/1177 993/1133/1178 1013/1154/1198 1012/1153/1197
f 993/1133/1178 994/1134/1179 1014/1155/1199 1013/1154/1198
f 994/1134/1179 995/1135/1180 1015/1156/1200 1014/1155/1199
f 995/1135/1180 996/1136/1181 1016/1157/1201 1015/1156/1200
f 996/1136/1181 997/1137/1182 1017/1158/1202 1016/1157/1201
f 997/1137/1182 998/1138/1183 1018/1159/1203 1017/1158/1202
f 998/1138/1183 999/1139/1184 1019/1160/1204 1018/1159/1203
f 999/1139/1184 1000/1140/1185 1020/1161/1205 1019/1160/1204
f 1000/1140/1185 1001/1141/1186 1021/1162/1206 1020/1161/1205
f 1001/1141/1186 1002/1142/1187 1022/1163/1207 1021/1162/1206
f 1002/1142/1187 983/1123/1169 1003/1144/1189 1022/1163/1207
f 1003/1143/1189 1004/1145/1188 1024/1166/1208 1023/1164/1209
f 1004/1145/1188 1005/1146/1190 1025/1167/1210 1024/1166/1208
f 1005/1146/1190 1006/1147/1191 1026/1168/1211 1025/1167/1210
f 1006/1147/1191 1007/1148/1192 1027/1169/1212 1026/1168/1211
f 1007/1148/1192 1008/1149/1193 1028/1170/1213 1027/1169/1212
f 1008/1149/1193 1009/1150/1194 1029/1171/1214 1028/1170/1213
f 1009/1150/1194 1010/1151/1195 1030/1172/1215 1029/1171/1214
f 1010/1151/1195 1011/1152/1196 1031/1173/1216 1030/1172/1215
f 1011/1152/1196 1012/1153/1197 1032/1174/1217 1031/1173/1216
f 1012/1153/1197 1013/1154/1198 1033/1175/1218 1032/1174/1217
f 1013/1154/1198 1014/1155/1199 1034/1176/1219 1033/1175/1218
f 1014/1155/1199 1015/1156/1200 1035/1177/1220 1034/1176/1219
f 1015/1156/1200 1016/1157/1201 1036/1178/1221 1035/1177/1220
f 1016/1157/1201 1017/1158/1202 1037/1179/1222 1036/1178/1221
f 1017/1158/1202 1018/1159/1203 1038/1180/1223 1037/1179/1222
f 1018/1159/1203 1019/1160/1204 1039/1181/1224 1038/1180/1223
f 1019/1160/1204 1020/1161/1205 1040/1182/1225 1039/1181/1224
f 1020/1161/1205 1021/1162/1206 1041/1183/1226 1040/1182/1225
f 1021/1162/1206 1022/1163/1207 1042/1184/1227 1041/1183/1226
f 1022/1163/1207 1003/1144/1189 1023/1165/1209 1042/1184/1227
f 1023/1164/1209 1024/1166/1208 1044/1187/1228 1043/1185/1229
f 1024/1166/1208 1025/1167/1210 1045/1188/1230 1044/1187/1228
f 1025/1167/1210 1026/1168/1211 1046/1189/1231 1045/1188/1230
f 1026/1168/1211 1027/1169/1212 1047/1190/1232 1046/1189/1231
f 1027/1169/1212 1028/1170/1213 1048/1191/1233 1047/1190/1232
f 1028/1170/1213 1029/1171/1214 1049/1192/1234 1048/1191/1233
f 1029/1171/1214 1030/1172/1215 1050/1193/1235 1049/1192/1234
f 1030/1172/1215 1031/1173/1216 1051/1194/1236 1050/1193/1235
f 1031/1173/1216 1032/1174/1217 1052/1195/1237 1051/1194/1236
f 1032/1174/1217 1033/1175/1218 1053/1196/1238 1052/1195/1237
f 1033/1175/1218 1034/1176/1219 1054/1197/1239 1053/1196/1238
f 1034/1176/1219 1035/1177/1220 1055/1198/1240 1054/1197/1239
f 1035/1177/1220 1036/1178/1221 1056/1199/1241 1055/1198/1240
f 1036/1178/1221 1037/1179/1222 1057/1200/1242 1056/1199/1241
f 1037/1179/1222 1038/1180/1223 1058/1201/1243 1057/1200/1242
f 1038/1180/1223 1039/1181/1224 1059/1202/1244 1058/1201/1243
f 1039/1181/1224 1040/1182/1225 1060/1203/1245 1059/1202/1244
f 1040/1182/1225 1041/1183/1226 1061/1204/1246 1060/1203/1245
f 1041/1183/1226 1042/1184/1227 1062/1205/1247 1061/1204/1246
f 1042/1184/1227 1023/1165/1209 1043/1186/1229 1062/1205/1247
f 1043/1185/1229 1044/1187/1228 1064/1208/1099 1063/1206/929
f 1044/1187/1228 1045/1188/1230 1065/1209/1090 1064/1208/1099
f 1045/1188/1230 1046/1189/1231 1066/1210/1081 1065/1209/1090
f 1046/1189/1231 1047/1190/1232 1067/1211/1072 1066/1210/1081
f 1047/1190/1232 1048/1191/1233 1068/1212/1063 1067/1211/1072
f 1048/1191/1233 1049/1192/1234 1069/1213/1054 1068/1212/1063
f 1049/1192/1234 1050/1193/1235 1070/1214/1045 1069/1213/1054
f 1050/1193/1235 1051/1194/1236 1071/1215/1036 1070/1214/1045
f 1051/1194/1236 1052/1195/1237 1072/1216/1027 1071/1215/1036
f 1052/1195/1237 1053/1196/1238 1073/1217/1018 1072/1216/1027
f 1053/1196/1238 1054/1197/1239 1074/1218/1009 1073/1217/1018
f 1054/1197/1239 1055/1198/1240 1075/1219/1000 1074/1218/1009
f 1055/1198/1240 1056/1199/1241 1076/1220/991 1075/1219/1000
f 1056/1199/1241 1057/1200/1242 1077/1221/982 1076/1220/991
f 1057/1200/1242 1058/1201/1243 1078/1222/973 1077/1221/982
f 1058/1201/1243 1059/1202/1244 1079/1223/964 1078/1222/973
f 1059/1202/1244 1060/1203/1245 1080/1224/955 1079/1223/964
f 1060/1203/1245 1061/1204/1246 1081/1225/946 1080/1224/955
f 1061/1204/1246 1062/1205/1247 1082/1226/928 1081/1225/946
f 1062/1205/1247 1043/1186/1229 1063/1207/929 1082/1226/928
g default
v 22.295708 2.922818 -9.391653
v 22.301803 2.859734 -9.395437
v 22.299094 2.856528 -9.393750
v 22.295425 2.853837 -9.391465
v 22.290709 2.851880 -9.388529
v 22.285409 2.850849 -9.385230
v 22.280043 2.850846 -9.381889
v 22.267682 2.857807 -9.374195
v 22.294280 2.922856 -9.394839
v 22.300344 2.859610 -9.398603
v 22.297969 2.856292 -9.397124
v 22.294120 2.853469 -9.394728
v 22.289173 2.851416 -9.391648
v 22.283613 2.850335 -9.388187
v 22.277985 2.850331 -9.384683
v 22.265383 2.857342 -9.376839
v 22.295082 2.923094 -9.399014
v 22.301055 2.859375 -9.402722
v 22.298359 2.855608 -9.401043
v 22.293989 2.852402 -9.398322
v 22.288372 2.850071 -9.394825
v 22.282060 2.848844 -9.390895
v 22.275669 2.848840 -9.386917
v 22.262370 2.855996 -9.378640
v 22.297592 2.923463 -9.403494
v 22.303424 2.859009 -9.407114
v 22.300226 2.854542 -9.405123
v 22.295044 2.850741 -9.401896
v 22.288385 2.847978 -9.397750
v 22.280899 2.846522 -9.393090
v 22.273321 2.846517 -9.388373
v 22.260213 2.855162 -9.380214
v 22.301563 2.923930 -9.407839
v 22.307217 2.858549 -9.411348
v 22.303388 2.853200 -9.408964
v 22.297183 2.848648 -9.405101
v 22.289209 2.845339 -9.400136
v 22.280246 2.843597 -9.394556
v 22.271172 2.843591 -9.388908
v 22.256696 2.852521 -9.379897
v 22.306606 2.924446 -9.411624
v 22.312064 2.858038 -9.415011
v 22.307536 2.851712 -9.412191
v 22.300196 2.846329 -9.407621
v 22.290765 2.842415 -9.401750
v 22.280164 2.840354 -9.395150
v 22.269432 2.840347 -9.388469
v 22.253440 2.849593 -9.378515
v 22.312229 2.924964 -9.414479
v 22.317490 2.857528 -9.417743
v 22.312262 2.850225 -9.414488
v 22.303789 2.844009 -9.409212
v 22.292900 2.839491 -9.402433
v 22.280661 2.837111 -9.394814
v 22.268271 2.837103 -9.387100
v 22.250762 2.846666 -9.376202
v 22.317881 2.925430 -9.416124
v 22.322964 2.857068 -9.419278
v 22.317105 2.848883 -9.415629
v 22.307609 2.841917 -9.409716
v 22.295405 2.836853 -9.402119
v 22.281689 2.834186 -9.393580
v 22.267803 2.834177 -9.384935
v 22.248926 2.844026 -9.373186
v 22.323008 2.925801 -9.416399
v 22.327950 2.856703 -9.419464
v 22.321590 2.847818 -9.415504
v 22.311282 2.840257 -9.409086
v 22.298035 2.834760 -9.400838
v 22.283147 2.831865 -9.391569
v 22.268073 2.831855 -9.382186
v 22.248111 2.841930 -9.369761
v 22.327108 2.926039 -9.415275
v 22.331960 2.856469 -9.418284
v 22.325278 2.847135 -9.414124
v 22.314449 2.839191 -9.407381
v 22.300533 2.833416 -9.398717
v 22.284891 2.830375 -9.388979
v 22.269056 2.830365 -9.379121
v 22.248397 2.840585 -9.366262
v 22.329781 2.926121 -9.412864
v 22.334602 2.856388 -9.415854
v 22.327809 2.846899 -9.411624
v 22.316801 2.838824 -9.404770
v 22.302653 2.832954 -9.395962
v 22.286752 2.829862 -9.386063
v 22.270654 2.829851 -9.376041
v 22.249755 2.840122 -9.363033
v 22.330765 2.926040 -9.409402
v 22.335616 2.856470 -9.412411
v 22.328935 2.847136 -9.408250
v 22.318106 2.839192 -9.401507
v 22.304189 2.833417 -9.392843
v 22.288548 2.830376 -9.383105
v 22.272712 2.830366 -9.373247
v 22.252053 2.840586 -9.360389
v 22.329963 2.925803 -9.405226
v 22.334905 2.856705 -9.408292
v 22.328545 2.847820 -9.404331
v 22.318237 2.840259 -9.397913
v 22.304990 2.834762 -9.389666
v 22.290102 2.831867 -9.380397
v 22.275028 2.831857 -9.371013
v 22.255066 2.841932 -9.358588
v 22.327453 2.925433 -9.400747
v 22.332537 2.857070 -9.403900
v 22.326677 2.848885 -9.400251
v 22.317181 2.841920 -9.394339
v 22.304978 2.836856 -9.386741
v 22.291262 2.834189 -9.378202
v 22.277376 2.834180 -9.369558
v 22.258499 2.844028 -9.357808
v 22.323483 2.924967 -9.396402
v 22.328743 2.857531 -9.399666
v 22.323515 2.850228 -9.396410
v 22.315042 2.844013 -9.391134
v 22.304154 2.839494 -9.384355
v 22.291915 2.837114 -9.376736
v 22.279525 2.837106 -9.369023
v 22.262016 2.846669 -9.358125
v 22.318439 2.924450 -9.392616
v 22.323897 2.858042 -9.396003
v 22.319368 2.851716 -9.393183
v 22.312029 2.846332 -9.388614
v 22.302598 2.842418 -9.382742
v 22.291997 2.840357 -9.376142
v 22.281265 2.840350 -9.369461
v 22.265272 2.849597 -9.359507
v 22.312816 2.923933 -9.389761
v 22.318471 2.858552 -9.393271
v 22.314642 2.853203 -9.390887
v 22.308437 2.848652 -9.387023
v 22.300463 2.845342 -9.382058
v 22.291500 2.843600 -9.376479
v 22.282426 2.843594 -9.370830
v 22.267950 2.852524 -9.361820
v 22.307165 2.923466 -9.388116
v 22.312997 2.859012 -9.391736
v 22.309799 2.854545 -9.389745
v 22.304617 2.850744 -9.386519
v 22.297957 2.847980 -9.382372
v 22.290472 2.846525 -9.377713
v 22.282894 2.846520 -9.372995
v 22.269786 2.855165 -9.364836
v 22.302038 2.923096 -9.387842
v 22.308011 2.859377 -9.391550
v 22.305314 2.855610 -9.389871
v 22.300944 2.852404 -9.387149
v 22.295327 2.850073 -9.383653
v 22.289015 2.848846 -9.379723
v 22.282624 2.848842 -9.375744
v 22.269325 2.855998 -9.367467
v 22.297937 2.922857 -9.388965
v 22.304000 2.859611 -9.392730
v 22.301625 2.856293 -9.391251
v 22.297776 2.853470 -9.388854
v 22.292830 2.851417 -9.385774
v 22.287270 2.850336 -9.382313
v 22.281641 2.850332 -9.378809
v 22.269040 2.857343 -9.370966
v 22.275100 2.853749 -9.378813
v 22.276590 2.853259 -9.375665
v 22.277207 2.852634 -9.372373
v 22.276989 2.850414 -9.369319
v 22.275904 2.847617 -9.366771
v 22.274060 2.844516 -9.364977
v 22.271637 2.841415 -9.364113
v 22.268872 2.838617 -9.364265
v 22.266035 2.836396 -9.365416
v 22.263405 2.834970 -9.367454
v 22.261239 2.834478 -9.370181
v 22.259749 2.834969 -9.373328
v 22.259080 2.836394 -9.376588
v 22.259299 2.838614 -9.379642
v 22.260383 2.841411 -9.382191
v 22.262227 2.844513 -9.383985
v 22.264651 2.847614 -9.384848
v 22.267416 2.850412 -9.384697
v 22.270252 2.852632 -9.383546
v 22.272934 2.853258 -9.381539
v 22.300652 2.869227 -9.394722
v 22.302858 2.869146 -9.392020
v 22.306892 2.869037 -9.390855
v 22.311915 2.868866 -9.391065
v 22.317436 2.868651 -9.392628
v 22.322914 2.868412 -9.395393
v 22.327813 2.868173 -9.399088
v 22.331653 2.867957 -9.403352
v 22.334059 2.867786 -9.407767
v 22.334794 2.867675 -9.411901
v 22.333788 2.867637 -9.415349
v 22.331138 2.867674 -9.417774
v 22.327103 2.867784 -9.418939
v 22.322080 2.867954 -9.418729
v 22.316559 2.868170 -9.417166
v 22.311081 2.868409 -9.414401
v 22.306183 2.868648 -9.410706
v 22.302342 2.868863 -9.406442
v 22.299937 2.869035 -9.402028
v 22.299201 2.869145 -9.397894
v 22.299888 2.875529 -9.394247
v 22.302099 2.875477 -9.391549
v 22.306149 2.875451 -9.390394
v 22.311197 2.875409 -9.390619
v 22.316749 2.875356 -9.392202
v 22.322262 2.875297 -9.394988
v 22.327195 2.875238 -9.398705
v 22.331066 2.875185 -9.402988
v 22.333497 2.875143 -9.407418
v 22.334248 2.875115 -9.411562
v 22.333247 2.875105 -9.415014
v 22.330591 2.875114 -9.417436
v 22.326541 2.875141 -9.418590
v 22.321493 2.875183 -9.418365
v 22.315941 2.875235 -9.416782
v 22.310429 2.875294 -9.413996
v 22.305496 2.875353 -9.410280
v 22.301624 2.875406 -9.405997
v 22.299194 2.875449 -9.401566
v 22.298443 2.875476 -9.397422
v 22.299126 2.881813 -9.393774
v 22.301343 2.881789 -9.391079
v 22.305409 2.881845 -9.389934
v 22.310481 2.881932 -9.390174
v 22.316064 2.882041 -9.391777
v 22.321611 2.882162 -9.394584
v 22.326579 2.882283 -9.398322
v 22.330481 2.882392 -9.402625
v 22.332936 2.882478 -9.407070
v 22.333704 2.882533 -9.411224
v 22.332708 2.882552 -9.414679
v 22.330047 2.882532 -9.417098
v 22.325981 2.882476 -9.418243
v 22.320909 2.882389 -9.418002
v 22.315325 2.882280 -9.416400
v 22.309779 2.882159 -9.413592
v 22.304811 2.882038 -9.409854
v 22.300909 2.881929 -9.405552
v 22.298454 2.881843 -9.401106
v 22.297686 2.881788 -9.396953
v 22.298506 2.886926 -9.393389
v 22.300727 2.886926 -9.390696
v 22.304806 2.887049 -9.389559
v 22.309899 2.887241 -9.389812
v 22.315507 2.887482 -9.391431
v 22.321082 2.887749 -9.394256
v 22.326078 2.888016 -9.398011
v 22.330005 2.888257 -9.402329
v 22.332480 2.888447 -9.406787
v 22.333260 2.888570 -9.410949
v 22.332269 2.888611 -9.414407
v 22.329604 2.888569 -9.416823
v 22.325525 2.888445 -9.417960
v 22.320433 2.888254 -9.417707
v 22.314824 2.888013 -9.416089
v 22.309249 2.887746 -9.413264
v 22.304254 2.887479 -9.409508
v 22.300326 2.887238 -9.405190
v 22.297851 2.887047 -9.400732
v 22.297071 2.886925 -9.396570
v 22.298088 2.890373 -9.393129
v 22.300312 2.890388 -9.390439
v 22.304400 2.890557 -9.389307
v 22.309506 2.890819 -9.389569
v 22.315131 2.891149 -9.391197
v 22.320725 2.891515 -9.394034
v 22.325740 2.891880 -9.397801
v 22.329685 2.892210 -9.402130
v 22.332173 2.892471 -9.406597
v 22.332962 2.892639 -9.410764
v 22.331974 2.892696 -9.414224
v 22.329305 2.892638 -9.416638
v 22.325218 2.892469 -9.417769
v 22.320112 2.892207 -9.417508
v 22.314486 2.891877 -9.415879
v 22.308893 2.891511 -9.413042
v 22.303878 2.891146 -9.409275
v 22.299933 2.890816 -9.404946
v 22.297445 2.890555 -9.400480
v 22.296656 2.890387 -9.396312
vt 0.450000 1.000000
vt 0.500000 1.000000
vt 0.550000 1.000000
vt 0.600000 1.000000
vt 0.650000 1.000000
vt 0.700000 1.000000
vt 0.750000 1.000000
vt 0.800000 1.000000
vt 0.450000 0.950000
vt 0.500000 0.950000
vt 0.550000 0.950000
vt 0.600000 0.950000
vt 0.650000 0.950000
vt 0.700000 0.950000
vt 0.750000 0.950000
vt 0.800000 0.950000
vt 0.450000 0.900000
vt 0.500000 0.900000
vt 0.550000 0.900000
vt 0.600000 0.900000
vt 0.650000 0.900000
vt 0.700000 0.900000
vt 0.750000 0.900000
vt 0.800000 0.900000
vt 0.450000 0.850000
vt 0.500000 0.850000
vt 0.550000 0.850000
vt 0.600000 0.850000
vt 0.650000 0.850000
vt 0.700000 0.850000
vt 0.750000 0.850000
vt 0.800000 0.850000
vt 0.450000 0.800000
vt 0.500000 0.800000
vt 0.550000 0.800000
vt 0.600000 0.800000
vt 0.650000 0.800000
vt 0.700000 0.800000
vt 0.750000 0.800000
vt 0.800000 0.800000
vt 0.450000 0.750000
vt 0.500000 0.750000
vt 0.550000 0.750000
vt 0.600000 0.750000
vt 0.650000 0.750000
vt 0.700000 0.750000
vt 0.750000 0.750000
vt 0.800000 0.750000
vt 0.450000 0.700000
vt 0.500000 0.700000
vt 0.550000 0.700000
vt 0.600000 0.700000
vt 0.650000 0.700000
vt 0.700000 0.700000
vt 0.750000 0.700000
vt 0.800000 0.700000
vt 0.450000 0.650000
vt 0.500000 0.650000
vt 0.550000 0.650000
vt 0.600000 0.650000
vt 0.650000 0.650000
vt 0.700000 0.650000
vt 0.750000 0.650000
vt 0.800000 0.650000
vt 0.450000 0.600000
vt 0.500000 0.600000
vt 0.550000 0.600000
vt 0.600000 0.600000
vt 0.650000 0.600000
vt 0.700000 0.600000
vt 0.750000 0.600000
vt 0.800000 0.600000
vt 0.450000 0.550000
vt 0.500000 0.550000
vt 0.550000 0.550000
vt 0.600000 0.550000
vt 0.650000 0.550000
vt 0.700000 0.550000
vt 0.750000 0.550000
vt 0.800000 0.550000
vt 0.450000 0.500000
vt 0.500000 0.500000
vt 0.550000 0.500000
vt 0.600000 0.500000
vt 0.650000 0.500000
vt 0.700000 0.500000
vt 0.750000 0.500000
vt 0.800000 0.500000
vt 0.450000 0.450000
vt 0.500000 0.450000
vt 0.550000 0.450000
vt 0.600000 0.450000
vt 0.650000 0.450000
vt 0.700000 0.450000
vt 0.750000 0.450000
vt 0.800000 0.450000
vt 0.450000 0.400000
vt 0.500000 0.400000
vt 0.550000 0.400000
vt 0.600000 0.400000
vt 0.650000 0.400000
vt 0.700000 0.400000
vt 0.750000 0.400000
vt 0.800000 0.400000
vt 0.450000 0.350000
vt 0.500000 0.350000
vt 0.550000 0.350000
vt 0.600000 0.350000
vt 0.650000 0.350000
vt 0.700000 0.350000
vt 0.750000 0.350000
vt 0.800000 0.350000
vt 0.450000 0.300000
vt 0.500000 0.300000
vt 0.550000 0.300000
vt 0.600000 0.300000
vt 0.650000 0.300000
vt 0.700000 0.300000
vt 0.750000 0.300000
vt 0.800000 0.300000
vt 0.450000 0.250000
vt 0.500000 0.250000
vt 0.550000 0.250000
vt 0.600000 0.250000
vt 0.650000 0.250000
vt 0.700000 0.250000
vt 0.750000 0.250000
vt 0.800000 0.250000
vt 0.450000 0.200000
vt 0.500000 0.200000
vt 0.550000 0.200000
vt 0.600000 0.200000
vt 0.650000 0.200000
vt 0.700000 0.200000
vt 0.750000 0.200000
vt 0.800000 0.200000
vt 0.450000 0.150000
vt 0.500000 0.150000
vt 0.550000 0.150000
vt 0.600000 0.150000
vt 0.650000 0.150000
vt 0.700000 0.150000
vt 0.750000 0.150000
vt 0.800000 0.150000
vt 0.450000 0.100000
vt 0.500000 0.100000
vt 0.550000 0.100000
vt 0.600000 0.100000
vt 0.650000 0.100000
vt 0.700000 0.100000
vt 0.750000 0.100000
vt 0.800000 0.100000
vt 0.450000 0.050000
vt 0.500000 0.050000
vt 0.550000 0.050000
vt 0.600000 0.050000
vt 0.650000 0.050000
vt 0.700000 0.050000
vt 0.750000 0.050000
vt 0.800000 0.050000
vt 0.450000 -0.000000
vt 0.500000 -0.000000
vt 0.550000 -0.000000
vt 0.600000 -0.000000
vt 0.650000 -0.000000
vt 0.700000 -0.000000
vt 0.750000 -0.000000
vt 0.800000 -0.000000
vt 0.772525 -0.000000
vt 0.772525 1.000000
vt 0.772525 0.050000
vt 0.772525 0.100000
vt 0.772525 0.150000
vt 0.772525 0.200000
vt 0.772525 0.250000
vt 0.772525 0.300000
vt 0.772525 0.350000
vt 0.772525 0.400000
vt 0.772525 0.450000
vt 0.772525 0.500000
vt 0.772525 0.550000
vt 0.772525 0.600000
vt 0.772525 0.650000
vt 0.772525 0.700000
vt 0.772525 0.750000
vt 0.772525 0.800000
vt 0.772525 0.850000
vt 0.772525 0.900000
vt 0.772525 0.950000
vt 0.486793 -0.000000
vt 0.486793 1.000000
vt 0.486793 0.050000
vt 0.486793 0.100000
vt 0.486793 0.150000
vt 0.486793 0.200000
vt 0.486793 0.250000
vt 0.486793 0.300000
vt 0.486793 0.350000
vt 0.486793 0.400000
vt 0.486793 0.450000
vt 0.486793 0.500000
vt 0.486793 0.550000
vt 0.486793 0.600000
vt 0.486793 0.650000
vt 0.486793 0.700000
vt 0.486793 0.750000
vt 0.486793 0.800000
vt 0.486793 0.850000
vt 0.486793 0.900000
vt 0.486793 0.950000
vt 0.478024 -0.000000
vt 0.478024 1.000000
vt 0.478024 0.050000
vt 0.478024 0.100000
vt 0.478024 0.150000
vt 0.478024 0.200000
vt 0.478024 0.250000
vt 0.478024 0.300000
vt 0.478024 0.350000
vt 0.478024 0.400000
vt 0.478024 0.450000
vt 0.478024 0.500000
vt 0.478024 0.550000
vt 0.478024 0.600000
vt 0.478024 0.650000
vt 0.478024 0.700000
vt 0.478024 0.750000
vt 0.478024 0.800000
vt 0.478024 0.850000
vt 0.478024 0.900000
vt 0.478024 0.950000
vt 0.469281 -0.000000
vt 0.469281 1.000000
vt 0.469281 0.050000
vt 0.469281 0.100000
vt 0.469281 0.150000
vt 0.469281 0.200000
vt 0.469281 0.250000
vt 0.469281 0.300000
vt 0.469281 0.350000
vt 0.469281 0.400000
vt 0.469281 0.450000
vt 0.469281 0.500000
vt 0.469281 0.550000
vt 0.469281 0.600000
vt 0.469281 0.650000
vt 0.469281 0.700000
vt 0.469281 0.750000
vt 0.469281 0.800000
vt 0.469281 0.850000
vt 0.469281 0.900000
vt 0.469281 0.950000
vt 0.462166 -0.000000
vt 0.462166 1.000000
vt 0.462166 0.050000
vt 0.462166 0.100000
vt 0.462166 0.150000
vt 0.462166 0.200000
vt 0.462166 0.250000
vt 0.462166 0.300000
vt 0.462166 0.350000
vt 0.462166 0.400000
vt 0.462166 0.450000
vt 0.462166 0.500000
vt 0.462166 0.550000
vt 0.462166 0.600000
vt 0.462166 0.650000
vt 0.462166 0.700000
vt 0.462166 0.750000
vt 0.462166 0.800000
vt 0.462166 0.850000
vt 0.462166 0.900000
vt 0.462166 0.950000
vt 0.457370 -0.000000
vt 0.457370 1.000000
vt 0.457370 0.050000
vt 0.457370 0.100000
vt 0.457370 0.150000
vt 0.457370 0.200000
vt 0.457370 0.250000
vt 0.457370 0.300000
vt 0.457370 0.350000
vt 0.457370 0.400000
vt 0.457370 0.450000
vt 0.457370 0.500000
vt 0.457370 0.550000
vt 0.457370 0.600000
vt 0.457370 0.650000
vt 0.457370 0.700000
vt 0.457370 0.750000
vt 0.457370 0.800000
vt 0.457370 0.850000
vt 0.457370 0.900000
vt 0.457370 0.950000
vn -0.993438 -0.080867 0.080876
vn -0.845405 -0.091137 0.526293
vn -0.845801 -0.085896 0.526539
vn -0.993581 -0.076396 0.083430
vn -0.534477 0.776996 0.332584
vn -0.842767 0.120519 0.524614
vn -0.991615 0.110986 0.066195
vn -0.703391 0.710474 -0.021622
vn -0.361569 0.904808 0.224924
vn -0.521475 0.849389 -0.081257
vn -0.208465 0.969405 0.129603
vn -0.363221 0.920776 -0.142275
vn -0.069711 0.996631 0.043221
vn -0.226462 0.949798 -0.215867
vn 0.197967 0.972409 -0.123409
vn 0.029726 0.921481 -0.387284
vn 0.186413 0.863203 -0.469181
vn 0.363916 0.903421 -0.226703
vn -0.931166 -0.054284 -0.360531
vn -0.932204 -0.051517 -0.358249
vn -0.926748 0.082679 -0.366473
vn -0.759247 0.545706 -0.354611
vn -0.615089 0.698273 -0.366170
vn -0.481720 0.779572 -0.400266
vn -0.363655 0.811269 -0.457819
vn -0.160718 0.758490 -0.631555
vn 0.016921 0.754379 -0.656222
vn -0.803506 -0.032856 -0.594389
vn -0.805003 -0.031402 -0.592439
vn -0.796040 0.062677 -0.601989
vn -0.722025 0.358229 -0.591906
vn -0.639923 0.483873 -0.596964
vn -0.551974 0.558892 -0.618842
vn -0.467764 0.588091 -0.659807
vn -0.337803 0.523151 -0.782434
vn -0.220295 0.489471 -0.843735
vn -0.667530 -0.015283 -0.744426
vn -0.669284 -0.014779 -0.742860
vn -0.657204 0.034594 -0.752918
vn -0.635725 0.168981 -0.753193
vn -0.604615 0.236365 -0.760639
vn -0.566177 0.280040 -0.775256
vn -0.525200 0.297324 -0.797348
vn -0.465510 0.253932 -0.847832
vn -0.404143 0.233823 -0.884305
vn -0.526490 -0.000046 -0.850181
vn -0.528464 -0.000195 -0.848955
vn -0.513128 -0.003965 -0.858303
vn -0.516761 -0.016451 -0.855972
vn -0.519099 -0.023189 -0.854399
vn -0.522349 -0.027670 -0.852283
vn -0.526203 -0.029456 -0.849848
vn -0.536974 -0.039100 -0.842692
vn -0.530656 -0.009210 -0.847537
vn -0.368846 0.014493 -0.929377
vn -0.371076 0.013919 -0.928498
vn -0.351949 -0.054681 -0.934421
vn -0.367265 -0.200899 -0.908161
vn -0.390898 -0.279714 -0.876903
vn -0.425897 -0.330274 -0.842337
vn -0.470316 -0.350228 -0.810027
vn -0.549792 -0.332023 -0.766479
vn -0.607496 -0.259742 -0.750655
vn -0.173598 0.029955 -0.984361
vn -0.176110 0.029129 -0.983939
vn -0.153562 -0.119385 -0.980901
vn -0.181805 -0.386388 -0.904241
vn -0.226246 -0.518195 -0.824795
vn -0.288915 -0.595675 -0.749466
vn -0.367601 -0.625783 -0.687943
vn -0.506024 -0.597244 -0.622285
vn -0.630063 -0.503603 -0.591105
vn 0.092926 0.047870 -0.994522
vn 0.090319 0.046923 -0.994807
vn 0.110467 -0.198764 -0.973802
vn 0.045065 -0.565413 -0.823576
vn -0.033934 -0.718724 -0.694467
vn -0.127123 -0.799402 -0.587194
vn -0.233749 -0.830939 -0.504878
vn -0.412857 -0.807777 -0.420768
vn -0.591620 -0.717212 -0.368228
vn 0.462396 0.067436 -0.884105
vn 0.460609 0.066478 -0.885110
vn 0.457551 -0.281868 -0.843325
vn 0.302995 -0.708972 -0.636830
vn 0.170125 -0.855708 -0.488693
vn 0.043489 -0.926410 -0.373996
vn -0.083967 -0.955249 -0.283636
vn -0.281847 -0.942491 -0.179645
vn -0.488408 -0.867635 -0.093095
vn 0.846353 0.077979 -0.526883
vn 0.846414 0.077057 -0.526921
vn 0.803392 -0.323253 -0.500069
vn 0.545171 -0.766617 -0.339245
vn 0.361568 -0.904808 -0.224925
vn 0.208464 -0.969405 -0.129604
vn 0.069710 -0.996631 -0.043222
vn -0.127003 -0.988733 0.079234
vn -0.327742 -0.922439 0.204186
vn 0.997409 0.067573 -0.024673
vn 0.997522 0.066615 -0.022626
vn 0.958729 -0.281739 -0.038237
vn 0.705282 -0.708865 0.009404
vn 0.513731 -0.855615 0.063275
vn 0.354928 -0.926324 0.126295
vn 0.217592 -0.955165 0.200783
vn 0.036932 -0.942403 0.332434
vn -0.131918 -0.867538 0.479558
vn 0.933401 0.048085 0.355599
vn 0.932506 0.047139 0.358064
vn 0.922586 -0.198556 0.330773
vn 0.758972 -0.565225 0.323238
vn 0.608276 -0.718551 0.337171
vn 0.470897 -0.799240 0.373459
vn 0.349976 -0.830780 0.432807
vn 0.195441 -0.807612 0.556387
vn 0.069376 -0.717035 0.693576
vn 0.806639 0.030206 0.590272
vn 0.805153 0.029380 0.592340
vn 0.812399 -0.119138 0.570801
vn 0.731183 -0.386151 0.562369
vn 0.640299 -0.517968 0.567209
vn 0.545055 -0.595455 0.590210
vn 0.455123 -0.625565 0.633666
vn 0.335103 -0.597022 0.728883
vn 0.252360 -0.503372 0.826396
vn 0.671120 0.014759 0.741202
vn 0.669346 0.014185 0.742815
vn 0.683113 -0.054416 0.728283
vn 0.652810 -0.200636 0.730469
vn 0.614342 -0.279454 0.737895
vn 0.567884 -0.330017 0.754054
vn 0.519288 -0.349971 0.779654
vn 0.445129 -0.331765 0.831740
vn 0.405448 -0.259480 0.876517
vn 0.530472 0.000225 0.847702
vn 0.528501 0.000076 0.848933
vn 0.543659 -0.003694 0.839298
vn 0.539966 -0.016180 0.841532
vn 0.537524 -0.022918 0.842937
vn 0.534191 -0.027399 0.844920
vn 0.530305 -0.029186 0.847305
vn 0.519131 -0.038830 0.853812
vn 0.526262 -0.008939 0.850275
vn 0.373324 -0.015017 0.927579
vn 0.371144 -0.014512 0.928462
vn 0.385495 0.034861 0.922051
vn 0.395202 0.169245 0.902868
vn 0.415607 0.236627 0.878225
vn 0.445683 0.280300 0.850176
vn 0.483592 0.297583 0.823154
vn 0.555246 0.254194 0.791889
vn 0.615064 0.234085 0.752928
vn 0.178676 -0.032604 0.983368
vn 0.176265 -0.031151 0.983850
vn 0.188777 0.062929 0.980002
vn 0.212355 0.358471 0.909067
vn 0.253116 0.484106 0.837600
vn 0.311558 0.559119 0.768321
vn 0.385484 0.588317 0.710834
vn 0.552896 0.523384 0.648363
vn 0.659776 0.489701 0.569990
vn -0.087513 -0.054068 0.994695
vn -0.090019 -0.051302 0.994618
vn -0.080253 0.082896 0.993322
vn -0.017032 0.545901 0.837677
vn 0.056950 0.698453 0.713386
vn 0.146404 0.779742 0.608743
vn 0.250158 0.811435 0.528199
vn 0.495642 0.758667 0.422804
vn 0.596188 0.754534 0.274294
vn -0.511074 -0.080743 0.855736
vn -0.513429 -0.076273 0.854735
vn -0.497127 0.111113 0.860534
vn -0.291197 0.710585 0.640525
vn -0.157408 0.849488 0.503579
vn -0.032811 0.920867 0.388493
vn 0.093587 0.949887 0.298254
vn 0.360492 0.921573 0.144047
vn 0.503151 0.863290 0.039616
vn 0.482118 0.874678 0.050000
vn 0.355843 0.907873 -0.221679
vn 0.560486 0.785794 0.261501
vn 0.644916 0.543698 0.537100
vn 0.619579 0.248553 0.744543
vn 0.534886 0.011909 0.844841
vn 0.418585 -0.235249 0.877180
vn 0.268467 -0.481148 0.834519
vn 0.084399 -0.702612 0.706550
vn -0.123178 -0.862925 0.490090
vn -0.327742 -0.922439 0.204186
vn -0.494001 -0.863026 -0.105587
vn -0.596633 -0.702794 -0.387440
vn -0.630245 -0.481383 -0.609149
vn -0.602296 -0.235512 -0.762741
vn -0.521976 0.011639 -0.852881
vn -0.394628 0.248292 -0.884658
vn -0.197351 0.543477 -0.815895
vn 0.012636 0.785646 -0.618547
vn 0.167809 0.874592 -0.454894
vn -0.069710 0.996630 0.043222
vn -0.069710 0.996630 0.043222
vn -0.069710 0.996630 0.043222
vn -0.069710 0.996630 0.043222
vn -0.069710 0.996630 0.043222
vn -0.069710 0.996630 0.043222
vn -0.069710 0.996630 0.043222
vn -0.069710 0.996630 0.043222
vn -0.069710 0.996630 0.043222
vn -0.069710 0.996630 0.043222
vn -0.069710 0.996630 0.043222
vn -0.069710 0.996630 0.043222
vn -0.069710 0.996630 0.043222
vn -0.069710 0.996630 0.043222
vn -0.069710 0.996630 0.043222
vn -0.069710 0.996630 0.043222
vn -0.069710 0.996631 0.043222
vn -0.069710 0.996630 0.043222
vn -0.069710 0.996630 0.043222
vn -0.069710 0.996630 0.043222
vn -0.545118 0.766669 0.339212
vn -0.545118 0.766669 0.339212
vn -0.545118 0.766669 0.339212
vn -0.545118 0.766669 0.339212
vn -0.545118 0.766669 0.339212
vn -0.545118 0.766669 0.339212
vn -0.545118 0.766669 0.339212
vn -0.545118 0.766669 0.339212
vn -0.545118 0.766669 0.339212
vn -0.545118 0.766669 0.339212
vn -0.545118 0.766669 0.339212
vn -0.545118 0.766669 0.339212
vn -0.545118 0.766669 0.339212
vn -0.545118 0.766669 0.339212
vn -0.545118 0.766669 0.339212
vn -0.545118 0.766669 0.339212
vn -0.545118 0.766669 0.339212
vn -0.545118 0.766669 0.339212
vn -0.545118 0.766669 0.339212
vn -0.545118 0.766669 0.339212
vn -0.527772 -0.125160 0.840114
vn -0.840515 -0.140482 0.523258
vn -0.110002 -0.083822 0.990391
vn 0.161270 -0.049676 0.985659
vn 0.363295 -0.022407 0.931405
vn 0.527051 -0.000451 0.849834
vn 0.672844 0.018399 0.739556
vn 0.811434 0.036381 0.583310
vn 0.937650 0.055525 0.343118
vn 0.996478 0.075271 -0.036968
vn 0.845832 0.085460 -0.526560
vn 0.473016 0.075137 -0.877844
vn 0.105999 0.055312 -0.992827
vn -0.165236 0.036131 -0.985592
vn -0.366608 0.018133 -0.930199
vn -0.529913 -0.000722 -0.848052
vn -0.675388 -0.022673 -0.737114
vn -0.813244 -0.049925 -0.579778
vn -0.937227 -0.084034 -0.338445
vn -0.986785 -0.125278 0.102766
vn -0.519982 -0.124582 0.845043
vn -0.840515 -0.140482 0.523258
vn -0.100555 -0.082774 0.991482
vn 0.168839 -0.048721 0.984439
vn 0.368145 -0.021761 0.929514
vn 0.529459 -0.000130 0.848335
vn 0.673327 0.018448 0.739115
vn 0.810660 0.036235 0.584395
vn 0.936668 0.055297 0.345825
vn 0.996592 0.075137 -0.034058
vn 0.845832 0.085460 -0.526560
vn 0.470456 0.075002 -0.879230
vn 0.103137 0.055084 -0.993141
vn -0.166551 0.035985 -0.985376
vn -0.366000 0.018182 -0.930437
vn -0.527506 -0.000401 -0.849551
vn -0.671551 -0.022027 -0.740631
vn -0.808807 -0.048971 -0.586031
vn -0.934036 -0.082988 -0.347404
vn -0.987769 -0.124702 0.093600
vn -0.516994 -0.124368 0.846906
vn -0.840515 -0.140482 0.523258
vn -0.096910 -0.082391 0.991877
vn 0.171173 -0.048448 0.984049
vn 0.368870 -0.021672 0.929228
vn 0.528790 -0.000214 0.848753
vn 0.671618 0.018222 0.740674
vn 0.808461 0.035912 0.587453
vn 0.935002 0.054961 0.350358
vn 0.996739 0.074959 -0.029884
vn 0.845832 0.085460 -0.526560
vn 0.466775 0.074823 -0.881205
vn 0.098333 0.054746 -0.993647
vn -0.170266 0.035661 -0.984753
vn -0.368152 0.017956 -0.929592
vn -0.528176 -0.000485 -0.849135
vn -0.670974 -0.021938 -0.741156
vn -0.807427 -0.048699 -0.587954
vn -0.932782 -0.082605 -0.350849
vn -0.988122 -0.124489 0.090097
vn -0.514070 -0.124155 0.848715
vn -0.840515 -0.140482 0.523258
vn -0.093392 -0.082015 0.992246
vn 0.173577 -0.048159 0.983642
vn 0.369886 -0.021542 0.928827
vn 0.528596 -0.000237 0.848873
vn 0.670508 0.018074 0.741682
vn 0.806872 0.035675 0.589648
vn 0.933739 0.054704 0.353749
vn 0.996840 0.074821 -0.026689
vn 0.845832 0.085459 -0.526560
vn 0.463953 0.074684 -0.882706
vn 0.094734 0.054489 -0.994010
vn -0.172937 0.035424 -0.984296
vn -0.369547 0.017808 -0.929041
vn -0.528369 -0.000508 -0.849015
vn -0.670166 -0.021808 -0.741891
vn -0.806001 -0.048410 -0.589931
vn -0.931560 -0.082229 -0.354167
vn -0.988455 -0.124276 0.086674
s 1
g group9 pTorus1
usemtl initialShadingGroup
f 1362/1520/1248 1343/1501/1249 1083/1227/1250 1091/1235/1251
f 1085/1229/1252 1084/1228/1253 1092/1236/1254 1093/1237/1255
f 1086/1230/1256 1085/1229/1252 1093/1237/1255 1094/1238/1257
f 1087/1231/1258 1086/1230/1256 1094/1238/1257 1095/1239/1259
f 1088/1232/1260 1087/1231/1258 1095/1239/1259 1096/1240/1261
f 1089/1233/1262 1088/1232/1260 1096/1240/1261 1097/1241/1263
f 1262/1415/1264 1243/1396/1265 1089/1233/1262 1097/1241/1263
f 1361/1519/1266 1362/1520/1248 1091/1235/1251 1099/1243/1267
f 1093/1237/1255 1092/1236/1254 1100/1244/1268 1101/1245/1269
f 1094/1238/1257 1093/1237/1255 1101/1245/1269 1102/1246/1270
f 1095/1239/1259 1094/1238/1257 1102/1246/1270 1103/1247/1271
f 1096/1240/1261 1095/1239/1259 1103/1247/1271 1104/1248/1272
f 1097/1241/1263 1096/1240/1261 1104/1248/1272 1105/1249/1273
f 1261/1414/1274 1262/1415/1264 1097/1241/1263 1105/1249/1273
f 1360/1518/1275 1361/1519/1266 1099/1243/1267 1107/1251/1276
f 1101/1245/1269 1100/1244/1268 1108/1252/1277 1109/1253/1278
f 1102/1246/1270 1101/1245/1269 1109/1253/1278 1110/1254/1279
f 1103/1247/1271 1102/1246/1270 1110/1254/1279 1111/1255/1280
f 1104/1248/1272 1103/1247/1271 1111/1255/1280 1112/1256/1281
f 1105/1249/1273 1104/1248/1272 1112/1256/1281 1113/1257/1282
f 1260/1413/1283 1261/1414/1274 1105/1249/1273 1113/1257/1282
f 1359/1517/1284 1360/1518/1275 1107/1251/1276 1115/1259/1285
f 1109/1253/1278 1108/1252/1277 1116/1260/1286 1117/1261/1287
f 1110/1254/1279 1109/1253/1278 1117/1261/1287 1118/1262/1288
f 1111/1255/1280 1110/1254/1279 1118/1262/1288 1119/1263/1289
f 1112/1256/1281 1111/1255/1280 1119/1263/1289 1120/1264/1290
f 1113/1257/1282 1112/1256/1281 1120/1264/1290 1121/1265/1291
f 1259/1412/1292 1260/1413/1283 1113/1257/1282 1121/1265/1291
f 1358/1516/1293 1359/1517/1284 1115/1259/1285 1123/1267/1294
f 1117/1261/1287 1116/1260/1286 1124/1268/1295 1125/1269/1296
f 1118/1262/1288 1117/1261/1287 1125/1269/1296 1126/1270/1297
f 1119/1263/1289 1118/1262/1288 1126/1270/1297 1127/1271/1298
f 1120/1264/1290 1119/1263/1289 1127/1271/1298 1128/1272/1299
f 1121/1265/1291 1120/1264/1290 1128/1272/1299 1129/1273/1300
f 1258/1411/1301 1259/1412/1292 1121/1265/1291 1129/1273/1300
f 1357/1515/1302 1358/1516/1293 1123/1267/1294 1131/1275/1303
f 1125/1269/1296 1124/1268/1295 1132/1276/1304 1133/1277/1305
f 1126/1270/1297 1125/1269/1296 1133/1277/1305 1134/1278/1306
f 1127/1271/1298 1126/1270/1297 1134/1278/1306 1135/1279/1307
f 1128/1272/1299 1127/1271/1298 1135/1279/1307 1136/1280/1308
f 1129/1273/1300 1128/1272/1299 1136/1280/1308 1137/1281/1309
f 1257/1410/1310 1258/1411/1301 1129/1273/1300 1137/1281/1309
f 1356/1514/1311 1357/1515/1302 1131/1275/1303 1139/1283/1312
f 1133/1277/1305 1132/1276/1304 1140/1284/1313 1141/1285/1314
f 1134/1278/1306 1133/1277/1305 1141/1285/1314 1142/1286/1315
f 1135/1279/1307 1134/1278/1306 1142/1286/1315 1143/1287/1316
f 1136/1280/1308 1135/1279/1307 1143/1287/1316 1144/1288/1317
f 1137/1281/1309 1136/1280/1308 1144/1288/1317 1145/1289/1318
f 1256/1409/1319 1257/1410/1310 1137/1281/1309 1145/1289/1318
f 1355/1513/1320 1356/1514/1311 1139/1283/1312 1147/1291/1321
f 1141/1285/1314 1140/1284/1313 1148/1292/1322 1149/1293/1323
f 1142/1286/1315 1141/1285/1314 1149/1293/1323 1150/1294/1324
f 1143/1287/1316 1142/1286/1315 1150/1294/1324 1151/1295/1325
f 1144/1288/1317 1143/1287/1316 1151/1295/1325 1152/1296/1326
f 1145/1289/1318 1144/1288/1317 1152/1296/1326 1153/1297/1327
f 1255/1408/1328 1256/1409/1319 1145/1289/1318 1153/1297/1327
f 1354/1512/1329 1355/1513/1320 1147/1291/1321 1155/1299/1330
f 1149/1293/1323 1148/1292/1322 1156/1300/1331 1157/1301/1332
f 1150/1294/1324 1149/1293/1323 1157/1301/1332 1158/1302/1333
f 1151/1295/1325 1150/1294/1324 1158/1302/1333 1159/1303/1334
f 1152/1296/1326 1151/1295/1325 1159/1303/1334 1160/1304/1335
f 1153/1297/1327 1152/1296/1326 1160/1304/1335 1161/1305/1336
f 1254/1407/1337 1255/1408/1328 1153/1297/1327 1161/1305/1336
f 1353/1511/1338 1354/1512/1329 1155/1299/1330 1163/1307/1339
f 1157/1301/1332 1156/1300/1331 1164/1308/1340 1165/1309/1341
f 1158/1302/1333 1157/1301/1332 1165/1309/1341 1166/1310/1342
f 1159/1303/1334 1158/1302/1333 1166/1310/1342 1167/1311/1343
f 1160/1304/1335 1159/1303/1334 1167/1311/1343 1168/1312/1344
f 1161/1305/1336 1160/1304/1335 1168/1312/1344 1169/1313/1345
f 1253/1406/1346 1254/1407/1337 1161/1305/1336 1169/1313/1345
f 1352/1510/1347 1353/1511/1338 1163/1307/1339 1171/1315/1348
f 1165/1309/1341 1164/1308/1340 1172/1316/1349 1173/1317/1350
f 1166/1310/1342 1165/1309/1341 1173/1317/1350 1174/1318/1351
f 1167/1311/1343 1166/1310/1342 1174/1318/1351 1175/1319/1352
f 1168/1312/1344 1167/1311/1343 1175/1319/1352 1176/1320/1353
f 1169/1313/1345 1168/1312/1344 1176/1320/1353 1177/1321/1354
f 1252/1405/1355 1253/1406/1346 1169/1313/1345 1177/1321/1354
f 1351/1509/1356 1352/1510/1347 1171/1315/1348 1179/1323/1357
f 1173/1317/1350 1172/1316/1349 1180/1324/1358 1181/1325/1359
f 1174/1318/1351 1173/1317/1350 1181/1325/1359 1182/1326/1360
f 1175/1319/1352 1174/1318/1351 1182/1326/1360 1183/1327/1361
f 1176/1320/1353 1175/1319/1352 1183/1327/1361 1184/1328/1362
f 1177/1321/1354 1176/1320/1353 1184/1328/1362 1185/1329/1363
f 1251/1404/1364 1252/1405/1355 1177/1321/1354 1185/1329/1363
f 1350/1508/1365 1351/1509/1356 1179/1323/1357 1187/1331/1366
f 1181/1325/1359 1180/1324/1358 1188/1332/1367 1189/1333/1368
f 1182/1326/1360 1181/1325/1359 1189/1333/1368 1190/1334/1369
f 1183/1327/1361 1182/1326/1360 1190/1334/1369 1191/1335/1370
f 1184/1328/1362 1183/1327/1361 1191/1335/1370 1192/1336/1371
f 1185/1329/1363 1184/1328/1362 1192/1336/1371 1193/1337/1372
f 1250/1403/1373 1251/1404/1364 1185/1329/1363 1193/1337/1372
f 1349/1507/1374 1350/1508/1365 1187/1331/1366 1195/1339/1375
f 1189/1333/1368 1188/1332/1367 1196/1340/1376 1197/1341/1377
f 1190/1334/1369 1189/1333/1368 1197/1341/1377 1198/1342/1378
f 1191/1335/1370 1190/1334/1369 1198/1342/1378 1199/1343/1379
f 1192/1336/1371 1191/1335/1370 1199/1343/1379 1200/1344/1380
f 1193/1337/1372 1192/1336/1371 1200/1344/1380 1201/1345/1381
f 1249/1402/1382 1250/1403/1373 1193/1337/1372 1201/1345/1381
f 1348/1506/1383 1349/1507/1374 1195/1339/1375 1203/1347/1384
f 1197/1341/1377 1196/1340/1376 1204/1348/1385 1205/1349/1386
f 1198/1342/1378 1197/1341/1377 1205/1349/1386 1206/1350/1387
f 1199/1343/1379 1198/1342/1378 1206/1350/1387 1207/1351/1388
f 1200/1344/1380 1199/1343/1379 1207/1351/1388 1208/1352/1389
f 1201/1345/1381 1200/1344/1380 1208/1352/1389 1209/1353/1390
f 1248/1401/1391 1249/1402/1382 1201/1345/1381 1209/1353/1390
f 1347/1505/1392 1348/1506/1383 1203/1347/1384 1211/1355/1393
f 1205/1349/1386 1204/1348/1385 1212/1356/1394 1213/1357/1395
f 1206/1350/1387 1205/1349/1386 1213/1357/1395 1214/1358/1396
f 1207/1351/1388 1206/1350/1387 1214/1358/1396 1215/1359/1397
f 1208/1352/1389 1207/1351/1388 1215/1359/1397 1216/1360/1398
f 1209/1353/1390 1208/1352/1389 1216/1360/1398 1217/1361/1399
f 1247/1400/1400 1248/1401/1391 1209/1353/1390 1217/1361/1399
f 1346/1504/1401 1347/1505/1392 1211/1355/1393 1219/1363/1402
f 1213/1357/1395 1212/1356/1394 1220/1364/1403 1221/1365/1404
f 1214/1358/1396 1213/1357/1395 1221/1365/1404 1222/1366/1405
f 1215/1359/1397 1214/1358/1396 1222/1366/1405 1223/1367/1406
f 1216/1360/1398 1215/1359/1397 1223/1367/1406 1224/1368/1407
f 1217/1361/1399 1216/1360/1398 1224/1368/1407 1225/1369/1408
f 1246/1399/1409 1247/1400/1400 1217/1361/1399 1225/1369/1408
f 1345/1503/1410 1346/1504/1401 1219/1363/1402 1227/1371/1411
f 1221/1365/1404 1220/1364/1403 1228/1372/1412 1229/1373/1413
f 1222/1366/1405 1221/1365/1404 1229/1373/1413 1230/1374/1414
f 1223/1367/1406 1222/1366/1405 1230/1374/1414 1231/1375/1415
f 1224/1368/1407 1223/1367/1406 1231/1375/1415 1232/1376/1416
f 1225/1369/1408 1224/1368/1407 1232/1376/1416 1233/1377/1417
f 1245/1398/1418 1246/1399/1409 1225/1369/1408 1233/1377/1417
f 1344/1502/1419 1345/1503/1410 1227/1371/1411 1235/1379/1420
f 1229/1373/1413 1228/1372/1412 1236/1380/1421 1237/1381/1422
f 1230/1374/1414 1229/1373/1413 1237/1381/1422 1238/1382/1423
f 1231/1375/1415 1230/1374/1414 1238/1382/1423 1239/1383/1424
f 1232/1376/1416 1231/1375/1415 1239/1383/1424 1240/1384/1425
f 1233/1377/1417 1232/1376/1416 1240/1384/1425 1241/1385/1426
f 1244/1397/1427 1245/1398/1418 1233/1377/1417 1241/1385/1426
f 1343/1500/1249 1344/1502/1419 1235/1379/1420 1083/1387/1250
f 1237/1381/1422 1236/1380/1421 1084/1388/1253 1085/1389/1252
f 1238/1382/1423 1237/1381/1422 1085/1389/1252 1086/1390/1256
f 1239/1383/1424 1238/1382/1423 1086/1390/1256 1087/1391/1258
f 1240/1384/1425 1239/1383/1424 1087/1391/1258 1088/1392/1260
f 1241/1385/1426 1240/1384/1425 1088/1392/1260 1089/1393/1262
f 1243/1395/1265 1244/1397/1427 1241/1385/1426 1089/1393/1262
f 1242/1386/1428 1244/1397/1427 1243/1395/1265 1090/1394/1429
f 1234/1378/1430 1245/1398/1418 1244/1397/1427 1242/1386/1428
f 1226/1370/1431 1246/1399/1409 1245/1398/1418 1234/1378/1430
f 1218/1362/1432 1247/1400/1400 1246/1399/1409 1226/1370/1431
f 1210/1354/1433 1248/1401/1391 1247/1400/1400 1218/1362/1432
f 1202/1346/1434 1249/1402/1382 1248/1401/1391 1210/1354/1433
f 1194/1338/1435 1250/1403/1373 1249/1402/1382 1202/1346/1434
f 1186/1330/1436 1251/1404/1364 1250/1403/1373 1194/1338/1435
f 1178/1322/1437 1252/1405/1355 1251/1404/1364 1186/1330/1436
f 1170/1314/1438 1253/1406/1346 1252/1405/1355 1178/1322/1437
f 1162/1306/1439 1254/1407/1337 1253/1406/1346 1170/1314/1438
f 1154/1298/1440 1255/1408/1328 1254/1407/1337 1162/1306/1439
f 1146/1290/1441 1256/1409/1319 1255/1408/1328 1154/1298/1440
f 1138/1282/1442 1257/1410/1310 1256/1409/1319 1146/1290/1441
f 1130/1274/1443 1258/1411/1301 1257/1410/1310 1138/1282/1442
f 1122/1266/1444 1259/1412/1292 1258/1411/1301 1130/1274/1443
f 1114/1258/1445 1260/1413/1283 1259/1412/1292 1122/1266/1444
f 1106/1250/1446 1261/1414/1274 1260/1413/1283 1114/1258/1445
f 1098/1242/1447 1262/1415/1264 1261/1414/1274 1106/1250/1446
f 1090/1234/1429 1243/1396/1265 1262/1415/1264 1098/1242/1447
s off
f 1091/1235/1448 1083/1387/1449 1235/1379/1450 1227/1371/1451 1219/1363/1452 1211/1355/1453 1203/1347/1454 1195/1339/1455 1187/1331/1456 1179/1323/1457 1171/1315/1458 1163/1307/1459 1155/1299/1460 1147/1291/1461 1139/1283/1462 1131/1275/1463 1123/1267/1464 1115/1259/1465 1107/1251/1466 1099/1243/1467
f 1098/1242/1468 1106/1250/1469 1114/1258/1470 1122/1266/1471 1130/1274/1472 1138/1282/1473 1146/1290/1474 1154/1298/1475 1162/1306/1476 1170/1314/1477 1178/1322/1478 1186/1330/1479 1194/1338/1480 1202/1346/1481 1210/1354/1482 1218/1362/1483 1226/1370/1484 1234/1378/1485 1242/1386/1486 1090/1234/1487
s 1
f 1236/1380/1421 1264/1418/1488 1263/1416/1489 1084/1388/1253
f 1228/1372/1412 1265/1419/1490 1264/1418/1488 1236/1380/1421
f 1220/1364/1403 1266/1420/1491 1265/1419/1490 1228/1372/1412
f 1212/1356/1394 1267/1421/1492 1266/1420/1491 1220/1364/1403
f 1204/1348/1385 1268/1422/1493 1267/1421/1492 1212/1356/1394
f 1196/1340/1376 1269/1423/1494 1268/1422/1493 1204/1348/1385
f 1188/1332/1367 1270/1424/1495 1269/1423/1494 1196/1340/1376
f 1180/1324/1358 1271/1425/1496 1270/1424/1495 1188/1332/1367
f 1172/1316/1349 1272/1426/1497 1271/1425/1496 1180/1324/1358
f 1164/1308/1340 1273/1427/1498 1272/1426/1497 1172/1316/1349
f 1156/1300/1331 1274/1428/1499 1273/1427/1498 1164/1308/1340
f 1148/1292/1322 1275/1429/1500 1274/1428/1499 1156/1300/1331
f 1140/1284/1313 1276/1430/1501 1275/1429/1500 1148/1292/1322
f 1132/1276/1304 1277/1431/1502 1276/1430/1501 1140/1284/1313
f 1124/1268/1295 1278/1432/1503 1277/1431/1502 1132/1276/1304
f 1116/1260/1286 1279/1433/1504 1278/1432/1503 1124/1268/1295
f 1108/1252/1277 1280/1434/1505 1279/1433/1504 1116/1260/1286
f 1100/1244/1268 1281/1435/1506 1280/1434/1505 1108/1252/1277
f 1092/1236/1254 1282/1436/1507 1281/1435/1506 1100/1244/1268
f 1084/1228/1253 1263/1417/1489 1282/1436/1507 1092/1236/1254
f 1263/1416/1489 1264/1418/1488 1284/1439/1508 1283/1437/1509
f 1264/1418/1488 1265/1419/1490 1285/1440/1510 1284/1439/1508
f 1265/1419/1490 1266/1420/1491 1286/1441/1511 1285/1440/1510
f 1266/1420/1491 1267/1421/1492 1287/1442/1512 1286/1441/1511
f 1267/1421/1492 1268/1422/1493 1288/1443/1513 1287/1442/1512
f 1268/1422/1493 1269/1423/1494 1289/1444/1514 1288/1443/1513
f 1269/1423/1494 1270/1424/1495 1290/1445/1515 1289/1444/1514
f 1270/1424/1495 1271/1425/1496 1291/1446/1516 1290/1445/1515
f 1271/1425/1496 1272/1426/1497 1292/1447/1517 1291/1446/1516
f 1272/1426/1497 1273/1427/1498 1293/1448/1518 1292/1447/1517
f 1273/1427/1498 1274/1428/1499 1294/1449/1519 1293/1448/1518
f 1274/1428/1499 1275/1429/1500 1295/1450/1520 1294/1449/1519
f 1275/1429/1500 1276/1430/1501 1296/1451/1521 1295/1450/1520
f 1276/1430/1501 1277/1431/1502 1297/1452/1522 1296/1451/1521
f 1277/1431/1502 1278/1432/1503 1298/1453/1523 1297/1452/1522
f 1278/1432/1503 1279/1433/1504 1299/1454/1524 1298/1453/1523
f 1279/1433/1504 1280/1434/1505 1300/1455/1525 1299/1454/1524
f 1280/1434/1505 1281/1435/1506 1301/1456/1526 1300/1455/1525
f 1281/1435/1506 1282/1436/1507 1302/1457/1527 1301/1456/1526
f 1282/1436/1507 1263/1417/1489 1283/1438/1509 1302/1457/1527
f 1283/1437/1509 1284/1439/1508 1304/1460/1528 1303/1458/1529
f 1284/1439/1508 1285/1440/1510 1305/1461/1530 1304/1460/1528
f 1285/1440/1510 1286/1441/1511 1306/1462/1531 1305/1461/1530
f 1286/1441/1511 1287/1442/1512 1307/1463/1532 1306/1462/1531
f 1287/1442/1512 1288/1443/1513 1308/1464/1533 1307/1463/1532
f 1288/1443/1513 1289/1444/1514 1309/1465/1534 1308/1464/1533
f 1289/1444/1514 1290/1445/1515 1310/1466/1535 1309/1465/1534
f 1290/1445/1515 1291/1446/1516 1311/1467/1536 1310/1466/1535
f 1291/1446/1516 1292/1447/1517 1312/1468/1537 1311/1467/1536
f 1292/1447/1517 1293/1448/1518 1313/1469/1538 1312/1468/1537
f 1293/1448/1518 1294/1449/1519 1314/1470/1539 1313/1469/1538
f 1294/1449/1519 1295/1450/1520 1315/1471/1540 1314/1470/1539
f 1295/1450/1520 1296/1451/1521 1316/1472/1541 1315/1471/1540
f 1296/1451/1521 1297/1452/1522 1317/1473/1542 1316/1472/1541
f 1297/1452/1522 1298/1453/1523 1318/1474/1543 1317/1473/1542
f 1298/1453/1523 1299/1454/1524 1319/1475/1544 1318/1474/1543
f 1299/1454/1524 1300/1455/1525 1320/1476/1545 1319/1475/1544
f 1300/1455/1525 1301/1456/1526 1321/1477/1546 1320/1476/1545
f 1301/1456/1526 1302/1457/1527 1322/1478/1547 1321/1477/1546
f 1302/1457/1527 1283/1438/1509 1303/1459/1529 1322/1478/1547
f 1303/1458/1529 1304/1460/1528 1324/1481/1548 1323/1479/1549
f 1304/1460/1528 1305/1461/1530 1325/1482/1550 1324/1481/1548
f 1305/1461/1530 1306/1462/1531 1326/1483/1551 1325/1482/1550
f 1306/1462/1531 1307/1463/1532 1327/1484/1552 1326/1483/1551
f 1307/1463/1532 1308/1464/1533 1328/1485/1553 1327/1484/1552
f 1308/1464/1533 1309/1465/1534 1329/1486/1554 1328/1485/1553
f 1309/1465/1534 1310/1466/1535 1330/1487/1555 1329/1486/1554
f 1310/1466/1535 1311/1467/1536 1331/1488/1556 1330/1487/1555
f 1311/1467/1536 1312/1468/1537 1332/1489/1557 1331/1488/1556
f 1312/1468/1537 1313/1469/1538 1333/1490/1558 1332/1489/1557
f 1313/1469/1538 1314/1470/1539 1334/1491/1559 1333/1490/1558
f 1314/1470/1539 1315/1471/1540 1335/1492/1560 1334/1491/1559
f 1315/1471/1540 1316/1472/1541 1336/1493/1561 1335/1492/1560
f 1316/1472/1541 1317/1473/1542 1337/1494/1562 1336/1493/1561
f 1317/1473/1542 1318/1474/1543 1338/1495/1563 1337/1494/1562
f 1318/1474/1543 1319/1475/1544 1339/1496/1564 1338/1495/1563
f 1319/1475/1544 1320/1476/1545 1340/1497/1565 1339/1496/1564
f 1320/1476/1545 1321/1477/1546 1341/1498/1566 1340/1497/1565
f 1321/1477/1546 1322/1478/1547 1342/1499/1567 1341/1498/1566
f 1322/1478/1547 1303/1459/1529 1323/1480/1549 1342/1499/1567
f 1323/1479/1549 1324/1481/1548 1344/1502/1419 1343/1500/1249
f 1324/1481/1548 1325/1482/1550 1345/1503/1410 1344/1502/1419
f 1325/1482/1550 1326/1483/1551 1346/1504/1401 1345/1503/1410
f 1326/1483/1551 1327/1484/1552 1347/1505/1392 1346/1504/1401
f 1327/1484/1552 1328/1485/1553 1348/1506/1383 1347/1505/1392
f 1328/1485/1553 1329/1486/1554 1349/1507/1374 1348/1506/1383
f 1329/1486/1554 1330/1487/1555 1350/1508/1365 1349/1507/1374
f 1330/1487/1555 1331/1488/1556 1351/1509/1356 1350/1508/1365
f 1331/1488/1556 1332/1489/1557 1352/1510/1347 1351/1509/1356
f 1332/1489/1557 1333/1490/1558 1353/1511/1338 1352/1510/1347
f 1333/1490/1558 1334/1491/1559 1354/1512/1329 1353/1511/1338
f 1334/1491/1559 1335/1492/1560 1355/1513/1320 1354/1512/1329
f 1335/1492/1560 1336/1493/1561 1356/1514/1311 1355/1513/1320
f 1336/1493/1561 1337/1494/1562 1357/1515/1302 1356/1514/1311
f 1337/1494/1562 1338/1495/1563 1358/1516/1293 1357/1515/1302
f 1338/1495/1563 1339/1496/1564 1359/1517/1284 1358/1516/1293
f 1339/1496/1564 1340/1497/1565 1360/1518/1275 1359/1517/1284
f 1340/1497/1565 1341/1498/1566 1361/1519/1266 1360/1518/1275
f 1341/1498/1566 1342/1499/1567 1362/1520/1248 1361/1519/1266
f 1342/1499/1567 1323/1480/1549 1343/1501/1249 1362/1520/1248
g default
v 22.585699 -1.978411 -9.014264
v 22.589513 -1.978411 -9.018546
v 22.593478 -1.976038 -9.014808
v 22.595117 -1.970310 -9.013255
v 22.591316 -1.970314 -9.008986
v 22.586901 -1.970318 -9.005297
v 22.585248 -1.976041 -9.006835
v 22.581269 -1.978411 -9.010560
v 22.601171 -1.978411 -9.034484
v 22.603486 -1.978411 -9.039598
v 22.608549 -1.976038 -9.037291
v 22.610643 -1.970310 -9.036331
v 22.608336 -1.970314 -9.031232
v 22.605245 -1.970318 -9.026493
v 22.603140 -1.976041 -9.027437
v 22.598067 -1.978411 -9.029727
v 22.609639 -1.978411 -9.057883
v 22.610229 -1.978411 -9.063331
v 22.615894 -1.976038 -9.062681
v 22.618240 -1.970310 -9.062405
v 22.617652 -1.970314 -9.056976
v 22.616187 -1.970318 -9.051650
v 22.613837 -1.976041 -9.051906
v 22.608169 -1.978411 -9.052537
v 22.610278 -1.978411 -9.082171
v 22.609086 -1.978411 -9.087415
v 22.614798 -1.976038 -9.088487
v 22.617166 -1.970310 -9.088924
v 22.618354 -1.970314 -9.083697
v 22.618659 -1.970318 -9.078304
v 22.616294 -1.976041 -9.077847
v 22.610583 -1.978411 -9.076759
v 22.603023 -1.978411 -9.104969
v 22.600164 -1.978411 -9.109500
v 22.605366 -1.976038 -9.112185
v 22.607523 -1.970310 -9.113293
v 22.610372 -1.970314 -9.108779
v 22.612416 -1.970318 -9.103849
v 22.610268 -1.976041 -9.102724
v 22.605074 -1.978411 -9.100022
v 22.588585 -1.978411 -9.124048
v 22.584340 -1.978411 -9.127419
v 22.588521 -1.976038 -9.131457
v 22.590257 -1.970310 -9.133126
v 22.594488 -1.970314 -9.129766
v 22.598071 -1.970318 -9.125783
v 22.596349 -1.976041 -9.124100
v 22.592181 -1.978411 -9.120049
v 22.568378 -1.978411 -9.137536
v 22.563162 -1.978411 -9.139418
v 22.565913 -1.976038 -9.144415
v 22.567058 -1.970310 -9.146481
v 22.572257 -1.970314 -9.144606
v 22.577028 -1.970318 -9.141957
v 22.575902 -1.976041 -9.139880
v 22.573168 -1.978411 -9.134876
v 22.544379 -1.978411 -9.144117
v 22.538703 -1.978411 -9.144326
v 22.539755 -1.976038 -9.149790
v 22.540196 -1.970310 -9.152054
v 22.545853 -1.970314 -9.151846
v 22.551347 -1.970318 -9.150790
v 22.550925 -1.976041 -9.148525
v 22.549893 -1.978411 -9.143057
v 22.518937 -1.978411 -9.143144
v 22.513356 -1.978411 -9.141661
v 22.512606 -1.976038 -9.147059
v 22.512301 -1.970310 -9.149296
v 22.517863 -1.970314 -9.150775
v 22.523540 -1.970318 -9.151417
v 22.523866 -1.976041 -9.149183
v 22.524635 -1.978411 -9.143788
v 22.494543 -1.978411 -9.134714
v 22.489604 -1.978411 -9.131682
v 22.487125 -1.976038 -9.136486
v 22.486103 -1.970310 -9.138478
v 22.491026 -1.970314 -9.141499
v 22.496331 -1.970318 -9.143777
v 22.497372 -1.976041 -9.141795
v 22.499868 -1.978411 -9.136999
v 22.473585 -1.978411 -9.119650
v 22.469771 -1.978411 -9.115368
v 22.465806 -1.976038 -9.119106
v 22.464168 -1.970310 -9.120659
v 22.467968 -1.970314 -9.124929
v 22.472383 -1.970318 -9.128617
v 22.474036 -1.976041 -9.127079
v 22.478016 -1.978411 -9.123354
v 22.458114 -1.978411 -9.099430
v 22.455799 -1.978411 -9.094315
v 22.450736 -1.976038 -9.096623
v 22.448641 -1.970310 -9.097583
v 22.450949 -1.970314 -9.102682
v 22.454040 -1.970318 -9.107422
v 22.456145 -1.976041 -9.106478
v 22.461217 -1.978411 -9.104187
v 22.449645 -1.978411 -9.076030
v 22.449055 -1.978411 -9.070583
v 22.443390 -1.976038 -9.071234
v 22.441044 -1.970310 -9.071508
v 22.441632 -1.970314 -9.076938
v 22.443097 -1.970318 -9.082264
v 22.445447 -1.976041 -9.082009
v 22.451116 -1.978411 -9.081376
v 22.449006 -1.978411 -9.051743
v 22.450199 -1.978411 -9.046499
v 22.444486 -1.976038 -9.045428
v 22.442119 -1.970310 -9.044990
v 22.440930 -1.970314 -9.050218
v 22.440626 -1.970318 -9.055610
v 22.442991 -1.976041 -9.056067
v 22.448701 -1.978411 -9.057155
v 22.456261 -1.978411 -9.028944
v 22.459120 -1.978411 -9.024415
v 22.453918 -1.976038 -9.021729
v 22.451762 -1.970310 -9.020620
v 22.448912 -1.970314 -9.025135
v 22.446868 -1.970318 -9.030065
v 22.449016 -1.976041 -9.031191
v 22.454210 -1.978411 -9.033893
v 22.470699 -1.978411 -9.009866
v 22.474944 -1.978411 -9.006496
v 22.470763 -1.976038 -9.002458
v 22.469027 -1.970310 -9.000788
v 22.464797 -1.970314 -9.004147
v 22.461213 -1.970318 -9.008132
v 22.462935 -1.976041 -9.009814
v 22.467103 -1.978411 -9.013866
v 22.490907 -1.978411 -8.996378
v 22.496122 -1.978411 -8.994495
v 22.493371 -1.976038 -8.989500
v 22.492227 -1.970310 -8.987432
v 22.487028 -1.970314 -8.989309
v 22.482256 -1.970318 -8.991958
v 22.483383 -1.976041 -8.994033
v 22.486116 -1.978411 -8.999039
v 22.514905 -1.978411 -8.989797
v 22.520581 -1.978411 -8.989588
v 22.519530 -1.976038 -8.984123
v 22.519089 -1.970310 -8.981860
v 22.513431 -1.970314 -8.982069
v 22.507938 -1.970318 -8.983125
v 22.508359 -1.976041 -8.985389
v 22.509392 -1.978411 -8.990856
v 22.540347 -1.978411 -8.990771
v 22.545928 -1.978411 -8.992253
v 22.546678 -1.976038 -8.986855
v 22.546984 -1.970310 -8.984618
v 22.541422 -1.970314 -8.983139
v 22.535744 -1.970318 -8.982497
v 22.535418 -1.976041 -8.984731
v 22.534649 -1.978411 -8.990125
v 22.564742 -1.978411 -8.999200
v 22.569680 -1.978411 -9.002232
v 22.572159 -1.976038 -8.997428
v 22.573181 -1.970310 -8.995436
v 22.568258 -1.970314 -8.992415
v 22.562953 -1.970318 -8.990137
v 22.561913 -1.976041 -8.992120
v 22.559416 -1.978411 -8.996915
v 22.585699 2.960677 -9.014264
v 22.581269 2.960677 -9.010560
v 22.585245 2.958305 -9.006834
v 22.586897 2.952576 -9.005294
v 22.591313 2.952581 -9.008984
v 22.595113 2.952585 -9.013251
v 22.593476 2.958307 -9.014806
v 22.589513 2.960677 -9.018546
v 22.601171 2.960677 -9.034484
v 22.598067 2.960677 -9.029727
v 22.603138 2.958305 -9.027434
v 22.605241 2.952576 -9.026489
v 22.608334 2.952581 -9.031230
v 22.610640 2.952585 -9.036327
v 22.608548 2.958307 -9.037288
v 22.603486 2.960677 -9.039598
v 22.609639 2.960677 -9.057883
v 22.608169 2.960677 -9.052537
v 22.613836 2.958305 -9.051903
v 22.616185 2.952576 -9.051645
v 22.617651 2.952581 -9.056974
v 22.618240 2.952585 -9.062400
v 22.615895 2.958307 -9.062677
v 22.610229 2.960677 -9.063331
v 22.610278 2.960677 -9.082171
v 22.610583 2.960677 -9.076759
v 22.616293 2.958305 -9.077845
v 22.618658 2.952576 -9.078299
v 22.618355 2.952581 -9.083693
v 22.617167 2.952585 -9.088919
v 22.614799 2.958307 -9.088483
v 22.609086 2.960677 -9.087415
v 22.603023 2.960677 -9.104969
v 22.605074 2.960677 -9.100022
v 22.610268 2.958305 -9.102722
v 22.612418 2.952576 -9.103843
v 22.610374 2.952581 -9.108776
v 22.607526 2.952585 -9.113289
v 22.605368 2.958307 -9.112183
v 22.600164 2.960677 -9.109500
v 22.588585 2.960677 -9.124048
v 22.592181 2.960677 -9.120049
v 22.596351 2.958305 -9.124097
v 22.598075 2.952576 -9.125777
v 22.594490 2.952581 -9.129764
v 22.590261 2.952585 -9.133124
v 22.588524 2.958307 -9.131456
v 22.584340 2.960677 -9.127419
v 22.568378 2.960677 -9.137536
v 22.573168 2.960677 -9.134876
v 22.575904 2.958305 -9.139878
v 22.577033 2.952576 -9.141953
v 22.572259 2.952581 -9.144605
v 22.567063 2.952585 -9.146480
v 22.565916 2.958307 -9.144414
v 22.563162 2.960677 -9.139418
v 22.544379 2.960677 -9.144117
v 22.549893 2.960677 -9.143057
v 22.550928 2.958305 -9.148525
v 22.551351 2.952576 -9.150789
v 22.545856 2.952581 -9.151846
v 22.540201 2.952585 -9.152055
v 22.539758 2.958307 -9.149791
v 22.538703 2.960677 -9.144326
v 22.518937 2.960677 -9.143144
v 22.524635 2.960677 -9.143788
v 22.523869 2.958305 -9.149184
v 22.523546 2.952576 -9.151418
v 22.517866 2.952581 -9.150776
v 22.512306 2.952585 -9.149298
v 22.512609 2.958307 -9.147061
v 22.513356 2.960677 -9.141661
v 22.494543 2.960677 -9.134714
v 22.499868 2.960677 -9.136999
v 22.497374 2.958305 -9.141796
v 22.496337 2.952576 -9.143779
v 22.491029 2.952581 -9.141501
v 22.486108 2.952585 -9.138482
v 22.487127 2.958307 -9.136488
v 22.489604 2.960677 -9.131682
v 22.473585 2.960677 -9.119650
v 22.478016 2.960677 -9.123354
v 22.474039 2.958305 -9.127081
v 22.472388 2.952576 -9.128621
v 22.467971 2.952581 -9.124931
v 22.464172 2.952585 -9.120663
v 22.465808 2.958307 -9.119108
v 22.469771 2.960677 -9.115368
v 22.458114 2.960677 -9.099430
v 22.461217 2.960677 -9.104187
v 22.456147 2.958305 -9.106480
v 22.454044 2.952576 -9.107425
v 22.450950 2.952581 -9.102684
v 22.448644 2.952585 -9.097588
v 22.450736 2.958307 -9.096626
v 22.455799 2.960677 -9.094315
v 22.449645 2.960677 -9.076030
v 22.451116 2.960677 -9.081376
v 22.445448 2.958305 -9.082011
v 22.443100 2.952576 -9.082269
v 22.441633 2.952581 -9.076940
v 22.441044 2.952585 -9.071515
v 22.443390 2.958307 -9.071236
v 22.449055 2.960677 -9.070583
v 22.449006 2.960677 -9.051743
v 22.448701 2.960677 -9.057155
v 22.442991 2.958305 -9.056069
v 22.440626 2.952576 -9.055615
v 22.440930 2.952581 -9.050220
v 22.442117 2.952585 -9.044996
v 22.444485 2.958307 -9.045431
v 22.450199 2.960677 -9.046499
v 22.456261 2.960677 -9.028944
v 22.454210 2.960677 -9.033893
v 22.449016 2.958305 -9.031193
v 22.446867 2.952576 -9.030070
v 22.448910 2.952581 -9.025139
v 22.451758 2.952585 -9.020626
v 22.453917 2.958307 -9.021731
v 22.459120 2.960677 -9.024415
v 22.470699 2.960677 -9.009866
v 22.467103 2.960677 -9.013866
v 22.462933 2.958305 -9.009818
v 22.461210 2.952576 -9.008136
v 22.464794 2.952581 -9.004150
v 22.469023 2.952585 -9.000790
v 22.470761 2.958307 -9.002459
v 22.474944 2.960677 -9.006496
v 22.490907 2.960677 -8.996378
v 22.486116 2.960677 -8.999039
v 22.483380 2.958305 -8.994036
v 22.482252 2.952576 -8.991960
v 22.487026 2.952581 -8.989309
v 22.492221 2.952585 -8.987434
v 22.493368 2.958307 -8.989500
v 22.496122 2.960677 -8.994495
v 22.514905 2.960677 -8.989797
v 22.509392 2.960677 -8.990856
v 22.508357 2.958305 -8.985390
v 22.507933 2.952576 -8.983125
v 22.513428 2.952581 -8.982069
v 22.519083 2.952585 -8.981860
v 22.519526 2.958307 -8.984123
v 22.520581 2.960677 -8.989588
v 22.540347 2.960677 -8.990771
v 22.534649 2.960677 -8.990125
v 22.535415 2.958305 -8.984730
v 22.535739 2.952576 -8.982496
v 22.541419 2.952581 -8.983138
v 22.546978 2.952585 -8.984616
v 22.546676 2.958307 -8.986854
v 22.545928 2.960677 -8.992253
v 22.564742 2.960677 -8.999200
v 22.559416 2.960677 -8.996915
v 22.561910 2.958305 -8.992119
v 22.562948 2.952576 -8.990135
v 22.568255 2.952581 -8.992414
v 22.573176 2.952585 -8.995433
v 22.572157 2.958307 -8.997426
v 22.569680 2.960677 -9.002232
v 22.543330 -1.978411 -9.040534
v 22.539988 -1.978411 -9.034444
v 22.533817 -1.978411 -9.037247
v 22.528732 -1.978411 -9.032320
v 22.523896 -1.978411 -9.036868
v 22.517564 -1.978411 -9.033588
v 22.514537 -1.978411 -9.039433
v 22.507579 -1.978411 -9.038119
v 22.506656 -1.978411 -9.044693
v 22.499754 -1.978411 -9.045476
v 22.501027 -1.978411 -9.052133
v 22.494854 -1.978411 -9.054935
v 22.498196 -1.978411 -9.061025
v 22.493359 -1.978411 -9.065569
v 22.498446 -1.978411 -9.070495
v 22.495417 -1.978411 -9.076341
v 22.501749 -1.978411 -9.079620
v 22.500824 -1.978411 -9.086194
v 22.507782 -1.978411 -9.087505
v 22.509053 -1.978411 -9.094163
v 22.515955 -1.978411 -9.093379
v 22.519296 -1.978411 -9.099470
v 22.525468 -1.978411 -9.096667
v 22.530552 -1.978411 -9.101594
v 22.535389 -1.978411 -9.097046
v 22.541720 -1.978411 -9.100326
v 22.544748 -1.978411 -9.094480
v 22.551706 -1.978411 -9.095794
v 22.552628 -1.978411 -9.089221
v 22.559530 -1.978411 -9.088439
v 22.558258 -1.978411 -9.081780
v 22.564430 -1.978411 -9.078979
v 22.561088 -1.978411 -9.072890
v 22.565926 -1.978411 -9.068344
v 22.560839 -1.978411 -9.063419
v 22.563867 -1.978411 -9.057574
v 22.557535 -1.978411 -9.054294
v 22.558460 -1.978411 -9.047720
v 22.551503 -1.978411 -9.046408
v 22.550232 -1.978411 -9.039751
v 22.543330 2.960677 -9.040534
v 22.550232 2.960677 -9.039751
v 22.551503 2.960677 -9.046408
v 22.558460 2.960677 -9.047720
v 22.557535 2.960677 -9.054294
v 22.563867 2.960677 -9.057574
v 22.560839 2.960677 -9.063419
v 22.565926 2.960677 -9.068344
v 22.561088 2.960677 -9.072890
v 22.564430 2.960677 -9.078979
v 22.558258 2.960677 -9.081780
v 22.559530 2.960677 -9.088439
v 22.552628 2.960677 -9.089221
v 22.551706 2.960677 -9.095794
v 22.544748 2.960677 -9.094480
v 22.541720 2.960677 -9.100326
v 22.535389 2.960677 -9.097046
v 22.530552 2.960677 -9.101594
v 22.525468 2.960677 -9.096667
v 22.519296 2.960677 -9.099470
v 22.515955 2.960677 -9.093379
v 22.509053 2.960677 -9.094163
v 22.507782 2.960677 -9.087505
v 22.500824 2.960677 -9.086194
v 22.501749 2.960677 -9.079620
v 22.495417 2.960677 -9.076341
v 22.498446 2.960677 -9.070495
v 22.493359 2.960677 -9.065569
v 22.498196 2.960677 -9.061025
v 22.494854 2.960677 -9.054935
v 22.501027 2.960677 -9.052133
v 22.499754 2.960677 -9.045476
v 22.506656 2.960677 -9.044693
v 22.507579 2.960677 -9.038119
v 22.514537 2.960677 -9.039433
v 22.517564 2.960677 -9.033588
v 22.523896 2.960677 -9.036868
v 22.528732 2.960677 -9.032320
v 22.533817 2.960677 -9.037247
v 22.539988 2.960677 -9.034444
v 22.589670 -1.976039 -9.010532
v 22.606237 -1.976039 -9.032185
v 22.615305 -1.976039 -9.057242
v 22.615989 -1.976039 -9.083249
v 22.608221 -1.976039 -9.107662
v 22.592760 -1.976039 -9.128092
v 22.571121 -1.976039 -9.142535
v 22.545422 -1.976039 -9.149582
v 22.518179 -1.976039 -9.148539
v 22.492057 -1.976039 -9.139512
v 22.469614 -1.976039 -9.123382
v 22.453047 -1.976039 -9.101730
v 22.443979 -1.976039 -9.076672
v 22.443295 -1.976039 -9.050665
v 22.451064 -1.976039 -9.026251
v 22.466525 -1.976039 -9.005823
v 22.488163 -1.976039 -8.991380
v 22.513862 -1.976039 -8.984332
v 22.541106 -1.976039 -8.985375
v 22.567228 -1.976039 -8.994402
v 22.589669 2.958306 -9.010532
v 22.606237 2.958306 -9.032184
v 22.615305 2.958306 -9.057241
v 22.615989 2.958306 -9.083248
v 22.608221 2.958306 -9.107661
v 22.592760 2.958306 -9.128091
v 22.571122 2.958306 -9.142534
v 22.545423 2.958306 -9.149582
v 22.518180 2.958306 -9.148540
v 22.492058 2.958306 -9.139513
v 22.469615 2.958306 -9.123383
v 22.453048 2.958306 -9.101731
v 22.443979 2.958306 -9.076673
v 22.443295 2.958306 -9.050666
v 22.451064 2.958306 -9.026252
v 22.466524 2.958306 -9.005823
v 22.488162 2.958306 -8.991380
v 22.513861 2.958306 -8.984332
v 22.541105 2.958306 -8.985374
v 22.567226 2.958306 -8.994402
v 22.529642 -1.978411 -9.066957
v 22.529642 2.960677 -9.066957
vt 0.630601 0.103423
vt 0.377551 0.313116
vt 0.622451 0.313114
vt 0.619502 0.081642
vt 0.556179 0.127626
vt 0.607886 0.065651
vt 0.390051 0.313116
vt 0.590599 0.048365
vt 0.544582 0.111667
vt 0.574606 0.036747
vt 0.402551 0.313116
vt 0.552826 0.025649
vt 0.528625 0.100070
vt 0.534028 0.019540
vt 0.415051 0.313116
vt 0.509882 0.015716
vt 0.509863 0.093976
vt 0.490116 0.015716
vt 0.427551 0.313116
vt 0.465970 0.019540
vt 0.490135 0.093976
vt 0.447172 0.025649
vt 0.440051 0.313116
vt 0.425393 0.036747
vt 0.471375 0.100070
vt 0.409401 0.048365
vt 0.452551 0.313116
vt 0.392114 0.065651
vt 0.455417 0.111667
vt 0.380496 0.081642
vt 0.465051 0.313116
vt 0.369398 0.103423
vt 0.443820 0.127626
vt 0.363290 0.122222
vt 0.477551 0.313116
vt 0.359465 0.146367
vt 0.437725 0.146387
vt 0.359465 0.166133
vt 0.490051 0.313116
vt 0.363290 0.190278
vt 0.437725 0.166113
vt 0.369398 0.209077
vt 0.502551 0.313116
vt 0.380496 0.230858
vt 0.443820 0.184874
vt 0.392114 0.246849
vt 0.515050 0.313116
vt 0.409401 0.264135
vt 0.455417 0.200833
vt 0.425393 0.275753
vt 0.527551 0.313116
vt 0.447172 0.286851
vt 0.471375 0.212430
vt 0.465971 0.292959
vt 0.540051 0.313116
vt 0.490116 0.296784
vt 0.490135 0.218524
vt 0.509882 0.296784
vt 0.552551 0.313116
vt 0.534028 0.292960
vt 0.509863 0.218524
vt 0.552826 0.286851
vt 0.565051 0.313116
vt 0.574606 0.275753
vt 0.528625 0.212430
vt 0.590599 0.264135
vt 0.577551 0.313116
vt 0.607886 0.246849
vt 0.544582 0.200833
vt 0.619503 0.230858
vt 0.590051 0.313116
vt 0.630601 0.209077
vt 0.556179 0.184874
vt 0.636709 0.190278
vt 0.602551 0.313116
vt 0.562274 0.146387
vt 0.640533 0.166133
vt 0.562274 0.166113
vt 0.615051 0.313116
vt 0.615048 0.686886
vt 0.636709 0.877778
vt 0.377548 0.686886
vt 0.384949 0.686885
vt 0.556179 0.872374
vt 0.390049 0.686886
vt 0.397449 0.686885
vt 0.544582 0.888333
vt 0.402549 0.686886
vt 0.409949 0.686885
vt 0.528625 0.899930
vt 0.415048 0.686886
vt 0.422449 0.686885
vt 0.509863 0.906024
vt 0.427548 0.686886
vt 0.434949 0.686885
vt 0.490135 0.906024
vt 0.440049 0.686886
vt 0.447449 0.686885
vt 0.471375 0.899930
vt 0.452548 0.686886
vt 0.459949 0.686885
vt 0.455417 0.888333
vt 0.465048 0.686886
vt 0.472449 0.686885
vt 0.443820 0.872374
vt 0.477548 0.686886
vt 0.484949 0.686885
vt 0.437725 0.853613
vt 0.490048 0.686886
vt 0.497449 0.686885
vt 0.437725 0.833887
vt 0.502548 0.686886
vt 0.509949 0.686885
vt 0.443820 0.815126
vt 0.515048 0.686886
vt 0.522449 0.686885
vt 0.455417 0.799167
vt 0.527548 0.686886
vt 0.534949 0.686885
vt 0.471375 0.787570
vt 0.540048 0.686886
vt 0.547449 0.686885
vt 0.490135 0.781476
vt 0.552548 0.686886
vt 0.559949 0.686885
vt 0.509863 0.781476
vt 0.565048 0.686886
vt 0.572449 0.686885
vt 0.528625 0.787570
vt 0.577548 0.686886
vt 0.584949 0.686885
vt 0.544582 0.799167
vt 0.590048 0.686886
vt 0.597449 0.686885
vt 0.556179 0.815126
vt 0.602548 0.686886
vt 0.609949 0.686885
vt 0.562274 0.833887
vt 0.640533 0.853633
vt 0.562274 0.853613
vt 0.384952 0.313114
vt 0.397452 0.313114
vt 0.409951 0.313114
vt 0.422452 0.313114
vt 0.434952 0.313114
vt 0.447452 0.313114
vt 0.459952 0.313114
vt 0.472452 0.313114
vt 0.484952 0.313114
vt 0.497452 0.313114
vt 0.509951 0.313114
vt 0.522452 0.313114
vt 0.534951 0.313114
vt 0.547451 0.313114
vt 0.559951 0.313114
vt 0.572451 0.313114
vt 0.584951 0.313114
vt 0.597451 0.313114
vt 0.609951 0.313114
vt 0.622449 0.686885
vt 0.636709 0.122222
vt 0.640533 0.146367
vt 0.630601 0.896577
vt 0.619502 0.918358
vt 0.607885 0.934349
vt 0.590599 0.951635
vt 0.574606 0.963253
vt 0.552826 0.974351
vt 0.534028 0.980459
vt 0.509882 0.984284
vt 0.490116 0.984284
vt 0.465971 0.980459
vt 0.447172 0.974351
vt 0.425393 0.963253
vt 0.409401 0.951635
vt 0.392114 0.934349
vt 0.380496 0.918358
vt 0.369398 0.896577
vt 0.363290 0.877778
vt 0.359465 0.853633
vt 0.359465 0.833867
vt 0.363290 0.809722
vt 0.369398 0.790923
vt 0.380496 0.769142
vt 0.392114 0.753151
vt 0.409401 0.735865
vt 0.425393 0.724247
vt 0.447172 0.713149
vt 0.465971 0.707040
vt 0.490116 0.703216
vt 0.509882 0.703216
vt 0.534028 0.707040
vt 0.552826 0.713149
vt 0.574606 0.724247
vt 0.590599 0.735865
vt 0.607886 0.753151
vt 0.619503 0.769142
vt 0.630601 0.790923
vt 0.636709 0.809722
vt 0.640533 0.833867
vt 0.634871 0.112427
vt 0.377610 0.312500
vt 0.643969 0.098871
vt 0.625000 0.317381
vt 0.375000 0.317381
vt 0.650199 0.118045
vt 0.622390 0.312500
vt 0.614728 0.072894
vt 0.390110 0.312500
vt 0.619192 0.057191
vt 0.387501 0.313420
vt 0.631042 0.073501
vt 0.384891 0.312500
vt 0.583355 0.041521
vt 0.402611 0.312500
vt 0.582745 0.025206
vt 0.400001 0.313420
vt 0.599057 0.037056
vt 0.397391 0.312500
vt 0.543822 0.021378
vt 0.415110 0.312500
vt 0.538201 0.006050
vt 0.412501 0.313420
vt 0.557376 0.012280
vt 0.409891 0.312500
vt 0.500000 0.014437
vt 0.427610 0.312500
vt 0.489918 0.001597
vt 0.425001 0.313420
vt 0.510078 0.001596
vt 0.422391 0.312500
vt 0.456177 0.021378
vt 0.440110 0.312500
vt 0.442621 0.012281
vt 0.437501 0.313420
vt 0.461794 0.006051
vt 0.434891 0.312500
vt 0.416644 0.041521
vt 0.452610 0.312500
vt 0.400941 0.037059
vt 0.450001 0.313420
vt 0.417252 0.025208
vt 0.447390 0.312500
vt 0.385271 0.072894
vt 0.465110 0.312500
vt 0.368957 0.073503
vt 0.462501 0.313420
vt 0.380806 0.057193
vt 0.459891 0.312500
vt 0.365128 0.112427
vt 0.477610 0.312500
vt 0.349800 0.118048
vt 0.475001 0.313420
vt 0.356030 0.098874
vt 0.472391 0.312500
vt 0.358186 0.156250
vt 0.490110 0.312500
vt 0.345347 0.166332
vt 0.487501 0.313420
vt 0.345346 0.146171
vt 0.484891 0.312500
vt 0.365128 0.200073
vt 0.502610 0.312500
vt 0.356031 0.213629
vt 0.500000 0.313420
vt 0.349801 0.194455
vt 0.497390 0.312500
vt 0.385271 0.239606
vt 0.515110 0.312500
vt 0.380808 0.255309
vt 0.512500 0.313420
vt 0.368958 0.238999
vt 0.509891 0.312500
vt 0.416644 0.270979
vt 0.527610 0.312500
vt 0.417255 0.287294
vt 0.525000 0.313420
vt 0.400943 0.275444
vt 0.522391 0.312500
vt 0.456176 0.291122
vt 0.540110 0.312500
vt 0.461799 0.306450
vt 0.537500 0.313420
vt 0.442624 0.300220
vt 0.534891 0.312500
vt 0.500000 0.298062
vt 0.552610 0.312500
vt 0.510081 0.310903
vt 0.550000 0.313420
vt 0.489921 0.310904
vt 0.547390 0.312500
vt 0.543822 0.291122
vt 0.565110 0.312500
vt 0.557379 0.300218
vt 0.562501 0.313420
vt 0.538205 0.306449
vt 0.559891 0.312500
vt 0.583355 0.270979
vt 0.577610 0.312500
vt 0.599059 0.275441
vt 0.575000 0.313420
vt 0.582749 0.287292
vt 0.572390 0.312500
vt 0.614728 0.239606
vt 0.590110 0.312500
vt 0.631043 0.238996
vt 0.587500 0.313420
vt 0.619194 0.255306
vt 0.584891 0.312500
vt 0.634871 0.200073
vt 0.602610 0.312500
vt 0.650199 0.194452
vt 0.600001 0.313420
vt 0.643970 0.213626
vt 0.597391 0.312500
vt 0.641813 0.156250
vt 0.615110 0.312500
vt 0.654653 0.146168
vt 0.612500 0.313420
vt 0.654654 0.166329
vt 0.609891 0.312500
vt 0.634871 0.887573
vt 0.622390 0.687500
vt 0.650199 0.881952
vt 0.375000 0.682619
vt 0.625000 0.682619
vt 0.643970 0.901126
vt 0.377609 0.687500
vt 0.614728 0.927106
vt 0.384890 0.687500
vt 0.631043 0.926496
vt 0.387499 0.686580
vt 0.619194 0.942806
vt 0.390109 0.687500
vt 0.583355 0.958479
vt 0.397390 0.687500
vt 0.599059 0.962941
vt 0.400000 0.686580
vt 0.582749 0.974792
vt 0.402609 0.687500
vt 0.543822 0.978622
vt 0.409890 0.687500
vt 0.557379 0.987718
vt 0.412499 0.686580
vt 0.538205 0.993949
vt 0.415109 0.687500
vt 0.500000 0.985563
vt 0.422390 0.687500
vt 0.510081 0.998403
vt 0.424999 0.686580
vt 0.489921 0.998404
vt 0.427609 0.687500
vt 0.456176 0.978622
vt 0.434890 0.687500
vt 0.461799 0.993950
vt 0.437500 0.686580
vt 0.442624 0.987720
vt 0.440109 0.687500
vt 0.416644 0.958478
vt 0.447389 0.687500
vt 0.417255 0.974794
vt 0.450000 0.686580
vt 0.400943 0.962944
vt 0.452609 0.687500
vt 0.385271 0.927106
vt 0.459890 0.687500
vt 0.380808 0.942809
vt 0.462499 0.686580
vt 0.368958 0.926499
vt 0.465109 0.687500
vt 0.365128 0.887573
vt 0.472390 0.687500
vt 0.356031 0.901129
vt 0.474999 0.686580
vt 0.349801 0.881955
vt 0.477609 0.687500
vt 0.358186 0.843750
vt 0.484890 0.687500
vt 0.345347 0.853832
vt 0.487499 0.686580
vt 0.345346 0.833671
vt 0.490109 0.687500
vt 0.365128 0.799927
vt 0.497390 0.687500
vt 0.349800 0.805548
vt 0.499999 0.686580
vt 0.356030 0.786374
vt 0.502609 0.687500
vt 0.385271 0.760394
vt 0.509890 0.687500
vt 0.368957 0.761003
vt 0.512499 0.686580
vt 0.380806 0.744694
vt 0.515109 0.687500
vt 0.416644 0.729021
vt 0.522390 0.687500
vt 0.400941 0.724559
vt 0.524999 0.686580
vt 0.417252 0.712708
vt 0.527609 0.687500
vt 0.456177 0.708878
vt 0.534890 0.687500
vt 0.442621 0.699781
vt 0.537499 0.686580
vt 0.461794 0.693551
vt 0.540109 0.687500
vt 0.500000 0.701937
vt 0.547390 0.687500
vt 0.489918 0.689097
vt 0.549999 0.686580
vt 0.510078 0.689096
vt 0.552609 0.687500
vt 0.543822 0.708878
vt 0.559889 0.687500
vt 0.538201 0.693550
vt 0.562499 0.686580
vt 0.557376 0.699780
vt 0.565109 0.687500
vt 0.583355 0.729021
vt 0.572389 0.687500
vt 0.582745 0.712706
vt 0.574999 0.686580
vt 0.599057 0.724556
vt 0.577609 0.687500
vt 0.614728 0.760394
vt 0.584890 0.687500
vt 0.619192 0.744691
vt 0.587499 0.686580
vt 0.631042 0.761001
vt 0.590109 0.687500
vt 0.634871 0.799927
vt 0.597390 0.687500
vt 0.643969 0.786371
vt 0.599999 0.686580
vt 0.650199 0.805545
vt 0.602609 0.687500
vt 0.641813 0.843750
vt 0.609890 0.687500
vt 0.654653 0.833668
vt 0.612499 0.686580
vt 0.654654 0.853829
vt 0.615109 0.687500
vt 0.555097 0.156250
vt 0.552401 0.173276
vt 0.544574 0.188635
vt 0.532385 0.200826
vt 0.517026 0.208652
vt 0.500000 0.211347
vt 0.482972 0.208652
vt 0.467615 0.200825
vt 0.455425 0.188635
vt 0.447599 0.173276
vt 0.444902 0.156250
vt 0.447599 0.139224
vt 0.455425 0.123865
vt 0.467615 0.111675
vt 0.482972 0.103848
vt 0.500000 0.101153
vt 0.517026 0.103848
vt 0.532385 0.111674
vt 0.544574 0.123865
vt 0.552401 0.139224
vt 0.555097 0.843750
vt 0.552401 0.860776
vt 0.544574 0.876135
vt 0.532385 0.888326
vt 0.517026 0.896152
vt 0.500000 0.898847
vt 0.482972 0.896152
vt 0.467615 0.888325
vt 0.455425 0.876135
vt 0.447599 0.860776
vt 0.444902 0.843750
vt 0.447599 0.826724
vt 0.455425 0.811365
vt 0.467615 0.799175
vt 0.482972 0.791348
vt 0.500000 0.788653
vt 0.517026 0.791348
vt 0.532385 0.799174
vt 0.544574 0.811365
vt 0.552401 0.826724
vt 0.375000 0.312500
vt 0.625000 0.312500
vt 0.648603 0.107966
vt 0.387500 0.312500
vt 0.626409 0.064408
vt 0.400000 0.312500
vt 0.591842 0.029841
vt 0.412500 0.312500
vt 0.548284 0.007647
vt 0.425000 0.312500
vt 0.500000 -0.000000
vt 0.437500 0.312500
vt 0.451716 0.007647
vt 0.450000 0.312500
vt 0.408159 0.029841
vt 0.462500 0.312500
vt 0.373591 0.064409
vt 0.475000 0.312500
vt 0.351397 0.107966
vt 0.487500 0.312500
vt 0.343750 0.156250
vt 0.500000 0.312500
vt 0.351397 0.204534
vt 0.512500 0.312500
vt 0.373591 0.248091
vt 0.525000 0.312500
vt 0.408159 0.282659
vt 0.537500 0.312500
vt 0.451716 0.304853
vt 0.550000 0.312500
vt 0.500000 0.312500
vt 0.562500 0.312500
vt 0.548284 0.304853
vt 0.575000 0.312500
vt 0.591841 0.282659
vt 0.587500 0.312500
vt 0.626409 0.248091
vt 0.600000 0.312500
vt 0.648603 0.204534
vt 0.612500 0.312500
vt 0.656250 0.156250
vt 0.625000 0.687500
vt 0.375000 0.687500
vt 0.648603 0.892034
vt 0.387500 0.687500
vt 0.626409 0.935591
vt 0.400000 0.687500
vt 0.591841 0.970159
vt 0.412500 0.687500
vt 0.548284 0.992353
vt 0.425000 0.687500
vt 0.500000 1.000000
vt 0.437500 0.687500
vt 0.451716 0.992353
vt 0.450000 0.687500
vt 0.408159 0.970159
vt 0.462500 0.687500
vt 0.373591 0.935591
vt 0.475000 0.687500
vt 0.351397 0.892034
vt 0.487500 0.687500
vt 0.343750 0.843750
vt 0.500000 0.687500
vt 0.351397 0.795466
vt 0.512500 0.687500
vt 0.373591 0.751909
vt 0.525000 0.687500
vt 0.408159 0.717341
vt 0.537500 0.687500
vt 0.451716 0.695147
vt 0.550000 0.687500
vt 0.500000 0.687500
vt 0.562500 0.687500
vt 0.548284 0.695147
vt 0.575000 0.687500
vt 0.591842 0.717341
vt 0.587500 0.687500
vt 0.626409 0.751908
vt 0.600000 0.687500
vt 0.648603 0.795466
vt 0.612500 0.687500
vt 0.656250 0.843750
vt 0.500000 0.156250
vt 0.500000 0.843750
vn 0.061800 -0.996879 0.049124
vn 0.035906 -0.998668 0.037050
vn 0.000000 -1.000000 0.000000
vn 0.000000 -1.000000 0.000000
vn 0.047777 -0.996804 0.064021
vn 0.000000 -1.000000 0.000000
vn 0.782535 -0.000421 0.622607
vn 0.729337 -0.365592 0.578282
vn 0.748631 -0.366331 0.552587
vn 0.805630 -0.000422 0.592419
vn 0.312132 -0.916440 0.250422
vn 0.063404 -0.996895 0.046687
vn 0.322471 -0.916901 0.235171
vn 0.598541 -0.000416 0.801092
vn 0.695750 -0.000435 0.718284
vn 0.695750 0.000435 0.718284
vn 0.598540 0.000416 0.801093
vn 0.782534 0.000421 0.622607
vn 0.243057 -0.914773 0.322667
vn 0.228592 -0.914575 0.333615
vn 0.045477 -0.996799 0.065748
vn 0.556715 -0.361721 0.747814
vn 0.568444 -0.000415 0.822722
vn 0.531287 -0.361391 0.766245
vn 0.072066 -0.997016 0.027671
vn 0.044391 -0.998717 0.024352
vn 0.000000 -1.000000 0.000000
vn 0.000000 -1.000000 0.000000
vn 0.933363 -0.000430 0.358934
vn 0.866729 -0.372637 0.331547
vn 0.877778 -0.373617 0.299859
vn 0.946911 -0.000432 0.321496
vn 0.365943 -0.919663 0.142499
vn 0.072859 -0.997034 0.024788
vn 0.371130 -0.920228 0.124267
vn 0.876665 -0.000443 0.481102
vn 0.876665 0.000443 0.481101
vn 0.805629 0.000422 0.592420
vn 0.933363 0.000430 0.358934
vn 0.075274 -0.997157 0.003513
vn 0.048535 -0.998779 0.009252
vn 0.000000 -1.000000 0.000000
vn 0.000000 -1.000000 0.000000
vn 0.998888 -0.000441 0.047153
vn 0.923826 -0.380514 0.041894
vn 0.924410 -0.381340 0.006805
vn 0.999986 -0.000442 0.005365
vn 0.384196 -0.923038 0.019839
vn 0.075162 -0.997171 0.000459
vn 0.383571 -0.923511 0.000398
vn 0.982244 -0.000454 0.187607
vn 0.982244 0.000455 0.187606
vn 0.946911 0.000432 0.321497
vn 0.998888 0.000441 0.047154
vn 0.071124 -0.997246 -0.020999
vn 0.047918 -0.998829 -0.006748
vn 0.000000 -1.000000 0.000000
vn 0.000000 -1.000000 0.000000
vn 0.959228 -0.000448 -0.282635
vn 0.884497 -0.385722 -0.262456
vn 0.873412 -0.386085 -0.296801
vn 0.946158 -0.000448 -0.323704
vn 0.364396 -0.925241 -0.105565
vn 0.070109 -0.997252 -0.023929
vn 0.357952 -0.925435 -0.124261
vn 0.990273 -0.000464 -0.139138
vn 0.990273 0.000464 -0.139138
vn 0.999986 0.000442 0.005366
vn 0.959228 0.000448 -0.282634
vn 0.059999 -0.997252 -0.043453
vn 0.042610 -0.998848 -0.022090
vn 0.000000 -1.000000 0.000000
vn 0.000000 -1.000000 0.000000
vn 0.810213 -0.000449 -0.586136
vn 0.746385 -0.386025 -0.542120
vn 0.724692 -0.385749 -0.570980
vn 0.784208 -0.000448 -0.620498
vn 0.308049 -0.925418 -0.220696
vn 0.058188 -0.997247 -0.045971
vn 0.296404 -0.925271 -0.236681
vn 0.887936 -0.000468 -0.459968
vn 0.887936 0.000468 -0.459967
vn 0.946159 0.000449 -0.323703
vn 0.810214 0.000448 -0.586135
vn 0.043001 -0.997170 -0.061660
vn 0.033133 -0.998828 -0.035272
vn 0.000000 -1.000000 0.000000
vn 0.000000 -1.000000 0.000000
vn 0.572469 -0.000442 -0.819926
vn 0.527813 -0.381278 -0.758973
vn 0.498802 -0.380538 -0.778709
vn 0.537701 -0.000441 -0.843135
vn 0.221020 -0.923482 -0.313579
vn 0.040563 -0.997157 -0.063503
vn 0.205424 -0.923065 -0.325196
vn 0.684918 -0.000464 -0.728620
vn 0.684918 0.000464 -0.728620
vn 0.784209 0.000448 -0.620497
vn 0.572470 0.000442 -0.819926
vn 0.021791 -0.997035 -0.073804
vn 0.020410 -0.998779 -0.044994
vn 0.000000 -1.000000 0.000000
vn 0.000000 -1.000000 0.000000
vn 0.283623 -0.000432 -0.958936
vn 0.261547 -0.373489 -0.889999
vn 0.229292 -0.372593 -0.899222
vn 0.245249 -0.000430 -0.969460
vn 0.112607 -0.920226 -0.374838
vn 0.018982 -0.997016 -0.074818
vn 0.094717 -0.919712 -0.380997
vn 0.413373 -0.000454 -0.910562
vn 0.413372 0.000454 -0.910562
vn 0.537702 0.000441 -0.843135
vn 0.283624 0.000431 -0.958935
vn -0.001549 -0.996895 -0.078732
vn 0.005688 -0.998717 -0.050312
vn 0.000000 -1.000000 0.000000
vn 0.000000 -1.000000 0.000000
vn -0.019178 -0.000422 -0.999816
vn -0.019415 -0.366216 -0.930327
vn -0.051496 -0.365576 -0.929356
vn -0.057145 -0.000421 -0.998366
vn -0.006046 -0.916870 -0.399141
vn -0.004463 -0.996880 -0.078810
vn -0.024452 -0.916461 -0.399376
vn 0.112706 -0.000443 -0.993628
vn 0.112705 0.000443 -0.993628
vn 0.245249 0.000430 -0.969460
vn -0.019177 0.000422 -0.999816
vn -0.024724 -0.996804 -0.075965
vn -0.009576 -0.998668 -0.050703
vn 0.000000 -1.000000 0.000000
vn 0.000000 -1.000000 0.000000
vn -0.309092 -0.000416 -0.951032
vn -0.289582 -0.361672 -0.886192
vn -0.319300 -0.361421 -0.876027
vn -0.344122 -0.000415 -0.938925
vn -0.123347 -0.914740 -0.384754
vn -0.027458 -0.996800 -0.075074
vn -0.140587 -0.914601 -0.379130
vn -0.185373 -0.000435 -0.982668
vn -0.185374 0.000435 -0.982668
vn -0.057145 0.000421 -0.998366
vn -0.309091 0.000416 -0.951032
vn -0.045476 -0.996799 -0.065748
vn -0.023919 -0.998648 -0.046149
vn 0.000000 -1.000000 0.000000
vn 0.000000 -1.000000 0.000000
vn -0.568444 -0.000415 -0.822722
vn -0.531287 -0.361391 -0.766245
vn -0.556715 -0.361721 -0.747814
vn -0.598541 -0.000416 -0.801092
vn -0.228590 -0.914574 -0.333617
vn -0.047776 -0.996804 -0.064020
vn -0.243055 -0.914773 -0.322669
vn -0.459967 -0.000432 -0.887936
vn -0.459967 0.000432 -0.887936
vn -0.344121 0.000415 -0.938925
vn -0.568443 0.000415 -0.822722
vn -0.061797 -0.996879 -0.049121
vn -0.035909 -0.998668 -0.037051
vn 0.000000 -1.000000 0.000000
vn 0.000000 -1.000000 0.000000
vn -0.782543 -0.000421 -0.622596
vn -0.729337 -0.365592 -0.578282
vn -0.748631 -0.366331 -0.552587
vn -0.805630 -0.000422 -0.592419
vn -0.312124 -0.916447 -0.250408
vn -0.063407 -0.996895 -0.046688
vn -0.322461 -0.916908 -0.235156
vn -0.695750 -0.000435 -0.718284
vn -0.695750 0.000435 -0.718284
vn -0.598540 0.000416 -0.801092
vn -0.782543 0.000421 -0.622597
vn -0.072065 -0.997016 -0.027670
vn -0.044391 -0.998717 -0.024349
vn 0.000000 -1.000000 0.000000
vn 0.000000 -1.000000 0.000000
vn -0.933371 -0.000430 -0.358913
vn -0.866729 -0.372636 -0.331547
vn -0.877779 -0.373617 -0.299859
vn -0.946911 -0.000431 -0.321496
vn -0.365895 -0.919686 -0.142475
vn -0.072848 -0.997035 -0.024787
vn -0.371069 -0.920253 -0.124265
vn -0.876653 -0.000443 -0.481123
vn -0.876653 0.000443 -0.481122
vn -0.805629 0.000422 -0.592420
vn -0.933371 0.000430 -0.358913
vn -0.075276 -0.997157 -0.003514
vn -0.048530 -0.998779 -0.009254
vn 0.000000 -1.000000 0.000000
vn 0.000000 -1.000000 0.000000
vn -0.998888 -0.000441 -0.047153
vn -0.923844 -0.380468 -0.041904
vn -0.924424 -0.381305 -0.006816
vn -0.999986 -0.000442 -0.005365
vn -0.384192 -0.923040 -0.019842
vn -0.075165 -0.997171 -0.000459
vn -0.383571 -0.923511 -0.000398
vn -0.982244 -0.000454 -0.187608
vn -0.982244 0.000454 -0.187607
vn -0.946911 0.000432 -0.321496
vn -0.998888 0.000441 -0.047154
vn -0.071124 -0.997246 0.020999
vn -0.047920 -0.998828 0.006749
vn 0.000000 -1.000000 0.000000
vn 0.000000 -1.000000 0.000000
vn -0.959228 -0.000448 0.282635
vn -0.884505 -0.385714 0.262443
vn -0.873414 -0.386083 0.296797
vn -0.946160 -0.000448 0.323699
vn -0.364396 -0.925241 0.105565
vn -0.070106 -0.997252 0.023929
vn -0.357951 -0.925435 0.124265
vn -0.990270 -0.000464 0.139158
vn -0.990270 0.000464 0.139158
vn -0.999986 0.000442 -0.005366
vn -0.959228 0.000448 0.282634
vn -0.060001 -0.997252 0.043456
vn -0.042609 -0.998848 0.022090
vn 0.000000 -1.000000 0.000000
vn 0.000000 -1.000000 0.000000
vn -0.810215 -0.000449 0.586132
vn -0.746380 -0.386044 0.542113
vn -0.724683 -0.385770 0.570978
vn -0.784208 -0.000448 0.620498
vn -0.308047 -0.925418 0.220699
vn -0.058188 -0.997247 0.045971
vn -0.296404 -0.925271 0.236681
vn -0.887936 -0.000468 0.459968
vn -0.887936 0.000468 0.459967
vn -0.946160 0.000449 0.323698
vn -0.810216 0.000448 0.586131
vn -0.042999 -0.997171 0.061657
vn -0.033132 -0.998828 0.035270
vn 0.000000 -1.000000 0.000000
vn 0.000000 -1.000000 0.000000
vn -0.572469 -0.000442 0.819926
vn -0.527821 -0.381253 0.758980
vn -0.498807 -0.380494 0.778727
vn -0.537702 -0.000441 0.843135
vn -0.221008 -0.923490 0.313561
vn -0.040562 -0.997157 0.063502
vn -0.205407 -0.923075 0.325177
vn -0.684904 -0.000464 0.728634
vn -0.684904 0.000464 0.728633
vn -0.784209 0.000448 0.620497
vn -0.572470 0.000442 0.819926
vn -0.021791 -0.997034 0.073812
vn -0.020412 -0.998779 0.044996
vn 0.000000 -1.000000 0.000000
vn 0.000000 -1.000000 0.000000
vn -0.283623 -0.000432 0.958936
vn -0.261548 -0.373554 0.889972
vn -0.229270 -0.372642 0.899207
vn -0.245228 -0.000430 0.969465
vn -0.112619 -0.920208 0.374880
vn -0.018977 -0.997017 0.074817
vn -0.094705 -0.919695 0.381040
vn -0.413373 -0.000455 0.910562
vn -0.413372 0.000454 0.910562
vn -0.537703 0.000441 0.843135
vn -0.283625 0.000432 0.958935
vn 0.001550 -0.996895 0.078724
vn -0.005688 -0.998717 0.050314
vn 0.000000 -1.000000 0.000000
vn 0.000000 -1.000000 0.000000
vn 0.019178 -0.000422 0.999816
vn 0.019428 -0.366178 0.930342
vn 0.051540 -0.365545 0.929366
vn 0.057159 -0.000421 0.998365
vn 0.006051 -0.916879 0.399120
vn 0.004466 -0.996880 0.078812
vn 0.024468 -0.916465 0.399366
vn -0.112730 -0.000443 0.993626
vn -0.112729 0.000443 0.993626
vn -0.245228 0.000430 0.969465
vn 0.019177 0.000422 0.999816
vn 0.024725 -0.996804 0.075966
vn 0.009577 -0.998668 0.050700
vn 0.000000 -1.000000 0.000000
vn 0.000000 -1.000000 0.000000
vn 0.309092 -0.000416 0.951032
vn 0.289582 -0.361672 0.886192
vn 0.319300 -0.361420 0.876027
vn 0.344122 -0.000415 0.938925
vn 0.123347 -0.914740 0.384754
vn 0.027458 -0.996800 0.075075
vn 0.140587 -0.914601 0.379130
vn 0.185373 -0.000435 0.982668
vn 0.185374 0.000435 0.982668
vn 0.057158 0.000421 0.998365
vn 0.309091 0.000416 0.951032
vn 0.023919 -0.998648 0.046150
vn 0.000000 -1.000000 0.000000
vn 0.459967 -0.000432 0.887936
vn 0.459967 0.000432 0.887936
vn 0.344121 0.000415 0.938925
vn 0.568443 0.000415 0.822722
vn 0.047790 0.996805 0.063997
vn 0.035892 0.998668 0.037059
vn 0.000004 1.000000 -0.000002
vn 0.000008 1.000000 -0.000004
vn 0.061779 0.996881 0.049104
vn -0.000001 1.000000 0.000001
vn 0.556836 0.361659 0.747755
vn 0.531386 0.361407 0.766168
vn 0.243093 0.914775 0.322635
vn 0.045474 0.996801 0.065722
vn 0.228541 0.914636 0.333481
vn 0.312044 0.916498 0.250320
vn 0.322478 0.916911 0.235122
vn 0.063391 0.996897 0.046670
vn 0.729414 0.365531 0.578223
vn 0.748737 0.366165 0.552554
vn 0.044362 0.998718 0.024378
vn -0.000004 1.000000 0.000002
vn 0.072043 0.997018 0.027653
vn -0.000007 1.000000 0.000004
vn 0.365813 0.919726 0.142424
vn 0.371112 0.920241 0.124229
vn 0.072854 0.997035 0.024768
vn 0.866762 0.372635 0.331461
vn 0.877840 0.373548 0.299765
vn 0.048519 0.998779 0.009282
vn 0.000000 1.000000 0.000000
vn 0.075250 0.997159 0.003501
vn 0.000000 1.000000 0.000000
vn 0.384023 0.923111 0.019808
vn 0.383528 0.923529 0.000355
vn 0.075147 0.997172 0.000445
vn 0.923847 0.380476 0.041765
vn 0.924454 0.381235 0.006672
vn 0.047911 0.998829 -0.006715
vn 0.000000 1.000000 0.000000
vn 0.071099 0.997248 -0.021005
vn -0.000000 1.000000 0.000000
vn 0.364235 0.925307 -0.105549
vn 0.357891 0.925455 -0.124290
vn 0.070089 0.997253 -0.023938
vn 0.884446 0.385754 -0.262581
vn 0.873384 0.386027 -0.296956
vn 0.042613 0.998848 -0.022057
vn -0.000000 1.000000 0.000000
vn 0.059967 0.997254 -0.043447
vn 0.000000 1.000000 -0.000000
vn 0.307905 0.925480 -0.220640
vn 0.296350 0.925282 -0.236707
vn 0.058162 0.997248 -0.045971
vn 0.746284 0.386061 -0.542233
vn 0.724616 0.385698 -0.571112
vn 0.033152 0.998829 -0.035245
vn 0.000002 1.000000 -0.000001
vn 0.042979 0.997172 -0.061649
vn 0.000001 1.000000 -0.000001
vn 0.220921 0.923537 -0.313487
vn 0.205379 0.923068 -0.325215
vn 0.040545 0.997158 -0.063502
vn 0.527698 0.381293 -0.759046
vn 0.498698 0.380457 -0.778815
vn 0.020436 0.998779 -0.044973
vn -0.000002 1.000000 0.000001
vn 0.021780 0.997036 -0.073790
vn -0.000010 1.000000 0.000005
vn 0.112540 0.920285 -0.374714
vn 0.094650 0.919722 -0.380989
vn 0.018960 0.997018 -0.074808
vn 0.261432 0.373600 -0.889987
vn 0.229169 0.372620 -0.899242
vn 0.005715 0.998718 -0.050297
vn -0.000005 1.000000 0.000003
vn -0.001550 0.996896 -0.078712
vn -0.000000 1.000000 0.000000
vn -0.006065 0.916943 -0.398973
vn -0.024489 0.916480 -0.399331
vn -0.004484 0.996881 -0.078792
vn -0.019530 0.366319 -0.930285
vn -0.051654 0.365581 -0.929345
vn -0.009558 0.998669 -0.050691
vn -0.000004 1.000000 0.000002
vn -0.024736 0.996806 -0.075934
vn -0.000001 1.000000 0.000001
vn -0.123336 0.914808 -0.384597
vn -0.140625 0.914609 -0.379098
vn -0.027474 0.996801 -0.075053
vn -0.289707 0.361709 -0.886136
vn -0.319432 0.361378 -0.875996
vn -0.023892 0.998649 -0.046153
vn 0.000000 1.000000 0.000000
vn -0.045473 0.996801 -0.065721
vn -0.000008 1.000000 0.000004
vn -0.228541 0.914636 -0.333482
vn -0.243093 0.914774 -0.322635
vn -0.047789 0.996805 -0.063996
vn -0.531386 0.361407 -0.766168
vn -0.556836 0.361659 -0.747755
vn -0.035895 0.998668 -0.037060
vn -0.000004 1.000000 0.000002
vn -0.061780 0.996881 -0.049100
vn 0.000001 1.000000 -0.000001
vn -0.312062 0.916494 -0.250312
vn -0.322498 0.916902 -0.235129
vn -0.063398 0.996896 -0.046674
vn -0.729418 0.365566 -0.578197
vn -0.748722 0.366206 -0.552548
vn -0.044361 0.998718 -0.024377
vn 0.000004 1.000000 -0.000002
vn -0.072043 0.997018 -0.027651
vn 0.000007 1.000000 -0.000004
vn -0.365766 0.919749 -0.142401
vn -0.371074 0.920258 -0.124213
vn -0.072848 0.997036 -0.024764
vn -0.866796 0.372580 -0.331435
vn -0.877870 0.373476 -0.299766
vn -0.048522 0.998779 -0.009280
vn 0.000000 1.000000 0.000000
vn -0.075251 0.997158 -0.003501
vn 0.000000 1.000000 0.000000
vn -0.384049 0.923100 -0.019804
vn -0.383549 0.923520 -0.000354
vn -0.075151 0.997172 -0.000445
vn -0.923831 0.380516 -0.041751
vn -0.924444 0.381260 -0.006673
vn -0.047914 0.998829 0.006715
vn 0.000000 1.000000 0.000000
vn -0.071099 0.997248 0.021005
vn 0.000000 1.000000 -0.000000
vn -0.364235 0.925307 0.105549
vn -0.357889 0.925455 0.124293
vn -0.070086 0.997254 0.023938
vn -0.884452 0.385739 0.262582
vn -0.873390 0.386016 0.296952
vn -0.042613 0.998848 0.022057
vn 0.000000 1.000000 -0.000000
vn -0.059969 0.997254 0.043449
vn -0.000000 1.000000 0.000000
vn -0.307903 0.925480 0.220643
vn -0.296350 0.925282 0.236707
vn -0.058162 0.997248 0.045971
vn -0.746281 0.386072 0.542230
vn -0.724617 0.385714 0.571100
vn -0.033151 0.998829 0.035243
vn -0.000002 1.000000 0.000001
vn -0.042978 0.997172 0.061647
vn -0.000001 1.000000 0.000001
vn -0.220921 0.923537 0.313487
vn -0.205384 0.923067 0.325216
vn -0.040544 0.997158 0.063501
vn -0.527699 0.381327 0.759028
vn -0.498697 0.380502 0.778794
vn -0.020436 0.998779 0.044973
vn 0.000002 1.000000 -0.000001
vn -0.021781 0.997035 0.073798
vn 0.000010 1.000000 -0.000005
vn -0.112548 0.920267 0.374755
vn -0.094659 0.919700 0.381041
vn -0.018959 0.997018 0.074809
vn -0.261432 0.373600 0.889987
vn -0.229170 0.372621 0.899241
vn -0.005712 0.998718 0.050298
vn 0.000005 1.000000 -0.000003
vn 0.001549 0.996896 0.078710
vn -0.000000 1.000000 0.000000
vn 0.006061 0.916934 0.398994
vn 0.024486 0.916471 0.399350
vn 0.004483 0.996881 0.078798
vn 0.019530 0.366319 0.930284
vn 0.051654 0.365581 0.929345
vn 0.009559 0.998669 0.050688
vn 0.000004 1.000000 -0.000002
vn 0.024737 0.996806 0.075935
vn 0.000001 1.000000 -0.000001
vn 0.123336 0.914808 0.384596
vn 0.140625 0.914609 0.379098
vn 0.027475 0.996801 0.075053
vn 0.289707 0.361708 0.886136
vn 0.319432 0.361377 0.875997
vn 0.023892 0.998649 0.046153
vn 0.000000 1.000000 0.000000
vn 0.277975 -0.916765 0.286832
vn 0.647521 -0.366481 0.668138
vn 0.344630 -0.919504 0.189054
vn 0.813655 -0.372484 0.446341
vn 0.378170 -0.922926 0.072080
vn 0.908436 -0.380442 0.173230
vn 0.374472 -0.925737 -0.052738
vn 0.912992 -0.387195 -0.128550
vn 0.333401 -0.926805 -0.172847
vn 0.817549 -0.389897 -0.423786
vn 0.258934 -0.925727 -0.275648
vn 0.631267 -0.387172 -0.672011
vn 0.159023 -0.922935 -0.350575
vn 0.382061 -0.380377 -0.842225
vn 0.044151 -0.919510 -0.390578
vn 0.104297 -0.372392 -0.922196
vn -0.074141 -0.916753 -0.392515
vn -0.172651 -0.366467 -0.914272
vn -0.184911 -0.915713 -0.356761
vn -0.428599 -0.364085 -0.826889
vn -0.277977 -0.916769 -0.286818
vn -0.647521 -0.366481 -0.668138
vn -0.344611 -0.919518 -0.189024
vn -0.813656 -0.372484 -0.446341
vn -0.378126 -0.922942 -0.072103
vn -0.908449 -0.380421 -0.173204
vn -0.374472 -0.925737 0.052738
vn -0.912993 -0.387187 0.128566
vn -0.333401 -0.926805 0.172846
vn -0.817535 -0.389900 0.423810
vn -0.258934 -0.925727 0.275648
vn -0.631283 -0.387196 0.671983
vn -0.159051 -0.922923 0.350594
vn -0.382064 -0.380379 0.842223
vn -0.044152 -0.919505 0.390592
vn -0.104367 -0.372374 0.922196
vn 0.074154 -0.916748 0.392522
vn 0.172650 -0.366467 0.914272
vn 0.184911 -0.915713 0.356761
vn 0.428599 -0.364085 0.826889
vn 0.277808 0.916776 0.286958
vn 0.647220 0.366464 0.668439
vn 0.344473 0.919530 0.189219
vn 0.813489 0.372373 0.446737
vn 0.378060 0.922952 0.072319
vn 0.908360 0.380379 0.173765
vn 0.374455 0.925759 -0.052481
vn 0.913067 0.387197 -0.128015
vn 0.333444 0.926837 -0.172591
vn 0.817792 0.389892 -0.423320
vn 0.259076 0.925753 -0.275428
vn 0.631686 0.387186 -0.671610
vn 0.159232 0.922958 -0.350419
vn 0.382572 0.380416 -0.841975
vn 0.044368 0.919548 -0.390466
vn 0.104784 0.372477 -0.922107
vn -0.073921 0.916796 -0.392455
vn -0.172238 0.366478 -0.914346
vn -0.184701 0.915740 -0.356799
vn -0.428197 0.364081 -0.827099
vn -0.277809 0.916780 -0.286944
vn -0.647220 0.366463 -0.668439
vn -0.344461 0.919536 -0.189211
vn -0.813455 0.372388 -0.446787
vn -0.378064 0.922951 -0.072308
vn -0.908365 0.380369 -0.173757
vn -0.374455 0.925759 0.052481
vn -0.913081 0.387172 0.127987
vn -0.333444 0.926837 0.172591
vn -0.817781 0.389888 0.423346
vn -0.259076 0.925753 0.275428
vn -0.631672 0.387194 0.671618
vn -0.159237 0.922955 0.350425
vn -0.382543 0.380437 0.841979
vn -0.044355 0.919534 0.390499
vn -0.104784 0.372478 0.922107
vn 0.073933 0.916792 0.392462
vn 0.172238 0.366478 0.914346
vn 0.184700 0.915740 0.356799
vn 0.428197 0.364081 0.827099
vn 0.000000 -1.000000 0.000000
vn -0.000000 1.000000 0.000000
s 1
g group9 pCylinder1
usemtl initialShadingGroup
f 1364/1521/1568 1363/1721/1569 1721/1982/1570 1720/1525/1571
f 1363/1721/1569 1370/1681/1572 1722/1596/1573 1721/1982/1570
s 2
f 1366/1522/1574 1365/1722/1575 1377/1733/1576 1376/1661/1577
s 1
f 1365/1723/1578 1364/1521/1568 1378/1524/1579 1377/1732/1580
s 2
f 1368/1523/1581 1367/1724/1582 1527/1846/1583 1526/1680/1584
f 1367/1725/1582 1366/1522/1574 1528/1602/1585 1527/1845/1583
s 1
f 1370/1681/1572 1369/1726/1586 1517/1838/1587 1516/1682/1588
s 2
f 1369/1727/1589 1368/1523/1581 1518/1599/1590 1517/1837/1591
s 1
f 1372/1526/1592 1371/1728/1593 1719/1981/1594 1718/1529/1595
f 1371/1728/1593 1378/1524/1579 1720/1525/1571 1719/1981/1594
s 2
f 1374/1527/1596 1373/1729/1597 1385/1739/1598 1384/1662/1599
s 1
f 1373/1730/1600 1372/1526/1592 1386/1528/1601 1385/1738/1602
s 2
f 1376/1661/1577 1375/1731/1603 1535/1852/1604 1534/1603/1605
f 1375/1731/1603 1374/1527/1596 1536/1605/1606 1535/1852/1604
s 1
f 1380/1530/1607 1379/1734/1608 1717/1980/1609 1716/1533/1610
f 1379/1734/1608 1386/1528/1601 1718/1529/1595 1717/1980/1609
s 2
f 1382/1531/1611 1381/1735/1612 1393/1745/1613 1392/1663/1614
s 1
f 1381/1736/1615 1380/1530/1607 1394/1532/1616 1393/1744/1617
s 2
f 1384/1662/1599 1383/1737/1618 1543/1858/1619 1542/1606/1620
f 1383/1737/1618 1382/1531/1611 1544/1608/1621 1543/1858/1619
s 1
f 1388/1534/1622 1387/1740/1623 1715/1979/1624 1714/1537/1625
f 1387/1740/1623 1394/1532/1616 1716/1533/1610 1715/1979/1624
s 2
f 1390/1535/1626 1389/1741/1627 1401/1751/1628 1400/1664/1629
s 1
f 1389/1742/1630 1388/1534/1622 1402/1536/1631 1401/1750/1632
s 2
f 1392/1663/1614 1391/1743/1633 1551/1864/1634 1550/1609/1635
f 1391/1743/1633 1390/1535/1626 1552/1611/1636 1551/1864/1634
s 1
f 1396/1538/1637 1395/1746/1638 1713/1978/1639 1712/1541/1640
f 1395/1746/1638 1402/1536/1631 1714/1537/1625 1713/1978/1639
s 2
f 1398/1539/1641 1397/1747/1642 1409/1757/1643 1408/1665/1644
s 1
f 1397/1748/1645 1396/1538/1637 1410/1540/1646 1409/1756/1647
s 2
f 1400/1664/1629 1399/1749/1648 1559/1870/1649 1558/1612/1650
f 1399/1749/1648 1398/1539/1641 1560/1614/1651 1559/1870/1649
s 1
f 1404/1542/1652 1403/1752/1653 1711/1977/1654 1710/1545/1655
f 1403/1752/1653 1410/1540/1646 1712/1541/1640 1711/1977/1654
s 2
f 1406/1543/1656 1405/1753/1657 1417/1763/1658 1416/1666/1659
s 1
f 1405/1754/1660 1404/1542/1652 1418/1544/1661 1417/1762/1662
s 2
f 1408/1665/1644 1407/1755/1663 1567/1876/1664 1566/1615/1665
f 1407/1755/1663 1406/1543/1656 1568/1617/1666 1567/1876/1664
s 1
f 1412/1546/1667 1411/1758/1668 1709/1976/1669 1708/1549/1670
f 1411/1758/1668 1418/1544/1661 1710/1545/1655 1709/1976/1669
s 2
f 1414/1547/1671 1413/1759/1672 1425/1769/1673 1424/1667/1674
s 1
f 1413/1760/1675 1412/1546/1667 1426/1548/1676 1425/1768/1677
s 2
f 1416/1666/1659 1415/1761/1678 1575/1882/1679 1574/1618/1680
f 1415/1761/1678 1414/1547/1671 1576/1620/1681 1575/1882/1679
s 1
f 1420/1550/1682 1419/1764/1683 1707/1975/1684 1706/1553/1685
f 1419/1764/1683 1426/1548/1676 1708/1549/1670 1707/1975/1684
s 2
f 1422/1551/1686 1421/1765/1687 1433/1775/1688 1432/1668/1689
s 1
f 1421/1766/1690 1420/1550/1682 1434/1552/1691 1433/1774/1692
s 2
f 1424/1667/1674 1423/1767/1693 1583/1888/1694 1582/1621/1695
f 1423/1767/1693 1422/1551/1686 1584/1623/1696 1583/1888/1694
s 1
f 1428/1554/1697 1427/1770/1698 1705/1974/1699 1704/1557/1700
f 1427/1770/1698 1434/1552/1691 1706/1553/1685 1705/1974/1699
s 2
f 1430/1555/1701 1429/1771/1702 1441/1781/1703 1440/1669/1704
s 1
f 1429/1772/1705 1428/1554/1697 1442/1556/1706 1441/1780/1707
s 2
f 1432/1668/1689 1431/1773/1708 1591/1894/1709 1590/1624/1710
f 1431/1773/1708 1430/1555/1701 1592/1626/1711 1591/1894/1709
s 1
f 1436/1558/1712 1435/1776/1713 1703/1973/1714 1702/1561/1715
f 1435/1776/1713 1442/1556/1706 1704/1557/1700 1703/1973/1714
s 2
f 1438/1559/1716 1437/1777/1717 1449/1787/1718 1448/1670/1719
s 1
f 1437/1778/1720 1436/1558/1712 1450/1560/1721 1449/1786/1722
s 2
f 1440/1669/1704 1439/1779/1723 1599/1900/1724 1598/1627/1725
f 1439/1779/1723 1438/1559/1716 1600/1629/1726 1599/1900/1724
s 1
f 1444/1562/1727 1443/1782/1728 1701/1972/1729 1700/1565/1730
f 1443/1782/1728 1450/1560/1721 1702/1561/1715 1701/1972/1729
s 2
f 1446/1563/1731 1445/1783/1732 1457/1793/1733 1456/1671/1734
s 1
f 1445/1784/1735 1444/1562/1727 1458/1564/1736 1457/1792/1737
s 2
f 1448/1670/1719 1447/1785/1738 1607/1906/1739 1606/1630/1740
f 1447/1785/1738 1446/1563/1731 1608/1632/1741 1607/1906/1739
s 1
f 1452/1566/1742 1451/1788/1743 1699/1971/1744 1698/1569/1745
f 1451/1788/1743 1458/1564/1736 1700/1565/1730 1699/1971/1744
s 2
f 1454/1567/1746 1453/1789/1747 1465/1799/1748 1464/1672/1749
s 1
f 1453/1790/1750 1452/1566/1742 1466/1568/1751 1465/1798/1752
s 2
f 1456/1671/1734 1455/1791/1753 1615/1912/1754 1614/1633/1755
f 1455/1791/1753 1454/1567/1746 1616/1635/1756 1615/1912/1754
s 1
f 1460/1570/1757 1459/1794/1758 1697/1970/1759 1696/1573/1760
f 1459/1794/1758 1466/1568/1751 1698/1569/1745 1697/1970/1759
s 2
f 1462/1571/1761 1461/1795/1762 1473/1805/1763 1472/1673/1764
s 1
f 1461/1796/1765 1460/1570/1757 1474/1572/1766 1473/1804/1767
s 2
f 1464/1672/1749 1463/1797/1768 1623/1918/1769 1622/1636/1770
f 1463/1797/1768 1462/1571/1761 1624/1638/1771 1623/1918/1769
s 1
f 1468/1574/1772 1467/1800/1773 1695/1969/1774 1694/1577/1775
f 1467/1800/1773 1474/1572/1766 1696/1573/1760 1695/1969/1774
s 2
f 1470/1575/1776 1469/1801/1777 1481/1811/1778 1480/1674/1779
s 1
f 1469/1802/1780 1468/1574/1772 1482/1576/1781 1481/1810/1782
s 2
f 1472/1673/1764 1471/1803/1783 1631/1924/1784 1630/1639/1785
f 1471/1803/1783 1470/1575/1776 1632/1641/1786 1631/1924/1784
s 1
f 1476/1578/1787 1475/1806/1788 1693/1968/1789 1692/1581/1790
f 1475/1806/1788 1482/1576/1781 1694/1577/1775 1693/1968/1789
s 2
f 1478/1579/1791 1477/1807/1792 1489/1817/1793 1488/1675/1794
s 1
f 1477/1808/1795 1476/1578/1787 1490/1580/1796 1489/1816/1797
s 2
f 1480/1674/1779 1479/1809/1798 1639/1930/1799 1638/1642/1800
f 1479/1809/1798 1478/1579/1791 1640/1644/1801 1639/1930/1799
s 1
f 1484/1582/1802 1483/1812/1803 1691/1967/1804 1690/1585/1805
f 1483/1812/1803 1490/1580/1796 1692/1581/1790 1691/1967/1804
s 2
f 1486/1583/1806 1485/1813/1807 1497/1823/1808 1496/1676/1809
s 1
f 1485/1814/1810 1484/1582/1802 1498/1584/1811 1497/1822/1812
s 2
f 1488/1675/1794 1487/1815/1813 1647/1936/1814 1646/1645/1815
f 1487/1815/1813 1486/1583/1806 1648/1647/1816 1647/1936/1814
s 1
f 1492/1586/1817 1491/1818/1818 1689/1966/1819 1688/1589/1820
f 1491/1818/1818 1498/1584/1811 1690/1585/1805 1689/1966/1819
s 2
f 1494/1587/1821 1493/1819/1822 1505/1829/1823 1504/1677/1824
s 1
f 1493/1820/1825 1492/1586/1817 1506/1588/1826 1505/1828/1827
s 2
f 1496/1676/1809 1495/1821/1828 1655/1942/1829 1654/1648/1830
f 1495/1821/1828 1494/1587/1821 1656/1650/1831 1655/1942/1829
s 1
f 1500/1590/1832 1499/1824/1833 1687/1965/1834 1686/1593/1835
f 1499/1824/1833 1506/1588/1826 1688/1589/1820 1687/1965/1834
s 2
f 1502/1591/1836 1501/1825/1837 1513/1835/1838 1512/1678/1839
s 1
f 1501/1826/1840 1500/1590/1832 1514/1592/1841 1513/1834/1842
s 2
f 1504/1677/1824 1503/1827/1843 1663/1948/1844 1662/1651/1845
f 1503/1827/1843 1502/1591/1836 1664/1653/1846 1663/1948/1844
s 1
f 1508/1594/1847 1507/1830/1848 1685/1964/1849 1684/1598/1850
f 1507/1830/1848 1514/1592/1841 1686/1593/1835 1685/1964/1849
s 2
f 1510/1595/1851 1509/1831/1852 1521/1841/1853 1520/1679/1854
s 1
f 1509/1832/1855 1508/1594/1847 1522/1597/1856 1521/1840/1857
s 2
f 1512/1678/1839 1511/1833/1858 1671/1954/1859 1670/1654/1860
f 1511/1833/1858 1510/1595/1851 1672/1656/1861 1671/1954/1859
s 1
f 1516/1682/1588 1515/1836/1862 1683/1963/1863 1722/1596/1573
f 1515/1836/1862 1522/1597/1856 1684/1598/1850 1683/1963/1863
s 2
f 1520/1679/1854 1519/1839/1864 1679/1960/1865 1678/1657/1866
f 1519/1839/1864 1518/1599/1590 1680/1600/1867 1679/1960/1865
s 40
f 1524/1601/1868 1523/1842/1869 1725/1984/1870 1724/1660/1871
f 1523/1842/1869 1530/1683/1872 1726/1604/1873 1725/1984/1870
s 2
f 1526/1680/1584 1525/1843/1874 1681/1962/1875 1680/1600/1867
s 40
f 1525/1844/1876 1524/1601/1868 1682/1659/1877 1681/1961/1878
f 1530/1683/1872 1529/1847/1879 1533/1851/1880 1532/1684/1881
s 2
f 1529/1848/1882 1528/1602/1585 1534/1603/1605 1533/1850/1883
s 40
f 1532/1684/1881 1531/1849/1884 1727/1985/1885 1726/1604/1873
f 1531/1849/1884 1538/1685/1886 1728/1607/1887 1727/1985/1885
f 1538/1685/1886 1537/1853/1888 1541/1857/1889 1540/1686/1890
s 2
f 1537/1854/1891 1536/1605/1606 1542/1606/1620 1541/1856/1892
s 40
f 1540/1686/1890 1539/1855/1893 1729/1986/1894 1728/1607/1887
f 1539/1855/1893 1546/1687/1895 1730/1610/1896 1729/1986/1894
f 1546/1687/1895 1545/1859/1897 1549/1863/1898 1548/1688/1899
s 2
f 1545/1860/1900 1544/1608/1621 1550/1609/1635 1549/1862/1901
s 40
f 1548/1688/1899 1547/1861/1902 1731/1987/1903 1730/1610/1896
f 1547/1861/1902 1554/1689/1904 1732/1613/1905 1731/1987/1903
f 1554/1689/1904 1553/1865/1906 1557/1869/1907 1556/1690/1908
s 2
f 1553/1866/1909 1552/1611/1636 1558/1612/1650 1557/1868/1910
s 40
f 1556/1690/1908 1555/1867/1911 1733/1988/1912 1732/1613/1905
f 1555/1867/1911 1562/1691/1913 1734/1616/1914 1733/1988/1912
f 1562/1691/1913 1561/1871/1915 1565/1875/1916 1564/1692/1917
s 2
f 1561/1872/1918 1560/1614/1651 1566/1615/1665 1565/1874/1919
s 40
f 1564/1692/1917 1563/1873/1920 1735/1989/1921 1734/1616/1914
f 1563/1873/1920 1570/1693/1922 1736/1619/1923 1735/1989/1921
f 1570/1693/1922 1569/1877/1924 1573/1881/1925 1572/1694/1926
s 2
f 1569/1878/1927 1568/1617/1666 1574/1618/1680 1573/1880/1928
s 40
f 1572/1694/1926 1571/1879/1929 1737/1990/1930 1736/1619/1923
f 1571/1879/1929 1578/1695/1931 1738/1622/1932 1737/1990/1930
f 1578/1695/1931 1577/1883/1933 1581/1887/1934 1580/1696/1935
s 2
f 1577/1884/1936 1576/1620/1681 1582/1621/1695 1581/1886/1937
s 40
f 1580/1696/1935 1579/1885/1938 1739/1991/1939 1738/1622/1932
f 1579/1885/1938 1586/1697/1940 1740/1625/1941 1739/1991/1939
f 1586/1697/1940 1585/1889/1942 1589/1893/1943 1588/1698/1944
s 2
f 1585/1890/1945 1584/1623/1696 1590/1624/1710 1589/1892/1946
s 40
f 1588/1698/1944 1587/1891/1947 1741/1992/1948 1740/1625/1941
f 1587/1891/1947 1594/1699/1949 1742/1628/1950 1741/1992/1948
f 1594/1699/1949 1593/1895/1951 1597/1899/1952 1596/1700/1953
s 2
f 1593/1896/1954 1592/1626/1711 1598/1627/1725 1597/1898/1955
s 40
f 1596/1700/1953 1595/1897/1956 1743/1993/1957 1742/1628/1950
f 1595/1897/1956 1602/1701/1958 1744/1631/1959 1743/1993/1957
f 1602/1701/1958 1601/1901/1960 1605/1905/1961 1604/1702/1962
s 2
f 1601/1902/1963 1600/1629/1726 1606/1630/1740 1605/1904/1964
s 40
f 1604/1702/1962 1603/1903/1965 1745/1994/1966 1744/1631/1959
f 1603/1903/1965 1610/1703/1967 1746/1634/1968 1745/1994/1966
f 1610/1703/1967 1609/1907/1969 1613/1911/1970 1612/1704/1971
s 2
f 1609/1908/1972 1608/1632/1741 1614/1633/1755 1613/1910/1973
s 40
f 1612/1704/1971 1611/1909/1974 1747/1995/1975 1746/1634/1968
f 1611/1909/1974 1618/1705/1976 1748/1637/1977 1747/1995/1975
f 1618/1705/1976 1617/1913/1978 1621/1917/1979 1620/1706/1980
s 2
f 1617/1914/1981 1616/1635/1756 1622/1636/1770 1621/1916/1982
s 40
f 1620/1706/1980 1619/1915/1983 1749/1996/1984 1748/1637/1977
f 1619/1915/1983 1626/1707/1985 1750/1640/1986 1749/1996/1984
f 1626/1707/1985 1625/1919/1987 1629/1923/1988 1628/1708/1989
s 2
f 1625/1920/1990 1624/1638/1771 1630/1639/1785 1629/1922/1991
s 40
f 1628/1708/1989 1627/1921/1992 1751/1997/1993 1750/1640/1986
f 1627/1921/1992 1634/1709/1994 1752/1643/1995 1751/1997/1993
f 1634/1709/1994 1633/1925/1996 1637/1929/1997 1636/1710/1998
s 2
f 1633/1926/1999 1632/1641/1786 1638/1642/1800 1637/1928/2000
s 40
f 1636/1710/1998 1635/1927/2001 1753/1998/2002 1752/1643/1995
f 1635/1927/2001 1642/1711/2003 1754/1646/2004 1753/1998/2002
f 1642/1711/2003 1641/1931/2005 1645/1935/2006 1644/1712/2007
s 2
f 1641/1932/2008 1640/1644/1801 1646/1645/1815 1645/1934/2009
s 40
f 1644/1712/2007 1643/1933/2010 1755/1999/2011 1754/1646/2004
f 1643/1933/2010 1650/1713/2012 1756/1649/2013 1755/1999/2011
f 1650/1713/2012 1649/1937/2014 1653/1941/2015 1652/1714/2016
s 2
f 1649/1938/2017 1648/1647/1816 1654/1648/1830 1653/1940/2018
s 40
f 1652/1714/2016 1651/1939/2019 1757/2000/2020 1756/1649/2013
f 1651/1939/2019 1658/1715/2021 1758/1652/2022 1757/2000/2020
f 1658/1715/2021 1657/1943/2023 1661/1947/2024 1660/1716/2025
s 2
f 1657/1944/2026 1656/1650/1831 1662/1651/1845 1661/1946/2027
s 40
f 1660/1716/2025 1659/1945/2028 1759/2001/2029 1758/1652/2022
f 1659/1945/2028 1666/1717/2030 1760/1655/2031 1759/2001/2029
f 1666/1717/2030 1665/1949/2032 1669/1953/2033 1668/1718/2034
s 2
f 1665/1950/2035 1664/1653/1846 1670/1654/1860 1669/1952/2036
s 40
f 1668/1718/2034 1667/1951/2037 1761/2002/2038 1760/1655/2031
f 1667/1951/2037 1674/1719/2039 1762/1658/2040 1761/2002/2038
f 1674/1719/2039 1673/1955/2041 1677/1959/2042 1676/1720/2043
s 2
f 1673/1956/2044 1672/1656/1861 1678/1657/1866 1677/1958/2045
s 40
f 1676/1720/2043 1675/1957/2046 1723/1983/2047 1762/1658/2040
f 1675/1957/2046 1682/1659/1877 1724/1660/1871 1723/1983/2047
s 2
f 1366/1522/1574 1376/1661/1577 1534/1603/1605 1528/1602/1585
f 1374/1527/1596 1384/1662/1599 1542/1606/1620 1536/1605/1606
f 1382/1531/1611 1392/1663/1614 1550/1609/1635 1544/1608/1621
f 1390/1535/1626 1400/1664/1629 1558/1612/1650 1552/1611/1636
f 1398/1539/1641 1408/1665/1644 1566/1615/1665 1560/1614/1651
f 1406/1543/1656 1416/1666/1659 1574/1618/1680 1568/1617/1666
f 1414/1547/1671 1424/1667/1674 1582/1621/1695 1576/1620/1681
f 1422/1551/1686 1432/1668/1689 1590/1624/1710 1584/1623/1696
f 1430/1555/1701 1440/1669/1704 1598/1627/1725 1592/1626/1711
f 1438/1559/1716 1448/1670/1719 1606/1630/1740 1600/1629/1726
f 1446/1563/1731 1456/1671/1734 1614/1633/1755 1608/1632/1741
f 1454/1567/1746 1464/1672/1749 1622/1636/1770 1616/1635/1756
f 1462/1571/1761 1472/1673/1764 1630/1639/1785 1624/1638/1771
f 1470/1575/1776 1480/1674/1779 1638/1642/1800 1632/1641/1786
f 1478/1579/1791 1488/1675/1794 1646/1645/1815 1640/1644/1801
f 1486/1583/1806 1496/1676/1809 1654/1648/1830 1648/1647/1816
f 1494/1587/1821 1504/1677/1824 1662/1651/1845 1656/1650/1831
f 1502/1591/1836 1512/1678/1839 1670/1654/1860 1664/1653/1846
f 1510/1595/1851 1520/1679/1854 1678/1657/1866 1672/1656/1861
f 1518/1599/1590 1368/1523/1581 1526/1680/1584 1680/1600/1867
s 1
f 1378/1524/1579 1364/1521/1568 1720/1525/1571
f 1386/1528/1601 1372/1526/1592 1718/1529/1595
f 1394/1532/1616 1380/1530/1607 1716/1533/1610
f 1402/1536/1631 1388/1534/1622 1714/1537/1625
f 1410/1540/1646 1396/1538/1637 1712/1541/1640
f 1418/1544/1661 1404/1542/1652 1710/1545/1655
f 1426/1548/1676 1412/1546/1667 1708/1549/1670
f 1434/1552/1691 1420/1550/1682 1706/1553/1685
f 1442/1556/1706 1428/1554/1697 1704/1557/1700
f 1450/1560/1721 1436/1558/1712 1702/1561/1715
f 1458/1564/1736 1444/1562/1727 1700/1565/1730
f 1466/1568/1751 1452/1566/1742 1698/1569/1745
f 1474/1572/1766 1460/1570/1757 1696/1573/1760
f 1482/1576/1781 1468/1574/1772 1694/1577/1775
f 1490/1580/1796 1476/1578/1787 1692/1581/1790
f 1498/1584/1811 1484/1582/1802 1690/1585/1805
f 1506/1588/1826 1492/1586/1817 1688/1589/1820
f 1514/1592/1841 1500/1590/1832 1686/1593/1835
f 1522/1597/1856 1508/1594/1847 1684/1598/1850
f 1370/1681/1572 1516/1682/1588 1722/1596/1573
s 40
f 1530/1683/1872 1532/1684/1881 1726/1604/1873
f 1538/1685/1886 1540/1686/1890 1728/1607/1887
f 1546/1687/1895 1548/1688/1899 1730/1610/1896
f 1554/1689/1904 1556/1690/1908 1732/1613/1905
f 1562/1691/1913 1564/1692/1917 1734/1616/1914
f 1570/1693/1922 1572/1694/1926 1736/1619/1923
f 1578/1695/1931 1580/1696/1935 1738/1622/1932
f 1586/1697/1940 1588/1698/1944 1740/1625/1941
f 1594/1699/1949 1596/1700/1953 1742/1628/1950
f 1602/1701/1958 1604/1702/1962 1744/1631/1959
f 1610/1703/1967 1612/1704/1971 1746/1634/1968
f 1618/1705/1976 1620/1706/1980 1748/1637/1977
f 1626/1707/1985 1628/1708/1989 1750/1640/1986
f 1634/1709/1994 1636/1710/1998 1752/1643/1995
f 1642/1711/2003 1644/1712/2007 1754/1646/2004
f 1650/1713/2012 1652/1714/2016 1756/1649/2013
f 1658/1715/2021 1660/1716/2025 1758/1652/2022
f 1666/1717/2030 1668/1718/2034 1760/1655/2031
f 1674/1719/2039 1676/1720/2043 1762/1658/2040
f 1682/1659/1877 1524/1601/1868 1724/1660/1871
s 1
f 1369/1726/1586 1370/1681/1572 1363/1721/1569 1763/2005/2048
f 1363/1721/1569 1364/1521/1568 1365/1723/1578 1763/2005/2048
s 2
f 1365/1722/1575 1366/1522/1574 1367/1725/1582 1763/2003/2049
f 1367/1724/1582 1368/1523/1581 1369/1727/1589 1763/2004/2049
s 1
f 1377/1732/1580 1378/1524/1579 1371/1728/1593 1764/2007/2050
f 1371/1728/1593 1372/1526/1592 1373/1730/1600 1764/2007/2050
s 2
f 1373/1729/1597 1374/1527/1596 1375/1731/1603 1764/2006/2051
f 1375/1731/1603 1376/1661/1577 1377/1733/1576 1764/2006/2051
s 1
f 1385/1738/1602 1386/1528/1601 1379/1734/1608 1765/2009/2052
f 1379/1734/1608 1380/1530/1607 1381/1736/1615 1765/2009/2052
s 2
f 1381/1735/1612 1382/1531/1611 1383/1737/1618 1765/2008/2053
f 1383/1737/1618 1384/1662/1599 1385/1739/1598 1765/2008/2053
s 1
f 1393/1744/1617 1394/1532/1616 1387/1740/1623 1766/2011/2054
f 1387/1740/1623 1388/1534/1622 1389/1742/1630 1766/2011/2054
s 2
f 1389/1741/1627 1390/1535/1626 1391/1743/1633 1766/2010/2055
f 1391/1743/1633 1392/1663/1614 1393/1745/1613 1766/2010/2055
s 1
f 1401/1750/1632 1402/1536/1631 1395/1746/1638 1767/2013/2056
f 1395/1746/1638 1396/1538/1637 1397/1748/1645 1767/2013/2056
s 2
f 1397/1747/1642 1398/1539/1641 1399/1749/1648 1767/2012/2057
f 1399/1749/1648 1400/1664/1629 1401/1751/1628 1767/2012/2057
s 1
f 1409/1756/1647 1410/1540/1646 1403/1752/1653 1768/2015/2058
f 1403/1752/1653 1404/1542/1652 1405/1754/1660 1768/2015/2058
s 2
f 1405/1753/1657 1406/1543/1656 1407/1755/1663 1768/2014/2059
f 1407/1755/1663 1408/1665/1644 1409/1757/1643 1768/2014/2059
s 1
f 1417/1762/1662 1418/1544/1661 1411/1758/1668 1769/2017/2060
f 1411/1758/1668 1412/1546/1667 1413/1760/1675 1769/2017/2060
s 2
f 1413/1759/1672 1414/1547/1671 1415/1761/1678 1769/2016/2061
f 1415/1761/1678 1416/1666/1659 1417/1763/1658 1769/2016/2061
s 1
f 1425/1768/1677 1426/1548/1676 1419/1764/1683 1770/2019/2062
f 1419/1764/1683 1420/1550/1682 1421/1766/1690 1770/2019/2062
s 2
f 1421/1765/1687 1422/1551/1686 1423/1767/1693 1770/2018/2063
f 1423/1767/1693 1424/1667/1674 1425/1769/1673 1770/2018/2063
s 1
f 1433/1774/1692 1434/1552/1691 1427/1770/1698 1771/2021/2064
f 1427/1770/1698 1428/1554/1697 1429/1772/1705 1771/2021/2064
s 2
f 1429/1771/1702 1430/1555/1701 1431/1773/1708 1771/2020/2065
f 1431/1773/1708 1432/1668/1689 1433/1775/1688 1771/2020/2065
s 1
f 1441/1780/1707 1442/1556/1706 1435/1776/1713 1772/2023/2066
f 1435/1776/1713 1436/1558/1712 1437/1778/1720 1772/2023/2066
s 2
f 1437/1777/1717 1438/1559/1716 1439/1779/1723 1772/2022/2067
f 1439/1779/1723 1440/1669/1704 1441/1781/1703 1772/2022/2067
s 1
f 1449/1786/1722 1450/1560/1721 1443/1782/1728 1773/2025/2068
f 1443/1782/1728 1444/1562/1727 1445/1784/1735 1773/2025/2068
s 2
f 1445/1783/1732 1446/1563/1731 1447/1785/1738 1773/2024/2069
f 1447/1785/1738 1448/1670/1719 1449/1787/1718 1773/2024/2069
s 1
f 1457/1792/1737 1458/1564/1736 1451/1788/1743 1774/2027/2070
f 1451/1788/1743 1452/1566/1742 1453/1790/1750 1774/2027/2070
s 2
f 1453/1789/1747 1454/1567/1746 1455/1791/1753 1774/2026/2071
f 1455/1791/1753 1456/1671/1734 1457/1793/1733 1774/2026/2071
s 1
f 1465/1798/1752 1466/1568/1751 1459/1794/1758 1775/2029/2072
f 1459/1794/1758 1460/1570/1757 1461/1796/1765 1775/2029/2072
s 2
f 1461/1795/1762 1462/1571/1761 1463/1797/1768 1775/2028/2073
f 1463/1797/1768 1464/1672/1749 1465/1799/1748 1775/2028/2073
s 1
f 1473/1804/1767 1474/1572/1766 1467/1800/1773 1776/2031/2074
f 1467/1800/1773 1468/1574/1772 1469/1802/1780 1776/2031/2074
s 2
f 1469/1801/1777 1470/1575/1776 1471/1803/1783 1776/2030/2075
f 1471/1803/1783 1472/1673/1764 1473/1805/1763 1776/2030/2075
s 1
f 1481/1810/1782 1482/1576/1781 1475/1806/1788 1777/2033/2076
f 1475/1806/1788 1476/1578/1787 1477/1808/1795 1777/2033/2076
s 2
f 1477/1807/1792 1478/1579/1791 1479/1809/1798 1777/2032/2077
f 1479/1809/1798 1480/1674/1779 1481/1811/1778 1777/2032/2077
s 1
f 1489/1816/1797 1490/1580/1796 1483/1812/1803 1778/2035/2078
f 1483/1812/1803 1484/1582/1802 1485/1814/1810 1778/2035/2078
s 2
f 1485/1813/1807 1486/1583/1806 1487/1815/1813 1778/2034/2079
f 1487/1815/1813 1488/1675/1794 1489/1817/1793 1778/2034/2079
s 1
f 1497/1822/1812 1498/1584/1811 1491/1818/1818 1779/2037/2080
f 1491/1818/1818 1492/1586/1817 1493/1820/1825 1779/2037/2080
s 2
f 1493/1819/1822 1494/1587/1821 1495/1821/1828 1779/2036/2081
f 1495/1821/1828 1496/1676/1809 1497/1823/1808 1779/2036/2081
s 1
f 1505/1828/1827 1506/1588/1826 1499/1824/1833 1780/2039/2082
f 1499/1824/1833 1500/1590/1832 1501/1826/1840 1780/2039/2082
s 2
f 1501/1825/1837 1502/1591/1836 1503/1827/1843 1780/2038/2083
f 1503/1827/1843 1504/1677/1824 1505/1829/1823 1780/2038/2083
s 1
f 1513/1834/1842 1514/1592/1841 1507/1830/1848 1781/2041/2084
f 1507/1830/1848 1508/1594/1847 1509/1832/1855 1781/2041/2084
s 2
f 1509/1831/1852 1510/1595/1851 1511/1833/1858 1781/2040/2085
f 1511/1833/1858 1512/1678/1839 1513/1835/1838 1781/2040/2085
s 1
f 1521/1840/1857 1522/1597/1856 1515/1836/1862 1782/2043/2086
f 1515/1836/1862 1516/1682/1588 1517/1838/1587 1782/2043/2086
s 2
f 1517/1837/1591 1518/1599/1590 1519/1839/1864 1782/2042/2087
f 1519/1839/1864 1520/1679/1854 1521/1841/1853 1782/2042/2087
s 40
f 1529/1847/1879 1530/1683/1872 1523/1842/1869 1783/2046/2088
f 1523/1842/1869 1524/1601/1868 1525/1844/1876 1783/2046/2088
s 2
f 1525/1843/1874 1526/1680/1584 1527/1846/1583 1783/2044/2089
f 1527/1845/1583 1528/1602/1585 1529/1848/1882 1783/2045/2089
s 40
f 1537/1853/1888 1538/1685/1886 1531/1849/1884 1784/2048/2090
f 1531/1849/1884 1532/1684/1881 1533/1851/1880 1784/2048/2090
s 2
f 1533/1850/1883 1534/1603/1605 1535/1852/1604 1784/2047/2091
f 1535/1852/1604 1536/1605/1606 1537/1854/1891 1784/2047/2091
s 40
f 1545/1859/1897 1546/1687/1895 1539/1855/1893 1785/2050/2092
f 1539/1855/1893 1540/1686/1890 1541/1857/1889 1785/2050/2092
s 2
f 1541/1856/1892 1542/1606/1620 1543/1858/1619 1785/2049/2093
f 1543/1858/1619 1544/1608/1621 1545/1860/1900 1785/2049/2093
s 40
f 1553/1865/1906 1554/1689/1904 1547/1861/1902 1786/2052/2094
f 1547/1861/1902 1548/1688/1899 1549/1863/1898 1786/2052/2094
s 2
f 1549/1862/1901 1550/1609/1635 1551/1864/1634 1786/2051/2095
f 1551/1864/1634 1552/1611/1636 1553/1866/1909 1786/2051/2095
s 40
f 1561/1871/1915 1562/1691/1913 1555/1867/1911 1787/2054/2096
f 1555/1867/1911 1556/1690/1908 1557/1869/1907 1787/2054/2096
s 2
f 1557/1868/1910 1558/1612/1650 1559/1870/1649 1787/2053/2097
f 1559/1870/1649 1560/1614/1651 1561/1872/1918 1787/2053/2097
s 40
f 1569/1877/1924 1570/1693/1922 1563/1873/1920 1788/2056/2098
f 1563/1873/1920 1564/1692/1917 1565/1875/1916 1788/2056/2098
s 2
f 1565/1874/1919 1566/1615/1665 1567/1876/1664 1788/2055/2099
f 1567/1876/1664 1568/1617/1666 1569/1878/1927 1788/2055/2099
s 40
f 1577/1883/1933 1578/1695/1931 1571/1879/1929 1789/2058/2100
f 1571/1879/1929 1572/1694/1926 1573/1881/1925 1789/2058/2100
s 2
f 1573/1880/1928 1574/1618/1680 1575/1882/1679 1789/2057/2101
f 1575/1882/1679 1576/1620/1681 1577/1884/1936 1789/2057/2101
s 40
f 1585/1889/1942 1586/1697/1940 1579/1885/1938 1790/2060/2102
f 1579/1885/1938 1580/1696/1935 1581/1887/1934 1790/2060/2102
s 2
f 1581/1886/1937 1582/1621/1695 1583/1888/1694 1790/2059/2103
f 1583/1888/1694 1584/1623/1696 1585/1890/1945 1790/2059/2103
s 40
f 1593/1895/1951 1594/1699/1949 1587/1891/1947 1791/2062/2104
f 1587/1891/1947 1588/1698/1944 1589/1893/1943 1791/2062/2104
s 2
f 1589/1892/1946 1590/1624/1710 1591/1894/1709 1791/2061/2105
f 1591/1894/1709 1592/1626/1711 1593/1896/1954 1791/2061/2105
s 40
f 1601/1901/1960 1602/1701/1958 1595/1897/1956 1792/2064/2106
f 1595/1897/1956 1596/1700/1953 1597/1899/1952 1792/2064/2106
s 2
f 1597/1898/1955 1598/1627/1725 1599/1900/1724 1792/2063/2107
f 1599/1900/1724 1600/1629/1726 1601/1902/1963 1792/2063/2107
s 40
f 1609/1907/1969 1610/1703/1967 1603/1903/1965 1793/2066/2108
f 1603/1903/1965 1604/1702/1962 1605/1905/1961 1793/2066/2108
s 2
f 1605/1904/1964 1606/1630/1740 1607/1906/1739 1793/2065/2109
f 1607/1906/1739 1608/1632/1741 1609/1908/1972 1793/2065/2109
s 40
f 1617/1913/1978 1618/1705/1976 1611/1909/1974 1794/2068/2110
f 1611/1909/1974 1612/1704/1971 1613/1911/1970 1794/2068/2110
s 2
f 1613/1910/1973 1614/1633/1755 1615/1912/1754 1794/2067/2111
f 1615/1912/1754 1616/1635/1756 1617/1914/1981 1794/2067/2111
s 40
f 1625/1919/1987 1626/1707/1985 1619/1915/1983 1795/2070/2112
f 1619/1915/1983 1620/1706/1980 1621/1917/1979 1795/2070/2112
s 2
f 1621/1916/1982 1622/1636/1770 1623/1918/1769 1795/2069/2113
f 1623/1918/1769 1624/1638/1771 1625/1920/1990 1795/2069/2113
s 40
f 1633/1925/1996 1634/1709/1994 1627/1921/1992 1796/2072/2114
f 1627/1921/1992 1628/1708/1989 1629/1923/1988 1796/2072/2114
s 2
f 1629/1922/1991 1630/1639/1785 1631/1924/1784 1796/2071/2115
f 1631/1924/1784 1632/1641/1786 1633/1926/1999 1796/2071/2115
s 40
f 1641/1931/2005 1642/1711/2003 1635/1927/2001 1797/2074/2116
f 1635/1927/2001 1636/1710/1998 1637/1929/1997 1797/2074/2116
s 2
f 1637/1928/2000 1638/1642/1800 1639/1930/1799 1797/2073/2117
f 1639/1930/1799 1640/1644/1801 1641/1932/2008 1797/2073/2117
s 40
f 1649/1937/2014 1650/1713/2012 1643/1933/2010 1798/2076/2118
f 1643/1933/2010 1644/1712/2007 1645/1935/2006 1798/2076/2118
s 2
f 1645/1934/2009 1646/1645/1815 1647/1936/1814 1798/2075/2119
f 1647/1936/1814 1648/1647/1816 1649/1938/2017 1798/2075/2119
s 40
f 1657/1943/2023 1658/1715/2021 1651/1939/2019 1799/2078/2120
f 1651/1939/2019 1652/1714/2016 1653/1941/2015 1799/2078/2120
s 2
f 1653/1940/2018 1654/1648/1830 1655/1942/1829 1799/2077/2121
f 1655/1942/1829 1656/1650/1831 1657/1944/2026 1799/2077/2121
s 40
f 1665/1949/2032 1666/1717/2030 1659/1945/2028 1800/2080/2122
f 1659/1945/2028 1660/1716/2025 1661/1947/2024 1800/2080/2122
s 2
f 1661/1946/2027 1662/1651/1845 1663/1948/1844 1800/2079/2123
f 1663/1948/1844 1664/1653/1846 1665/1950/2035 1800/2079/2123
s 40
f 1673/1955/2041 1674/1719/2039 1667/1951/2037 1801/2082/2124
f 1667/1951/2037 1668/1718/2034 1669/1953/2033 1801/2082/2124
s 2
f 1669/1952/2036 1670/1654/1860 1671/1954/1859 1801/2081/2125
f 1671/1954/1859 1672/1656/1861 1673/1956/2044 1801/2081/2125
s 40
f 1681/1961/1878 1682/1659/1877 1675/1957/2046 1802/2084/2126
f 1675/1957/2046 1676/1720/2043 1677/1959/2042 1802/2084/2126
s 2
f 1677/1958/2045 1678/1657/1866 1679/1960/1865 1802/2083/2127
f 1679/1960/1865 1680/1600/1867 1681/1962/1875 1802/2083/2127
s 1
f 1721/1982/1570 1722/1596/1573 1683/1963/1863 1803/2085/2128
f 1683/1963/1863 1684/1598/1850 1685/1964/1849 1803/2085/2128
f 1685/1964/1849 1686/1593/1835 1687/1965/1834 1803/2085/2128
f 1687/1965/1834 1688/1589/1820 1689/1966/1819 1803/2085/2128
f 1689/1966/1819 1690/1585/1805 1691/1967/1804 1803/2085/2128
f 1691/1967/1804 1692/1581/1790 1693/1968/1789 1803/2085/2128
f 1693/1968/1789 1694/1577/1775 1695/1969/1774 1803/2085/2128
f 1695/1969/1774 1696/1573/1760 1697/1970/1759 1803/2085/2128
f 1697/1970/1759 1698/1569/1745 1699/1971/1744 1803/2085/2128
f 1699/1971/1744 1700/1565/1730 1701/1972/1729 1803/2085/2128
f 1701/1972/1729 1702/1561/1715 1703/1973/1714 1803/2085/2128
f 1703/1973/1714 1704/1557/1700 1705/1974/1699 1803/2085/2128
f 1705/1974/1699 1706/1553/1685 1707/1975/1684 1803/2085/2128
f 1707/1975/1684 1708/1549/1670 1709/1976/1669 1803/2085/2128
f 1709/1976/1669 1710/1545/1655 1711/1977/1654 1803/2085/2128
f 1711/1977/1654 1712/1541/1640 1713/1978/1639 1803/2085/2128
f 1713/1978/1639 1714/1537/1625 1715/1979/1624 1803/2085/2128
f 1715/1979/1624 1716/1533/1610 1717/1980/1609 1803/2085/2128
f 1717/1980/1609 1718/1529/1595 1719/1981/1594 1803/2085/2128
f 1719/1981/1594 1720/1525/1571 1721/1982/1570 1803/2085/2128
s 40
f 1761/2002/2038 1762/1658/2040 1723/1983/2047 1804/2086/2129
f 1723/1983/2047 1724/1660/1871 1725/1984/1870 1804/2086/2129
f 1725/1984/1870 1726/1604/1873 1727/1985/1885 1804/2086/2129
f 1727/1985/1885 1728/1607/1887 1729/1986/1894 1804/2086/2129
f 1729/1986/1894 1730/1610/1896 1731/1987/1903 1804/2086/2129
f 1731/1987/1903 1732/1613/1905 1733/1988/1912 1804/2086/2129
f 1733/1988/1912 1734/1616/1914 1735/1989/1921 1804/2086/2129
f 1735/1989/1921 1736/1619/1923 1737/1990/1930 1804/2086/2129
f 1737/1990/1930 1738/1622/1932 1739/1991/1939 1804/2086/2129
f 1739/1991/1939 1740/1625/1941 1741/1992/1948 1804/2086/2129
f 1741/1992/1948 1742/1628/1950 1743/1993/1957 1804/2086/2129
f 1743/1993/1957 1744/1631/1959 1745/1994/1966 1804/2086/2129
f 1745/1994/1966 1746/1634/1968 1747/1995/1975 1804/2086/2129
f 1747/1995/1975 1748/1637/1977 1749/1996/1984 1804/2086/2129
f 1749/1996/1984 1750/1640/1986 1751/1997/1993 1804/2086/2129
f 1751/1997/1993 1752/1643/1995 1753/1998/2002 1804/2086/2129
f 1753/1998/2002 1754/1646/2004 1755/1999/2011 1804/2086/2129
f 1755/1999/2011 1756/1649/2013 1757/2000/2020 1804/2086/2129
f 1757/2000/2020 1758/1652/2022 1759/2001/2029 1804/2086/2129
f 1759/2001/2029 1760/1655/2031 1761/2002/2038 1804/2086/2129
