# This file uses centimeters as units for non-parametric coordinates.

mtllib 时钟表盘.mtl
g default
v 3.858142 -0.424392 -3.611745
v 3.826393 -0.424392 -3.688394
v 3.906097 -0.390237 -3.714164
v 3.939136 -0.307777 -3.724765
v 3.970786 -0.307836 -3.648367
v 3.990085 -0.307895 -3.568001
v 3.957134 -0.390271 -3.557123
v 3.877509 -0.424392 -3.531073
v 3.247829 -0.424392 -4.809553
v 3.193948 -0.424392 -4.872639
v 3.261786 -0.390237 -4.921778
v 3.289934 -0.307777 -4.942070
v 3.343643 -0.307836 -4.879192
v 3.386832 -0.307895 -4.808723
v 3.358854 -0.390271 -4.788194
v 3.291177 -0.424392 -4.738815
v 2.297242 -0.424392 -5.760139
v 2.226504 -0.424392 -5.803487
v 2.275838 -0.390237 -5.871185
v 2.296337 -0.307777 -5.899181
v 2.366847 -0.307836 -5.855978
v 2.429699 -0.307895 -5.802304
v 2.409435 -0.390271 -5.774135
v 2.360328 -0.424392 -5.706258
v 1.099434 -0.424392 -6.370452
v 1.018762 -0.424392 -6.389820
v 1.044762 -0.390237 -6.469449
v 1.055607 -0.307777 -6.502409
v 1.136017 -0.307836 -6.483110
v 1.212378 -0.307895 -6.451485
v 1.201811 -0.390271 -6.418432
v 1.176083 -0.424392 -6.338704
v -0.228346 -0.424392 -6.580752
v -0.311055 -0.424392 -6.574243
v -0.310934 -0.390237 -6.658009
v -0.310806 -0.307777 -6.692707
v -0.228367 -0.307836 -6.699200
v -0.145970 -0.307895 -6.692721
v -0.145807 -0.390271 -6.658020
v -0.145638 -0.424392 -6.574243
v -1.556127 -0.424392 -6.370452
v -1.632776 -0.424392 -6.338703
v -1.658546 -0.390237 -6.418407
v -1.669146 -0.307777 -6.451447
v -1.592750 -0.307836 -6.483096
v -1.512383 -0.307895 -6.502396
v -1.501504 -0.390271 -6.469444
v -1.475455 -0.424392 -6.389820
v -2.753934 -0.424392 -5.760138
v -2.817021 -0.424392 -5.706257
v -2.866159 -0.390237 -5.774096
v -2.886451 -0.307777 -5.802243
v -2.823573 -0.307836 -5.855952
v -2.753104 -0.307895 -5.899141
v -2.732576 -0.390271 -5.871164
v -2.683196 -0.424392 -5.803486
v -3.704520 -0.424392 -4.809552
v -3.747868 -0.424392 -4.738814
v -3.815566 -0.390237 -4.788148
v -3.843562 -0.307777 -4.808647
v -3.800359 -0.307836 -4.879157
v -3.746684 -0.307895 -4.942009
v -3.718515 -0.390271 -4.921745
v -3.650639 -0.424392 -4.872639
v -4.314834 -0.424392 -3.611745
v -4.334201 -0.424392 -3.531073
v -4.413830 -0.390237 -3.557073
v -4.446790 -0.307777 -3.567917
v -4.427491 -0.307836 -3.648327
v -4.395866 -0.307895 -3.724689
v -4.362814 -0.390271 -3.714121
v -4.283085 -0.424392 -3.688393
v -4.525133 -0.424392 -2.283964
v -4.518624 -0.424392 -2.201256
v -4.602390 -0.390237 -2.201377
v -4.637088 -0.307777 -2.201505
v -4.643581 -0.307836 -2.283944
v -4.637101 -0.307895 -2.366341
v -4.602401 -0.390271 -2.366504
v -4.518624 -0.424392 -2.366673
v -4.314834 -0.424392 -0.956184
v -4.283085 -0.424392 -0.879536
v -4.362788 -0.390237 -0.853765
v -4.395828 -0.307777 -0.843165
v -4.427477 -0.307836 -0.919562
v -4.446777 -0.307895 -0.999929
v -4.413826 -0.390271 -1.010807
v -4.334201 -0.424392 -1.036856
v -3.704520 -0.424392 0.241623
v -3.650639 -0.424392 0.304710
v -3.718478 -0.390237 0.353848
v -3.746625 -0.307777 0.374140
v -3.800334 -0.307836 0.311262
v -3.843523 -0.307895 0.240793
v -3.815546 -0.390271 0.220265
v -3.747868 -0.424392 0.170885
v -2.753934 -0.424392 1.192209
v -2.683196 -0.424392 1.235557
v -2.732530 -0.390237 1.303255
v -2.753029 -0.307777 1.331251
v -2.823539 -0.307836 1.288048
v -2.886391 -0.307895 1.234373
v -2.866127 -0.390271 1.206205
v -2.817021 -0.424392 1.138328
v -1.556127 -0.424392 1.802522
v -1.475455 -0.424392 1.821890
v -1.501455 -0.390237 1.901518
v -1.512299 -0.307777 1.934479
v -1.592709 -0.307836 1.915180
v -1.669071 -0.307895 1.883555
v -1.658503 -0.390271 1.850502
v -1.632775 -0.424392 1.770773
v -0.228347 -0.424392 2.012822
v -0.145638 -0.424392 2.006312
v -0.145759 -0.390237 2.090078
v -0.145887 -0.307777 2.124777
v -0.228326 -0.307836 2.131270
v -0.310723 -0.307895 2.124790
v -0.310886 -0.390271 2.090090
v -0.311055 -0.424392 2.006312
v 1.099434 -0.424392 1.802522
v 1.176082 -0.424392 1.770773
v 1.201852 -0.390237 1.850476
v 1.212453 -0.307777 1.883516
v 1.136056 -0.307836 1.915166
v 1.055689 -0.307895 1.934466
v 1.044811 -0.390271 1.901513
v 1.018762 -0.424392 1.821889
v 2.297241 -0.424392 1.192208
v 2.360327 -0.424392 1.138327
v 2.409466 -0.390237 1.206167
v 2.429757 -0.307777 1.234314
v 2.366880 -0.307836 1.288023
v 2.296410 -0.307895 1.331212
v 2.275882 -0.390271 1.303235
v 2.226502 -0.424392 1.235557
v 3.247826 -0.424392 0.241623
v 3.291175 -0.424392 0.170885
v 3.358872 -0.390237 0.220219
v 3.386868 -0.307777 0.240718
v 3.343665 -0.307836 0.311228
v 3.289991 -0.307895 0.374080
v 3.261821 -0.390271 0.353815
v 3.193945 -0.424392 0.304709
v 3.858139 -0.424392 -0.956184
v 3.877507 -0.424392 -1.036856
v 3.957136 -0.390237 -1.010857
v 3.990096 -0.307777 -1.000012
v 3.970797 -0.307836 -0.919602
v 3.939172 -0.307895 -0.843241
v 3.906120 -0.390271 -0.853808
v 3.826391 -0.424392 -0.879536
v 4.068439 -0.424392 -2.283965
v 4.061930 -0.424392 -2.366673
v 4.145696 -0.390237 -2.366552
v 4.180394 -0.307777 -2.366424
v 4.186887 -0.307836 -2.283985
v 4.180407 -0.307895 -2.201588
v 4.145707 -0.390271 -2.201425
v 4.061930 -0.424392 -2.201256
v 3.858142 0.424392 -3.611745
v 3.877509 0.424392 -3.531073
v 3.957144 0.390237 -3.557058
v 3.990099 0.307777 -3.567918
v 3.970799 0.307836 -3.648327
v 3.939174 0.307895 -3.724689
v 3.906117 0.390271 -3.714137
v 3.826393 0.424392 -3.688394
v 3.247829 0.424392 -4.809553
v 3.291177 0.424392 -4.738815
v 3.358884 0.390237 -4.788136
v 3.386870 0.307777 -4.808648
v 3.343667 0.307836 -4.879158
v 3.289993 0.307895 -4.942010
v 3.261815 0.390271 -4.921759
v 3.193948 0.424392 -4.872639
v 2.297242 0.424392 -5.760139
v 2.360328 0.424392 -5.706258
v 2.409480 0.390237 -5.774088
v 2.429759 0.307777 -5.802244
v 2.366881 0.307836 -5.855953
v 2.296412 0.307895 -5.899143
v 2.275871 0.390271 -5.871175
v 2.226504 0.424392 -5.803487
v 1.099434 0.424392 -6.370452
v 1.176083 0.424392 -6.338704
v 1.201868 0.390237 -6.418402
v 1.212453 0.307777 -6.451447
v 1.136056 0.307836 -6.483097
v 1.055690 0.307895 -6.502396
v 1.044796 0.390271 -6.469449
v 1.018762 0.424392 -6.389820
v -0.228347 0.424392 -6.580752
v -0.145638 0.424392 -6.574243
v -0.145743 0.390237 -6.658009
v -0.145887 0.307777 -6.692707
v -0.228326 0.307836 -6.699200
v -0.310723 0.307895 -6.692721
v -0.310902 0.390271 -6.658020
v -0.311055 0.424392 -6.574243
v -1.556127 0.424392 -6.370452
v -1.475455 0.424392 -6.389820
v -1.501440 0.390237 -6.469454
v -1.512300 0.307777 -6.502409
v -1.592710 0.307836 -6.483110
v -1.669071 0.307895 -6.451485
v -1.658519 0.390271 -6.418427
v -1.632776 0.424392 -6.338703
v -2.753934 0.424392 -5.760138
v -2.683196 0.424392 -5.803486
v -2.732517 0.390237 -5.871193
v -2.753029 0.307777 -5.899180
v -2.823539 0.307836 -5.855977
v -2.886391 0.307895 -5.802303
v -2.866140 0.390271 -5.774124
v -2.817021 0.424392 -5.706257
v -3.704520 0.424392 -4.809552
v -3.650639 0.424392 -4.872639
v -3.718469 0.390237 -4.921791
v -3.746625 0.307777 -4.942069
v -3.800334 0.307836 -4.879191
v -3.843523 0.307895 -4.808722
v -3.815556 0.390271 -4.788181
v -3.747868 0.424392 -4.738814
v -4.314834 0.424392 -3.611745
v -4.283085 0.424392 -3.688393
v -4.362783 0.390237 -3.714179
v -4.395828 0.307777 -3.724764
v -4.427477 0.307836 -3.648367
v -4.446777 0.307895 -3.568000
v -4.413831 0.390271 -3.557107
v -4.334201 0.424392 -3.531073
v -4.525133 0.424392 -2.283965
v -4.518624 0.424392 -2.366673
v -4.602390 0.390237 -2.366568
v -4.637088 0.307777 -2.366424
v -4.643581 0.307836 -2.283985
v -4.637101 0.307895 -2.201588
v -4.602401 0.390271 -2.201409
v -4.518624 0.424392 -2.201256
v -4.314834 0.424392 -0.956184
v -4.334201 0.424392 -1.036856
v -4.413835 0.390237 -1.010872
v -4.446790 0.307777 -1.000012
v -4.427491 0.307836 -0.919602
v -4.395866 0.307895 -0.843240
v -4.362809 0.390271 -0.853793
v -4.283085 0.424392 -0.879536
v -3.704520 0.424392 0.241623
v -3.747868 0.424392 0.170885
v -3.815575 0.390237 0.220206
v -3.843562 0.307777 0.240718
v -3.800359 0.307836 0.311228
v -3.746684 0.307895 0.374080
v -3.718506 0.390271 0.353829
v -3.650639 0.424392 0.304710
v -2.753934 0.424392 1.192209
v -2.817021 0.424392 1.138328
v -2.866173 0.390237 1.206158
v -2.886451 0.307777 1.234314
v -2.823573 0.307836 1.288023
v -2.753104 0.307895 1.331212
v -2.732563 0.390271 1.303245
v -2.683196 0.424392 1.235557
v -1.556127 0.424392 1.802522
v -1.632775 0.424392 1.770773
v -1.658561 0.390237 1.850472
v -1.669146 0.307777 1.883516
v -1.592749 0.307836 1.915166
v -1.512382 0.307895 1.934466
v -1.501489 0.390271 1.901519
v -1.475455 0.424392 1.821890
v -0.228347 0.424392 2.012822
v -0.311055 0.424392 2.006312
v -0.310950 0.390237 2.090078
v -0.310806 0.307777 2.124777
v -0.228367 0.307836 2.131270
v -0.145971 0.307895 2.124790
v -0.145791 0.390271 2.090090
v -0.145639 0.424392 2.006312
v 1.099434 0.424392 1.802522
v 1.018762 0.424392 1.821889
v 1.044746 0.390237 1.901523
v 1.055606 0.307777 1.934479
v 1.136016 0.307836 1.915179
v 1.212377 0.307895 1.883554
v 1.201825 0.390271 1.850497
v 1.176082 0.424392 1.770773
v 2.297241 0.424392 1.192208
v 2.226502 0.424392 1.235557
v 2.275823 0.390237 1.303264
v 2.296335 0.307777 1.331250
v 2.366846 0.307836 1.288047
v 2.429698 0.307895 1.234373
v 2.409446 0.390271 1.206195
v 2.360327 0.424392 1.138327
v 3.247826 0.424392 0.241623
v 3.193945 0.424392 0.304709
v 3.261775 0.390237 0.353861
v 3.289931 0.307777 0.374140
v 3.343640 0.307836 0.311262
v 3.386830 0.307895 0.240793
v 3.358862 0.390271 0.220252
v 3.291175 0.424392 0.170885
v 3.858139 0.424392 -0.956184
v 3.826391 0.424392 -0.879536
v 3.906089 0.390237 -0.853750
v 3.939134 0.307777 -0.843165
v 3.970784 0.307836 -0.919562
v 3.990083 0.307895 -0.999929
v 3.957136 0.390271 -1.010822
v 3.877507 0.424392 -1.036856
v 4.068439 0.424392 -2.283965
v 4.061930 0.424392 -2.201256
v 4.145696 0.390237 -2.201361
v 4.180394 0.307777 -2.201505
v 4.186887 0.307836 -2.283943
v 4.180407 0.307895 -2.366341
v 4.145707 0.390271 -2.366520
v 4.061930 0.424392 -2.366673
v 0.232832 -0.424392 -2.283964
v 0.292806 -0.424392 -2.201422
v 0.210261 -0.424392 -2.141452
v 0.241792 -0.424392 -2.044417
v 0.144755 -0.424392 -2.012890
v 0.144757 -0.424392 -1.910861
v 0.042728 -0.424392 -1.910863
v 0.011201 -0.424392 -1.813826
v -0.085834 -0.424392 -1.845357
v -0.145804 -0.424392 -1.762812
v -0.228347 -0.424392 -1.822786
v -0.310889 -0.424392 -1.762812
v -0.370859 -0.424392 -1.845357
v -0.467894 -0.424392 -1.813826
v -0.499421 -0.424392 -1.910863
v -0.601450 -0.424392 -1.910861
v -0.601448 -0.424392 -2.012890
v -0.698485 -0.424392 -2.044417
v -0.666954 -0.424392 -2.141452
v -0.749499 -0.424392 -2.201422
v -0.689526 -0.424392 -2.283964
v -0.749499 -0.424392 -2.366507
v -0.666954 -0.424392 -2.426477
v -0.698485 -0.424392 -2.523512
v -0.601448 -0.424392 -2.555039
v -0.601450 -0.424392 -2.657068
v -0.499421 -0.424392 -2.657066
v -0.467894 -0.424392 -2.754103
v -0.370859 -0.424392 -2.722572
v -0.310889 -0.424392 -2.805117
v -0.228346 -0.424392 -2.745143
v -0.145804 -0.424392 -2.805117
v -0.085834 -0.424392 -2.722572
v 0.011201 -0.424392 -2.754103
v 0.042728 -0.424392 -2.657066
v 0.144757 -0.424392 -2.657068
v 0.144755 -0.424392 -2.555039
v 0.241792 -0.424392 -2.523512
v 0.210261 -0.424392 -2.426477
v 0.292806 -0.424392 -2.366507
v 3.520222 0.307660 -3.501948
v 3.539551 0.307660 -3.421438
v 3.572468 0.390202 -3.432147
v 3.651954 0.424392 -3.457960
v 3.632625 0.424392 -3.538470
v 3.600941 0.424392 -3.614966
v 3.521460 0.390202 -3.589132
v 3.488537 0.307660 -3.578443
v 2.960377 0.307660 -4.600707
v 3.003639 0.307660 -4.530111
v 3.031635 0.390202 -4.550467
v 3.099255 0.424392 -4.599580
v 3.055993 0.424392 -4.670177
v 3.002220 0.424392 -4.733137
v 2.934616 0.390202 -4.684004
v 2.906604 0.307660 -4.663667
v 2.088396 0.307660 -5.472688
v 2.151356 0.307660 -5.418915
v 2.171693 0.390202 -5.446927
v 2.220826 0.424392 -5.514531
v 2.157866 0.424392 -5.568304
v 2.087269 0.424392 -5.611566
v 2.038156 0.390202 -5.543947
v 2.017800 0.307660 -5.515950
v 0.989637 0.307660 -6.032533
v 1.066132 0.307660 -6.000847
v 1.076817 0.390202 -6.033772
v 1.102654 0.424392 -6.113251
v 1.026159 0.424392 -6.144936
v 0.945649 0.424392 -6.164265
v 0.919836 0.390202 -6.084779
v 0.909127 0.307660 -6.051862
v -0.228347 0.307660 -6.225443
v -0.145804 0.307660 -6.218947
v -0.145817 0.390202 -6.253562
v -0.145804 0.424392 -6.337134
v -0.228347 0.424392 -6.343630
v -0.310889 0.424392 -6.337134
v -0.310876 0.390202 -6.253562
v -0.310889 0.307660 -6.218947
v -1.446330 0.307660 -6.032533
v -1.365820 0.307660 -6.051861
v -1.376529 0.390202 -6.084779
v -1.402342 0.424392 -6.164265
v -1.482852 0.424392 -6.144936
v -1.559347 0.424392 -6.113250
v -1.533510 0.390202 -6.033772
v -1.522825 0.307660 -6.000847
v -2.545089 0.307660 -5.472687
v -2.474492 0.307660 -5.515948
v -2.494849 0.390202 -5.543946
v -2.543961 0.424392 -5.611564
v -2.614558 0.424392 -5.568303
v -2.677517 0.424392 -5.514530
v -2.628385 0.390202 -5.446926
v -2.608049 0.307660 -5.418914
v -3.417069 0.307660 -4.600707
v -3.363296 0.307660 -4.663667
v -3.391307 0.390202 -4.684003
v -3.458911 0.424392 -4.733136
v -3.512684 0.424392 -4.670176
v -3.555946 0.424392 -4.599579
v -3.488327 0.390202 -4.550467
v -3.460330 0.307660 -4.530110
v -3.976914 0.307660 -3.501948
v -3.945229 0.307660 -3.578443
v -3.978153 0.390202 -3.589128
v -4.057632 0.424392 -3.614965
v -4.089317 0.424392 -3.538470
v -4.108646 0.424392 -3.457960
v -4.029160 0.390202 -3.432146
v -3.996243 0.307660 -3.421438
v -4.169823 0.307660 -2.283965
v -4.163327 0.307660 -2.366507
v -4.197941 0.390202 -2.366494
v -4.281514 0.424392 -2.366507
v -4.288011 0.424392 -2.283965
v -4.281514 0.424392 -2.201422
v -4.197941 0.390202 -2.201435
v -4.163327 0.307660 -2.201422
v -3.976914 0.307660 -1.065981
v -3.996243 0.307660 -1.146491
v -4.029160 0.390202 -1.135783
v -4.108646 0.424392 -1.109969
v -4.089317 0.424392 -1.029459
v -4.057632 0.424392 -0.952964
v -3.978153 0.390202 -0.978801
v -3.945229 0.307660 -0.989486
v -3.417069 0.307660 0.032778
v -3.460330 0.307660 -0.037819
v -3.488327 0.390202 -0.017463
v -3.555946 0.424392 0.031650
v -3.512684 0.424392 0.102247
v -3.458911 0.424392 0.165207
v -3.391307 0.390202 0.116074
v -3.363296 0.307660 0.095737
v -2.545088 0.307660 0.904757
v -2.608048 0.307660 0.850984
v -2.628385 0.390202 0.878996
v -2.677517 0.424392 0.946600
v -2.614558 0.424392 1.000373
v -2.543961 0.424392 1.043635
v -2.494848 0.390202 0.976016
v -2.474492 0.307660 0.948019
v -1.446330 0.307660 1.464603
v -1.522825 0.307660 1.432917
v -1.533510 0.390202 1.465842
v -1.559347 0.424392 1.545320
v -1.482852 0.424392 1.577006
v -1.402342 0.424392 1.596335
v -1.376528 0.390202 1.516848
v -1.365820 0.307660 1.483931
v -0.228347 0.307660 1.657512
v -0.310889 0.307660 1.651016
v -0.310877 0.390202 1.685630
v -0.310889 0.424392 1.769203
v -0.228347 0.424392 1.775700
v -0.145804 0.424392 1.769203
v -0.145817 0.390202 1.685630
v -0.145804 0.307660 1.651016
v 0.989636 0.307660 1.464603
v 0.909127 0.307660 1.483931
v 0.919835 0.390202 1.516848
v 0.945649 0.424392 1.596335
v 1.026159 0.424392 1.577006
v 1.102654 0.424392 1.545320
v 1.076816 0.390202 1.465842
v 1.066132 0.307660 1.432917
v 2.088395 0.307660 0.904757
v 2.017798 0.307660 0.948018
v 2.038155 0.390202 0.976015
v 2.087267 0.424392 1.043634
v 2.157864 0.424392 1.000373
v 2.220824 0.424392 0.946600
v 2.171691 0.390202 0.878996
v 2.151355 0.307660 0.850984
v 2.960375 0.307660 0.032777
v 2.906602 0.307660 0.095737
v 2.934614 0.390202 0.116073
v 3.002218 0.424392 0.165206
v 3.055991 0.424392 0.102246
v 3.099252 0.424392 0.031650
v 3.031633 0.390202 -0.017463
v 3.003636 0.307660 -0.037819
v 3.520221 0.307660 -1.065981
v 3.488535 0.307660 -0.989486
v 3.521460 0.390202 -0.978802
v 3.600938 0.424392 -0.952964
v 3.632624 0.424392 -1.029459
v 3.651952 0.424392 -1.109969
v 3.572466 0.390202 -1.135783
v 3.539549 0.307660 -1.146491
v 3.713130 0.307660 -2.283965
v 3.706634 0.307660 -2.201422
v 3.741248 0.390202 -2.201435
v 3.824821 0.424392 -2.201422
v 3.831318 0.424392 -2.283965
v 3.824821 0.424392 -2.366507
v 3.741249 0.390202 -2.366494
v 3.706634 0.307660 -2.366507
v 3.506601 -0.228685 -3.410737
v 3.539538 -0.146226 -3.421522
v 3.520239 -0.146287 -3.501931
v 3.488614 -0.146343 -3.578293
v 3.455614 -0.228719 -3.567693
v 3.375983 -0.262840 -3.541960
v 3.407698 -0.262840 -3.465403
v 3.427048 -0.262840 -3.384797
v 2.878578 -0.228685 -4.643301
v 2.810833 -0.262840 -4.594188
v 2.864494 -0.262840 -4.531287
v 2.907907 -0.262840 -4.460353
v 2.975602 -0.228685 -4.509694
v 3.003601 -0.146226 -4.530186
v 2.960382 -0.146223 -4.600711
v 2.906664 -0.146226 -4.663608
v 0.232834 -0.262840 -2.283965
v 0.292806 -0.262840 -2.366507
v 0.210261 -0.262840 -2.426478
v 0.241792 -0.262840 -2.523512
v 0.144755 -0.262840 -2.555040
v 0.144757 -0.262840 -2.657068
v 0.042727 -0.262840 -2.657067
v 0.011201 -0.262840 -2.754103
v -0.085835 -0.262840 -2.722572
v -0.145804 -0.262840 -2.805117
v -0.228347 -0.262840 -2.745144
v -0.310889 -0.262840 -2.805117
v -0.370860 -0.262840 -2.722572
v -0.467894 -0.262840 -2.754103
v -0.499422 -0.262840 -2.657066
v -0.601450 -0.262840 -2.657068
v -0.601449 -0.262840 -2.555038
v -0.698485 -0.262840 -2.523512
v -0.666954 -0.262840 -2.426476
v -0.749499 -0.262840 -2.366507
v -0.689526 -0.262840 -2.283964
v -0.749499 -0.262840 -2.201422
v -0.666954 -0.262840 -2.141452
v -0.698485 -0.262840 -2.044417
v -0.601448 -0.262840 -2.012889
v -0.601450 -0.262840 -1.910861
v -0.499420 -0.262840 -1.910862
v -0.467894 -0.262840 -1.813826
v -0.370858 -0.262840 -1.845357
v -0.310889 -0.262840 -1.762812
v -0.228346 -0.262840 -1.822785
v -0.145804 -0.262840 -1.762812
v -0.085834 -0.262840 -1.845357
v 0.011201 -0.262840 -1.813826
v 0.042729 -0.262840 -1.910863
v 0.144757 -0.262840 -1.910861
v 0.144756 -0.262840 -2.012891
v 0.241792 -0.262840 -2.044417
v 0.210261 -0.262840 -2.141453
v 0.292806 -0.262840 -2.201422
v 1.997440 -0.228685 -5.487919
v 1.948187 -0.262841 -5.420276
v 2.018659 -0.262841 -5.377035
v 2.081867 -0.262841 -5.322989
v 2.131001 -0.228685 -5.390834
v 2.151297 -0.146226 -5.418975
v 2.088400 -0.146226 -5.472693
v 2.017875 -0.146226 -5.515911
v 0.898426 -0.228685 -6.018912
v 0.872486 -0.262841 -5.939359
v 0.952871 -0.262841 -5.920012
v 1.029686 -0.262841 -5.888143
v 1.055451 -0.228685 -5.967851
v 1.066057 -0.146226 -6.000885
v 0.989639 -0.146226 -6.032539
v 0.909210 -0.146226 -6.051848
v -0.310885 -0.228685 -6.184302
v -0.310972 -0.262840 -6.100627
v -0.228542 -0.262840 -6.107067
v -0.145638 -0.262840 -6.100495
v -0.145767 -0.228685 -6.184263
v -0.145887 -0.146226 -6.218960
v -0.228347 -0.146226 -6.225449
v -0.310806 -0.146226 -6.218960
v -1.512115 -0.228685 -5.967900
v -1.486342 -0.262840 -5.888293
v -1.409936 -0.262840 -5.919890
v -1.329059 -0.262840 -5.939259
v -1.355067 -0.228685 -6.018887
v -1.365903 -0.146226 -6.051848
v -1.446332 -0.146226 -6.032539
v -1.522750 -0.146226 -6.000885
v -2.587682 -0.228685 -5.390888
v -2.538569 -0.262840 -5.323143
v -2.475668 -0.262840 -5.376804
v -2.404734 -0.262840 -5.420216
v -2.454076 -0.228685 -5.487911
v -2.474567 -0.146226 -5.515910
v -2.545092 -0.146226 -5.472692
v -2.607989 -0.146226 -5.418973
v -3.432300 -0.228685 -4.509750
v -3.364656 -0.262840 -4.460497
v -3.321415 -0.262840 -4.530969
v -3.267369 -0.262840 -4.594177
v -3.335215 -0.228685 -4.643311
v -3.363355 -0.146226 -4.663607
v -3.417074 -0.146226 -4.600711
v -3.460292 -0.146226 -4.530185
v -3.963293 -0.228685 -3.410736
v -3.883740 -0.262840 -3.384796
v -3.864393 -0.262840 -3.465182
v -3.832524 -0.262840 -3.541997
v -3.912232 -0.228685 -3.567761
v -3.945267 -0.146226 -3.578368
v -3.976920 -0.146226 -3.501950
v -3.996230 -0.146226 -3.421521
v -4.128683 -0.228685 -2.201426
v -4.045007 -0.262840 -2.201339
v -4.051448 -0.262840 -2.283769
v -4.044876 -0.262840 -2.366673
v -4.128644 -0.228685 -2.366545
v -4.163340 -0.146226 -2.366424
v -4.169830 -0.146226 -2.283965
v -4.163340 -0.146226 -2.201505
v -3.912281 -0.228685 -1.000196
v -3.832675 -0.262840 -1.025970
v -3.864272 -0.262840 -1.102375
v -3.883640 -0.262840 -1.183252
v -3.963269 -0.228685 -1.157245
v -3.996230 -0.146226 -1.146408
v -3.976920 -0.146226 -1.065979
v -3.945267 -0.146226 -0.989561
v -3.335270 -0.228685 0.075371
v -3.267524 -0.262841 0.026258
v -3.321186 -0.262841 -0.036644
v -3.364598 -0.262841 -0.107577
v -3.432293 -0.228685 -0.058236
v -3.460292 -0.146226 -0.037744
v -3.417074 -0.146226 0.032781
v -3.363355 -0.146226 0.095678
v -2.454132 -0.228685 0.919988
v -2.404879 -0.262841 0.852345
v -2.475351 -0.262841 0.809104
v -2.538559 -0.262841 0.755058
v -2.587693 -0.228685 0.822903
v -2.607989 -0.146226 0.851044
v -2.545092 -0.146226 0.904763
v -2.474567 -0.146226 0.947981
v -1.355118 -0.228685 1.450981
v -1.329178 -0.262840 1.371428
v -1.409564 -0.262840 1.352081
v -1.486379 -0.262840 1.320212
v -1.512143 -0.228685 1.399920
v -1.522750 -0.146226 1.432955
v -1.446332 -0.146226 1.464609
v -1.365903 -0.146226 1.483918
v -0.145809 -0.228685 1.616372
v -0.145721 -0.262840 1.532696
v -0.228151 -0.262840 1.539137
v -0.311055 -0.262840 1.532565
v -0.310927 -0.228685 1.616333
v -0.310806 -0.146226 1.651029
v -0.228347 -0.146226 1.657519
v -0.145887 -0.146226 1.651029
v 1.055422 -0.228685 1.399970
v 1.029648 -0.262840 1.320363
v 0.953243 -0.262840 1.351960
v 0.872365 -0.262840 1.371328
v 0.898373 -0.228685 1.450957
v 0.909210 -0.146226 1.483918
v 0.989639 -0.146226 1.464609
v 1.066057 -0.146226 1.432955
v 2.130988 -0.228685 0.822958
v 2.081875 -0.262840 0.755212
v 2.018974 -0.262840 0.808873
v 1.948041 -0.262840 0.852287
v 1.997382 -0.228685 0.919981
v 2.017873 -0.146226 0.947980
v 2.088399 -0.146226 0.904762
v 2.151295 -0.146226 0.851043
v 2.975606 -0.228685 -0.058179
v 2.907963 -0.262840 -0.107433
v 2.864722 -0.262840 -0.036960
v 2.810675 -0.262840 0.026247
v 2.878521 -0.228685 0.075381
v 2.906661 -0.146226 0.095678
v 2.960380 -0.146226 0.032781
v 3.003598 -0.146226 -0.037744
v 3.506599 -0.228685 -1.157193
v 3.427046 -0.262840 -1.183133
v 3.407699 -0.262840 -1.102747
v 3.375830 -0.262840 -1.025932
v 3.455538 -0.228685 -1.000168
v 3.488573 -0.146226 -0.989561
v 3.520227 -0.146226 -1.065979
v 3.539536 -0.146226 -1.146408
v 3.671989 -0.228685 -2.366503
v 3.588314 -0.262840 -2.366590
v 3.594751 -0.262840 -2.284145
v 3.588182 -0.262840 -2.201256
v 3.671950 -0.228685 -2.201385
v 3.706647 -0.146226 -2.201505
v 3.713136 -0.146226 -2.283964
v 3.706647 -0.146226 -2.366424
v 3.937798 -0.390254 -3.637636
v 3.315585 -0.390254 -4.858792
v 2.346467 -0.390254 -5.827906
v 1.125308 -0.390254 -6.450113
v -0.228355 -0.390254 -6.664510
v -1.582018 -0.390254 -6.450108
v -2.803173 -0.390254 -5.827894
v -3.772286 -0.390254 -4.858777
v -4.394495 -0.390254 -3.637619
v -4.608891 -0.390254 -2.283956
v -4.394489 -0.390254 -0.930293
v -3.772276 -0.390254 0.290862
v -2.803159 -0.390254 1.259975
v -1.582001 -0.390254 1.882183
v -0.228338 -0.390254 2.096580
v 1.125325 -0.390254 1.882177
v 2.346480 -0.390254 1.259965
v 3.315593 -0.390254 0.290847
v 3.937800 -0.390254 -0.930311
v 4.152197 -0.390254 -2.283973
v 3.937804 0.390254 -3.637619
v 3.315596 0.390254 -4.858778
v 2.346481 0.390254 -5.827896
v 1.125325 0.390254 -6.450108
v -0.228338 0.390254 -6.664510
v -1.582001 0.390254 -6.450114
v -2.803159 0.390254 -5.827905
v -3.772276 0.390254 -4.858792
v -4.394490 0.390254 -3.637636
v -4.608892 0.390254 -2.283973
v -4.394495 0.390254 -0.930310
v -3.772287 0.390254 0.290848
v -2.803174 0.390254 1.259965
v -1.582018 0.390254 1.882178
v -0.228356 0.390254 2.096580
v 1.125308 0.390254 1.882184
v 2.346466 0.390254 1.259975
v 3.315583 0.390254 0.290863
v 3.937795 0.390254 -0.930293
v 4.152198 0.390254 -2.283955
v -0.228347 -0.424392 -2.283964
v 3.553143 0.390202 -3.512646
v 2.988381 0.390202 -4.621054
v 2.108743 0.390202 -5.500692
v 1.000334 0.390202 -6.065454
v -0.228347 0.390202 -6.260058
v -1.457027 0.390202 -6.065453
v -2.565435 0.390202 -5.500691
v -3.445073 0.390202 -4.621053
v -4.009835 0.390202 -3.512644
v -4.204438 0.390202 -2.283965
v -4.009835 0.390202 -1.055285
v -3.445073 0.390202 0.053124
v -2.565435 0.390202 0.932761
v -1.457026 0.390202 1.497523
v -0.228347 0.390202 1.692127
v 1.000333 0.390202 1.497523
v 2.108741 0.390202 0.932761
v 2.988379 0.390202 0.053123
v 3.553141 0.390202 -1.055285
v 3.747745 0.390202 -2.283965
v 3.487277 -0.228702 -3.491240
v 2.932290 -0.228684 -4.580392
v -0.228352 -0.262840 -2.283981
v 2.067962 -0.228685 -5.444687
v 0.978856 -0.228685 -5.999588
v -0.228420 -0.228685 -6.190779
v -1.435688 -0.228685 -5.999542
v -2.524773 -0.228685 -5.444600
v -3.389067 -0.228685 -4.580272
v -3.943969 -0.228685 -3.491167
v -4.135159 -0.228685 -2.283891
v -3.943924 -0.228685 -1.076624
v -3.388982 -0.228685 0.012461
v -2.524654 -0.228685 0.876756
v -1.435549 -0.228685 1.431657
v -0.228273 -0.228685 1.622848
v 0.978994 -0.228685 1.431612
v 2.068079 -0.228685 0.876669
v 2.932374 -0.228685 0.012343
v 3.487275 -0.228685 -1.076763
v 3.678465 -0.228685 -2.284032
vt 0.504727 0.631332
vt 0.510052 0.665154
vt 0.512174 0.660169
vt 0.514242 0.691408
vt 0.699186 0.631323
vt 0.516880 0.699525
vt 0.484958 0.714334
vt 0.544494 0.753719
vt 0.701818 0.639424
vt 0.549510 0.760624
vt 0.432477 0.765143
vt 0.592519 0.803631
vt 0.706824 0.646314
vt 0.599424 0.808647
vt 0.384035 0.787417
vt 0.653617 0.836259
vt 0.713715 0.651320
vt 0.661734 0.838896
vt 0.345226 0.793690
vt 0.721807 0.848410
vt 0.721815 0.653952
vt 0.730341 0.848410
vt 0.317380 0.787536
vt 0.790414 0.838895
vt 0.730332 0.653952
vt 0.798531 0.836258
vt 0.300279 0.771871
vt 0.852724 0.808645
vt 0.738432 0.651320
vt 0.859629 0.803629
vt 0.293179 0.749448
vt 0.902637 0.760621
vt 0.745322 0.646314
vt 0.907653 0.753716
vt 0.295015 0.722815
vt 0.935267 0.699522
vt 0.750329 0.639423
vt 0.937904 0.691405
vt 0.304516 0.694235
vt 0.947419 0.631330
vt 0.752961 0.631323
vt 0.947419 0.622796
vt 0.320361 0.665601
vt 0.937904 0.562721
vt 0.752961 0.622806
vt 0.935267 0.554604
vt 0.341271 0.638455
vt 0.907653 0.500410
vt 0.750329 0.614705
vt 0.902637 0.493506
vt 0.366029 0.614110
vt 0.859628 0.450498
vt 0.745322 0.607815
vt 0.852724 0.445482
vt 0.393436 0.593760
vt 0.798530 0.417869
vt 0.738432 0.602809
vt 0.790413 0.415232
vt 0.422157 0.578628
vt 0.730340 0.405718
vt 0.730332 0.600177
vt 0.721806 0.405718
vt 0.450618 0.570001
vt 0.661732 0.415232
vt 0.721815 0.600177
vt 0.653615 0.417870
vt 0.476879 0.569200
vt 0.599421 0.445482
vt 0.713714 0.602809
vt 0.592517 0.450499
vt 0.498632 0.577479
vt 0.549508 0.493508
vt 0.706824 0.607815
vt 0.544492 0.500412
vt 0.513301 0.595868
vt 0.699185 0.622806
vt 0.516878 0.554607
vt 0.701817 0.614706
vt 0.518107 0.625057
vt 0.504217 0.623565
vt 0.487814 0.649031
vt 0.491984 0.657239
vt 0.470613 0.691631
vt 0.465943 0.697112
vt 0.421374 0.741688
vt 0.415261 0.746123
vt 0.380874 0.767500
vt 0.376127 0.769346
vt 0.347436 0.779466
vt 0.343737 0.779800
vt 0.323368 0.779167
vt 0.320896 0.778185
vt 0.308848 0.768877
vt 0.307559 0.766887
vt 0.303283 0.751147
vt 0.303075 0.748457
vt 0.305724 0.728432
vt 0.306461 0.725327
vt 0.315054 0.702984
vt 0.316589 0.699714
vt 0.330103 0.676720
vt 0.332286 0.673493
vt 0.349705 0.651239
vt 0.352395 0.648230
vt 0.372747 0.627879
vt 0.375804 0.625239
vt 0.398049 0.607811
vt 0.401323 0.605685
vt 0.424315 0.592167
vt 0.427633 0.590701
vt 0.449978 0.582106
vt 0.453130 0.581449
vt 0.473150 0.578795
vt 0.475881 0.579095
vt 0.491628 0.583371
vt 0.493647 0.584759
vt 0.502955 0.596804
vt 0.503948 0.599380
vt 0.504586 0.619750
vt 0.498884 0.622128
vt 0.494170 0.620864
vt 0.475906 0.641778
vt 0.478927 0.649546
vt 0.454917 0.680479
vt 0.449947 0.685881
vt 0.410227 0.725600
vt 0.404943 0.730065
vt 0.374009 0.754074
vt 0.369731 0.756721
vt 0.345178 0.769452
vt 0.341980 0.770477
vt 0.325042 0.772596
vt 0.322986 0.772202
vt 0.313573 0.765576
vt 0.312614 0.764056
vt 0.310167 0.750821
vt 0.310203 0.748486
vt 0.313958 0.730713
vt 0.314865 0.727857
vt 0.323906 0.707451
vt 0.325545 0.704337
vt 0.338956 0.682965
vt 0.341188 0.679817
vt 0.358061 0.658848
vt 0.360752 0.655853
vt 0.380153 0.636447
vt 0.383159 0.633763
vt 0.404128 0.616894
vt 0.407298 0.614664
vt 0.428669 0.601252
vt 0.431816 0.599616
vt 0.452220 0.590573
vt 0.455122 0.589668
vt 0.472901 0.585916
vt 0.475297 0.585880
vt 0.488529 0.588327
vt 0.490121 0.589284
vt 0.496748 0.598700
vt 0.497227 0.600748
vt 0.495109 0.617684
vt 0.489652 0.619034
vt 0.482433 0.614705
vt 0.462171 0.636504
vt 0.433534 0.662372
vt 0.509503 0.387321
vt 0.428266 0.667336
vt 0.391604 0.703997
vt 0.347802 0.334776
vt 0.480346 0.441608
vt 0.520458 0.326680
vt 0.342796 0.341667
vt 0.442737 0.479209
vt 0.335906 0.346673
vt 0.327805 0.349305
vt 0.319288 0.349305
vt 0.311188 0.346673
vt 0.304297 0.341667
vt 0.299291 0.334776
vt 0.296659 0.326676
vt 0.296659 0.318159
vt 0.299291 0.310059
vt 0.304297 0.303168
vt 0.311188 0.298162
vt 0.319288 0.295530
vt 0.327805 0.295530
vt 0.335906 0.298162
vt 0.342796 0.303168
vt 0.347802 0.310059
vt 0.388452 0.508366
vt 0.386404 0.708766
vt 0.360540 0.737402
vt 0.327814 0.519322
vt 0.356728 0.740718
vt 0.338631 0.757695
vt 0.266758 0.511004
vt 0.336018 0.759273
vt 0.324772 0.765437
vt 0.211261 0.484225
vt 0.323260 0.765487
vt 0.318349 0.762681
vt 0.166755 0.441607
vt 0.317848 0.761511
vt 0.318690 0.751771
vt 0.137598 0.387323
vt 0.319097 0.749699
vt 0.324980 0.735004
vt 0.126642 0.326684
vt 0.326170 0.732330
vt 0.336295 0.714548
vt 0.134961 0.265629
vt 0.338137 0.711549
vt 0.351741 0.692331
vt 0.161739 0.210132
vt 0.354108 0.689241
vt 0.370429 0.669948
vt 0.204357 0.165626
vt 0.373191 0.666963
vt 0.391441 0.648712
vt 0.258642 0.136468
vt 0.394466 0.645993
vt 0.413756 0.629672
vt 0.319280 0.125513
vt 0.416882 0.627360
vt 0.436099 0.613756
vt 0.380335 0.133831
vt 0.439134 0.611979
vt 0.456917 0.601855
vt 0.435832 0.160610
vt 0.459627 0.600742
vt 0.474322 0.594860
vt 0.480338 0.203228
vt 0.476428 0.594537
vt 0.486169 0.593697
vt 0.509496 0.257512
vt 0.487369 0.594286
vt 0.490175 0.599198
vt 0.520451 0.318150
vt 0.490148 0.600796
vt 0.483986 0.612042
vt 0.489630 0.708852
vt 0.438589 0.760709
vt 0.388783 0.785572
vt 0.348924 0.793357
vt 0.319852 0.788518
vt 0.301568 0.773861
vt 0.293387 0.752139
vt 0.294278 0.725920
vt 0.302981 0.697505
vt 0.318177 0.668829
vt 0.338581 0.641464
vt 0.362971 0.616749
vt 0.390162 0.595886
vt 0.418839 0.580094
vt 0.447466 0.570656
vt 0.474149 0.568899
vt 0.496612 0.576091
vt 0.512309 0.593292
vt 0.518476 0.621241
vt 0.494106 0.652255
vt 0.504726 0.622798
vt 0.514241 0.562724
vt 0.485354 0.434703
vt 0.435840 0.484228
vt 0.380341 0.511009
vt 0.319284 0.519329
vt 0.258643 0.508374
vt 0.204356 0.479217
vt 0.161736 0.434710
vt 0.134955 0.379212
vt 0.126635 0.318155
vt 0.137590 0.257514
vt 0.166748 0.203227
vt 0.211254 0.160607
vt 0.266752 0.133826
vt 0.327810 0.125506
vt 0.388450 0.136461
vt 0.442737 0.165618
vt 0.485357 0.210125
vt 0.512138 0.265623
vt 0.350434 0.318159
vt 0.512138 0.379212
vt 0.350434 0.326676
vt 0.485297 0.653170
vt 0.463285 0.685696
vt 0.458305 0.691109
vt 0.415455 0.733958
vt 0.410160 0.738432
vt 0.377634 0.760443
vt 0.373348 0.763095
vt 0.346442 0.774166
vt 0.343237 0.775194
vt 0.324302 0.775647
vt 0.322242 0.775252
vt 0.311266 0.767056
vt 0.310305 0.765533
vt 0.306749 0.750871
vt 0.306785 0.748531
vt 0.309833 0.729508
vt 0.310742 0.726646
vt 0.319448 0.705194
vt 0.321090 0.702073
vt 0.334479 0.679848
vt 0.336716 0.676694
vt 0.353816 0.655075
vt 0.356512 0.652073
vt 0.376375 0.632212
vt 0.379388 0.629523
vt 0.401004 0.612420
vt 0.404180 0.610186
vt 0.426405 0.596797
vt 0.429558 0.595158
vt 0.451013 0.586452
vt 0.453921 0.585545
vt 0.472943 0.582496
vt 0.475343 0.582459
vt 0.490009 0.586019
vt 0.491604 0.586978
vt 0.499798 0.597955
vt 0.500278 0.600006
vt 0.499824 0.618942
vt 0.481438 0.645415
vt 0.472617 0.645491
vt 0.447515 0.675002
vt 0.442242 0.679971
vt 0.404238 0.717974
vt 0.399033 0.722747
vt 0.369521 0.747849
vt 0.365705 0.751168
vt 0.342961 0.764913
vt 0.340346 0.766494
vt 0.324942 0.769679
vt 0.323428 0.769729
vt 0.315194 0.764174
vt 0.314693 0.763003
vt 0.313065 0.750796
vt 0.313473 0.748721
vt 0.317714 0.731896
vt 0.318905 0.729219
vt 0.328134 0.709654
vt 0.329978 0.706651
vt 0.343324 0.686001
vt 0.345694 0.682907
vt 0.362296 0.662528
vt 0.365061 0.659540
vt 0.384016 0.640578
vt 0.387043 0.637857
vt 0.407424 0.621260
vt 0.410553 0.618946
vt 0.431202 0.605599
vt 0.434240 0.603820
vt 0.453804 0.594589
vt 0.456516 0.593474
vt 0.473349 0.589236
vt 0.475457 0.588913
vt 0.487659 0.590541
vt 0.488860 0.591130
vt 0.494418 0.599368
vt 0.494391 0.600967
vt 0.491207 0.616369
vt 0.465457 0.632800
vt 0.504473 0.627065
vt 0.513473 0.666656
vt 0.498615 0.631325
vt 0.511114 0.662660
vt 0.498615 0.622808
vt 0.515246 0.661128
vt 0.515320 0.695545
vt 0.488557 0.717599
vt 0.511065 0.701406
vt 0.487296 0.711593
vt 0.508433 0.693306
vt 0.493152 0.711331
vt 0.546797 0.757320
vt 0.435734 0.768747
vt 0.544562 0.764209
vt 0.435535 0.762927
vt 0.539555 0.757319
vt 0.442002 0.764153
vt 0.595823 0.806344
vt 0.385531 0.790840
vt 0.595826 0.813587
vt 0.386410 0.786496
vt 0.588935 0.808581
vt 0.391059 0.789067
vt 0.657597 0.837819
vt 0.345506 0.796320
vt 0.659838 0.844706
vt 0.347076 0.793524
vt 0.651738 0.842074
vt 0.349744 0.796332
vt 0.726074 0.848663
vt 0.316713 0.789306
vt 0.730333 0.854521
vt 0.318616 0.788028
vt 0.721817 0.854521
vt 0.319606 0.790666
vt 0.794550 0.837818
vt 0.298899 0.772813
vt 0.800411 0.842073
vt 0.300923 0.772867
vt 0.792312 0.844705
vt 0.300505 0.775169
vt 0.856325 0.806342
vt 0.291305 0.749634
vt 0.863214 0.808578
vt 0.293282 0.750794
vt 0.856324 0.813584
vt 0.291733 0.752661
vt 0.905350 0.757318
vt 0.292848 0.722337
vt 0.912593 0.757315
vt 0.294646 0.724368
vt 0.907587 0.764205
vt 0.292241 0.725739
vt 0.936827 0.695542
vt 0.302231 0.693196
vt 0.943714 0.693301
vt 0.303748 0.695871
vt 0.941082 0.701402
vt 0.300748 0.696718
vt 0.947673 0.627063
vt 0.318103 0.664105
vt 0.953531 0.622804
vt 0.319268 0.667215
vt 0.953531 0.631321
vt 0.315906 0.667540
vt 0.936826 0.558585
vt 0.339166 0.636602
vt 0.941081 0.552724
vt 0.339925 0.639959
vt 0.943713 0.560823
vt 0.336407 0.639774
vt 0.905350 0.496809
vt 0.364179 0.612001
vt 0.907585 0.489921
vt 0.364499 0.615429
vt 0.912591 0.496811
vt 0.361007 0.614759
vt 0.856325 0.447785
vt 0.391944 0.591501
vt 0.856322 0.440543
vt 0.391798 0.594822
vt 0.863212 0.445549
vt 0.388510 0.593698
vt 0.794550 0.416310
vt 0.421122 0.576341
vt 0.792309 0.409423
vt 0.420497 0.579360
vt 0.800409 0.412054
vt 0.417599 0.577823
vt 0.726073 0.405464
vt 0.450143 0.567832
vt 0.721814 0.399607
vt 0.449041 0.570328
vt 0.730330 0.399606
vt 0.446741 0.568439
vt 0.657594 0.416310
vt 0.477069 0.567326
vt 0.651734 0.412055
vt 0.475514 0.569048
vt 0.659834 0.409423
vt 0.474043 0.566898
vt 0.595820 0.447786
vt 0.499577 0.576101
vt 0.588931 0.445550
vt 0.497622 0.576784
vt 0.595821 0.440544
vt 0.497222 0.574495
vt 0.546795 0.496811
vt 0.515073 0.595205
vt 0.539552 0.496814
vt 0.512805 0.594579
vt 0.544558 0.489923
vt 0.513714 0.592312
vt 0.515319 0.558587
vt 0.520738 0.625342
vt 0.508431 0.560828
vt 0.518293 0.623148
vt 0.511063 0.552728
vt 0.520727 0.621104
vt 0.486452 0.651030
vt 0.490424 0.650609
vt 0.493044 0.654747
vt 0.488210 0.654774
vt 0.460668 0.688300
vt 0.466600 0.688192
vt 0.468277 0.694371
vt 0.462082 0.693432
vt 0.412705 0.736075
vt 0.417819 0.737699
vt 0.418316 0.743906
vt 0.412548 0.742106
vt 0.375421 0.761678
vt 0.379134 0.763718
vt 0.378499 0.768423
vt 0.374958 0.765932
vt 0.344810 0.774615
vt 0.347005 0.776574
vt 0.345586 0.779633
vt 0.343780 0.777305
vt 0.323277 0.775410
vt 0.323999 0.777217
vt 0.322132 0.778676
vt 0.321884 0.776629
vt 0.310819 0.766278
vt 0.310287 0.767834
vt 0.308203 0.767882
vt 0.309245 0.766214
vt 0.306820 0.749706
vt 0.305289 0.750933
vt 0.303180 0.749802
vt 0.305225 0.748577
vt 0.310354 0.728101
vt 0.308074 0.728948
vt 0.306093 0.726880
vt 0.308866 0.726133
vt 0.320343 0.703673
vt 0.317552 0.704117
vt 0.315822 0.701349
vt 0.319066 0.701089
vt 0.335673 0.678323
vt 0.332584 0.678356
vt 0.331195 0.675106
vt 0.334684 0.675324
vt 0.355236 0.653636
vt 0.352032 0.653269
vt 0.351051 0.649735
vt 0.354585 0.650406
vt 0.377947 0.630936
vt 0.374801 0.630191
vt 0.374276 0.626559
vt 0.377672 0.627645
vt 0.402647 0.611374
vt 0.399721 0.610289
vt 0.399687 0.606748
vt 0.402762 0.608196
vt 0.428023 0.596048
vt 0.425493 0.594676
vt 0.425974 0.591435
vt 0.428532 0.593170
vt 0.452491 0.586062
vt 0.450550 0.584484
vt 0.451554 0.581778
vt 0.453378 0.583700
vt 0.474147 0.582528
vt 0.473002 0.580848
vt 0.474516 0.578945
vt 0.475373 0.580920
vt 0.490787 0.586528
vt 0.490660 0.584878
vt 0.492637 0.584065
vt 0.492294 0.585928
vt 0.499992 0.598982
vt 0.501089 0.597525
vt 0.503452 0.598092
vt 0.501690 0.599646
vt 0.499281 0.620502
vt 0.501781 0.619428
vt 0.504401 0.621657
vt 0.501060 0.622658
vt 0.703444 0.619711
vt 0.706823 0.613079
vt 0.712088 0.607814
vt 0.718720 0.604436
vt 0.726073 0.603270
vt 0.733426 0.604435
vt 0.740059 0.607814
vt 0.745323 0.613078
vt 0.748702 0.619711
vt 0.749867 0.627064
vt 0.748703 0.634417
vt 0.745323 0.641050
vt 0.740059 0.646314
vt 0.733426 0.649694
vt 0.726073 0.650859
vt 0.718721 0.649694
vt 0.712088 0.646314
vt 0.706823 0.641050
vt 0.703444 0.634418
vt 0.702279 0.627064
vt 0.474263 0.643635
vt 0.478625 0.643766
vt 0.480446 0.647620
vt 0.475709 0.647945
vt 0.444881 0.677487
vt 0.451219 0.678089
vt 0.452785 0.683381
vt 0.446239 0.683460
vt 0.401637 0.720363
vt 0.407846 0.721852
vt 0.407786 0.728191
vt 0.402478 0.726713
vt 0.367614 0.749511
vt 0.372332 0.751204
vt 0.372010 0.755671
vt 0.368121 0.754144
vt 0.341654 0.765705
vt 0.344560 0.767335
vt 0.343623 0.770169
vt 0.341456 0.768570
vt 0.324185 0.769705
vt 0.325330 0.771232
vt 0.323978 0.772533
vt 0.323381 0.770966
vt 0.314943 0.763589
vt 0.314573 0.764921
vt 0.312995 0.764884
vt 0.313725 0.763461
vt 0.313268 0.749759
vt 0.311676 0.750811
vt 0.310043 0.749661
vt 0.311826 0.748480
vt 0.318309 0.730557
vt 0.315792 0.731266
vt 0.314241 0.729239
vt 0.316811 0.728371
vt 0.329055 0.708152
vt 0.325897 0.708478
vt 0.324543 0.705803
vt 0.327646 0.705294
vt 0.344508 0.684454
vt 0.340961 0.684378
vt 0.339890 0.681264
vt 0.343302 0.681140
vt 0.363677 0.661033
vt 0.359965 0.660556
vt 0.359234 0.657195
vt 0.362758 0.657460
vt 0.385528 0.639217
vt 0.381851 0.638361
vt 0.381503 0.634930
vt 0.384951 0.635572
vt 0.408988 0.620102
vt 0.405537 0.618914
vt 0.405588 0.615593
vt 0.408781 0.616577
vt 0.432720 0.604708
vt 0.429696 0.603261
vt 0.430153 0.600249
vt 0.432888 0.601516
vt 0.455160 0.594030
vt 0.452778 0.592429
vt 0.453626 0.589947
vt 0.455684 0.591415
vt 0.474403 0.589073
vt 0.472905 0.587453
vt 0.474105 0.585752
vt 0.475248 0.587309
vt 0.488260 0.590835
vt 0.487894 0.589357
vt 0.489390 0.588703
vt 0.489368 0.590211
vt 0.494405 0.600167
vt 0.495416 0.599023
vt 0.497117 0.599684
vt 0.495697 0.600976
vt 0.490431 0.617702
vt 0.493036 0.617100
vt 0.494837 0.619315
vt 0.491817 0.620204
vt 0.462775 0.630490
vt 0.517943 0.381099
vt 0.463813 0.634651
vt 0.515310 0.389203
vt 0.459123 0.633830
vt 0.511051 0.383342
vt 0.485288 0.445192
vt 0.424810 0.663955
vt 0.483039 0.438307
vt 0.429949 0.659121
vt 0.490297 0.438294
vt 0.430899 0.664852
vt 0.347341 0.322417
vt 0.346176 0.329770
vt 0.342796 0.336403
vt 0.337532 0.341667
vt 0.330900 0.345047
vt 0.323547 0.346211
vt 0.316194 0.345047
vt 0.309560 0.341667
vt 0.304296 0.336403
vt 0.300917 0.329770
vt 0.299752 0.322417
vt 0.300917 0.315065
vt 0.304297 0.308432
vt 0.309561 0.303167
vt 0.316194 0.299788
vt 0.323546 0.298623
vt 0.330899 0.299787
vt 0.337532 0.303168
vt 0.342797 0.308432
vt 0.346176 0.315065
vt 0.439432 0.489164
vt 0.383531 0.705537
vt 0.439421 0.481922
vt 0.388368 0.700397
vt 0.446328 0.484151
vt 0.389003 0.706381
vt 0.382233 0.516813
vt 0.354896 0.738365
vt 0.384460 0.509922
vt 0.358239 0.734710
vt 0.390340 0.514177
vt 0.358633 0.739060
vt 0.319289 0.525434
vt 0.335331 0.757724
vt 0.323537 0.519568
vt 0.337523 0.755835
vt 0.327814 0.525432
vt 0.337324 0.758484
vt 0.256762 0.514181
vt 0.323556 0.764679
vt 0.262614 0.509916
vt 0.324731 0.764345
vt 0.264871 0.516814
vt 0.324016 0.765462
vt 0.200772 0.484158
vt 0.318912 0.761380
vt 0.207656 0.481910
vt 0.319161 0.762299
vt 0.207670 0.489168
vt 0.318099 0.762097
vt 0.156800 0.438303
vt 0.320711 0.750167
vt 0.164042 0.438292
vt 0.320135 0.752024
vt 0.161813 0.445199
vt 0.318894 0.750735
vt 0.129151 0.381103
vt 0.328129 0.733311
vt 0.136042 0.383331
vt 0.326845 0.735806
vt 0.131787 0.389211
vt 0.325576 0.733667
vt 0.120531 0.318160
vt 0.340261 0.712952
vt 0.126396 0.322407
vt 0.338389 0.715811
vt 0.120532 0.326685
vt 0.337217 0.713049
vt 0.131783 0.255632
vt 0.356242 0.690978
vt 0.136048 0.261485
vt 0.353900 0.693963
vt 0.129150 0.263741
vt 0.352925 0.690787
vt 0.161806 0.199643
vt 0.375209 0.668941
vt 0.164054 0.206527
vt 0.372514 0.671859
vt 0.156796 0.206541
vt 0.371810 0.668456
vt 0.207662 0.155671
vt 0.396262 0.648111
vt 0.207673 0.162913
vt 0.393344 0.650806
vt 0.200765 0.160684
vt 0.392954 0.647353
vt 0.264861 0.128022
vt 0.418363 0.629494
vt 0.262633 0.134913
vt 0.415378 0.631837
vt 0.256753 0.130658
vt 0.415320 0.628516
vt 0.327805 0.119401
vt 0.440211 0.613984
vt 0.323557 0.125267
vt 0.437352 0.615856
vt 0.319279 0.119403
vt 0.437617 0.612868
vt 0.390332 0.130653
vt 0.460208 0.602440
vt 0.384479 0.134919
vt 0.457712 0.603725
vt 0.382223 0.128020
vt 0.458272 0.601299
vt 0.446321 0.160677
vt 0.476426 0.595730
vt 0.439437 0.162925
vt 0.474568 0.596306
vt 0.439423 0.155667
vt 0.475375 0.594698
vt 0.490293 0.206532
vt 0.486704 0.594757
vt 0.483051 0.206543
vt 0.485784 0.594508
vt 0.485280 0.199636
vt 0.486769 0.593991
vt 0.517942 0.263731
vt 0.488753 0.600328
vt 0.511052 0.261504
vt 0.489084 0.599153
vt 0.515306 0.255624
vt 0.490161 0.599997
vt 0.526563 0.326676
vt 0.480246 0.613118
vt 0.520697 0.322427
vt 0.482132 0.610927
vt 0.526561 0.318150
vt 0.483209 0.613372
vt 0.514869 0.663586
vt 0.497941 0.627065
vt 0.491756 0.714400
vt 0.509107 0.697564
vt 0.438804 0.767351
vt 0.541512 0.761160
vt 0.387990 0.790463
vt 0.591983 0.811629
vt 0.347286 0.796709
vt 0.655579 0.844031
vt 0.317827 0.790277
vt 0.726074 0.855196
vt 0.299392 0.774198
vt 0.796569 0.844030
vt 0.291240 0.751276
vt 0.860165 0.811627
vt 0.292305 0.724097
vt 0.910635 0.761157
vt 0.301291 0.694959
vt 0.943039 0.697561
vt 0.316846 0.665777
vt 0.954205 0.627063
vt 0.337665 0.638103
vt 0.943039 0.556566
vt 0.362507 0.613258
vt 0.910634 0.492970
vt 0.390181 0.592440
vt 0.860164 0.442501
vt 0.419362 0.576884
vt 0.796569 0.410097
vt 0.448501 0.567896
vt 0.726073 0.398932
vt 0.475685 0.566833
vt 0.655577 0.410097
vt 0.498606 0.574987
vt 0.591981 0.442501
vt 0.514685 0.593425
vt 0.541510 0.492971
vt 0.521115 0.622883
vt 0.509106 0.556568
vt 0.489959 0.652679
vt 0.465537 0.690661
vt 0.415067 0.741131
vt 0.377084 0.765551
vt 0.345231 0.777560
vt 0.322672 0.777385
vt 0.309427 0.767326
vt 0.304884 0.749907
vt 0.308086 0.727559
vt 0.317935 0.702509
vt 0.333288 0.676654
vt 0.353002 0.651578
vt 0.375985 0.628600
vt 0.401057 0.608879
vt 0.426912 0.593528
vt 0.451967 0.583680
vt 0.474310 0.580476
vt 0.491735 0.585025
vt 0.501791 0.598269
vt 0.501965 0.620829
vt 0.726073 0.627064
vt 0.477225 0.645447
vt 0.448828 0.680229
vt 0.404635 0.724421
vt 0.369851 0.752819
vt 0.342715 0.768137
vt 0.324157 0.771288
vt 0.314039 0.764371
vt 0.311714 0.749813
vt 0.316325 0.729972
vt 0.326839 0.707025
vt 0.342227 0.682887
vt 0.361478 0.659123
vt 0.383526 0.637067
vt 0.407292 0.617823
vt 0.431429 0.602433
vt 0.454373 0.591917
vt 0.474223 0.587310
vt 0.488775 0.589634
vt 0.495696 0.599756
vt 0.492546 0.618312
vt 0.461407 0.631851
vt 0.517268 0.385361
vt 0.488336 0.442144
vt 0.427662 0.661104
vt 0.323547 0.322417
vt 0.443273 0.487206
vt 0.385510 0.703255
vt 0.386491 0.516139
vt 0.356256 0.736998
vt 0.323547 0.526108
vt 0.336161 0.757205
vt 0.260603 0.516139
vt 0.323900 0.764865
vt 0.203820 0.487206
vt 0.318816 0.762112
vt 0.158758 0.442144
vt 0.320231 0.751290
vt 0.129825 0.385361
vt 0.327326 0.734680
vt 0.119856 0.322417
vt 0.339193 0.714438
vt 0.129825 0.259474
vt 0.354969 0.692474
vt 0.158758 0.202691
vt 0.373790 0.670360
vt 0.203820 0.157628
vt 0.394767 0.649384
vt 0.260603 0.128696
vt 0.416877 0.630561
vt 0.323547 0.118727
vt 0.438841 0.614786
vt 0.386490 0.128696
vt 0.459085 0.602920
vt 0.443273 0.157628
vt 0.475694 0.595825
vt 0.488336 0.202691
vt 0.486518 0.594413
vt 0.517268 0.259474
vt 0.489271 0.599498
vt 0.527237 0.322417
vt 0.481613 0.611759
vn 0.016445 -0.999830 -0.008277
vn 0.008883 -0.999956 -0.002889
vn 0.000000 -1.000000 -0.000000
vn 0.000000 -1.000000 0.000000
vn 0.018170 -0.999831 -0.002970
vn 0.000000 -1.000000 -0.000000
vn 0.892216 -0.048622 -0.448984
vn 0.824785 -0.384000 -0.415059
vn 0.820597 -0.384011 -0.423268
vn 0.887675 -0.048775 -0.457880
vn 0.340592 -0.924479 -0.171280
vn 0.016363 -0.999830 -0.008439
vn 0.338754 -0.924484 -0.174855
vn 0.985722 -0.048775 -0.161161
vn 0.949964 -0.049581 -0.308399
vn 0.949810 0.049583 -0.308874
vn 0.985725 0.048619 -0.161194
vn 0.892195 0.048772 -0.449009
vn 0.376207 -0.924485 -0.061615
vn 0.376850 -0.924479 -0.057647
vn 0.018198 -0.999831 -0.002790
vn 0.911232 -0.384009 -0.148972
vn 0.987292 -0.048622 -0.151297
vn 0.912678 -0.383999 -0.139870
vn 0.013083 -0.999830 -0.012954
vn 0.007555 -0.999956 -0.005493
vn 0.000000 -1.000000 0.000000
vn 0.000000 -1.000000 0.000000
vn 0.709804 -0.048621 -0.702719
vn 0.656158 -0.383996 -0.649618
vn 0.649638 -0.384007 -0.656132
vn 0.702736 -0.048775 -0.709777
vn 0.270993 -0.924479 -0.268145
vn 0.012955 -0.999830 -0.013083
vn 0.268140 -0.924485 -0.270977
vn 0.808168 -0.049581 -0.586861
vn 0.807875 0.049584 -0.587264
vn 0.887667 0.048619 -0.457912
vn 0.709777 0.048771 -0.702736
vn 0.008440 -0.999831 -0.016362
vn 0.005488 -0.999956 -0.007559
vn 0.000000 -1.000000 0.000000
vn 0.000000 -1.000000 0.000000
vn 0.457911 -0.048622 -0.887667
vn 0.423300 -0.383998 -0.820587
vn 0.415086 -0.384009 -0.824767
vn 0.449009 -0.048776 -0.892195
vn 0.174868 -0.924479 -0.338762
vn 0.008278 -0.999830 -0.016446
vn 0.171280 -0.924485 -0.340575
vn 0.587265 -0.049580 -0.807875
vn 0.586862 0.049584 -0.808167
vn 0.702719 0.048618 -0.709804
vn 0.457880 0.048772 -0.887675
vn 0.002970 -0.999830 -0.018170
vn 0.002884 -0.999956 -0.008884
vn 0.000000 -1.000000 0.000000
vn 0.000000 -1.000000 -0.000000
vn 0.161196 -0.048622 -0.985724
vn 0.149007 -0.383999 -0.911231
vn 0.139904 -0.384010 -0.912668
vn 0.151330 -0.048775 -0.987279
vn 0.061627 -0.924479 -0.376220
vn 0.002791 -0.999831 -0.018199
vn 0.057654 -0.924484 -0.376835
vn 0.308875 -0.049581 -0.949809
vn 0.308401 0.049583 -0.949963
vn 0.448984 0.048618 -0.892216
vn 0.161163 0.048771 -0.985722
vn -0.002790 -0.999831 -0.018198
vn -0.000003 -0.999956 -0.009341
vn 0.000000 -1.000000 0.000000
vn 0.000000 -1.000000 -0.000000
vn -0.151300 -0.048622 -0.987291
vn -0.139872 -0.383998 -0.912678
vn -0.148974 -0.384009 -0.911232
vn -0.161163 -0.048776 -0.985722
vn -0.057648 -0.924479 -0.376851
vn -0.002970 -0.999831 -0.018170
vn -0.061616 -0.924484 -0.376208
vn 0.000250 -0.049581 -0.998770
vn -0.000250 0.049584 -0.998770
vn 0.151300 0.048618 -0.987292
vn -0.151330 0.048771 -0.987279
vn -0.008277 -0.999831 -0.016445
vn -0.002889 -0.999956 -0.008883
vn 0.000000 -1.000000 0.000000
vn 0.000000 -1.000000 0.000000
vn -0.448985 -0.048622 -0.892215
vn -0.415060 -0.383996 -0.824786
vn -0.423269 -0.384007 -0.820598
vn -0.457880 -0.048775 -0.887675
vn -0.171279 -0.924479 -0.340590
vn -0.008439 -0.999831 -0.016363
vn -0.174854 -0.924485 -0.338753
vn -0.308401 -0.049580 -0.949963
vn -0.308875 0.049584 -0.949809
vn -0.161196 0.048618 -0.985724
vn -0.449010 0.048771 -0.892195
vn -0.012954 -0.999830 -0.013083
vn -0.005493 -0.999956 -0.007555
vn 0.000000 -1.000000 0.000000
vn 0.000000 -1.000000 0.000000
vn -0.702719 -0.048623 -0.709804
vn -0.649617 -0.383999 -0.656157
vn -0.656131 -0.384009 -0.649638
vn -0.709776 -0.048776 -0.702736
vn -0.268145 -0.924479 -0.270993
vn -0.013083 -0.999831 -0.012955
vn -0.270977 -0.924485 -0.268141
vn -0.586861 -0.049581 -0.808169
vn -0.587264 0.049583 -0.807875
vn -0.457912 0.048618 -0.887667
vn -0.702737 0.048771 -0.709776
vn -0.016362 -0.999831 -0.008440
vn -0.007558 -0.999956 -0.005488
vn 0.000000 -1.000000 -0.000000
vn 0.000000 -1.000000 -0.000000
vn -0.887667 -0.048622 -0.457912
vn -0.820587 -0.383996 -0.423301
vn -0.824768 -0.384007 -0.415087
vn -0.892195 -0.048775 -0.449009
vn -0.338761 -0.924479 -0.174868
vn -0.016446 -0.999831 -0.008278
vn -0.340574 -0.924485 -0.171280
vn -0.807875 -0.049581 -0.587265
vn -0.808168 0.049584 -0.586861
vn -0.709804 0.048618 -0.702719
vn -0.887675 0.048772 -0.457880
vn -0.018170 -0.999830 -0.002970
vn -0.008884 -0.999956 -0.002884
vn 0.000000 -1.000000 0.000000
vn 0.000000 -1.000000 0.000000
vn -0.985724 -0.048622 -0.161196
vn -0.911231 -0.383999 -0.149007
vn -0.912669 -0.384009 -0.139904
vn -0.987279 -0.048775 -0.151329
vn -0.376220 -0.924479 -0.061627
vn -0.018199 -0.999831 -0.002791
vn -0.376835 -0.924484 -0.057654
vn -0.949810 -0.049580 -0.308873
vn -0.949964 0.049583 -0.308399
vn -0.892216 0.048619 -0.448984
vn -0.985722 0.048772 -0.161163
vn -0.018198 -0.999831 0.002790
vn -0.009341 -0.999956 0.000003
vn 0.000000 -1.000000 0.000000
vn 0.000000 -1.000000 0.000000
vn -0.987291 -0.048623 0.151299
vn -0.912676 -0.384003 0.139871
vn -0.911230 -0.384013 0.148973
vn -0.985722 -0.048776 0.161163
vn -0.376854 -0.924477 0.057649
vn -0.018170 -0.999831 0.002970
vn -0.376211 -0.924483 0.061617
vn -0.998770 -0.049581 -0.000249
vn -0.998770 0.049584 0.000249
vn -0.987292 0.048619 -0.151299
vn -0.987279 0.048772 0.151329
vn -0.016445 -0.999830 0.008277
vn -0.008883 -0.999956 0.002889
vn 0.000000 -1.000000 0.000000
vn 0.000000 -1.000000 0.000000
vn -0.892216 -0.048622 0.448984
vn -0.824786 -0.383998 0.415059
vn -0.820598 -0.384009 0.423269
vn -0.887675 -0.048776 0.457880
vn -0.340591 -0.924479 0.171279
vn -0.016363 -0.999831 0.008439
vn -0.338753 -0.924485 0.174855
vn -0.949964 -0.049580 0.308399
vn -0.949810 0.049583 0.308873
vn -0.985724 0.048619 0.161196
vn -0.892195 0.048771 0.449009
vn -0.013083 -0.999830 0.012954
vn -0.007555 -0.999956 0.005493
vn 0.000000 -1.000000 0.000000
vn 0.000000 -1.000000 0.000000
vn -0.709804 -0.048622 0.702719
vn -0.656158 -0.383997 0.649618
vn -0.649638 -0.384007 0.656132
vn -0.702736 -0.048775 0.709776
vn -0.270993 -0.924479 0.268145
vn -0.012955 -0.999831 0.013083
vn -0.268141 -0.924484 0.270978
vn -0.808168 -0.049581 0.586861
vn -0.807875 0.049583 0.587265
vn -0.887667 0.048618 0.457912
vn -0.709777 0.048771 0.702736
vn -0.008440 -0.999831 0.016362
vn -0.005488 -0.999956 0.007559
vn 0.000000 -1.000000 0.000000
vn 0.000000 -1.000000 -0.000000
vn -0.457911 -0.048622 0.887667
vn -0.423299 -0.384001 0.820586
vn -0.415086 -0.384012 0.824766
vn -0.449009 -0.048775 0.892195
vn -0.174869 -0.924479 0.338763
vn -0.008278 -0.999831 0.016446
vn -0.171281 -0.924484 0.340575
vn -0.587264 -0.049581 0.807875
vn -0.586860 0.049584 0.808169
vn -0.702719 0.048618 0.709804
vn -0.457880 0.048772 0.887675
vn -0.002970 -0.999831 0.018170
vn -0.002884 -0.999956 0.008884
vn 0.000000 -1.000000 0.000000
vn 0.000000 -1.000000 0.000000
vn -0.161196 -0.048622 0.985724
vn -0.149007 -0.384000 0.911230
vn -0.139904 -0.384011 0.912668
vn -0.151330 -0.048776 0.987279
vn -0.061626 -0.924479 0.376219
vn -0.002791 -0.999830 0.018199
vn -0.057654 -0.924485 0.376834
vn -0.308877 -0.049580 0.949809
vn -0.308403 0.049584 0.949963
vn -0.448984 0.048619 0.892216
vn -0.161163 0.048772 0.985722
vn 0.002790 -0.999831 0.018198
vn 0.000003 -0.999956 0.009341
vn 0.000000 -1.000000 0.000000
vn 0.000000 -1.000000 0.000000
vn 0.151300 -0.048623 0.987291
vn 0.139872 -0.384003 0.912676
vn 0.148974 -0.384013 0.911230
vn 0.161164 -0.048776 0.985722
vn 0.057648 -0.924478 0.376851
vn 0.002970 -0.999831 0.018170
vn 0.061616 -0.924484 0.376208
vn -0.000249 -0.049581 0.998770
vn 0.000249 0.049584 0.998770
vn -0.151299 0.048619 0.987292
vn 0.151330 0.048772 0.987279
vn 0.008277 -0.999830 0.016445
vn 0.002889 -0.999956 0.008883
vn 0.000000 -1.000000 -0.000000
vn 0.000000 -1.000000 -0.000000
vn 0.448984 -0.048622 0.892216
vn 0.415059 -0.383997 0.824786
vn 0.423269 -0.384008 0.820598
vn 0.457880 -0.048775 0.887675
vn 0.171279 -0.924479 0.340592
vn 0.008439 -0.999831 0.016363
vn 0.174855 -0.924484 0.338754
vn 0.308401 -0.049581 0.949963
vn 0.308875 0.049583 0.949809
vn 0.161197 0.048618 0.985724
vn 0.449009 0.048771 0.892195
vn 0.012954 -0.999830 0.013083
vn 0.005493 -0.999956 0.007555
vn 0.000000 -1.000000 0.000000
vn 0.000000 -1.000000 -0.000000
vn 0.702719 -0.048622 0.709804
vn 0.649617 -0.383998 0.656158
vn 0.656131 -0.384009 0.649638
vn 0.709776 -0.048776 0.702736
vn 0.268145 -0.924479 0.270993
vn 0.013083 -0.999831 0.012955
vn 0.270977 -0.924485 0.268141
vn 0.586860 -0.049580 0.808169
vn 0.587264 0.049583 0.807876
vn 0.457912 0.048618 0.887667
vn 0.702736 0.048772 0.709777
vn 0.016362 -0.999830 0.008440
vn 0.007558 -0.999956 0.005488
vn 0.000000 -1.000000 0.000000
vn 0.000000 -1.000000 0.000000
vn 0.887667 -0.048623 0.457912
vn 0.820587 -0.383998 0.423300
vn 0.824767 -0.384009 0.415087
vn 0.892195 -0.048776 0.449009
vn 0.338764 -0.924478 0.174869
vn 0.016446 -0.999831 0.008278
vn 0.340576 -0.924484 0.171281
vn 0.807876 -0.049581 0.587264
vn 0.808169 0.049583 0.586860
vn 0.709804 0.048618 0.702719
vn 0.887675 0.048771 0.457880
vn 0.018170 -0.999830 0.002970
vn 0.008884 -0.999956 0.002884
vn 0.000000 -1.000000 0.000000
vn 0.000000 -1.000000 0.000000
vn 0.985724 -0.048622 0.161196
vn 0.911229 -0.384003 0.149007
vn 0.912667 -0.384014 0.139903
vn 0.987279 -0.048776 0.151330
vn 0.376222 -0.924478 0.061627
vn 0.018199 -0.999831 0.002791
vn 0.376837 -0.924484 0.057654
vn 0.949810 -0.049581 0.308874
vn 0.949964 0.049584 0.308399
vn 0.892216 0.048618 0.448984
vn 0.985722 0.048772 0.161163
vn 0.009341 -0.999956 -0.000003
vn 0.000000 -1.000000 0.000000
vn 0.998770 -0.049581 0.000249
vn 0.998770 0.049583 -0.000249
vn 0.987292 0.048619 0.151299
vn 0.987280 0.048772 -0.151327
vn 0.117921 0.992836 -0.019277
vn 0.105315 0.993851 -0.034183
vn -0.096367 0.994853 0.031312
vn -0.094761 0.995378 0.015564
vn 0.106731 0.992836 -0.053722
vn -0.085811 0.995378 0.043108
vn 0.911241 0.383976 -0.149007
vn 0.912678 0.383987 -0.139903
vn 0.376210 0.924483 -0.061624
vn 0.118108 0.992836 -0.018111
vn 0.376825 0.924489 -0.057652
vn 0.340567 0.924489 -0.171276
vn 0.338754 0.924483 -0.174864
vn 0.106192 0.992836 -0.054773
vn 0.824776 0.383986 -0.415090
vn 0.820595 0.383976 -0.423305
vn 0.089597 0.993851 -0.065054
vn -0.081974 0.994853 0.059557
vn -0.085314 0.995378 0.044085
vn 0.084906 0.992836 -0.084074
vn -0.068290 0.995378 0.067515
vn 0.270970 0.924489 -0.268133
vn 0.268137 0.924483 -0.270986
vn 0.084069 0.992836 -0.084907
vn 0.656139 0.383982 -0.649645
vn 0.649624 0.383971 -0.656166
vn 0.065109 0.993851 -0.089558
vn -0.059557 0.994853 0.081974
vn -0.067515 0.995378 0.068291
vn 0.054770 0.992836 -0.106197
vn -0.044085 0.995378 0.085314
vn 0.174850 0.924488 -0.338745
vn 0.171275 0.924483 -0.340583
vn 0.053717 0.992836 -0.106731
vn 0.423273 0.383988 -0.820605
vn 0.415062 0.383978 -0.824794
vn 0.034247 0.993851 -0.105294
vn -0.031311 0.994853 0.096366
vn -0.043108 0.995378 0.085812
vn 0.019273 0.992836 -0.117924
vn -0.015564 0.995378 0.094761
vn 0.061615 0.924488 -0.376197
vn 0.057646 0.924483 -0.376840
vn 0.018106 0.992836 -0.118106
vn 0.148976 0.383985 -0.911242
vn 0.139872 0.383975 -0.912688
vn 0.000034 0.993851 -0.110724
vn -0.000000 0.994853 0.101325
vn -0.014481 0.995378 0.094933
vn -0.018111 0.992836 -0.118108
vn 0.014481 0.995378 0.094933
vn -0.057652 0.924488 -0.376825
vn -0.061625 0.924483 -0.376210
vn -0.019277 0.992836 -0.117921
vn -0.139905 0.383986 -0.912678
vn -0.149009 0.383975 -0.911240
vn -0.034183 0.993851 -0.105315
vn 0.031311 0.994853 0.096365
vn 0.015564 0.995378 0.094761
vn -0.053722 0.992836 -0.106731
vn 0.043108 0.995378 0.085811
vn -0.171276 0.924489 -0.340566
vn -0.174864 0.924483 -0.338754
vn -0.054773 0.992836 -0.106192
vn -0.415090 0.383988 -0.824775
vn -0.423305 0.383977 -0.820594
vn -0.065054 0.993851 -0.089597
vn 0.059557 0.994853 0.081974
vn 0.044085 0.995378 0.085314
vn -0.084074 0.992836 -0.084906
vn 0.067515 0.995378 0.068291
vn -0.268134 0.924489 -0.270971
vn -0.270987 0.924483 -0.268138
vn -0.084907 0.992836 -0.084069
vn -0.649644 0.383985 -0.656139
vn -0.656165 0.383974 -0.649624
vn -0.089557 0.993851 -0.065109
vn 0.081973 0.994853 0.059557
vn 0.068291 0.995378 0.067515
vn -0.106197 0.992836 -0.054770
vn 0.085314 0.995378 0.044085
vn -0.338745 0.924488 -0.174851
vn -0.340583 0.924483 -0.171275
vn -0.106731 0.992836 -0.053717
vn -0.820605 0.383989 -0.423273
vn -0.824793 0.383978 -0.415062
vn -0.105294 0.993851 -0.034248
vn 0.096366 0.994853 0.031311
vn 0.085811 0.995378 0.043108
vn -0.117924 0.992836 -0.019273
vn 0.094761 0.995378 0.015564
vn -0.376199 0.924488 -0.061615
vn -0.376842 0.924482 -0.057647
vn -0.118106 0.992836 -0.018106
vn -0.911239 0.383991 -0.148976
vn -0.912686 0.383980 -0.139872
vn -0.110723 0.993851 -0.000034
vn 0.101325 0.994853 -0.000000
vn 0.094932 0.995378 0.014481
vn -0.118108 0.992836 0.018111
vn 0.094932 0.995378 -0.014481
vn -0.376827 0.924488 0.057653
vn -0.376212 0.924482 0.061625
vn -0.117921 0.992836 0.019277
vn -0.912676 0.383991 0.139904
vn -0.911238 0.383981 0.149009
vn -0.105315 0.993851 0.034183
vn 0.096366 0.994853 -0.031311
vn 0.094761 0.995378 -0.015564
vn -0.106731 0.992836 0.053722
vn 0.085811 0.995378 -0.043108
vn -0.340566 0.924489 0.171276
vn -0.338753 0.924483 0.174864
vn -0.106192 0.992836 0.054773
vn -0.824776 0.383984 0.415091
vn -0.820595 0.383974 0.423305
vn -0.089597 0.993851 0.065054
vn 0.081974 0.994853 -0.059557
vn 0.085314 0.995378 -0.044085
vn -0.084906 0.992836 0.084074
vn 0.068291 0.995378 -0.067515
vn -0.270971 0.924488 0.268135
vn -0.268139 0.924482 0.270987
vn -0.084069 0.992836 0.084907
vn -0.656139 0.383985 0.649644
vn -0.649624 0.383974 0.656165
vn -0.065109 0.993851 0.089557
vn 0.059557 0.994853 -0.081974
vn 0.067515 0.995378 -0.068291
vn -0.054770 0.992836 0.106197
vn 0.044085 0.995378 -0.085314
vn -0.174850 0.924488 0.338745
vn -0.171275 0.924483 0.340583
vn -0.053717 0.992836 0.106731
vn -0.423274 0.383984 0.820607
vn -0.415063 0.383974 0.824795
vn -0.034248 0.993851 0.105294
vn 0.031311 0.994853 -0.096365
vn 0.043108 0.995378 -0.085811
vn -0.019273 0.992836 0.117924
vn 0.015564 0.995378 -0.094761
vn -0.061615 0.924488 0.376198
vn -0.057646 0.924482 0.376841
vn -0.018106 0.992836 0.118106
vn -0.148976 0.383990 0.911240
vn -0.139872 0.383979 0.912686
vn -0.000034 0.993851 0.110724
vn 0.000000 0.994853 -0.101325
vn 0.014481 0.995378 -0.094932
vn 0.018111 0.992836 0.118108
vn -0.014481 0.995378 -0.094932
vn 0.057652 0.924489 0.376824
vn 0.061625 0.924483 0.376210
vn 0.019277 0.992836 0.117921
vn 0.139905 0.383987 0.912678
vn 0.149009 0.383977 0.911240
vn 0.034183 0.993851 0.105315
vn -0.031311 0.994853 -0.096366
vn -0.015564 0.995378 -0.094761
vn 0.053722 0.992836 0.106731
vn -0.043108 0.995378 -0.085811
vn 0.171276 0.924488 0.340567
vn 0.174865 0.924482 0.338755
vn 0.054773 0.992836 0.106192
vn 0.415090 0.383987 0.824775
vn 0.423304 0.383977 0.820594
vn 0.065054 0.993851 0.089597
vn -0.059557 0.994853 -0.081973
vn -0.044085 0.995378 -0.085314
vn 0.084074 0.992836 0.084906
vn -0.067515 0.995378 -0.068291
vn 0.268134 0.924489 0.270970
vn 0.270987 0.924483 0.268138
vn 0.084907 0.992836 0.084069
vn 0.649643 0.383989 0.656137
vn 0.656164 0.383978 0.649623
vn 0.089557 0.993851 0.065109
vn -0.081973 0.994853 -0.059557
vn -0.068290 0.995378 -0.067515
vn 0.106197 0.992836 0.054770
vn -0.085314 0.995378 -0.044085
vn 0.338747 0.924488 0.174851
vn 0.340584 0.924482 0.171276
vn 0.106731 0.992836 0.053717
vn 0.820606 0.383987 0.423273
vn 0.824794 0.383976 0.415062
vn 0.105294 0.993851 0.034248
vn -0.096366 0.994853 -0.031311
vn -0.085811 0.995378 -0.043108
vn 0.117924 0.992836 0.019273
vn -0.094761 0.995378 -0.015564
vn 0.376199 0.924488 0.061615
vn 0.376842 0.924482 0.057647
vn 0.118106 0.992836 0.018106
vn 0.911241 0.383987 0.148976
vn 0.912687 0.383976 0.139873
vn 0.110723 0.993851 0.000034
vn -0.101325 0.994853 -0.000000
vn -0.094932 0.995378 -0.014481
vn -0.094933 0.995378 0.014481
vn -0.984763 0.064099 0.161660
vn -0.949085 0.064514 0.308343
vn -0.949029 0.064354 0.308549
vn -0.984811 0.063241 0.161700
vn -0.891713 0.064089 0.448040
vn -0.891752 0.063406 0.448060
vn -0.377368 0.923996 0.061843
vn -0.378009 0.923996 0.057796
vn -0.911568 0.382943 0.149661
vn -0.986521 0.064099 0.150555
vn -0.913201 0.382943 0.139351
vn -0.825445 0.382939 0.414727
vn -0.820706 0.382939 0.424028
vn -0.886609 0.064089 0.458059
vn -0.341646 0.923997 0.171778
vn -0.339785 0.923997 0.175429
vn -0.807332 0.064514 0.586561
vn -0.807350 0.064371 0.586552
vn -0.886647 0.063235 0.458103
vn -0.709617 0.064099 0.701666
vn -0.709664 0.063306 0.701690
vn -0.656886 0.382943 0.649504
vn -0.649504 0.382943 0.656886
vn -0.701666 0.064099 0.709617
vn -0.271843 0.923997 0.268946
vn -0.268946 0.923997 0.271843
vn -0.586562 0.064514 0.807331
vn -0.586581 0.064391 0.807326
vn -0.701687 0.063311 0.709667
vn -0.458059 0.064099 0.886608
vn -0.458096 0.063305 0.886646
vn -0.424027 0.382942 0.820705
vn -0.414726 0.382942 0.825444
vn -0.448039 0.064099 0.891713
vn -0.175429 0.923997 0.339786
vn -0.171778 0.923997 0.341647
vn -0.308374 0.064514 0.949075
vn -0.308394 0.064390 0.949077
vn -0.448044 0.063310 0.891767
vn -0.161664 0.064099 0.984762
vn -0.161688 0.063304 0.984809
vn -0.149663 0.382942 0.911568
vn -0.139353 0.382942 0.913201
vn -0.150557 0.064099 0.986521
vn -0.061844 0.923997 0.377367
vn -0.057796 0.923997 0.378008
vn 0.000000 0.064514 0.997917
vn -0.000018 0.064390 0.997925
vn -0.150545 0.063310 0.986574
vn 0.150558 0.064099 0.986521
vn 0.150549 0.063305 0.986574
vn 0.139353 0.382942 0.913201
vn 0.149663 0.382942 0.911568
vn 0.161664 0.064099 0.984762
vn 0.057796 0.923997 0.378008
vn 0.061844 0.923997 0.377367
vn 0.308374 0.064514 0.949075
vn 0.308359 0.064391 0.949088
vn 0.161692 0.063311 0.984808
vn 0.448041 0.064099 0.891712
vn 0.448049 0.063304 0.891765
vn 0.414726 0.382945 0.825442
vn 0.424027 0.382945 0.820703
vn 0.458060 0.064099 0.886608
vn 0.171778 0.923996 0.341647
vn 0.175430 0.923996 0.339787
vn 0.586560 0.064514 0.807332
vn 0.586550 0.064390 0.807349
vn 0.458100 0.063310 0.886643
vn 0.701666 0.064100 0.709617
vn 0.701690 0.063305 0.709665
vn 0.649505 0.382942 0.656886
vn 0.656886 0.382942 0.649504
vn 0.709617 0.064100 0.701666
vn 0.268947 0.923996 0.271844
vn 0.271844 0.923996 0.268947
vn 0.807332 0.064514 0.586561
vn 0.807327 0.064390 0.586580
vn 0.709667 0.063311 0.701687
vn 0.886608 0.064099 0.458059
vn 0.886645 0.063304 0.458097
vn 0.820704 0.382943 0.424028
vn 0.825443 0.382943 0.414727
vn 0.891713 0.064099 0.448040
vn 0.339786 0.923997 0.175429
vn 0.341646 0.923997 0.171778
vn 0.949075 0.064514 0.308374
vn 0.949077 0.064391 0.308394
vn 0.891767 0.063310 0.448045
vn 0.984762 0.064098 0.161663
vn 0.984809 0.063306 0.161687
vn 0.911571 0.382936 0.149662
vn 0.913204 0.382936 0.139352
vn 0.986521 0.064098 0.150556
vn 0.377364 0.923998 0.061843
vn 0.378005 0.923998 0.057795
vn 0.997917 0.064514 0.000000
vn 0.997925 0.064390 0.000019
vn 0.986574 0.063311 0.150544
vn 0.986521 0.064098 -0.150556
vn 0.986574 0.063304 -0.150548
vn 0.913204 0.382936 -0.139352
vn 0.911571 0.382936 -0.149662
vn 0.984762 0.064098 -0.161663
vn 0.378005 0.923998 -0.057795
vn 0.377364 0.923998 -0.061843
vn 0.949075 0.064514 -0.308374
vn 0.949088 0.064390 -0.308359
vn 0.984809 0.063310 -0.161691
vn 0.891713 0.064099 -0.448040
vn 0.891765 0.063305 -0.448048
vn 0.825443 0.382943 -0.414727
vn 0.820704 0.382943 -0.424027
vn 0.886608 0.064099 -0.458059
vn 0.341647 0.923997 -0.171778
vn 0.339787 0.923996 -0.175429
vn 0.807331 0.064514 -0.586562
vn 0.807348 0.064390 -0.586551
vn 0.886643 0.063311 -0.458100
vn 0.709617 0.064100 -0.701666
vn 0.709664 0.063304 -0.701690
vn 0.656884 0.382948 -0.649503
vn 0.649503 0.382948 -0.656884
vn 0.701666 0.064100 -0.709617
vn 0.271845 0.923996 -0.268947
vn 0.268947 0.923996 -0.271845
vn 0.586562 0.064514 -0.807331
vn 0.586582 0.064390 -0.807326
vn 0.701687 0.063310 -0.709667
vn 0.458059 0.064099 -0.886608
vn 0.458097 0.063305 -0.886645
vn 0.424027 0.382942 -0.820704
vn 0.414726 0.382942 -0.825444
vn 0.448040 0.064099 -0.891713
vn 0.175429 0.923997 -0.339787
vn 0.171778 0.923997 -0.341647
vn 0.308374 0.064514 -0.949075
vn 0.308394 0.064391 -0.949077
vn 0.448045 0.063311 -0.891767
vn 0.161664 0.064099 -0.984762
vn 0.161688 0.063305 -0.984809
vn 0.149663 0.382939 -0.911569
vn 0.139352 0.382940 -0.913202
vn 0.150557 0.064099 -0.986521
vn 0.061843 0.923997 -0.377366
vn 0.057796 0.923997 -0.378007
vn -0.000000 0.064513 -0.997917
vn 0.000019 0.064390 -0.997925
vn 0.150545 0.063311 -0.986574
vn -0.150557 0.064099 -0.986521
vn -0.150549 0.063304 -0.986574
vn -0.139352 0.382939 -0.913202
vn -0.149663 0.382939 -0.911569
vn -0.161664 0.064099 -0.984762
vn -0.057796 0.923997 -0.378007
vn -0.061843 0.923997 -0.377365
vn -0.308374 0.064514 -0.949075
vn -0.308359 0.064391 -0.949088
vn -0.161691 0.063310 -0.984808
vn -0.448040 0.064099 -0.891712
vn -0.448049 0.063304 -0.891765
vn -0.414727 0.382941 -0.825444
vn -0.424028 0.382941 -0.820705
vn -0.458059 0.064099 -0.886608
vn -0.171778 0.923997 -0.341646
vn -0.175429 0.923997 -0.339786
vn -0.586560 0.064514 -0.807332
vn -0.586551 0.064391 -0.807349
vn -0.458100 0.063310 -0.886643
vn -0.701666 0.064100 -0.709617
vn -0.701690 0.063305 -0.709665
vn -0.649504 0.382944 -0.656886
vn -0.656885 0.382944 -0.649504
vn -0.709617 0.064100 -0.701666
vn -0.268946 0.923996 -0.271844
vn -0.271844 0.923996 -0.268946
vn -0.807331 0.064514 -0.586561
vn -0.807327 0.064391 -0.586581
vn -0.709667 0.063311 -0.701687
vn -0.886608 0.064099 -0.458059
vn -0.886645 0.063305 -0.458097
vn -0.820705 0.382940 -0.424028
vn -0.825444 0.382940 -0.414727
vn -0.891713 0.064099 -0.448040
vn -0.339787 0.923997 -0.175430
vn -0.341647 0.923997 -0.171778
vn -0.949076 0.064514 -0.308373
vn -0.949077 0.064391 -0.308392
vn -0.891766 0.063311 -0.448045
vn -0.984762 0.064099 -0.161663
vn -0.984809 0.063305 -0.161688
vn -0.911570 0.382938 -0.149663
vn -0.913203 0.382939 -0.139352
vn -0.986521 0.064099 -0.150557
vn -0.377366 0.923997 -0.061843
vn -0.378007 0.923997 -0.057796
vn -0.997917 0.064514 -0.000001
vn -0.997925 0.064391 -0.000019
vn -0.986574 0.063310 -0.150545
vn -0.986576 0.063279 0.150545
vn -0.911309 0.383585 0.149594
vn -0.912937 0.383583 0.139318
vn -0.376636 0.924288 0.061943
vn -0.020457 0.999785 0.003357
vn -0.020497 0.999785 0.003129
vn -0.377346 0.924289 0.057454
vn -0.018517 0.999785 0.009307
vn -0.340810 0.924424 0.171137
vn -0.338745 0.924424 0.175191
vn -0.018407 0.999785 0.009511
vn -0.825078 0.383871 0.414594
vn -0.820348 0.383873 0.423875
vn -0.010113 0.999943 0.003282
vn 0.000000 1.000000 -0.000000
vn 0.000000 1.000000 -0.000000
vn 0.000000 1.000000 -0.000000
vn -0.014743 0.999785 0.014581
vn -0.271380 0.924352 0.268190
vn -0.268153 0.924358 0.271396
vn -0.014574 0.999785 0.014739
vn -0.656641 0.383723 0.649292
vn -0.649272 0.383739 0.656651
vn -0.008611 0.999943 0.006250
vn 0.000000 1.000000 0.000000
vn -0.000000 1.000000 -0.000000
vn 0.000000 1.000000 -0.000000
vn -0.010640 0.999943 -0.000005
vn 0.000000 1.000000 -0.000000
vn -0.020491 0.999785 -0.003127
vn 0.000000 1.000000 -0.000000
vn 0.000000 1.000000 -0.000000
vn -0.006259 0.999943 0.008605
vn -0.009516 0.999785 0.018423
vn 0.000000 1.000000 -0.000000
vn 0.000000 1.000000 -0.000000
vn -0.003293 0.999943 0.010118
vn -0.003357 0.999785 0.020462
vn -0.009306 0.999785 0.018522
vn 0.000000 1.000000 -0.000000
vn 0.000000 1.000000 -0.000000
vn -0.000005 0.999943 0.010640
vn 0.003130 0.999785 0.020498
vn -0.003127 0.999785 0.020491
vn 0.000000 1.000000 0.000000
vn 0.000000 1.000000 0.000000
vn 0.003283 0.999943 0.010121
vn 0.009311 0.999785 0.018528
vn 0.003358 0.999785 0.020454
vn 0.000000 1.000000 -0.000000
vn 0.000000 1.000000 -0.000000
vn 0.006250 0.999943 0.008611
vn 0.014581 0.999785 0.014743
vn 0.009514 0.999785 0.018416
vn 0.000000 1.000000 -0.000000
vn 0.000000 1.000000 0.000000
vn 0.008605 0.999943 0.006259
vn 0.018423 0.999785 0.009516
vn 0.014739 0.999785 0.014574
vn 0.000000 1.000000 0.000000
vn 0.000000 1.000000 -0.000000
vn 0.010118 0.999943 0.003293
vn 0.020462 0.999785 0.003357
vn 0.018522 0.999785 0.009306
vn 0.000000 1.000000 -0.000000
vn 0.000000 1.000000 0.000000
vn 0.010640 0.999943 0.000005
vn 0.020498 0.999785 -0.003130
vn 0.020491 0.999785 0.003127
vn 0.000000 1.000000 0.000000
vn 0.000000 1.000000 0.000000
vn 0.010121 0.999943 -0.003283
vn 0.018528 0.999785 -0.009311
vn 0.020454 0.999785 -0.003358
vn -0.000000 1.000000 -0.000000
vn -0.000000 1.000000 -0.000000
vn 0.008611 0.999943 -0.006250
vn 0.014743 0.999785 -0.014581
vn 0.018416 0.999785 -0.009514
vn -0.000000 1.000000 0.000000
vn -0.000000 1.000000 -0.000000
vn 0.006258 0.999943 -0.008605
vn 0.009516 0.999785 -0.018423
vn 0.014574 0.999785 -0.014739
vn 0.000000 1.000000 0.000000
vn 0.000000 1.000000 0.000000
vn 0.003293 0.999943 -0.010118
vn 0.003357 0.999785 -0.020462
vn 0.009306 0.999785 -0.018522
vn 0.000000 1.000000 0.000000
vn 0.000000 1.000000 0.000000
vn 0.000005 0.999943 -0.010640
vn -0.003130 0.999785 -0.020498
vn 0.003127 0.999785 -0.020491
vn 0.000000 1.000000 -0.000000
vn 0.000000 1.000000 -0.000000
vn -0.003283 0.999943 -0.010121
vn -0.009311 0.999785 -0.018528
vn -0.003358 0.999785 -0.020454
vn 0.000000 1.000000 0.000000
vn 0.000000 1.000000 0.000000
vn -0.006250 0.999943 -0.008611
vn -0.014581 0.999785 -0.014743
vn -0.009514 0.999785 -0.018416
vn 0.000000 1.000000 0.000000
vn 0.000000 1.000000 0.000000
vn -0.008605 0.999943 -0.006259
vn -0.018423 0.999785 -0.009516
vn -0.014739 0.999785 -0.014574
vn 0.000000 1.000000 0.000000
vn -0.010118 0.999943 -0.003293
vn -0.020462 0.999785 -0.003357
vn -0.018522 0.999785 -0.009306
vn -0.175221 0.924353 0.338924
vn -0.171162 0.924359 0.340976
vn -0.423860 0.383720 0.820428
vn -0.414578 0.383736 0.825149
vn -0.061912 0.924353 0.376482
vn -0.057417 0.924359 0.377179
vn -0.149590 0.383720 0.911253
vn -0.139303 0.383736 0.912875
vn 0.057458 0.924352 0.377189
vn 0.061948 0.924358 0.376463
vn 0.139325 0.383723 0.912877
vn 0.149609 0.383739 0.911242
vn 0.171203 0.924353 0.340971
vn 0.175249 0.924359 0.338893
vn 0.414601 0.383720 0.825145
vn 0.423877 0.383736 0.820412
vn 0.268189 0.924353 0.271378
vn 0.271395 0.924359 0.268151
vn 0.649294 0.383717 0.656642
vn 0.656653 0.383733 0.649274
vn 0.338923 0.924353 0.175221
vn 0.340975 0.924359 0.171162
vn 0.820427 0.383721 0.423860
vn 0.825149 0.383736 0.414579
vn 0.376483 0.924352 0.061912
vn 0.377180 0.924358 0.057417
vn 0.911252 0.383723 0.149589
vn 0.912874 0.383739 0.139302
vn 0.377189 0.924352 -0.057458
vn 0.376463 0.924358 -0.061948
vn 0.912879 0.383721 -0.139324
vn 0.911243 0.383736 -0.149609
vn 0.340972 0.924352 -0.171203
vn 0.338894 0.924358 -0.175249
vn 0.825145 0.383721 -0.414601
vn 0.820412 0.383736 -0.423876
vn 0.271379 0.924353 -0.268190
vn 0.268152 0.924359 -0.271396
vn 0.656642 0.383718 -0.649293
vn 0.649274 0.383734 -0.656652
vn 0.175221 0.924353 -0.338925
vn 0.171162 0.924358 -0.340977
vn 0.423859 0.383724 -0.820426
vn 0.414578 0.383740 -0.825148
vn 0.061912 0.924353 -0.376483
vn 0.057417 0.924358 -0.377180
vn 0.149589 0.383719 -0.911253
vn 0.139303 0.383735 -0.912876
vn -0.057458 0.924353 -0.377187
vn -0.061948 0.924359 -0.376461
vn -0.139325 0.383718 -0.912880
vn -0.149609 0.383733 -0.911244
vn -0.171203 0.924353 -0.340971
vn -0.175249 0.924359 -0.338893
vn -0.414601 0.383720 -0.825146
vn -0.423877 0.383736 -0.820412
vn -0.268190 0.924352 -0.271379
vn -0.271396 0.924358 -0.268153
vn -0.649292 0.383724 -0.656640
vn -0.656650 0.383739 -0.649272
vn -0.338923 0.924353 -0.175221
vn -0.340975 0.924359 -0.171162
vn -0.820426 0.383723 -0.423860
vn -0.825148 0.383739 -0.414579
vn -0.376482 0.924353 -0.061912
vn -0.377179 0.924359 -0.057417
vn -0.911253 0.383721 -0.149589
vn -0.912875 0.383736 -0.139303
vn 0.358912 -0.926037 -0.116781
vn 0.876527 -0.387932 -0.284972
vn 0.305259 -0.926036 -0.221977
vn 0.745564 -0.387935 -0.541886
vn 0.221723 -0.926037 -0.305441
vn 0.541619 -0.387932 -0.745759
vn 0.116485 -0.926037 -0.359009
vn 0.284658 -0.387931 -0.876629
vn -0.000157 -0.926037 -0.377433
vn -0.000162 -0.387933 -0.921687
vn -0.116781 -0.926037 -0.358911
vn -0.284974 -0.387931 -0.876527
vn -0.221976 -0.926037 -0.305257
vn -0.541887 -0.387933 -0.745565
vn -0.305442 -0.926037 -0.221723
vn -0.745757 -0.387935 -0.541621
vn -0.359010 -0.926036 -0.116484
vn -0.876629 -0.387933 -0.284658
vn -0.377434 -0.926037 0.000157
vn -0.921687 -0.387934 0.000166
vn -0.358912 -0.926037 0.116782
vn -0.876528 -0.387929 0.284975
vn -0.305258 -0.926037 0.221976
vn -0.745564 -0.387932 0.541888
vn -0.221723 -0.926037 0.305442
vn -0.541624 -0.387932 0.745756
vn -0.116486 -0.926037 0.359009
vn -0.284661 -0.387934 0.876627
vn 0.000157 -0.926037 0.377432
vn 0.000164 -0.387933 0.921688
vn 0.116781 -0.926036 0.358913
vn 0.284975 -0.387933 0.876526
vn 0.221976 -0.926037 0.305257
vn 0.541889 -0.387930 0.745565
vn 0.305442 -0.926036 0.221725
vn 0.745758 -0.387930 0.541622
vn 0.359009 -0.926037 0.116484
vn 0.876629 -0.387931 0.284661
vn 0.377434 -0.926036 -0.000156
vn 0.921687 -0.387934 -0.000164
vn 0.359004 0.926039 -0.116482
vn 0.876633 0.387920 -0.284662
vn 0.305439 0.926038 -0.221721
vn 0.745762 0.387920 -0.541624
vn 0.221973 0.926039 -0.305255
vn 0.541891 0.387921 -0.745568
vn 0.116780 0.926038 -0.358909
vn 0.284975 0.387924 -0.876530
vn 0.000157 0.926038 -0.377430
vn 0.000162 0.387926 -0.921691
vn -0.116484 0.926038 -0.359005
vn -0.284659 0.387924 -0.876632
vn -0.221721 0.926038 -0.305439
vn -0.541624 0.387922 -0.745761
vn -0.305255 0.926038 -0.221974
vn -0.745567 0.387923 -0.541890
vn -0.358909 0.926038 -0.116781
vn -0.876531 0.387920 -0.284977
vn -0.377429 0.926039 -0.000157
vn -0.921691 0.387924 -0.000166
vn -0.359005 0.926038 0.116483
vn -0.876632 0.387924 0.284659
vn -0.305438 0.926039 0.221721
vn -0.745761 0.387923 0.541624
vn -0.221975 0.926038 0.305255
vn -0.541889 0.387923 0.745568
vn -0.116781 0.926038 0.358909
vn -0.284975 0.387922 0.876531
vn -0.000157 0.926039 0.377429
vn -0.000164 0.387924 0.921691
vn 0.116484 0.926038 0.359005
vn 0.284662 0.387922 0.876632
vn 0.221721 0.926038 0.305438
vn 0.541623 0.387923 0.745761
vn 0.305255 0.926038 0.221974
vn 0.745566 0.387924 0.541890
vn 0.358910 0.926038 0.116781
vn 0.876530 0.387925 0.284974
vn 0.377429 0.926039 0.000156
vn 0.921693 0.387920 0.000165
vn 0.000000 -1.000000 0.000000
vn -0.877059 0.386726 0.284974
vn -0.360114 0.925542 0.117008
vn -0.746070 0.386728 0.542052
vn -0.306331 0.925542 0.222562
vn -0.542052 0.386726 0.746071
vn -0.222562 0.925542 0.306330
vn -0.284975 0.386728 0.877058
vn -0.117007 0.925542 0.360113
vn 0.000001 0.386727 0.922194
vn -0.000000 0.925542 0.378646
vn 0.284975 0.386727 0.877058
vn 0.117009 0.925542 0.360113
vn 0.542050 0.386729 0.746071
vn 0.222563 0.925542 0.306330
vn 0.746070 0.386728 0.542053
vn 0.306331 0.925542 0.222563
vn 0.877059 0.386725 0.284975
vn 0.360112 0.925542 0.117008
vn 0.922195 0.386725 0.000000
vn 0.378646 0.925542 -0.000000
vn 0.877059 0.386726 -0.284974
vn 0.360112 0.925542 -0.117008
vn 0.746071 0.386728 -0.542052
vn 0.306331 0.925541 -0.222563
vn 0.542053 0.386727 -0.746070
vn 0.222563 0.925542 -0.306330
vn 0.284975 0.386724 -0.877060
vn 0.117008 0.925542 -0.360112
vn -0.000001 0.386727 -0.922194
vn 0.000000 0.925542 -0.378644
vn -0.284974 0.386724 -0.877060
vn -0.117008 0.925542 -0.360111
vn -0.542050 0.386727 -0.746072
vn -0.222562 0.925542 -0.306330
vn -0.746072 0.386724 -0.542053
vn -0.306330 0.925542 -0.222562
vn -0.877059 0.386725 -0.284975
vn -0.360112 0.925542 -0.117008
vn -0.922193 0.386730 -0.000001
vn -0.378645 0.925542 -0.000001
vn -0.359336 0.925896 0.116591
vn -0.876767 0.387583 0.284707
vn -0.745839 0.387585 0.541758
vn -0.305749 0.925895 0.221893
vn 0.000000 1.000000 -0.000000
vn -0.541924 0.387586 0.745718
vn -0.222215 0.925896 0.305513
vn -0.284962 0.387584 0.876684
vn -0.116930 0.925896 0.359228
vn -0.000102 0.387587 0.921833
vn -0.000199 0.925896 0.377779
vn 0.284763 0.387588 0.876747
vn 0.116551 0.925895 0.359353
vn 0.541756 0.387585 0.745840
vn 0.221890 0.925896 0.305748
vn 0.745719 0.387585 0.541924
vn 0.305511 0.925896 0.222214
vn 0.876684 0.387585 0.284961
vn 0.359229 0.925895 0.116930
vn 0.921834 0.387585 0.000105
vn 0.377781 0.925895 0.000201
vn 0.876748 0.387584 -0.284765
vn 0.359352 0.925895 -0.116550
vn 0.745840 0.387584 -0.541757
vn 0.305748 0.925896 -0.221891
vn 0.541925 0.387586 -0.745718
vn 0.222214 0.925896 -0.305512
vn 0.284961 0.387585 -0.876684
vn 0.116932 0.925895 -0.359228
vn 0.000106 0.387586 -0.921834
vn 0.000201 0.925895 -0.377780
vn -0.284763 0.387585 -0.876748
vn -0.116550 0.925896 -0.359351
vn -0.541756 0.387589 -0.745839
vn -0.221891 0.925896 -0.305746
vn -0.745718 0.387586 -0.541924
vn -0.305512 0.925896 -0.222215
vn -0.876685 0.387584 -0.284961
vn -0.359228 0.925895 -0.116932
vn -0.921832 0.387589 -0.000105
vn -0.377775 0.925897 -0.000200
s 1
g pCylinder1
usemtl initialShadingGroup
f 2/1/1 1/361/2 359/580/3 358/5/4
f 1/361/2 8/260/5 360/76/6 359/580/3
s 2
f 4/2/7 3/362/8 15/372/9 14/240/10
s 1
f 3/363/11 2/1/1 16/4/12 15/371/13
s 2
f 6/3/14 5/364/15 165/483/16 164/259/17
f 5/364/15 4/2/7 166/82/18 165/483/16
s 1
f 8/260/5 7/365/19 155/477/20 154/261/21
s 2
f 7/366/22 6/3/14 156/79/23 155/476/24
s 1
f 10/6/25 9/367/26 357/579/27 356/9/28
f 9/367/26 16/4/12 358/5/4 357/579/27
s 2
f 12/7/29 11/368/30 23/378/31 22/241/32
s 1
f 11/369/33 10/6/25 24/8/34 23/377/35
s 2
f 14/240/10 13/370/36 173/487/37 172/83/38
f 13/370/36 12/7/29 174/84/39 173/487/37
s 1
f 18/10/40 17/373/41 355/578/42 354/13/43
f 17/373/41 24/8/34 356/9/28 355/578/42
s 2
f 20/11/44 19/374/45 31/384/46 30/242/47
s 1
f 19/375/48 18/10/40 32/12/49 31/383/50
s 2
f 22/241/32 21/376/51 181/491/52 180/85/53
f 21/376/51 20/11/44 182/86/54 181/491/52
s 1
f 26/14/55 25/379/56 353/577/57 352/17/58
f 25/379/56 32/12/49 354/13/43 353/577/57
s 2
f 28/15/59 27/380/60 39/390/61 38/243/62
s 1
f 27/381/63 26/14/55 40/16/64 39/389/65
s 2
f 30/242/47 29/382/66 189/495/67 188/87/68
f 29/382/66 28/15/59 190/88/69 189/495/67
s 1
f 34/18/70 33/385/71 351/576/72 350/21/73
f 33/385/71 40/16/64 352/17/58 351/576/72
s 2
f 36/19/74 35/386/75 47/396/76 46/244/77
s 1
f 35/387/78 34/18/70 48/20/79 47/395/80
s 2
f 38/243/62 37/388/81 197/499/82 196/89/83
f 37/388/81 36/19/74 198/90/84 197/499/82
s 1
f 42/22/85 41/391/86 349/575/87 348/25/88
f 41/391/86 48/20/79 350/21/73 349/575/87
s 2
f 44/23/89 43/392/90 55/402/91 54/245/92
s 1
f 43/393/93 42/22/85 56/24/94 55/401/95
s 2
f 46/244/77 45/394/96 205/503/97 204/91/98
f 45/394/96 44/23/89 206/92/99 205/503/97
s 1
f 50/26/100 49/397/101 347/574/102 346/29/103
f 49/397/101 56/24/94 348/25/88 347/574/102
s 2
f 52/27/104 51/398/105 63/408/106 62/246/107
s 1
f 51/399/108 50/26/100 64/28/109 63/407/110
s 2
f 54/245/92 53/400/111 213/507/112 212/93/113
f 53/400/111 52/27/104 214/94/114 213/507/112
s 1
f 58/30/115 57/403/116 345/573/117 344/33/118
f 57/403/116 64/28/109 346/29/103 345/573/117
s 2
f 60/31/119 59/404/120 71/414/121 70/247/122
s 1
f 59/405/123 58/30/115 72/32/124 71/413/125
s 2
f 62/246/107 61/406/126 221/511/127 220/95/128
f 61/406/126 60/31/119 222/96/129 221/511/127
s 1
f 66/34/130 65/409/131 343/572/132 342/37/133
f 65/409/131 72/32/124 344/33/118 343/572/132
s 2
f 68/35/134 67/410/135 79/420/136 78/248/137
s 1
f 67/411/138 66/34/130 80/36/139 79/419/140
s 2
f 70/247/122 69/412/141 229/515/142 228/97/143
f 69/412/141 68/35/134 230/98/144 229/515/142
s 1
f 74/38/145 73/415/146 341/571/147 340/41/148
f 73/415/146 80/36/139 342/37/133 341/571/147
s 2
f 76/39/149 75/416/150 87/426/151 86/249/152
s 1
f 75/417/153 74/38/145 88/40/154 87/425/155
s 2
f 78/248/137 77/418/156 237/519/157 236/99/158
f 77/418/156 76/39/149 238/100/159 237/519/157
s 1
f 82/42/160 81/421/161 339/570/162 338/45/163
f 81/421/161 88/40/154 340/41/148 339/570/162
s 2
f 84/43/164 83/422/165 95/432/166 94/250/167
s 1
f 83/423/168 82/42/160 96/44/169 95/431/170
s 2
f 86/249/152 85/424/171 245/523/172 244/101/173
f 85/424/171 84/43/164 246/102/174 245/523/172
s 1
f 90/46/175 89/427/176 337/569/177 336/49/178
f 89/427/176 96/44/169 338/45/163 337/569/177
s 2
f 92/47/179 91/428/180 103/438/181 102/251/182
s 1
f 91/429/183 90/46/175 104/48/184 103/437/185
s 2
f 94/250/167 93/430/186 253/527/187 252/103/188
f 93/430/186 92/47/179 254/104/189 253/527/187
s 1
f 98/50/190 97/433/191 335/568/192 334/53/193
f 97/433/191 104/48/184 336/49/178 335/568/192
s 2
f 100/51/194 99/434/195 111/444/196 110/252/197
s 1
f 99/435/198 98/50/190 112/52/199 111/443/200
s 2
f 102/251/182 101/436/201 261/531/202 260/105/203
f 101/436/201 100/51/194 262/106/204 261/531/202
s 1
f 106/54/205 105/439/206 333/567/207 332/57/208
f 105/439/206 112/52/199 334/53/193 333/567/207
s 2
f 108/55/209 107/440/210 119/450/211 118/253/212
s 1
f 107/441/213 106/54/205 120/56/214 119/449/215
s 2
f 110/252/197 109/442/216 269/535/217 268/107/218
f 109/442/216 108/55/209 270/108/219 269/535/217
s 1
f 114/58/220 113/445/221 331/566/222 330/61/223
f 113/445/221 120/56/214 332/57/208 331/566/222
s 2
f 116/59/224 115/446/225 127/456/226 126/254/227
s 1
f 115/447/228 114/58/220 128/60/229 127/455/230
s 2
f 118/253/212 117/448/231 277/539/232 276/109/233
f 117/448/231 116/59/224 278/110/234 277/539/232
s 1
f 122/62/235 121/451/236 329/565/237 328/65/238
f 121/451/236 128/60/229 330/61/223 329/565/237
s 2
f 124/63/239 123/452/240 135/462/241 134/255/242
s 1
f 123/453/243 122/62/235 136/64/244 135/461/245
s 2
f 126/254/227 125/454/246 285/543/247 284/111/248
f 125/454/246 124/63/239 286/112/249 285/543/247
s 1
f 130/66/250 129/457/251 327/564/252 326/69/253
f 129/457/251 136/64/244 328/65/238 327/564/252
s 2
f 132/67/254 131/458/255 143/468/256 142/256/257
s 1
f 131/459/258 130/66/250 144/68/259 143/467/260
s 2
f 134/255/242 133/460/261 293/547/262 292/113/263
f 133/460/261 132/67/254 294/114/264 293/547/262
s 1
f 138/70/265 137/463/266 325/563/267 324/73/268
f 137/463/266 144/68/259 326/69/253 325/563/267
s 2
f 140/71/269 139/464/270 151/474/271 150/257/272
s 1
f 139/465/273 138/70/265 152/72/274 151/473/275
s 2
f 142/256/257 141/466/276 301/551/277 300/115/278
f 141/466/276 140/71/269 302/116/279 301/551/277
s 1
f 146/74/280 145/469/281 323/562/282 322/78/283
f 145/469/281 152/72/274 324/73/268 323/562/282
s 2
f 148/75/284 147/470/285 159/480/286 158/258/287
s 1
f 147/471/288 146/74/280 160/77/289 159/479/290
s 2
f 150/257/272 149/472/291 309/555/292 308/117/293
f 149/472/291 148/75/284 310/118/294 309/555/292
s 1
f 154/261/21 153/475/295 321/561/296 360/76/6
f 153/475/295 160/77/289 322/78/283 321/561/296
s 2
f 158/258/287 157/478/297 317/559/298 316/119/299
f 157/478/297 156/79/23 318/80/300 317/559/298
s 40
f 162/81/301 161/481/302 365/583/303 364/321/304
f 161/481/302 168/283/305 366/123/306 365/583/303
s 2
f 164/259/17 163/482/307 319/560/308 318/80/300
s 40
f 163/482/309 162/81/301 320/120/310 319/560/311
f 168/283/305 167/484/312 171/486/313 170/284/314
s 2
f 167/484/315 166/82/18 172/83/38 171/486/316
s 40
f 170/284/314 169/485/317 373/587/318 372/124/319
f 169/485/317 176/285/320 374/125/321 373/587/318
f 176/285/320 175/488/322 179/490/323 178/286/324
s 2
f 175/488/325 174/84/39 180/85/53 179/490/326
s 40
f 178/286/324 177/489/327 381/591/328 380/126/329
f 177/489/327 184/287/330 382/127/331 381/591/328
f 184/287/330 183/492/332 187/494/333 186/288/334
s 2
f 183/492/335 182/86/54 188/87/68 187/494/336
s 40
f 186/288/334 185/493/337 389/595/338 388/128/339
f 185/493/337 192/289/340 390/129/341 389/595/338
f 192/289/340 191/496/342 195/498/343 194/290/344
s 2
f 191/496/345 190/88/69 196/89/83 195/498/346
s 40
f 194/290/344 193/497/347 397/599/348 396/130/349
f 193/497/347 200/291/350 398/131/351 397/599/348
f 200/291/350 199/500/352 203/502/353 202/292/354
s 2
f 199/500/355 198/90/84 204/91/98 203/502/356
s 40
f 202/292/354 201/501/357 405/603/358 404/132/359
f 201/501/357 208/293/360 406/133/361 405/603/358
f 208/293/360 207/504/362 211/506/363 210/294/364
s 2
f 207/504/365 206/92/99 212/93/113 211/506/366
s 40
f 210/294/364 209/505/367 413/607/368 412/134/369
f 209/505/367 216/295/370 414/135/371 413/607/368
f 216/295/370 215/508/372 219/510/373 218/296/374
s 2
f 215/508/375 214/94/114 220/95/128 219/510/376
s 40
f 218/296/374 217/509/377 421/611/378 420/136/379
f 217/509/377 224/297/380 422/137/381 421/611/378
f 224/297/380 223/512/382 227/514/383 226/298/384
s 2
f 223/512/385 222/96/129 228/97/143 227/514/386
s 40
f 226/298/384 225/513/387 429/615/388 428/138/389
f 225/513/387 232/299/390 430/139/391 429/615/388
f 232/299/390 231/516/392 235/518/393 234/300/394
s 2
f 231/516/395 230/98/144 236/99/158 235/518/396
s 40
f 234/300/394 233/517/397 437/619/398 436/140/399
f 233/517/397 240/301/400 438/141/401 437/619/398
f 240/301/400 239/520/402 243/522/403 242/302/404
s 2
f 239/520/405 238/100/159 244/101/173 243/522/406
s 40
f 242/302/404 241/521/407 445/623/408 444/142/409
f 241/521/407 248/303/410 446/143/411 445/623/408
f 248/303/410 247/524/412 251/526/413 250/304/414
s 2
f 247/524/415 246/102/174 252/103/188 251/526/416
s 40
f 250/304/414 249/525/417 453/627/418 452/144/419
f 249/525/417 256/305/420 454/145/421 453/627/418
f 256/305/420 255/528/422 259/530/423 258/306/424
s 2
f 255/528/425 254/104/189 260/105/203 259/530/426
s 40
f 258/306/424 257/529/427 461/631/428 460/146/429
f 257/529/427 264/307/430 462/147/431 461/631/428
f 264/307/430 263/532/432 267/534/433 266/308/434
s 2
f 263/532/435 262/106/204 268/107/218 267/534/436
s 40
f 266/308/434 265/533/437 469/635/438 468/148/439
f 265/533/437 272/309/440 470/149/441 469/635/438
f 272/309/440 271/536/442 275/538/443 274/310/444
s 2
f 271/536/445 270/108/219 276/109/233 275/538/446
s 40
f 274/310/444 273/537/447 477/639/448 476/150/449
f 273/537/447 280/311/450 478/151/451 477/639/448
f 280/311/450 279/540/452 283/542/453 282/312/454
s 2
f 279/540/455 278/110/234 284/111/248 283/542/456
s 40
f 282/312/454 281/541/457 485/643/458 484/152/459
f 281/541/457 288/313/460 486/153/461 485/643/458
f 288/313/460 287/544/462 291/546/463 290/314/464
s 2
f 287/544/465 286/112/249 292/113/263 291/546/466
s 40
f 290/314/464 289/545/467 493/647/468 492/154/469
f 289/545/467 296/315/470 494/155/471 493/647/468
f 296/315/470 295/548/472 299/550/473 298/316/474
s 2
f 295/548/475 294/114/264 300/115/278 299/550/476
s 40
f 298/316/474 297/549/477 501/651/478 500/156/479
f 297/549/477 304/317/480 502/157/481 501/651/478
f 304/317/480 303/552/482 307/554/483 306/318/484
s 2
f 303/552/485 302/116/279 308/117/293 307/554/486
s 40
f 306/318/484 305/553/487 509/655/488 508/158/489
f 305/553/487 312/319/490 510/159/491 509/655/488
f 312/319/490 311/556/492 315/558/493 314/320/494
s 2
f 311/556/495 310/118/294 316/119/299 315/558/496
s 40
f 314/320/494 313/557/497 517/659/498 516/160/499
f 313/557/497 320/120/310 518/121/500 517/659/498
s 41
f 362/122/501 361/581/502 523/663/503 522/360/504
f 361/581/502 368/322/505 524/163/506 523/663/503
s 40
f 364/321/304 363/582/507 519/660/508 518/121/500
s 41
f 363/582/509 362/122/501 520/161/510 519/660/511
f 368/322/505 367/584/512 371/586/513 370/323/514
s 40
f 367/584/515 366/123/306 372/124/319 371/586/516
s 41
f 370/323/514 369/585/517 535/672/518 534/164/519
f 369/585/517 376/324/520 536/166/521 535/672/518
f 376/324/520 375/588/522 379/590/523 378/325/524
s 40
f 375/588/525 374/125/321 380/126/329 379/590/526
s 41
f 378/325/524 377/589/527 583/698/528 582/167/529
f 377/589/527 384/326/530 584/190/531 583/698/528
f 384/326/530 383/592/532 387/594/533 386/327/534
s 40
f 383/592/535 382/127/331 388/128/339 387/594/536
s 41
f 386/327/534 385/593/537 591/704/538 590/191/539
f 385/593/537 392/328/540 592/193/541 591/704/538
f 392/328/540 391/596/542 395/598/543 394/329/544
s 40
f 391/596/545 390/129/341 396/130/349 395/598/546
s 41
f 394/329/544 393/597/547 599/710/548 598/194/549
f 393/597/547 400/330/550 600/196/551 599/710/548
f 400/330/550 399/600/552 403/602/553 402/331/554
s 40
f 399/600/555 398/131/351 404/132/359 403/602/556
s 41
f 402/331/554 401/601/557 607/716/558 606/197/559
f 401/601/557 408/332/560 608/199/561 607/716/558
f 408/332/560 407/604/562 411/606/563 410/333/564
s 40
f 407/604/565 406/133/361 412/134/369 411/606/566
s 41
f 410/333/564 409/605/567 615/722/568 614/200/569
f 409/605/567 416/334/570 616/202/571 615/722/568
f 416/334/570 415/608/572 419/610/573 418/335/574
s 40
f 415/608/575 414/135/371 420/136/379 419/610/576
s 41
f 418/335/574 417/609/577 623/728/578 622/203/579
f 417/609/577 424/336/580 624/205/581 623/728/578
f 424/336/580 423/612/582 427/614/583 426/337/584
s 40
f 423/612/585 422/137/381 428/138/389 427/614/586
s 41
f 426/337/584 425/613/587 631/734/588 630/206/589
f 425/613/587 432/338/590 632/208/591 631/734/588
f 432/338/590 431/616/592 435/618/593 434/339/594
s 40
f 431/616/595 430/139/391 436/140/399 435/618/596
s 41
f 434/339/594 433/617/597 639/740/598 638/209/599
f 433/617/597 440/340/600 640/211/601 639/740/598
f 440/340/600 439/620/602 443/622/603 442/341/604
s 40
f 439/620/605 438/141/401 444/142/409 443/622/606
s 41
f 442/341/604 441/621/607 647/746/608 646/212/609
f 441/621/607 448/342/610 648/214/611 647/746/608
f 448/342/610 447/624/612 451/626/613 450/343/614
s 40
f 447/624/615 446/143/411 452/144/419 451/626/616
s 41
f 450/343/614 449/625/617 655/752/618 654/215/619
f 449/625/617 456/344/620 656/217/621 655/752/618
f 456/344/620 455/628/622 459/630/623 458/345/624
s 40
f 455/628/625 454/145/421 460/146/429 459/630/626
s 41
f 458/345/624 457/629/627 663/758/628 662/218/629
f 457/629/627 464/346/630 664/220/631 663/758/628
f 464/346/630 463/632/632 467/634/633 466/347/634
s 40
f 463/632/635 462/147/431 468/148/439 467/634/636
s 41
f 466/347/634 465/633/637 671/764/638 670/221/639
f 465/633/637 472/348/640 672/223/641 671/764/638
f 472/348/640 471/636/642 475/638/643 474/349/644
s 40
f 471/636/645 470/149/441 476/150/449 475/638/646
s 41
f 474/349/644 473/637/647 679/770/648 678/224/649
f 473/637/647 480/350/650 680/226/651 679/770/648
f 480/350/650 479/640/652 483/642/653 482/351/654
s 40
f 479/640/655 478/151/451 484/152/459 483/642/656
s 41
f 482/351/654 481/641/657 687/776/658 686/227/659
f 481/641/657 488/352/660 688/229/661 687/776/658
f 488/352/660 487/644/662 491/646/663 490/353/664
s 40
f 487/644/665 486/153/461 492/154/469 491/646/666
s 41
f 490/353/664 489/645/667 695/782/668 694/230/669
f 489/645/667 496/354/670 696/232/671 695/782/668
f 496/354/670 495/648/672 499/650/673 498/355/674
s 40
f 495/648/675 494/155/471 500/156/479 499/650/676
s 41
f 498/355/674 497/649/677 703/788/678 702/233/679
f 497/649/677 504/356/680 704/235/681 703/788/678
f 504/356/680 503/652/682 507/654/683 506/357/684
s 40
f 503/652/685 502/157/481 508/158/489 507/654/686
s 41
f 506/357/684 505/653/687 711/794/688 710/236/689
f 505/653/687 512/358/690 712/238/691 711/794/688
f 512/358/690 511/656/692 515/658/693 514/359/694
s 40
f 511/656/695 510/159/491 516/160/499 515/658/696
s 41
f 514/359/694 513/657/697 719/800/698 718/239/699
f 513/657/697 520/161/510 720/162/700 719/800/698
f 522/360/504 521/661/701 713/796/702 720/162/700
s 42
f 521/662/703 528/281/704 714/170/705 713/795/706
f 526/165/707 525/664/708 533/671/709 532/262/710
s 41
f 525/665/711 524/163/506 534/164/519 533/670/712
s 42
f 528/281/704 527/666/713 539/674/714 538/282/715
f 527/666/713 526/165/707 540/168/716 539/674/714
f 530/169/717 529/667/718 581/697/719 580/172/720
s 41
f 529/668/721 536/166/521 582/167/529 581/696/722
s 42
f 532/262/710 531/669/723 541/675/724 540/168/716
f 531/669/723 530/169/717 542/171/725 541/675/724
f 538/282/715 537/673/726 715/797/727 714/170/705
f 537/673/726 576/280/728 716/237/729 715/797/727
f 544/173/730 543/676/731 579/695/732 578/263/733
f 543/676/731 542/171/725 580/172/720 579/695/732
f 546/174/734 545/677/735 587/701/736 586/264/737
f 545/677/735 544/173/730 588/189/738 587/701/736
f 548/175/739 547/678/740 595/707/741 594/265/742
f 547/678/740 546/174/734 596/192/743 595/707/741
f 550/176/744 549/679/745 603/713/746 602/266/747
f 549/679/745 548/175/739 604/195/748 603/713/746
f 552/177/749 551/680/750 611/719/751 610/267/752
f 551/680/750 550/176/744 612/198/753 611/719/751
f 554/178/754 553/681/755 619/725/756 618/268/757
f 553/681/755 552/177/749 620/201/758 619/725/756
f 556/179/759 555/682/760 627/731/761 626/269/762
f 555/682/760 554/178/754 628/204/763 627/731/761
f 558/180/764 557/683/765 635/737/766 634/270/767
f 557/683/765 556/179/759 636/207/768 635/737/766
f 560/181/769 559/684/770 643/743/771 642/271/772
f 559/684/770 558/180/764 644/210/773 643/743/771
f 562/182/774 561/685/775 651/749/776 650/272/777
f 561/685/775 560/181/769 652/213/778 651/749/776
f 564/183/779 563/686/780 659/755/781 658/273/782
f 563/686/780 562/182/774 660/216/783 659/755/781
f 566/184/784 565/687/785 667/761/786 666/274/787
f 565/687/785 564/183/779 668/219/788 667/761/786
f 568/185/789 567/688/790 675/767/791 674/275/792
f 567/688/790 566/184/784 676/222/793 675/767/791
f 570/186/794 569/689/795 683/773/796 682/276/797
f 569/689/795 568/185/789 684/225/798 683/773/796
f 572/187/799 571/690/800 691/779/801 690/277/802
f 571/690/800 570/186/794 692/228/803 691/779/801
f 574/188/804 573/691/805 699/785/806 698/278/807
f 573/691/805 572/187/799 700/231/808 699/785/806
f 576/280/728 575/692/809 707/791/810 706/279/811
f 575/692/809 574/188/804 708/234/812 707/791/810
f 578/263/733 577/693/813 589/703/814 588/189/738
s 41
f 577/694/815 584/190/531 590/191/539 589/702/816
s 42
f 586/264/737 585/699/817 597/709/818 596/192/743
s 41
f 585/700/819 592/193/541 598/194/549 597/708/820
s 42
f 594/265/742 593/705/821 605/715/822 604/195/748
s 41
f 593/706/823 600/196/551 606/197/559 605/714/824
s 42
f 602/266/747 601/711/825 613/721/826 612/198/753
s 41
f 601/712/827 608/199/561 614/200/569 613/720/828
s 42
f 610/267/752 609/717/829 621/727/830 620/201/758
s 41
f 609/718/831 616/202/571 622/203/579 621/726/832
s 42
f 618/268/757 617/723/833 629/733/834 628/204/763
s 41
f 617/724/835 624/205/581 630/206/589 629/732/836
s 42
f 626/269/762 625/729/837 637/739/838 636/207/768
s 41
f 625/730/839 632/208/591 638/209/599 637/738/840
s 42
f 634/270/767 633/735/841 645/745/842 644/210/773
s 41
f 633/736/843 640/211/601 646/212/609 645/744/844
s 42
f 642/271/772 641/741/845 653/751/846 652/213/778
s 41
f 641/742/847 648/214/611 654/215/619 653/750/848
s 42
f 650/272/777 649/747/849 661/757/850 660/216/783
s 41
f 649/748/851 656/217/621 662/218/629 661/756/852
s 42
f 658/273/782 657/753/853 669/763/854 668/219/788
s 41
f 657/754/855 664/220/631 670/221/639 669/762/856
s 42
f 666/274/787 665/759/857 677/769/858 676/222/793
s 41
f 665/760/859 672/223/641 678/224/649 677/768/860
s 42
f 674/275/792 673/765/861 685/775/862 684/225/798
s 41
f 673/766/863 680/226/651 686/227/659 685/774/864
s 42
f 682/276/797 681/771/865 693/781/866 692/228/803
s 41
f 681/772/867 688/229/661 694/230/669 693/780/868
s 42
f 690/277/802 689/777/869 701/787/870 700/231/808
s 41
f 689/778/871 696/232/671 702/233/679 701/786/872
s 42
f 698/278/807 697/783/873 709/793/874 708/234/812
s 41
f 697/784/875 704/235/681 710/236/689 709/792/876
s 42
f 706/279/811 705/789/877 717/799/878 716/237/729
s 41
f 705/790/879 712/238/691 718/239/699 717/798/880
s 2
f 4/2/7 14/240/10 172/83/38 166/82/18
f 12/7/29 22/241/32 180/85/53 174/84/39
f 20/11/44 30/242/47 188/87/68 182/86/54
f 28/15/59 38/243/62 196/89/83 190/88/69
f 36/19/74 46/244/77 204/91/98 198/90/84
f 44/23/89 54/245/92 212/93/113 206/92/99
f 52/27/104 62/246/107 220/95/128 214/94/114
f 60/31/119 70/247/122 228/97/143 222/96/129
f 68/35/134 78/248/137 236/99/158 230/98/144
f 76/39/149 86/249/152 244/101/173 238/100/159
f 84/43/164 94/250/167 252/103/188 246/102/174
f 92/47/179 102/251/182 260/105/203 254/104/189
f 100/51/194 110/252/197 268/107/218 262/106/204
f 108/55/209 118/253/212 276/109/233 270/108/219
f 116/59/224 126/254/227 284/111/248 278/110/234
f 124/63/239 134/255/242 292/113/263 286/112/249
f 132/67/254 142/256/257 300/115/278 294/114/264
f 140/71/269 150/257/272 308/117/293 302/116/279
f 148/75/284 158/258/287 316/119/299 310/118/294
f 156/79/23 6/3/14 164/259/17 318/80/300
s 1
f 16/4/12 2/1/1 358/5/4
f 24/8/34 10/6/25 356/9/28
f 32/12/49 18/10/40 354/13/43
f 40/16/64 26/14/55 352/17/58
f 48/20/79 34/18/70 350/21/73
f 56/24/94 42/22/85 348/25/88
f 64/28/109 50/26/100 346/29/103
f 72/32/124 58/30/115 344/33/118
f 80/36/139 66/34/130 342/37/133
f 88/40/154 74/38/145 340/41/148
f 96/44/169 82/42/160 338/45/163
f 104/48/184 90/46/175 336/49/178
f 112/52/199 98/50/190 334/53/193
f 120/56/214 106/54/205 332/57/208
f 128/60/229 114/58/220 330/61/223
f 136/64/244 122/62/235 328/65/238
f 144/68/259 130/66/250 326/69/253
f 152/72/274 138/70/265 324/73/268
f 160/77/289 146/74/280 322/78/283
f 8/260/5 154/261/21 360/76/6
s 42
f 526/165/707 532/262/710 540/168/716
f 530/169/717 580/172/720 542/171/725
f 578/263/733 588/189/738 544/173/730
f 586/264/737 596/192/743 546/174/734
f 594/265/742 604/195/748 548/175/739
f 602/266/747 612/198/753 550/176/744
f 610/267/752 620/201/758 552/177/749
f 618/268/757 628/204/763 554/178/754
f 626/269/762 636/207/768 556/179/759
f 634/270/767 644/210/773 558/180/764
f 642/271/772 652/213/778 560/181/769
f 650/272/777 660/216/783 562/182/774
f 658/273/782 668/219/788 564/183/779
f 666/274/787 676/222/793 566/184/784
f 674/275/792 684/225/798 568/185/789
f 682/276/797 692/228/803 570/186/794
f 690/277/802 700/231/808 572/187/799
f 698/278/807 708/234/812 574/188/804
f 706/279/811 716/237/729 576/280/728
f 714/170/705 528/281/704 538/282/715
s 40
f 168/283/305 170/284/314 372/124/319 366/123/306
f 176/285/320 178/286/324 380/126/329 374/125/321
f 184/287/330 186/288/334 388/128/339 382/127/331
f 192/289/340 194/290/344 396/130/349 390/129/341
f 200/291/350 202/292/354 404/132/359 398/131/351
f 208/293/360 210/294/364 412/134/369 406/133/361
f 216/295/370 218/296/374 420/136/379 414/135/371
f 224/297/380 226/298/384 428/138/389 422/137/381
f 232/299/390 234/300/394 436/140/399 430/139/391
f 240/301/400 242/302/404 444/142/409 438/141/401
f 248/303/410 250/304/414 452/144/419 446/143/411
f 256/305/420 258/306/424 460/146/429 454/145/421
f 264/307/430 266/308/434 468/148/439 462/147/431
f 272/309/440 274/310/444 476/150/449 470/149/441
f 280/311/450 282/312/454 484/152/459 478/151/451
f 288/313/460 290/314/464 492/154/469 486/153/461
f 296/315/470 298/316/474 500/156/479 494/155/471
f 304/317/480 306/318/484 508/158/489 502/157/481
f 312/319/490 314/320/494 516/160/499 510/159/491
f 320/120/310 162/81/301 364/321/304 518/121/500
s 41
f 368/322/505 370/323/514 534/164/519 524/163/506
f 376/324/520 378/325/524 582/167/529 536/166/521
f 384/326/530 386/327/534 590/191/539 584/190/531
f 392/328/540 394/329/544 598/194/549 592/193/541
f 400/330/550 402/331/554 606/197/559 600/196/551
f 408/332/560 410/333/564 614/200/569 608/199/561
f 416/334/570 418/335/574 622/203/579 616/202/571
f 424/336/580 426/337/584 630/206/589 624/205/581
f 432/338/590 434/339/594 638/209/599 632/208/591
f 440/340/600 442/341/604 646/212/609 640/211/601
f 448/342/610 450/343/614 654/215/619 648/214/611
f 456/344/620 458/345/624 662/218/629 656/217/621
f 464/346/630 466/347/634 670/221/639 664/220/631
f 472/348/640 474/349/644 678/224/649 672/223/641
f 480/350/650 482/351/654 686/227/659 680/226/651
f 488/352/660 490/353/664 694/230/669 688/229/661
f 496/354/670 498/355/674 702/233/679 696/232/671
f 504/356/680 506/357/684 710/236/689 704/235/681
f 512/358/690 514/359/694 718/239/699 712/238/691
f 520/161/510 362/122/501 522/360/504 720/162/700
s 1
f 7/365/19 8/260/5 1/361/2 721/802/881
f 1/361/2 2/1/1 3/363/11 721/802/881
s 2
f 3/362/8 4/2/7 5/364/15 721/801/882
f 5/364/15 6/3/14 7/366/22 721/801/882
s 1
f 15/371/13 16/4/12 9/367/26 722/804/883
f 9/367/26 10/6/25 11/369/33 722/804/883
s 2
f 11/368/30 12/7/29 13/370/36 722/803/884
f 13/370/36 14/240/10 15/372/9 722/803/884
s 1
f 23/377/35 24/8/34 17/373/41 723/806/885
f 17/373/41 18/10/40 19/375/48 723/806/885
s 2
f 19/374/45 20/11/44 21/376/51 723/805/886
f 21/376/51 22/241/32 23/378/31 723/805/886
s 1
f 31/383/50 32/12/49 25/379/56 724/808/887
f 25/379/56 26/14/55 27/381/63 724/808/887
s 2
f 27/380/60 28/15/59 29/382/66 724/807/888
f 29/382/66 30/242/47 31/384/46 724/807/888
s 1
f 39/389/65 40/16/64 33/385/71 725/810/889
f 33/385/71 34/18/70 35/387/78 725/810/889
s 2
f 35/386/75 36/19/74 37/388/81 725/809/890
f 37/388/81 38/243/62 39/390/61 725/809/890
s 1
f 47/395/80 48/20/79 41/391/86 726/812/891
f 41/391/86 42/22/85 43/393/93 726/812/891
s 2
f 43/392/90 44/23/89 45/394/96 726/811/892
f 45/394/96 46/244/77 47/396/76 726/811/892
s 1
f 55/401/95 56/24/94 49/397/101 727/814/893
f 49/397/101 50/26/100 51/399/108 727/814/893
s 2
f 51/398/105 52/27/104 53/400/111 727/813/894
f 53/400/111 54/245/92 55/402/91 727/813/894
s 1
f 63/407/110 64/28/109 57/403/116 728/816/895
f 57/403/116 58/30/115 59/405/123 728/816/895
s 2
f 59/404/120 60/31/119 61/406/126 728/815/896
f 61/406/126 62/246/107 63/408/106 728/815/896
s 1
f 71/413/125 72/32/124 65/409/131 729/818/897
f 65/409/131 66/34/130 67/411/138 729/818/897
s 2
f 67/410/135 68/35/134 69/412/141 729/817/898
f 69/412/141 70/247/122 71/414/121 729/817/898
s 1
f 79/419/140 80/36/139 73/415/146 730/820/899
f 73/415/146 74/38/145 75/417/153 730/820/899
s 2
f 75/416/150 76/39/149 77/418/156 730/819/900
f 77/418/156 78/248/137 79/420/136 730/819/900
s 1
f 87/425/155 88/40/154 81/421/161 731/822/901
f 81/421/161 82/42/160 83/423/168 731/822/901
s 2
f 83/422/165 84/43/164 85/424/171 731/821/902
f 85/424/171 86/249/152 87/426/151 731/821/902
s 1
f 95/431/170 96/44/169 89/427/176 732/824/903
f 89/427/176 90/46/175 91/429/183 732/824/903
s 2
f 91/428/180 92/47/179 93/430/186 732/823/904
f 93/430/186 94/250/167 95/432/166 732/823/904
s 1
f 103/437/185 104/48/184 97/433/191 733/826/905
f 97/433/191 98/50/190 99/435/198 733/826/905
s 2
f 99/434/195 100/51/194 101/436/201 733/825/906
f 101/436/201 102/251/182 103/438/181 733/825/906
s 1
f 111/443/200 112/52/199 105/439/206 734/828/907
f 105/439/206 106/54/205 107/441/213 734/828/907
s 2
f 107/440/210 108/55/209 109/442/216 734/827/908
f 109/442/216 110/252/197 111/444/196 734/827/908
s 1
f 119/449/215 120/56/214 113/445/221 735/830/909
f 113/445/221 114/58/220 115/447/228 735/830/909
s 2
f 115/446/225 116/59/224 117/448/231 735/829/910
f 117/448/231 118/253/212 119/450/211 735/829/910
s 1
f 127/455/230 128/60/229 121/451/236 736/832/911
f 121/451/236 122/62/235 123/453/243 736/832/911
s 2
f 123/452/240 124/63/239 125/454/246 736/831/912
f 125/454/246 126/254/227 127/456/226 736/831/912
s 1
f 135/461/245 136/64/244 129/457/251 737/834/913
f 129/457/251 130/66/250 131/459/258 737/834/913
s 2
f 131/458/255 132/67/254 133/460/261 737/833/914
f 133/460/261 134/255/242 135/462/241 737/833/914
s 1
f 143/467/260 144/68/259 137/463/266 738/836/915
f 137/463/266 138/70/265 139/465/273 738/836/915
s 2
f 139/464/270 140/71/269 141/466/276 738/835/916
f 141/466/276 142/256/257 143/468/256 738/835/916
s 1
f 151/473/275 152/72/274 145/469/281 739/838/917
f 145/469/281 146/74/280 147/471/288 739/838/917
s 2
f 147/470/285 148/75/284 149/472/291 739/837/918
f 149/472/291 150/257/272 151/474/271 739/837/918
s 1
f 159/479/290 160/77/289 153/475/295 740/840/919
f 153/475/295 154/261/21 155/477/20 740/840/919
s 2
f 155/476/24 156/79/23 157/478/297 740/839/920
f 157/478/297 158/258/287 159/480/286 740/839/920
s 40
f 167/484/312 168/283/305 161/481/302 741/841/921
f 161/481/302 162/81/301 163/482/309 741/841/921
s 2
f 163/482/307 164/259/17 165/483/16 741/841/922
f 165/483/16 166/82/18 167/484/315 741/841/922
s 40
f 175/488/322 176/285/320 169/485/317 742/842/923
f 169/485/317 170/284/314 171/486/313 742/842/923
s 2
f 171/486/316 172/83/38 173/487/37 742/842/924
f 173/487/37 174/84/39 175/488/325 742/842/924
s 40
f 183/492/332 184/287/330 177/489/327 743/843/925
f 177/489/327 178/286/324 179/490/323 743/843/925
s 2
f 179/490/326 180/85/53 181/491/52 743/843/926
f 181/491/52 182/86/54 183/492/335 743/843/926
s 40
f 191/496/342 192/289/340 185/493/337 744/844/927
f 185/493/337 186/288/334 187/494/333 744/844/927
s 2
f 187/494/336 188/87/68 189/495/67 744/844/928
f 189/495/67 190/88/69 191/496/345 744/844/928
s 40
f 199/500/352 200/291/350 193/497/347 745/845/929
f 193/497/347 194/290/344 195/498/343 745/845/929
s 2
f 195/498/346 196/89/83 197/499/82 745/845/930
f 197/499/82 198/90/84 199/500/355 745/845/930
s 40
f 207/504/362 208/293/360 201/501/357 746/846/931
f 201/501/357 202/292/354 203/502/353 746/846/931
s 2
f 203/502/356 204/91/98 205/503/97 746/846/932
f 205/503/97 206/92/99 207/504/365 746/846/932
s 40
f 215/508/372 216/295/370 209/505/367 747/847/933
f 209/505/367 210/294/364 211/506/363 747/847/933
s 2
f 211/506/366 212/93/113 213/507/112 747/847/934
f 213/507/112 214/94/114 215/508/375 747/847/934
s 40
f 223/512/382 224/297/380 217/509/377 748/848/935
f 217/509/377 218/296/374 219/510/373 748/848/935
s 2
f 219/510/376 220/95/128 221/511/127 748/848/936
f 221/511/127 222/96/129 223/512/385 748/848/936
s 40
f 231/516/392 232/299/390 225/513/387 749/849/937
f 225/513/387 226/298/384 227/514/383 749/849/937
s 2
f 227/514/386 228/97/143 229/515/142 749/849/938
f 229/515/142 230/98/144 231/516/395 749/849/938
s 40
f 239/520/402 240/301/400 233/517/397 750/850/939
f 233/517/397 234/300/394 235/518/393 750/850/939
s 2
f 235/518/396 236/99/158 237/519/157 750/850/940
f 237/519/157 238/100/159 239/520/405 750/850/940
s 40
f 247/524/412 248/303/410 241/521/407 751/851/941
f 241/521/407 242/302/404 243/522/403 751/851/941
s 2
f 243/522/406 244/101/173 245/523/172 751/851/942
f 245/523/172 246/102/174 247/524/415 751/851/942
s 40
f 255/528/422 256/305/420 249/525/417 752/852/943
f 249/525/417 250/304/414 251/526/413 752/852/943
s 2
f 251/526/416 252/103/188 253/527/187 752/852/944
f 253/527/187 254/104/189 255/528/425 752/852/944
s 40
f 263/532/432 264/307/430 257/529/427 753/853/945
f 257/529/427 258/306/424 259/530/423 753/853/945
s 2
f 259/530/426 260/105/203 261/531/202 753/853/946
f 261/531/202 262/106/204 263/532/435 753/853/946
s 40
f 271/536/442 272/309/440 265/533/437 754/854/947
f 265/533/437 266/308/434 267/534/433 754/854/947
s 2
f 267/534/436 268/107/218 269/535/217 754/854/948
f 269/535/217 270/108/219 271/536/445 754/854/948
s 40
f 279/540/452 280/311/450 273/537/447 755/855/949
f 273/537/447 274/310/444 275/538/443 755/855/949
s 2
f 275/538/446 276/109/233 277/539/232 755/855/950
f 277/539/232 278/110/234 279/540/455 755/855/950
s 40
f 287/544/462 288/313/460 281/541/457 756/856/951
f 281/541/457 282/312/454 283/542/453 756/856/951
s 2
f 283/542/456 284/111/248 285/543/247 756/856/952
f 285/543/247 286/112/249 287/544/465 756/856/952
s 40
f 295/548/472 296/315/470 289/545/467 757/857/953
f 289/545/467 290/314/464 291/546/463 757/857/953
s 2
f 291/546/466 292/113/263 293/547/262 757/857/954
f 293/547/262 294/114/264 295/548/475 757/857/954
s 40
f 303/552/482 304/317/480 297/549/477 758/858/955
f 297/549/477 298/316/474 299/550/473 758/858/955
s 2
f 299/550/476 300/115/278 301/551/277 758/858/956
f 301/551/277 302/116/279 303/552/485 758/858/956
s 40
f 311/556/492 312/319/490 305/553/487 759/859/957
f 305/553/487 306/318/484 307/554/483 759/859/957
s 2
f 307/554/486 308/117/293 309/555/292 759/859/958
f 309/555/292 310/118/294 311/556/495 759/859/958
s 40
f 319/560/311 320/120/310 313/557/497 760/860/959
f 313/557/497 314/320/494 315/558/493 760/860/959
s 2
f 315/558/496 316/119/299 317/559/298 760/860/960
f 317/559/298 318/80/300 319/560/308 760/860/960
s 1
f 359/580/3 360/76/6 321/561/296 761/861/961
f 321/561/296 322/78/283 323/562/282 761/861/961
f 323/562/282 324/73/268 325/563/267 761/861/961
f 325/563/267 326/69/253 327/564/252 761/861/961
f 327/564/252 328/65/238 329/565/237 761/861/961
f 329/565/237 330/61/223 331/566/222 761/861/961
f 331/566/222 332/57/208 333/567/207 761/861/961
f 333/567/207 334/53/193 335/568/192 761/861/961
f 335/568/192 336/49/178 337/569/177 761/861/961
f 337/569/177 338/45/163 339/570/162 761/861/961
f 339/570/162 340/41/148 341/571/147 761/861/961
f 341/571/147 342/37/133 343/572/132 761/861/961
f 343/572/132 344/33/118 345/573/117 761/861/961
f 345/573/117 346/29/103 347/574/102 761/861/961
f 347/574/102 348/25/88 349/575/87 761/861/961
f 349/575/87 350/21/73 351/576/72 761/861/961
f 351/576/72 352/17/58 353/577/57 761/861/961
f 353/577/57 354/13/43 355/578/42 761/861/961
f 355/578/42 356/9/28 357/579/27 761/861/961
f 357/579/27 358/5/4 359/580/3 761/861/961
s 41
f 367/584/512 368/322/505 361/581/502 762/862/962
f 361/581/502 362/122/501 363/582/509 762/862/962
s 40
f 363/582/507 364/321/304 365/583/303 762/862/963
f 365/583/303 366/123/306 367/584/515 762/862/963
s 41
f 375/588/522 376/324/520 369/585/517 763/863/964
f 369/585/517 370/323/514 371/586/513 763/863/964
s 40
f 371/586/516 372/124/319 373/587/318 763/863/965
f 373/587/318 374/125/321 375/588/525 763/863/965
s 41
f 383/592/532 384/326/530 377/589/527 764/864/966
f 377/589/527 378/325/524 379/590/523 764/864/966
s 40
f 379/590/526 380/126/329 381/591/328 764/864/967
f 381/591/328 382/127/331 383/592/535 764/864/967
s 41
f 391/596/542 392/328/540 385/593/537 765/865/968
f 385/593/537 386/327/534 387/594/533 765/865/968
s 40
f 387/594/536 388/128/339 389/595/338 765/865/969
f 389/595/338 390/129/341 391/596/545 765/865/969
s 41
f 399/600/552 400/330/550 393/597/547 766/866/970
f 393/597/547 394/329/544 395/598/543 766/866/970
s 40
f 395/598/546 396/130/349 397/599/348 766/866/971
f 397/599/348 398/131/351 399/600/555 766/866/971
s 41
f 407/604/562 408/332/560 401/601/557 767/867/972
f 401/601/557 402/331/554 403/602/553 767/867/972
s 40
f 403/602/556 404/132/359 405/603/358 767/867/973
f 405/603/358 406/133/361 407/604/565 767/867/973
s 41
f 415/608/572 416/334/570 409/605/567 768/868/974
f 409/605/567 410/333/564 411/606/563 768/868/974
s 40
f 411/606/566 412/134/369 413/607/368 768/868/975
f 413/607/368 414/135/371 415/608/575 768/868/975
s 41
f 423/612/582 424/336/580 417/609/577 769/869/976
f 417/609/577 418/335/574 419/610/573 769/869/976
s 40
f 419/610/576 420/136/379 421/611/378 769/869/977
f 421/611/378 422/137/381 423/612/585 769/869/977
s 41
f 431/616/592 432/338/590 425/613/587 770/870/978
f 425/613/587 426/337/584 427/614/583 770/870/978
s 40
f 427/614/586 428/138/389 429/615/388 770/870/979
f 429/615/388 430/139/391 431/616/595 770/870/979
s 41
f 439/620/602 440/340/600 433/617/597 771/871/980
f 433/617/597 434/339/594 435/618/593 771/871/980
s 40
f 435/618/596 436/140/399 437/619/398 771/871/981
f 437/619/398 438/141/401 439/620/605 771/871/981
s 41
f 447/624/612 448/342/610 441/621/607 772/872/982
f 441/621/607 442/341/604 443/622/603 772/872/982
s 40
f 443/622/606 444/142/409 445/623/408 772/872/983
f 445/623/408 446/143/411 447/624/615 772/872/983
s 41
f 455/628/622 456/344/620 449/625/617 773/873/984
f 449/625/617 450/343/614 451/626/613 773/873/984
s 40
f 451/626/616 452/144/419 453/627/418 773/873/985
f 453/627/418 454/145/421 455/628/625 773/873/985
s 41
f 463/632/632 464/346/630 457/629/627 774/874/986
f 457/629/627 458/345/624 459/630/623 774/874/986
s 40
f 459/630/626 460/146/429 461/631/428 774/874/987
f 461/631/428 462/147/431 463/632/635 774/874/987
s 41
f 471/636/642 472/348/640 465/633/637 775/875/988
f 465/633/637 466/347/634 467/634/633 775/875/988
s 40
f 467/634/636 468/148/439 469/635/438 775/875/989
f 469/635/438 470/149/441 471/636/645 775/875/989
s 41
f 479/640/652 480/350/650 473/637/647 776/876/990
f 473/637/647 474/349/644 475/638/643 776/876/990
s 40
f 475/638/646 476/150/449 477/639/448 776/876/991
f 477/639/448 478/151/451 479/640/655 776/876/991
s 41
f 487/644/662 488/352/660 481/641/657 777/877/992
f 481/641/657 482/351/654 483/642/653 777/877/992
s 40
f 483/642/656 484/152/459 485/643/458 777/877/993
f 485/643/458 486/153/461 487/644/665 777/877/993
s 41
f 495/648/672 496/354/670 489/645/667 778/878/994
f 489/645/667 490/353/664 491/646/663 778/878/994
s 40
f 491/646/666 492/154/469 493/647/468 778/878/995
f 493/647/468 494/155/471 495/648/675 778/878/995
s 41
f 503/652/682 504/356/680 497/649/677 779/879/996
f 497/649/677 498/355/674 499/650/673 779/879/996
s 40
f 499/650/676 500/156/479 501/651/478 779/879/997
f 501/651/478 502/157/481 503/652/685 779/879/997
s 41
f 511/656/692 512/358/690 505/653/687 780/880/998
f 505/653/687 506/357/684 507/654/683 780/880/998
s 40
f 507/654/686 508/158/489 509/655/488 780/880/999
f 509/655/488 510/159/491 511/656/695 780/880/999
s 41
f 519/660/511 520/161/510 513/657/697 781/881/1000
f 513/657/697 514/359/694 515/658/693 781/881/1000
s 40
f 515/658/696 516/160/499 517/659/498 781/881/1001
f 517/659/498 518/121/500 519/660/508 781/881/1001
s 42
f 527/666/713 528/281/704 521/662/703 782/883/1002
s 41
f 521/661/701 522/360/504 523/663/503 782/882/1003
f 523/663/503 524/163/506 525/665/711 782/882/1003
s 42
f 525/664/708 526/165/707 527/666/713 782/883/1002
s 41
f 535/672/518 536/166/521 529/668/721 783/885/1004
s 42
f 529/667/718 530/169/717 531/669/723 783/884/1005
f 531/669/723 532/262/710 533/671/709 783/884/1005
s 41
f 533/670/712 534/164/519 535/672/518 783/885/1004
s 42
f 575/692/809 576/280/728 537/673/726 784/886/1006
f 537/673/726 538/282/715 539/674/714 784/886/1006
f 539/674/714 540/168/716 541/675/724 784/886/1006
f 541/675/724 542/171/725 543/676/731 784/886/1006
f 543/676/731 544/173/730 545/677/735 784/886/1006
f 545/677/735 546/174/734 547/678/740 784/886/1006
f 547/678/740 548/175/739 549/679/745 784/886/1006
f 549/679/745 550/176/744 551/680/750 784/886/1006
f 551/680/750 552/177/749 553/681/755 784/886/1006
f 553/681/755 554/178/754 555/682/760 784/886/1006
f 555/682/760 556/179/759 557/683/765 784/886/1006
f 557/683/765 558/180/764 559/684/770 784/886/1006
f 559/684/770 560/181/769 561/685/775 784/886/1006
f 561/685/775 562/182/774 563/686/780 784/886/1006
f 563/686/780 564/183/779 565/687/785 784/886/1006
f 565/687/785 566/184/784 567/688/790 784/886/1006
f 567/688/790 568/185/789 569/689/795 784/886/1006
f 569/689/795 570/186/794 571/690/800 784/886/1006
f 571/690/800 572/187/799 573/691/805 784/886/1006
f 573/691/805 574/188/804 575/692/809 784/886/1006
s 41
f 583/698/528 584/190/531 577/694/815 785/888/1007
s 42
f 577/693/813 578/263/733 579/695/732 785/887/1008
f 579/695/732 580/172/720 581/697/719 785/887/1008
s 41
f 581/696/722 582/167/529 583/698/528 785/888/1007
f 591/704/538 592/193/541 585/700/819 786/890/1009
s 42
f 585/699/817 586/264/737 587/701/736 786/889/1010
f 587/701/736 588/189/738 589/703/814 786/889/1010
s 41
f 589/702/816 590/191/539 591/704/538 786/890/1009
f 599/710/548 600/196/551 593/706/823 787/892/1011
s 42
f 593/705/821 594/265/742 595/707/741 787/891/1012
f 595/707/741 596/192/743 597/709/818 787/891/1012
s 41
f 597/708/820 598/194/549 599/710/548 787/892/1011
f 607/716/558 608/199/561 601/712/827 788/894/1013
s 42
f 601/711/825 602/266/747 603/713/746 788/893/1014
f 603/713/746 604/195/748 605/715/822 788/893/1014
s 41
f 605/714/824 606/197/559 607/716/558 788/894/1013
f 615/722/568 616/202/571 609/718/831 789/896/1015
s 42
f 609/717/829 610/267/752 611/719/751 789/895/1016
f 611/719/751 612/198/753 613/721/826 789/895/1016
s 41
f 613/720/828 614/200/569 615/722/568 789/896/1015
f 623/728/578 624/205/581 617/724/835 790/898/1017
s 42
f 617/723/833 618/268/757 619/725/756 790/897/1018
f 619/725/756 620/201/758 621/727/830 790/897/1018
s 41
f 621/726/832 622/203/579 623/728/578 790/898/1017
f 631/734/588 632/208/591 625/730/839 791/900/1019
s 42
f 625/729/837 626/269/762 627/731/761 791/899/1020
f 627/731/761 628/204/763 629/733/834 791/899/1020
s 41
f 629/732/836 630/206/589 631/734/588 791/900/1019
f 639/740/598 640/211/601 633/736/843 792/902/1021
s 42
f 633/735/841 634/270/767 635/737/766 792/901/1022
f 635/737/766 636/207/768 637/739/838 792/901/1022
s 41
f 637/738/840 638/209/599 639/740/598 792/902/1021
f 647/746/608 648/214/611 641/742/847 793/904/1023
s 42
f 641/741/845 642/271/772 643/743/771 793/903/1024
f 643/743/771 644/210/773 645/745/842 793/903/1024
s 41
f 645/744/844 646/212/609 647/746/608 793/904/1023
f 655/752/618 656/217/621 649/748/851 794/906/1025
s 42
f 649/747/849 650/272/777 651/749/776 794/905/1026
f 651/749/776 652/213/778 653/751/846 794/905/1026
s 41
f 653/750/848 654/215/619 655/752/618 794/906/1025
f 663/758/628 664/220/631 657/754/855 795/908/1027
s 42
f 657/753/853 658/273/782 659/755/781 795/907/1028
f 659/755/781 660/216/783 661/757/850 795/907/1028
s 41
f 661/756/852 662/218/629 663/758/628 795/908/1027
f 671/764/638 672/223/641 665/760/859 796/910/1029
s 42
f 665/759/857 666/274/787 667/761/786 796/909/1030
f 667/761/786 668/219/788 669/763/854 796/909/1030
s 41
f 669/762/856 670/221/639 671/764/638 796/910/1029
f 679/770/648 680/226/651 673/766/863 797/912/1031
s 42
f 673/765/861 674/275/792 675/767/791 797/911/1032
f 675/767/791 676/222/793 677/769/858 797/911/1032
s 41
f 677/768/860 678/224/649 679/770/648 797/912/1031
f 687/776/658 688/229/661 681/772/867 798/914/1033
s 42
f 681/771/865 682/276/797 683/773/796 798/913/1034
f 683/773/796 684/225/798 685/775/862 798/913/1034
s 41
f 685/774/864 686/227/659 687/776/658 798/914/1033
f 695/782/668 696/232/671 689/778/871 799/916/1035
s 42
f 689/777/869 690/277/802 691/779/801 799/915/1036
f 691/779/801 692/228/803 693/781/866 799/915/1036
s 41
f 693/780/868 694/230/669 695/782/668 799/916/1035
f 703/788/678 704/235/681 697/784/875 800/918/1037
s 42
f 697/783/873 698/278/807 699/785/806 800/917/1038
f 699/785/806 700/231/808 701/787/870 800/917/1038
s 41
f 701/786/872 702/233/679 703/788/678 800/918/1037
f 711/794/688 712/238/691 705/790/879 801/920/1039
s 42
f 705/789/877 706/279/811 707/791/810 801/919/1040
f 707/791/810 708/234/812 709/793/874 801/919/1040
s 41
f 709/792/876 710/236/689 711/794/688 801/920/1039
f 719/800/698 720/162/700 713/796/702 802/922/1041
s 42
f 713/795/706 714/170/705 715/797/727 802/921/1042
f 715/797/727 716/237/729 717/799/878 802/921/1042
s 41
f 717/798/880 718/239/699 719/800/698 802/922/1041
